species	accession	published_contig	contig	chr_no	published_cdeii_len	start	end	strand	status	reproduced_start	reproduced_end	reproduced_cdeii_len	reason
Kluyveromyces nonfermentans	GCA_003670155.1	QYLQ01000001.1	QYLQ01000001.1	1	163	724339.0	724535.0	-	exact	724339	724535	163	
Kluyveromyces nonfermentans	GCA_003670155.1	QYLQ01000002.1	QYLQ01000002.1	2	162	276245.0	276440.0	+	exact	276245	276440	162	
Kluyveromyces nonfermentans	GCA_003670155.1	QYLQ01000003.1	QYLQ01000003.1	3	162	33566.0	33761.0	-	exact	33566	33761	162	
Kluyveromyces nonfermentans	GCA_003670155.1	QYLQ01000005.1	QYLQ01000005.1	4	164	219360.0	219557.0	+	exact	219360	219557	164	
Kluyveromyces nonfermentans	GCA_003670155.1	QYLQ01000006.1	QYLQ01000006.1	5	163	294635.0	294831.0	+	exact	294635	294831	163	
Kluyveromyces nonfermentans	GCA_003670155.1	QYLQ01000007.1	QYLQ01000007.1	6	164	386585.0	386782.0	+	exact	386585	386782	164	
Kluyveromyces nonfermentans	GCA_003670155.1	QYLQ01000011.1	QYLQ01000011.1	7	163	97839.0	98035.0	-	exact	97839	98035	163	
Kluyveromyces nonfermentans	GCA_003670155.1	QYLQ01000019.1	QYLQ01000019.1	8	163	208206.0	208402.0	+	exact	208206	208402	163	
Kluyveromyces siamensis	GCA_030579315.1	JAKTQE010000023.1	JAKTQE010000023.1	1	162	137526.0	137721.0	+	exact	137526	137721	162	
Kluyveromyces siamensis	GCA_030579315.1	JAKTQE010000027.1	JAKTQE010000027.1	2	163	73850.0	74046.0	+	exact	73850	74046	163	
Kluyveromyces siamensis	GCA_030579315.1	JAKTQE010000033.1	JAKTQE010000033.1	3	163	68184.0	68380.0	+	exact	68184	68380	163	
Kluyveromyces siamensis	GCA_030579315.1	JAKTQE010000036.1	JAKTQE010000036.1	4	163	23194.0	23390.0	+	exact	23194	23390	163	
Kluyveromyces siamensis	GCA_030579315.1	JAKTQE010000041.1	JAKTQE010000041.1	5	162	55177.0	55372.0	+	exact	55177	55372	162	
Kluyveromyces siamensis	GCA_030579315.1	JAKTQE010000051.1	JAKTQE010000051.1	6	163	23633.0	23829.0	-	exact	23633	23829	163	
Kluyveromyces siamensis	GCA_030579315.1	JAKTQE010000055.1	JAKTQE010000055.1	7	161	414.0	608.0	-	exact	414	608	161	
Kluyveromyces siamensis	GCA_030579315.1	JAKTQE010000058.1	JAKTQE010000058.1	8	162	38883.0	39078.0	+	exact	38883	39078	162	
Kluyveromyces aestuarii	GCA_003707555.2	PPJO01000001.1	PPJO01000001.1	1	164				unlocated				contig not in the downloaded assembly
Kluyveromyces aestuarii	GCA_003707555.2	PPJO01000003.1	PPJO01000003.1	2	162				unlocated				contig not in the downloaded assembly
Kluyveromyces aestuarii	GCA_003707555.2	PPJO01000004.1	PPJO01000004.1	3	164				unlocated				contig not in the downloaded assembly
Kluyveromyces aestuarii	GCA_003707555.2	PPJO01000005.1	PPJO01000005.1	4	164				unlocated				contig not in the downloaded assembly
Kluyveromyces aestuarii	GCA_003707555.2	PPJO01000007.1	PPJO01000007.1	5	162				unlocated				contig not in the downloaded assembly
Kluyveromyces aestuarii	GCA_003707555.2	PPJO01000010.1	PPJO01000010.1	6	162				unlocated				contig not in the downloaded assembly
Kluyveromyces aestuarii	GCA_003707555.2	PPJO01000019.1	PPJO01000019.1	7	162				unlocated				contig not in the downloaded assembly
Kluyveromyces aestuarii	GCA_003707555.2	PPJO01000035.1	PPJO01000035.1	8	164				unlocated				contig not in the downloaded assembly
Kluyveromyces wickerhamii	GCA_030564205.1	JAJLUE010000001.1	JAJLUE010000001.1	1	163	307405.0	307601.0	-	exact	307405	307601	163	
Kluyveromyces wickerhamii	GCA_030564205.1	JAJLUE010000004.1	JAJLUE010000004.1	2	163	368814.0	369010.0	-	exact	368814	369010	163	
Kluyveromyces wickerhamii	GCA_030564205.1	JAJLUE010000005.1	JAJLUE010000005.1	3	164	636858.0	637055.0	-	exact	636858	637055	164	
Kluyveromyces wickerhamii	GCA_030564205.1	JAJLUE010000006.1	JAJLUE010000006.1	4	162	573618.0	573813.0	+	exact	573618	573813	162	
Kluyveromyces wickerhamii	GCA_030564205.1	JAJLUE010000009.1	JAJLUE010000009.1	5	163	241429.0	241625.0	-	exact	241429	241625	163	
Kluyveromyces wickerhamii	GCA_030564205.1	JAJLUE010000010.1	JAJLUE010000010.1	6	163	48320.0	48516.0	-	exact	48320	48516	163	
Kluyveromyces wickerhamii	GCA_030564205.1	JAJLUE010000015.1	JAJLUE010000015.1	7	164	182940.0	183137.0	+	exact	182940	183137	164	
Kluyveromyces starmeri	GCA_008973615.1	WACN01000001.1	WACN01000001.1	1	165	1059570.0	1059768.0	-	exact	1059570	1059768	165	
Kluyveromyces starmeri	GCA_008973615.1	WACN01000002.1	WACN01000002.1	2	162	743548.0	743743.0	+	exact	743548	743743	162	
Kluyveromyces starmeri	GCA_008973615.1	WACN01000003.1	WACN01000003.1	3	163	873582.0	873778.0	+	exact	873582	873778	163	
Kluyveromyces starmeri	GCA_008973615.1	WACN01000004.1	WACN01000004.1	4	163	16934.0	17130.0	-	exact	16934	17130	163	
Kluyveromyces starmeri	GCA_008973615.1	WACN01000005.1	WACN01000005.1	5	164	687424.0	687621.0	+	exact	687424	687621	164	
Kluyveromyces starmeri	GCA_008973615.1	WACN01000006.1	WACN01000006.1	6	164	230532.0	230729.0	-	exact	230532	230729	164	
Kluyveromyces starmeri	GCA_008973615.1	WACN01000007.1	WACN01000007.1	7	163	357842.0	358038.0	+	exact	357842	358038	163	
Kluyveromyces starmeri	GCA_008973615.1	WACN01000010.1	WACN01000010.1	8	163	24138.0	24334.0	+	exact	24138	24334	163	
Kluyveromyces sp. yHMH660	GCA_030462825.1	JAKVQO010000001.1	JAKVQO010000001.1	1	163	772216.0	772412.0	-	exact	772216	772412	163	
Kluyveromyces sp. yHMH660	GCA_030462825.1	JAKVQO010000002.1	JAKVQO010000002.1	2	164	44264.0	44461.0	-	exact	44264	44461	164	
Kluyveromyces sp. yHMH660	GCA_030462825.1	JAKVQO010000003.1	JAKVQO010000003.1	3	161	1107484.0	1107678.0	-	exact	1107484	1107678	161	
Kluyveromyces sp. yHMH660	GCA_030462825.1	JAKVQO010000004.1	JAKVQO010000004.1	4	164	227213.0	227410.0	-	exact	227213	227410	164	
Kluyveromyces sp. yHMH660	GCA_030462825.1	JAKVQO010000005.1	JAKVQO010000005.1	5	162	813944.0	814139.0	+	exact	813944	814139	162	
Kluyveromyces sp. yHMH660	GCA_030462825.1	JAKVQO010000006.1	JAKVQO010000006.1	6	162	13490.0	13685.0	-	exact	13490	13685	162	
Kluyveromyces sp. yHMH660	GCA_030462825.1	JAKVQO010000009.1	JAKVQO010000009.1	7	162	119867.0	120062.0	+	exact	119867	120062	162	
Kluyveromyces sp. yHMH660	GCA_030462825.1	JAKVQO010000012.1	JAKVQO010000012.1	8	165	100801.0	100999.0	-	exact	100801	100999	165	
Kluyveromyces marxianus	GCA_001417885.1	NC_036025.1	AP012213.1	1	166	938704.0	938903.0	+	different_cdeii_length	938706	938903	164	CDEIII hit present; published CDEI not among candidates; best candidate here CDEII 164, removed at called
Kluyveromyces marxianus	GCA_001417885.1	NC_036026.1	AP012214.1	2	165	242081.0	242279.0	+	exact	242081	242279	165	
Kluyveromyces marxianus	GCA_001417885.1	NC_036027.1	AP012215.1	3	164	174907.0	175104.0	-	exact	174907	175104	164	
Kluyveromyces marxianus	GCA_001417885.1	NC_036028.1	AP012216.1	4	164	63184.0	63381.0	-	exact	63184	63381	164	
Kluyveromyces marxianus	GCA_001417885.1	NC_036029.1	AP012217.1	5	166	841015.0	841214.0	+	exact	841015	841214	166	
Kluyveromyces marxianus	GCA_001417885.1	NC_036030.1	AP012218.1	6	165	264216.0	264414.0	-	exact	264216	264414	165	
Kluyveromyces marxianus	GCA_001417885.1	NC_036031.1	AP012219.1	7	157	920705.0	920895.0	+	exact	920705	920895	157	
Kluyveromyces marxianus	GCA_001417885.1	NC_036032.1	AP012220.1	8	165	118360.0	118558.0	-	exact	118360	118558	165	
Kluyveromyces sp. PCH397	GCA_017427045.1	JAGEVD010000090.1	JAGEVD010000090.1	1	164	18630.0	18827.0	+	exact	18630	18827	164	
Kluyveromyces sp. PCH397	GCA_017427045.1	JAGEVD010000095.1	JAGEVD010000095.1	2	163	59735.0	59931.0	+	exact	59735	59931	163	
Kluyveromyces sp. PCH397	GCA_017427045.1	JAGEVD010000105.1	JAGEVD010000105.1	3	162	14301.0	14496.0	-	exact	14301	14496	162	
Kluyveromyces sp. PCH397	GCA_017427045.1	JAGEVD010000117.1	JAGEVD010000117.1	4	165	6749.0	6947.0	+	exact	6749	6947	165	
Kluyveromyces sp. PCH397	GCA_017427045.1	JAGEVD010000151.1	JAGEVD010000151.1	5	165	30303.0	30501.0	+	exact	30303	30501	165	
Kluyveromyces sp. PCH397	GCA_017427045.1	JAGEVD010000164.1	JAGEVD010000164.1	6	164	14808.0	15005.0	-	exact	14808	15005	164	
Kluyveromyces sp. PCH397	GCA_017427045.1	JAGEVD010000453.1	JAGEVD010000453.1	7	164	94751.0	94948.0	-	exact	94751	94948	164	
Kluyveromyces sp. PCH397	GCA_017427045.1	JAGEVD010000488.1	JAGEVD010000488.1	8	165	14750.0	14948.0	-	exact	14750	14948	165	
Kluyveromyces dobzhanskii	GCA_003705805.3	PPJP03000002.1	PPJP03000002.1	1	173	473666.0	473872.0	-	exact	473666	473872	173	
Kluyveromyces dobzhanskii	GCA_003705805.3	PPJP03000003.1	PPJP03000003.1	2	166	180515.0	180714.0	-	exact	180515	180714	166	
Kluyveromyces dobzhanskii	GCA_003705805.3	PPJP03000005.1	PPJP03000005.1	3	164	387179.0	387376.0	+	exact	387179	387376	164	
Kluyveromyces dobzhanskii	GCA_003705805.3	PPJP03000007.1	PPJP03000007.1	4	164	123854.0	124051.0	-	exact	123854	124051	164	
Kluyveromyces dobzhanskii	GCA_003705805.3	PPJP03000011.1	PPJP03000011.1	5	166	107197.0	107396.0	-	exact	107197	107396	166	
Kluyveromyces dobzhanskii	GCA_003705805.3	PPJP03000016.1	PPJP03000016.1	6	164	64510.0	64707.0	-	exact	64510	64707	164	
Kluyveromyces dobzhanskii	GCA_003705805.3	PPJP03000025.1	PPJP03000025.1	7	164	53019.0	53216.0	-	exact	53019	53216	164	
Kluyveromyces lactis	GCA_000002515.1	NC_006037.1	CR382121.1	1	162	760404.0	760599.0	+	exact	760404	760599	162	
Kluyveromyces lactis	GCA_000002515.1	NC_006038.1	CR382122.1	2	165	1168861.0	1169059.0	+	exact	1168861	1169059	165	
Kluyveromyces lactis	GCA_000002515.1	NC_006039.1	CR382123.1	3	164	1638151.0	1638348.0	+	exact	1638151	1638348	164	
Kluyveromyces lactis	GCA_000002515.1	NC_006040.1	CR382124.1	4	165	1187303.0	1187501.0	+	exact	1187303	1187501	165	
Kluyveromyces lactis	GCA_000002515.1	NC_006041.1	CR382125.1	5	163	1263806.0	1264002.0	+	exact	1263806	1264002	163	
Kluyveromyces lactis	GCA_000002515.1	NC_006042.1	CR382126.1	6	164	1187015.0	1187212.0	+	exact	1187015	1187212	164	
Eremothecium coryli	GCA_000710315.1	AZAH01000001.1	AZAH01000001.1	1	166	1419997.0	1420196.0	+	exact	1419997	1420196	166	
Eremothecium coryli	GCA_000710315.1	AZAH01000002.1	AZAH01000002.1	2	165	470267.0	470465.0	-	exact	470267	470465	165	
Eremothecium coryli	GCA_000710315.1	AZAH01000004.1	AZAH01000004.1	3	164	358238.0	358435.0	+	exact	358238	358435	164	
Eremothecium coryli	GCA_000710315.1	AZAH01000005.1	AZAH01000005.1	4	165	481165.0	481363.0	+	exact	481165	481363	165	
Eremothecium coryli	GCA_000710315.1	AZAH01000012.1	AZAH01000012.1	5	165	85129.0	85327.0	+	exact	85129	85327	165	
Eremothecium coryli	GCA_000710315.1	AZAH01000016.1	AZAH01000016.1	6	165	60192.0	60390.0	-	exact	60192	60390	165	
Eremothecium sinecaudum	GCA_001548555.1	NC_030893.1	CP014242.1	1	166	750448.0	750647.0	+	exact	750448	750647	166	
Eremothecium sinecaudum	GCA_001548555.1	NC_030894.1	CP014243.1	2	167	1343040.0	1343240.0	+	exact	1343040	1343240	167	
Eremothecium sinecaudum	GCA_001548555.1	NC_030895.1	CP014244.1	3	165	1058182.0	1058380.0	+	exact	1058182	1058380	165	
Eremothecium sinecaudum	GCA_001548555.1	NC_030896.1	CP014245.1	4	165	670741.0	670939.0	-	exact	670741	670939	165	
Eremothecium sinecaudum	GCA_001548555.1	NC_030897.1	CP014246.1	5	164	623059.0	623256.0	+	exact	623059	623256	164	
Eremothecium sinecaudum	GCA_001548555.1	NC_030898.1	CP014247.1	6	162	703937.0	704132.0	+	exact	703937	704132	162	
Eremothecium sinecaudum	GCA_001548555.1	NC_030899.1	CP014248.1	7	166	580445.0	580644.0	+	exact	580445	580644	166	
Eremothecium cymbalariae	GCA_000235365.1	NC_016449.1	CP002497.1	1	164	581745.0	581942.0	-	exact	581745	581942	164	
Eremothecium cymbalariae	GCA_000235365.1	NC_016450.1	CP002498.1	2	165	869096.0	869294.0	-	exact	869096	869294	165	
Eremothecium cymbalariae	GCA_000235365.1	NC_016451.1	CP002499.1	3	164	58141.0	58338.0	-	exact	58141	58338	164	
Eremothecium cymbalariae	GCA_000235365.1	NC_016452.1	CP002500.1	4	166	980369.0	980568.0	-	exact	980369	980568	166	
Eremothecium cymbalariae	GCA_000235365.1	NC_016453.1	CP002501.1	5	166	601042.0	601241.0	-	exact	601042	601241	166	
Eremothecium cymbalariae	GCA_000235365.1	NC_016454.1	CP002502.1	6	164	328364.0	328561.0	+	exact	328364	328561	164	
Eremothecium cymbalariae	GCA_000235365.1	NC_016455.1	CP002503.1	7	164	695316.0	695513.0	+	exact	695316	695513	164	
Eremothecium cymbalariae	GCA_000235365.1	NC_016456.1	CP002504.1	8	165	553730.0	553928.0	+	exact	553730	553928	165	
Ashbya aceri	GCA_000412225.2	CP006020.1	CP006020.1	1	166	353298.0	353497.0	+	exact	353298	353497	166	
Ashbya aceri	GCA_000412225.2	CP006021.1	CP006021.1	2	167	407791.0	407991.0	+	exact	407791	407991	167	
Ashbya aceri	GCA_000412225.2	CP006022.1	CP006022.1	3	166	1004442.0	1004641.0	+	exact	1004442	1004641	166	
Ashbya aceri	GCA_000412225.2	CP006023.1	CP006023.1	4	167	513588.0	513788.0	+	exact	513588	513788	167	
Ashbya aceri	GCA_000412225.2	CP006024.1	CP006024.1	5	167	547600.0	547800.0	+	exact	547600	547800	167	
Ashbya aceri	GCA_000412225.2	CP006025.1	CP006025.1	6	164	602418.0	602615.0	+	exact	602418	602615	164	
Ashbya aceri	GCA_000412225.2	CP006026.1	CP006026.1	7	166	692327.0	692526.0	+	exact	692327	692526	166	
Eremothecium gossypii	GCA_000091025.4	NC_005782.2	AE016814.2	1	167	339311.0	339511.0	+	exact	339311	339511	167	
Eremothecium gossypii	GCA_000091025.4	NC_005783.5	AE016815.5	2	167	398809.0	399009.0	+	exact	398809	399009	167	
Eremothecium gossypii	GCA_000091025.4	NC_005784.3	AE016816.3	3	167	357358.0	357558.0	+	exact	357358	357558	167	
Eremothecium gossypii	GCA_000091025.4	NC_005785.6	AE016817.6	4	166	708287.0	708486.0	+	exact	708287	708486	166	
Eremothecium gossypii	GCA_000091025.4	NC_005786.2	AE016818.2	5	165	633935.0	634133.0	+	exact	633935	634133	165	
Eremothecium gossypii	GCA_000091025.4	NC_005787.5	AE016819.5	6	167	438381.0	438581.0	+	exact	438381	438581	167	
Eremothecium gossypii	GCA_000091025.4	NC_005788.4	AE016820.4	7	168	1038619.0	1038820.0	+	exact	1038619	1038820	168	
Lachancea kluyveri	GCA_000149225.2	CM000687.1	CM000687.1	1	163	777082.0	777278.0	+	exact	777082	777278	163	
Lachancea kluyveri	GCA_000149225.2	CM000688.1	CM000688.1	2	163	272171.0	272367.0	+	exact	272171	272367	163	
Lachancea kluyveri	GCA_000149225.2	CM000689.1	CM000689.1	3	164	1009329.0	1009526.0	-	exact	1009329	1009526	164	
Lachancea kluyveri	GCA_000149225.2	CM000690.1	CM000690.1	4	165	737006.0	737204.0	+	exact	737006	737204	165	
Lachancea kluyveri	GCA_000149225.2	CM000691.1	CM000691.1	5	153	108234.0	108420.0	-	exact	108234	108420	153	
Lachancea kluyveri	GCA_000149225.2	CM000692.1	CM000692.1	6	164	383109.0	383306.0	-	exact	383109	383306	164	
Lachancea kluyveri	GCA_000149225.2	CM000693.1	CM000693.1	7	166	1064362.0	1064561.0	-	exact	1064362	1064561	166	
Lachancea kluyveri	GCA_000149225.2	CM000694.1	CM000694.1	8	165	1963598.0	1963796.0	-	exact	1963598	1963796	165	
Lachancea cidri	GCA_030569995.1	JAJLUF010000006.1	JAJLUF010000006.1	1	154	57785.0	57972.0	-	exact	57785	57972	154	
Lachancea cidri	GCA_030569995.1	JAJLUF010000035.1	JAJLUF010000035.1	2	165	46313.0	46511.0	-	exact	46313	46511	165	
Lachancea cidri	GCA_030569995.1	JAJLUF010000037.1	JAJLUF010000037.1	3	163	12750.0	12946.0	+	exact	12750	12946	163	
Lachancea cidri	GCA_030569995.1	JAJLUF010000052.1	JAJLUF010000052.1	4	163	38006.0	38202.0	-	exact	38006	38202	163	
Lachancea cidri	GCA_030569995.1	JAJLUF010000102.1	JAJLUF010000102.1	5	164	30330.0	30527.0	-	exact	30330	30527	164	
Lachancea cidri	GCA_030569995.1	JAJLUF010000123.1	JAJLUF010000123.1	6	145	17808.0	17986.0	+	exact	17808	17986	145	
Lachancea cidri	GCA_030569995.1	JAJLUF010000204.1	JAJLUF010000204.1	7	183	10047.0	10263.0	+	exact	10047	10263	183	
Lachancea cidri	GCA_030569995.1	JAJLUF010000301.1	JAJLUF010000301.1	8	156	1301.0	1490.0	-	exact	1301	1490	156	
Lachancea fermentati	GCA_900074765.1	LT598485.1	LT598485.1	1	152	793238.0	793423.0	+	exact	793238	793423	152	
Lachancea fermentati	GCA_900074765.1	LT598486.1	LT598486.1	2	164	952416.0	952613.0	+	different_cdeii_length	952430	952613	150	published candidate formed (rank 11), removed at duplicate_cdeiii_hit
Lachancea fermentati	GCA_900074765.1	LT598487.1	LT598487.1	3	163	536029.0	536225.0	-	exact	536029	536225	163	
Lachancea fermentati	GCA_900074765.1	LT598488.1	LT598488.1	4	163	98082.0	98278.0	-	exact	98082	98278	163	
Lachancea fermentati	GCA_900074765.1	LT598489.1	LT598489.1	5	165	591788.0	591986.0	+	exact	591788	591986	165	
Lachancea fermentati	GCA_900074765.1	LT598490.1	LT598490.1	6	155	828207.0	828395.0	+	exact	828207	828395	155	
Lachancea fermentati	GCA_900074765.1	LT598491.1	LT598491.1	7	163	1230649.0	1230845.0	+	exact	1230649	1230845	163	
Lachancea fermentati	GCA_900074765.1	LT598492.1	LT598492.1	8	164	252406.0	252603.0	+	exact	252406	252603	164	
Lachancea mirantina	GCA_900074745.1	LT598462.1	LT598462.1	1	83	555329.0	555445.0	+	exact	555329	555445	83	
Lachancea mirantina	GCA_900074745.1	LT598463.1	LT598463.1	2	83	498926.0	499042.0	+	exact	498926	499042	83	
Lachancea mirantina	GCA_900074745.1	LT598464.1	LT598464.1	3	83	672861.0	672977.0	+	exact	672861	672977	83	
Lachancea mirantina	GCA_900074745.1	LT598465.1	LT598465.1	4	83	494374.0	494490.0	+	exact	494374	494490	83	
Lachancea mirantina	GCA_900074745.1	LT598466.1	LT598466.1	5	83	673096.0	673212.0	+	exact	673096	673212	83	
Lachancea mirantina	GCA_900074745.1	LT598467.1	LT598467.1	6	82	1163761.0	1163876.0	+	exact	1163761	1163876	82	
Lachancea mirantina	GCA_900074745.1	LT598468.1	LT598468.1	7	85	791594.0	791712.0	+	exact	791594	791712	85	
Lachancea mirantina	GCA_900074745.1	LT598469.1	LT598469.1	8	82	304735.0	304850.0	-	exact	304735	304850	82	
Lachancea waltii	GCA_000167115.1	AADM01000021.1	AADM01000021.1	1	96	135.0	264.0	+	missing				CDEIII hit present; no CDEI hit in its window
Lachancea waltii	GCA_000167115.1	AADM01000048.1	AADM01000048.1	2	93	28516.0	28642.0	+	exact	28516	28642	93	
Lachancea waltii	GCA_000167115.1	AADM01000093.1	AADM01000093.1	3	94	130264.0	130391.0	+	exact	130264	130391	94	
Lachancea waltii	GCA_000167115.1	AADM01000138.1	AADM01000138.1	4	94	14630.0	14757.0	-	exact	14630	14757	94	
Lachancea waltii	GCA_000167115.1	AADM01000211.1	AADM01000211.1	5	95	55147.0	55275.0	+	exact	55147	55275	95	
Lachancea waltii	GCA_000167115.1	AADM01000245.1	AADM01000245.1	6	93	10940.0	11066.0	+	exact	10940	11066	93	
Lachancea waltii	GCA_000167115.1	AADM01000269.1	AADM01000269.1	7	93	30343.0	30469.0	-	exact	30343	30469	93	
Lachancea waltii	GCA_000167115.1	AADM01000356.1	AADM01000356.1	8	105	2836.0	2974.0	+	exact	2836	2974	105	
Lachancea quebecensis	GCA_002900925.1	LN890530.1	LN890530.1	1	95	267070.0	267198.0	+	exact	267070	267198	95	
Lachancea quebecensis	GCA_002900925.1	LN890537.1	LN890537.1	2	95	13624.0	13752.0	-	exact	13624	13752	95	
Lachancea quebecensis	GCA_002900925.1	LN890542.1	LN890542.1	3	103	334492.0	334628.0	-	different_cdeii_length	334492	334619	94	published candidate formed (rank 46), removed at duplicate_cdeiii_hit
Lachancea quebecensis	GCA_002900925.1	LN890558.1	LN890558.1	4	94	33250.0	33377.0	+	exact	33250	33377	94	
Lachancea quebecensis	GCA_002900925.1	LN890560.1	LN890560.1	5	92	851898.0	852023.0	-	exact	851898	852023	92	
Lachancea quebecensis	GCA_002900925.1	LN890563.1	LN890563.1	6	92	332814.0	332939.0	-	exact	332814	332939	92	
Lachancea quebecensis	GCA_002900925.1	LN890565.1	LN890565.1	7	95	764670.0	764798.0	+	exact	764670	764798	95	
Lachancea quebecensis	GCA_002900925.1	LN890573.1	LN890573.1	8	93	224827.0	224953.0	+	exact	224827	224953	93	
Lachancea thermotolerans	GCA_000142805.1	NC_013077.1	CU928165.1	1	104	186378.0	186515.0	-	exact	186378	186515	104	
Lachancea thermotolerans	GCA_000142805.1	NC_013078.1	CU928166.1	2	93	238186.0	238312.0	-	exact	238186	238312	93	
Lachancea thermotolerans	GCA_000142805.1	NC_013079.1	CU928167.1	3	95	912837.0	912965.0	+	exact	912837	912965	95	
Lachancea thermotolerans	GCA_000142805.1	NC_013080.1	CU928168.1	4	94	555337.0	555464.0	+	exact	555337	555464	94	
Lachancea thermotolerans	GCA_000142805.1	NC_013081.1	CU928169.1	5	94	760920.0	761047.0	-	exact	760920	761047	94	
Lachancea thermotolerans	GCA_000142805.1	NC_013082.1	CU928170.1	6	93	1078717.0	1078843.0	+	exact	1078717	1078843	93	
Lachancea thermotolerans	GCA_000142805.1	NC_013083.1	CU928171.1	7	93	1432777.0	1432903.0	+	exact	1432777	1432903	93	
Lachancea thermotolerans	GCA_000142805.1	NC_013084.1	CU928180.1	8	94	1062917.0	1063044.0	+	exact	1062917	1063044	94	
Lachancea nothofagi	GCA_900074755.1	LT598446.1	LT598446.1	1	95	366782.0	366910.0	-	exact	366782	366910	95	
Lachancea nothofagi	GCA_900074755.1	LT598447.1	LT598447.1	2	93	1809027.0	1809153.0	+	exact	1809027	1809153	93	
Lachancea nothofagi	GCA_900074755.1	LT598448.1	LT598448.1	3	93	539584.0	539710.0	-	exact	539584	539710	93	
Lachancea nothofagi	GCA_900074755.1	LT598449.1	LT598449.1	4	95	623820.0	623948.0	+	exact	623820	623948	95	
Lachancea nothofagi	GCA_900074755.1	LT598450.1	LT598450.1	5	93	194518.0	194644.0	-	exact	194518	194644	93	
Lachancea nothofagi	GCA_900074755.1	LT598451.1	LT598451.1	6	94	1428231.0	1428358.0	+	exact	1428231	1428358	94	
Lachancea nothofagi	GCA_900074755.1	LT598452.1	LT598452.1	7	94	646464.0	646591.0	+	exact	646464	646591	94	
Lachancea nothofagi	GCA_900074755.1	LT598453.1	LT598453.1	8	103	1410069.0	1410205.0	+	exact	1410069	1410205	103	
Lachancea dasiensis	GCA_900074725.1	LT598454.1	LT598454.1	1	93	969778.0	969904.0	+	exact	969778	969904	93	
Lachancea dasiensis	GCA_900074725.1	LT598455.1	LT598455.1	2	93	1238811.0	1238937.0	+	exact	1238811	1238937	93	
Lachancea dasiensis	GCA_900074725.1	LT598456.1	LT598456.1	3	94	919571.0	919698.0	+	exact	919571	919698	94	
Lachancea dasiensis	GCA_900074725.1	LT598457.1	LT598457.1	4	94	1067733.0	1067860.0	+	exact	1067733	1067860	94	
Lachancea dasiensis	GCA_900074725.1	LT598458.1	LT598458.1	5	93	587386.0	587512.0	+	exact	587386	587512	93	
Lachancea dasiensis	GCA_900074725.1	LT598459.1	LT598459.1	6	95	445844.0	445972.0	+	exact	445844	445972	95	
Lachancea dasiensis	GCA_900074725.1	LT598460.1	LT598460.1	7	83	629110.0	629226.0	+	exact	629110	629226	83	
Lachancea dasiensis	GCA_900074725.1	LT598461.1	LT598461.1	8	95	1454401.0	1454529.0	+	exact	1454401	1454529	95	
Lachancea sp. yHQL494	GCA_030562185.1	JAJMGS010000001.1	JAJMGS010000001.1	1	93	368694.0	368820.0	+	exact	368694	368820	93	
Lachancea sp. yHQL494	GCA_030562185.1	JAJMGS010000011.1	JAJMGS010000011.1	2	96	56493.0	56622.0	-	exact	56493	56622	96	
Lachancea sp. yHQL494	GCA_030562185.1	JAJMGS010000018.1	JAJMGS010000018.1	3	93	504347.0	504473.0	+	exact	504347	504473	93	
Lachancea sp. yHQL494	GCA_030562185.1	JAJMGS010000020.1	JAJMGS010000020.1	4	92	18692.0	18817.0	+	exact	18692	18817	92	
Lachancea sp. yHQL494	GCA_030562185.1	JAJMGS010000024.1	JAJMGS010000024.1	5	95	169649.0	169777.0	+	exact	169649	169777	95	
Lachancea sp. yHQL494	GCA_030562185.1	JAJMGS010000031.1	JAJMGS010000031.1	6	92	102782.0	102907.0	+	exact	102782	102907	92	
Lachancea sp. yHQL494	GCA_030562185.1	JAJMGS010000045.1	JAJMGS010000045.1	7	94	15904.0	16031.0	+	exact	15904	16031	94	
Lachancea sp. yHQL494	GCA_030562185.1	JAJMGS010000071.1	JAJMGS010000071.1	8	93	93931.0	94057.0	-	exact	93931	94057	93	
Lachancea meyersii	GCA_900074715.1	LT598477.1	LT598477.1	1	94	841480.0	841607.0	+	exact	841480	841607	94	
Lachancea meyersii	GCA_900074715.1	LT598478.1	LT598478.1	2	105	343586.0	343724.0	-	exact	343586	343724	105	
Lachancea meyersii	GCA_900074715.1	LT598479.1	LT598479.1	3	92	270364.0	270489.0	-	exact	270364	270489	92	
Lachancea meyersii	GCA_900074715.1	LT598480.1	LT598480.1	4	94	488417.0	488544.0	+	exact	488417	488544	94	
Lachancea meyersii	GCA_900074715.1	LT598481.1	LT598481.1	5	94	1005279.0	1005406.0	+	exact	1005279	1005406	94	
Lachancea meyersii	GCA_900074715.1	LT598482.1	LT598482.1	6	94	1056296.0	1056423.0	+	exact	1056296	1056423	94	
Lachancea meyersii	GCA_900074715.1	LT598483.1	LT598483.1	7	92	348489.0	348614.0	+	exact	348489	348614	92	
Lachancea meyersii	GCA_900074715.1	LT598484.1	LT598484.1	8	92	1594555.0	1594680.0	-	exact	1594555	1594680	92	
Lachancea fantastica	GCA_900074735.1	LT598470.1	LT598470.1	1	91	831049.0	831173.0	-	exact	831049	831173	91	
Lachancea fantastica	GCA_900074735.1	LT598471.1	LT598471.1	2	93	801942.0	802068.0	-	exact	801942	802068	93	
Lachancea fantastica	GCA_900074735.1	LT598472.1	LT598472.1	3	93	806899.0	807025.0	+	exact	806899	807025	93	
Lachancea fantastica	GCA_900074735.1	LT598473.1	LT598473.1	4	95	236032.0	236160.0	-	exact	236032	236160	95	
Lachancea fantastica	GCA_900074735.1	LT598474.1	LT598474.1	5	96	449140.0	449269.0	+	exact	449140	449269	96	
Lachancea fantastica	GCA_900074735.1	LT598475.1	LT598475.1	6	103	723317.0	723453.0	+	exact	723317	723453	103	
Lachancea fantastica	GCA_900074735.1	LT598476.1	LT598476.1	7	94	1429736.0	1429863.0	+	exact	1429736	1429863	94	
Lachancea lanzarotensis	GCA_000938715.1	NW_019212879.1	LN736360.1	1	94	894337.0	894464.0	-	exact	894337	894464	94	
Lachancea lanzarotensis	GCA_000938715.1	NW_019212880.1	LN736361.1	2	93	168736.0	168862.0	-	exact	168736	168862	93	
Lachancea lanzarotensis	GCA_000938715.1	NW_019212881.1	LN736362.1	3	93	899507.0	899633.0	+	exact	899507	899633	93	
Lachancea lanzarotensis	GCA_000938715.1	NW_019212882.1	LN736363.1	4	103	33861.0	33997.0	+	exact	33861	33997	103	
Lachancea lanzarotensis	GCA_000938715.1	NW_019212884.1	LN736365.1	5	93	225219.0	225345.0	-	exact	225219	225345	93	
Lachancea lanzarotensis	GCA_000938715.1	NW_019212886.1	LN736367.1	6	93	461329.0	461455.0	-	exact	461329	461455	93	
Lachancea lanzarotensis	GCA_000938715.1	NW_019212887.1	LN736368.1	7	104	578168.0	578305.0	+	exact	578168	578305	104	
Hagleromyces aurorensis	GCA_030705145.1	JANIWU010000012.1	JANIWU010000012.1	1	134	84024.0	84191.0	-	exact	84024	84191	134	
Hagleromyces aurorensis	GCA_030705145.1	JANIWU010000026.1	JANIWU010000026.1	2	133	23553.0	23719.0	-	exact	23553	23719	133	
Hagleromyces aurorensis	GCA_030705145.1	JANIWU010000049.1	JANIWU010000049.1	3	133	45833.0	45999.0	+	exact	45833	45999	133	
Hagleromyces aurorensis	GCA_030705145.1	JANIWU010000094.1	JANIWU010000094.1	4	133	4007.0	4173.0	-	exact	4007	4173	133	
Hagleromyces aurorensis	GCA_030705145.1	JANIWU010000096.1	JANIWU010000096.1	5	134	35207.0	35374.0	+	exact	35207	35374	134	
Hagleromyces aurorensis	GCA_030705145.1	JANIWU010000148.1	JANIWU010000148.1	6	132	6509.0	6674.0	-	exact	6509	6674	132	
Zygosaccharomyces gambellarensis	GCA_030571545.1	JAJLXU010000001.1	JAJLXU010000001.1	1	134	260211.0	260378.0	+	exact	260211	260378	134	
Zygosaccharomyces gambellarensis	GCA_030571545.1	JAJLXU010000002.1	JAJLXU010000002.1	2	134	566403.0	566570.0	+	exact	566403	566570	134	
Zygosaccharomyces gambellarensis	GCA_030571545.1	JAJLXU010000003.1	JAJLXU010000003.1	3	134	481679.0	481846.0	+	exact	481679	481846	134	
Zygosaccharomyces gambellarensis	GCA_030571545.1	JAJLXU010000005.1	JAJLXU010000005.1	4	134	189155.0	189322.0	-	exact	189155	189322	134	
Zygosaccharomyces gambellarensis	GCA_030571545.1	JAJLXU010000011.1	JAJLXU010000011.1	5	134	95986.0	96153.0	+	exact	95986	96153	134	
Zygosaccharomyces gambellarensis	GCA_030571545.1	JAJLXU010000014.1	JAJLXU010000014.1	6	134	200397.0	200564.0	-	exact	200397	200564	134	
Zygosaccharomyces gambellarensis	GCA_030571545.1	JAJLXU010000026.1	JAJLXU010000026.1	7	134	66269.0	66436.0	-	exact	66269	66436	134	
Zygosaccharomyces rouxii	GCA_000026365.1	NC_012990.1	CU928173.1	1	134	369077.0	369244.0	+	exact	369077	369244	134	
Zygosaccharomyces rouxii	GCA_000026365.1	NC_012991.1	CU928174.1	2	134	788730.0	788897.0	+	exact	788730	788897	134	
Zygosaccharomyces rouxii	GCA_000026365.1	NC_012992.1	CU928175.1	3	134	581794.0	581961.0	-	exact	581794	581961	134	
Zygosaccharomyces rouxii	GCA_000026365.1	NC_012993.1	CU928176.1	4	134	807719.0	807886.0	+	exact	807719	807886	134	
Zygosaccharomyces rouxii	GCA_000026365.1	NC_012994.1	CU928181.1	5	136	334843.0	335012.0	-	exact	334843	335012	136	
Zygosaccharomyces rouxii	GCA_000026365.1	NC_012995.1	CU928178.1	6	134	372701.0	372868.0	+	exact	372701	372868	134	
Zygosaccharomyces rouxii	GCA_000026365.1	NC_012996.1	CU928179.1	7	134	852384.0	852551.0	-	exact	852384	852551	134	
Zygosaccharomyces sapae	GCA_900465325.1	UEGL01000001.1	UEGL01000001.1	1	134	1114546.0	1114713.0	+	exact	1114546	1114713	134	
Zygosaccharomyces sapae	GCA_900465325.1	UEGL01000002.1	UEGL01000002.1	2	135	591674.0	591842.0	-	exact	591674	591842	135	
Zygosaccharomyces sapae	GCA_900465325.1	UEGL01000003.1	UEGL01000003.1	3	134	592876.0	593043.0	-	exact	592876	593043	134	
Zygosaccharomyces sapae	GCA_900465325.1	UEGL01000004.1	UEGL01000004.1	4	134	710460.0	710627.0	-	exact	710460	710627	134	
Zygosaccharomyces sapae	GCA_900465325.1	UEGL01000005.1	UEGL01000005.1	5	135	595465.0	595633.0	+	exact	595465	595633	135	
Zygosaccharomyces sapae	GCA_900465325.1	UEGL01000006.1	UEGL01000006.1	6	135	285310.0	285478.0	-	exact	285310	285478	135	
Zygosaccharomyces sapae	GCA_900465325.1	UEGL01000007.1	UEGL01000007.1	7	132	76814.0	76979.0	-	exact	76814	76979	132	
Zygosaccharomyces sapae	GCA_900465325.1	UEGL01000008.1	UEGL01000008.1	8	131	953494.0	953658.0	-	exact	953494	953658	131	
Zygosaccharomyces sapae	GCA_900465325.1	UEGL01000009.1	UEGL01000009.1	9	136	350192.0	350361.0	-	exact	350192	350361	136	
Zygosaccharomyces sapae	GCA_900465325.1	UEGL01000013.1	UEGL01000013.1	10	134	784989.0	785156.0	+	exact	784989	785156	134	
Zygosaccharomyces sapae	GCA_900465325.1	UEGL01000014.1	UEGL01000014.1	11	134	607228.0	607395.0	-	exact	607228	607395	134	
Zygosaccharomyces sapae	GCA_900465325.1	UEGL01000017.1	UEGL01000017.1	12	134	831269.0	831436.0	+	exact	831269	831436	134	
Zygosaccharomyces sapae	GCA_900465325.1	UEGL01000019.1	UEGL01000019.1	13	134	1055169.0	1055336.0	+	exact	1055169	1055336	134	
Zygosaccharomyces sapae	GCA_900465325.1	UEGL01000026.1	UEGL01000026.1	14	132	93555.0	93720.0	+	exact	93555	93720	132	
Zygosaccharomyces sapae	GCA_900465325.1	UEGL01000028.1	UEGL01000028.1	15	135	329967.0	330135.0	-	exact	329967	330135	135	
Zygosaccharomyces sapae	GCA_900465325.1	UEGL01000035.1	UEGL01000035.1	16	129	84766.0	84928.0	-	exact	84766	84928	129	
Zygosaccharomyces sapae	GCA_900465325.1	UEGL01000037.1	UEGL01000037.1	17	133	46743.0	46909.0	-	exact	46743	46909	133	
Zygosaccharomyces sapae	GCA_900465325.1	UEGL01000040.1	UEGL01000040.1	18	133	178558.0	178724.0	-	exact	178558	178724	133	
Zygosaccharomyces sapae	GCA_900465325.1	UEGL01000047.1	UEGL01000047.1	19	131	29153.0	29317.0	-	exact	29153	29317	131	
Zygosaccharomyces pseudorouxii	GCA_030572675.1	JAJMAY010000001.1	JAJMAY010000001.1	1	134	541453.0	541620.0	-	exact	541453	541620	134	
Zygosaccharomyces pseudorouxii	GCA_030572675.1	JAJMAY010000002.1	JAJMAY010000002.1	2	136	555947.0	556116.0	-	exact	555947	556116	136	
Zygosaccharomyces pseudorouxii	GCA_030572675.1	JAJMAY010000006.1	JAJMAY010000006.1	3	135	168738.0	168906.0	-	exact	168738	168906	135	
Zygosaccharomyces pseudorouxii	GCA_030572675.1	JAJMAY010000007.1	JAJMAY010000007.1	4	134	33886.0	34053.0	+	exact	33886	34053	134	
Zygosaccharomyces pseudorouxii	GCA_030572675.1	JAJMAY010000012.1	JAJMAY010000012.1	5	134	129128.0	129295.0	+	exact	129128	129295	134	
Zygosaccharomyces pseudorouxii	GCA_030572675.1	JAJMAY010000018.1	JAJMAY010000018.1	6	133	125209.0	125375.0	-	exact	125209	125375	133	
Zygosaccharomyces pseudorouxii	GCA_030572675.1	JAJMAY010000021.1	JAJMAY010000021.1	7	134	137531.0	137698.0	+	exact	137531	137698	134	
Zygosaccharomyces mellis	GCA_005406105.1	BIMX01000002.1	BIMX01000002.1	1	133	644396.0	644562.0	+	exact	644396	644562	133	
Zygosaccharomyces mellis	GCA_005406105.1	BIMX01000007.1	BIMX01000007.1	2	134	370852.0	371019.0	-	exact	370852	371019	134	
Zygosaccharomyces mellis	GCA_005406105.1	BIMX01000009.1	BIMX01000009.1	3	134	247302.0	247469.0	+	exact	247302	247469	134	
Zygosaccharomyces mellis	GCA_005406105.1	BIMX01000012.1	BIMX01000012.1	4	135	37764.0	37932.0	-	exact	37764	37932	135	
Zygosaccharomyces mellis	GCA_005406105.1	BIMX01000013.1	BIMX01000013.1	5	134	221091.0	221258.0	-	exact	221091	221258	134	
Zygosaccharomyces mellis	GCA_005406105.1	BIMX01000015.1	BIMX01000015.1	6	135	32052.0	32220.0	+	exact	32052	32220	135	
Zygosaccharomyces mellis	GCA_005406105.1	BIMX01000032.1	BIMX01000032.1	7	134	37733.0	37900.0	-	exact	37733	37900	134	
Zygosaccharomyces siamensis	GCA_013423405.1	BLZB01000001.1	BLZB01000001.1	1	135	680337.0	680505.0	+	exact	680337	680505	135	
Zygosaccharomyces siamensis	GCA_013423405.1	BLZB01000002.1	BLZB01000002.1	2	134	140181.0	140348.0	+	exact	140181	140348	134	
Zygosaccharomyces siamensis	GCA_013423405.1	BLZB01000003.1	BLZB01000003.1	3	134	72121.0	72288.0	+	exact	72121	72288	134	
Zygosaccharomyces siamensis	GCA_013423405.1	BLZB01000012.1	BLZB01000012.1	4	134	281061.0	281228.0	-	exact	281061	281228	134	
Zygosaccharomyces siamensis	GCA_013423405.1	BLZB01000013.1	BLZB01000013.1	5	134	287557.0	287724.0	+	exact	287557	287724	134	
Zygosaccharomyces siamensis	GCA_013423405.1	BLZB01000016.1	BLZB01000016.1	6	134	119124.0	119291.0	-	exact	119124	119291	134	
Zygosaccharomyces siamensis	GCA_013423405.1	BLZB01000023.1	BLZB01000023.1	7	134	71107.0	71274.0	+	exact	71107	71274	134	
Zygosaccharomyces kombuchaensis	GCA_003705955.2	PPJZ02000004.1	PPJZ02000004.1	1	133	136081.0	136247.0	+	exact	136081	136247	133	
Zygosaccharomyces kombuchaensis	GCA_003705955.2	PPJZ02000005.1	PPJZ02000005.1	2	133	65351.0	65517.0	-	exact	65351	65517	133	
Zygosaccharomyces kombuchaensis	GCA_003705955.2	PPJZ02000013.1	PPJZ02000013.1	3	133	48461.0	48627.0	+	exact	48461	48627	133	
Zygosaccharomyces kombuchaensis	GCA_003705955.2	PPJZ02000019.1	PPJZ02000019.1	4	132	29071.0	29236.0	-	exact	29071	29236	132	
Zygosaccharomyces kombuchaensis	GCA_003705955.2	PPJZ02000029.1	PPJZ02000029.1	5	132	53342.0	53507.0	+	exact	53342	53507	132	
Zygosaccharomyces kombuchaensis	GCA_003705955.2	PPJZ02000051.1	PPJZ02000051.1	6	135	72577.0	72745.0	+	exact	72577	72745	135	
Zygosaccharomyces kombuchaensis	GCA_003705955.2	PPJZ02000053.1	PPJZ02000053.1	7	133	37464.0	37630.0	+	exact	37464	37630	133	
Zygosaccharomyces kombuchaensis	GCA_003705955.2	PPJZ02000054.1	PPJZ02000054.1	8	134	50448.0	50615.0	-	exact	50448	50615	134	
Zygosaccharomyces lentus	GCA_030568175.1	JAJLTM010000003.1	JAJLTM010000003.1	1	134	143559.0	143726.0	+	exact	143559	143726	134	
Zygosaccharomyces lentus	GCA_030568175.1	JAJLTM010000004.1	JAJLTM010000004.1	2	134	309222.0	309389.0	-	exact	309222	309389	134	
Zygosaccharomyces lentus	GCA_030568175.1	JAJLTM010000005.1	JAJLTM010000005.1	3	135	115334.0	115502.0	+	exact	115334	115502	135	
Zygosaccharomyces lentus	GCA_030568175.1	JAJLTM010000008.1	JAJLTM010000008.1	4	132	168626.0	168791.0	+	exact	168626	168791	132	
Zygosaccharomyces lentus	GCA_030568175.1	JAJLTM010000009.1	JAJLTM010000009.1	5	133	183475.0	183641.0	-	exact	183475	183641	133	
Zygosaccharomyces lentus	GCA_030568175.1	JAJLTM010000016.1	JAJLTM010000016.1	6	133	68557.0	68723.0	-	exact	68557	68723	133	
Zygosaccharomyces lentus	GCA_030568175.1	JAJLTM010000027.1	JAJLTM010000027.1	7	133	97364.0	97530.0	-	exact	97364	97530	133	
Zygosaccharomyces lentus	GCA_030568175.1	JAJLTM010000062.1	JAJLTM010000062.1	8	133	37241.0	37407.0	+	exact	37241	37407	133	
Zygosaccharomyces bisporus	GCA_003707595.2	PPKA02000002.1	PPKA02000002.1	1	133	378668.0	378834.0	+	exact	378668	378834	133	
Zygosaccharomyces bisporus	GCA_003707595.2	PPKA02000003.1	PPKA02000003.1	2	134	168371.0	168538.0	-	exact	168371	168538	134	
Zygosaccharomyces bisporus	GCA_003707595.2	PPKA02000012.1	PPKA02000012.1	3	133	87825.0	87991.0	+	exact	87825	87991	133	
Zygosaccharomyces bisporus	GCA_003707595.2	PPKA02000013.1	PPKA02000013.1	4	133	187982.0	188148.0	+	exact	187982	188148	133	
Zygosaccharomyces bisporus	GCA_003707595.2	PPKA02000018.1	PPKA02000018.1	5	132	158439.0	158604.0	-	exact	158439	158604	132	
Zygosaccharomyces bisporus	GCA_003707595.2	PPKA02000040.1	PPKA02000040.1	6	134	60360.0	60527.0	-	exact	60360	60527	134	
Zygosaccharomyces bisporus	GCA_003707595.2	PPKA02000065.1	PPKA02000065.1	7	134	3835.0	4002.0	+	exact	3835	4002	134	
Zygosaccharomyces bisporus	GCA_003707595.2	PPKA02000096.1	PPKA02000096.1	8	133	2252.0	2418.0	+	exact	2252	2418	133	
Zygosaccharomyces parabailii	GCA_001984395.2	CP019490.1	CP019490.1	1	133	1129691.0	1129857.0	-	exact	1129691	1129857	133	
Zygosaccharomyces parabailii	GCA_001984395.2	CP019491.1	CP019491.1	2	133	356775.0	356941.0	+	exact	356775	356941	133	
Zygosaccharomyces parabailii	GCA_001984395.2	CP019492.1	CP019492.1	3	133	997810.0	997976.0	-	exact	997810	997976	133	
Zygosaccharomyces parabailii	GCA_001984395.2	CP019493.1	CP019493.1	4	134	944655.0	944822.0	-	exact	944655	944822	134	
Zygosaccharomyces parabailii	GCA_001984395.2	CP019494.1	CP019494.1	5	134	680350.0	680517.0	+	exact	680350	680517	134	
Zygosaccharomyces parabailii	GCA_001984395.2	CP019495.1	CP019495.1	6	134	877969.0	878136.0	+	exact	877969	878136	134	
Zygosaccharomyces parabailii	GCA_001984395.2	CP019496.1	CP019496.1	7	132	924251.0	924416.0	-	exact	924251	924416	132	
Zygosaccharomyces parabailii	GCA_001984395.2	CP019497.1	CP019497.1	8	134	974653.0	974820.0	-	exact	974653	974820	134	
Zygosaccharomyces parabailii	GCA_001984395.2	CP019498.1	CP019498.1	9	143	336995.0	337171.0	+	missing				no CDEIII hit at the published motif in FIMO's first pass at this threshold
Zygosaccharomyces parabailii	GCA_001984395.2	CP019499.1	CP019499.1	10	133	377158.0	377324.0	-	exact	377158	377324	133	
Zygosaccharomyces parabailii	GCA_001984395.2	CP019500.1	CP019500.1	11	133	382316.0	382482.0	-	exact	382316	382482	133	
Zygosaccharomyces parabailii	GCA_001984395.2	CP019501.1	CP019501.1	12	134	383349.0	383516.0	-	missing				CDEIII hit present; no CDEI hit in its window
Zygosaccharomyces parabailii	GCA_001984395.2	CP019502.1	CP019502.1	13	133	416648.0	416814.0	-	exact	416648	416814	133	
Zygosaccharomyces parabailii	GCA_001984395.2	CP019503.1	CP019503.1	14	134	412988.0	413155.0	-	exact	412988	413155	134	
Zygosaccharomyces parabailii	GCA_001984395.2	CP019504.1	CP019504.1	15	133	311378.0	311544.0	+	exact	311378	311544	133	
Zygosaccharomyces parabailii	GCA_001984395.2	CP019505.1	CP019505.1	16	134	347059.0	347226.0	-	exact	347059	347226	134	
Zygosaccharomyces pseudobailii	GCA_949129085.1	CASBRY010000001.1	CASBRY010000001.1	1	133	1044805.0	1044971.0	-	exact	1044805	1044971	133	
Zygosaccharomyces pseudobailii	GCA_949129085.1	CASBRY010000002.1	CASBRY010000002.1	2	144	1052265.0	1052442.0	+	exact	1052265	1052442	144	
Zygosaccharomyces pseudobailii	GCA_949129085.1	CASBRY010000003.1	CASBRY010000003.1	3	134	712222.0	712389.0	-	exact	712222	712389	134	
Zygosaccharomyces pseudobailii	GCA_949129085.1	CASBRY010000004.1	CASBRY010000004.1	4	134	689440.0	689607.0	+	exact	689440	689607	134	
Zygosaccharomyces pseudobailii	GCA_949129085.1	CASBRY010000005.1	CASBRY010000005.1	5	134	493001.0	493168.0	-	exact	493001	493168	134	
Zygosaccharomyces pseudobailii	GCA_949129085.1	CASBRY010000006.1	CASBRY010000006.1	6	143	318553.0	318729.0	+	exact	318553	318729	143	
Zygosaccharomyces pseudobailii	GCA_949129085.1	CASBRY010000007.1	CASBRY010000007.1	7	134	415369.0	415536.0	-	exact	415369	415536	134	
Zygosaccharomyces pseudobailii	GCA_949129085.1	CASBRY010000008.1	CASBRY010000008.1	8	134	1076563.0	1076730.0	-	exact	1076563	1076730	134	
Zygosaccharomyces pseudobailii	GCA_949129085.1	CASBRY010000009.1	CASBRY010000009.1	9	133	260494.0	260660.0	+	exact	260494	260660	133	
Zygosaccharomyces pseudobailii	GCA_949129085.1	CASBRY010000010.1	CASBRY010000010.1	10	133	893270.0	893436.0	-	exact	893270	893436	133	
Zygosaccharomyces pseudobailii	GCA_949129085.1	CASBRY010000011.1	CASBRY010000011.1	11	134	444250.0	444417.0	-	exact	444250	444417	134	
Zygosaccharomyces pseudobailii	GCA_949129085.1	CASBRY010000012.1	CASBRY010000012.1	12	134	932287.0	932454.0	-	exact	932287	932454	134	
Zygosaccharomyces pseudobailii	GCA_949129085.1	CASBRY010000013.1	CASBRY010000013.1	13	133	412964.0	413130.0	-	exact	412964	413130	133	
Zygosaccharomyces pseudobailii	GCA_949129085.1	CASBRY010000014.1	CASBRY010000014.1	14	134	721393.0	721560.0	-	exact	721393	721560	134	
Zygosaccharomyces pseudobailii	GCA_949129085.1	CASBRY010000015.1	CASBRY010000015.1	15	134	213215.0	213382.0	-	exact	213215	213382	134	
Zygosaccharomyces pseudobailii	GCA_949129085.1	CASBRY010000016.1	CASBRY010000016.1	16	134				unlocated				published sequence found 5 times on the contig
Zygosaccharomyces bailii	GCA_900162805.1	FUGC01000001.1	FUGC01000001.1	1	134	510593.0	510760.0	-	exact	510593	510760	134	
Zygosaccharomyces bailii	GCA_900162805.1	FUGC01000005.1	FUGC01000005.1	2	134	120316.0	120483.0	+	exact	120316	120483	134	
Zygosaccharomyces bailii	GCA_900162805.1	FUGC01000008.1	FUGC01000008.1	3	133	313058.0	313224.0	+	exact	313058	313224	133	
Zygosaccharomyces bailii	GCA_900162805.1	FUGC01000009.1	FUGC01000009.1	4	133	80757.0	80923.0	+	exact	80757	80923	133	
Zygosaccharomyces bailii	GCA_900162805.1	FUGC01000010.1	FUGC01000010.1	5	134	15470.0	15637.0	+	exact	15470	15637	134	
Zygosaccharomyces bailii	GCA_900162805.1	FUGC01000013.1	FUGC01000013.1	6	134	142824.0	142991.0	+	exact	142824	142991	134	
Zygosaccharomyces bailii	GCA_900162805.1	FUGC01000017.1	FUGC01000017.1	7	133	47207.0	47373.0	+	exact	47207	47373	133	
Zygosaccharomyces bailii	GCA_900162805.1	FUGC01000025.1	FUGC01000025.1	8	134	21826.0	21993.0	+	exact	21826	21993	134	
Zygotorulaspora chibaensis	GCA_030565665.1	JAJMCM010000001.1	JAJMCM010000001.1	1	135	843445.0	843613.0	+	exact	843445	843613	135	
Zygotorulaspora chibaensis	GCA_030565665.1	JAJMCM010000002.1	JAJMCM010000002.1	2	134	985204.0	985371.0	-	exact	985204	985371	134	
Zygotorulaspora chibaensis	GCA_030565665.1	JAJMCM010000003.1	JAJMCM010000003.1	3	135	224896.0	225064.0	+	exact	224896	225064	135	
Zygotorulaspora chibaensis	GCA_030565665.1	JAJMCM010000004.1	JAJMCM010000004.1	4	135	365959.0	366127.0	-	exact	365959	366127	135	
Zygotorulaspora chibaensis	GCA_030565665.1	JAJMCM010000006.1	JAJMCM010000006.1	5	135	600795.0	600963.0	+	exact	600795	600963	135	
Zygotorulaspora chibaensis	GCA_030565665.1	JAJMCM010000007.1	JAJMCM010000007.1	6	135	257516.0	257684.0	-	exact	257516	257684	135	
Zygotorulaspora chibaensis	GCA_030565665.1	JAJMCM010000008.1	JAJMCM010000008.1	7	135	22318.0	22486.0	+	exact	22318	22486	135	
Zygotorulaspora chibaensis	GCA_030565665.1	JAJMCM010000009.1	JAJMCM010000009.1	8	134	307077.0	307244.0	-	exact	307077	307244	134	
Zygotorulaspora florentina	GCA_003671575.3	PPJY03000001.1	PPJY03000001.1	1	133	382776.0	382942.0	-	exact	382776	382942	133	
Zygotorulaspora florentina	GCA_003671575.3	PPJY03000002.1	PPJY03000002.1	2	133	96186.0	96352.0	+	exact	96186	96352	133	
Zygotorulaspora florentina	GCA_003671575.3	PPJY03000003.1	PPJY03000003.1	3	134	435305.0	435472.0	-	exact	435305	435472	134	
Zygotorulaspora florentina	GCA_003671575.3	PPJY03000005.1	PPJY03000005.1	4	134	13812.0	13979.0	-	exact	13812	13979	134	
Zygotorulaspora florentina	GCA_003671575.3	PPJY03000007.1	PPJY03000007.1	5	134	358241.0	358408.0	+	exact	358241	358408	134	
Zygotorulaspora florentina	GCA_003671575.3	PPJY03000010.1	PPJY03000010.1	6	134	25904.0	26071.0	+	exact	25904	26071	134	
Zygotorulaspora florentina	GCA_003671575.3	PPJY03000030.1	PPJY03000030.1	7	135	31762.0	31930.0	-	exact	31762	31930	135	
Zygotorulaspora florentina	GCA_003671575.3	PPJY03000037.1	PPJY03000037.1	8	134	7726.0	7893.0	+	exact	7726	7893	134	
Zygotorulaspora sp. yHDO592	GCA_030571275.1	JAJLXM010000003.1	JAJLXM010000003.1	1	133	409564.0	409730.0	-	exact	409564	409730	133	
Zygotorulaspora sp. yHDO592	GCA_030571275.1	JAJLXM010000004.1	JAJLXM010000004.1	2	134	169579.0	169746.0	+	exact	169579	169746	134	
Zygotorulaspora sp. yHDO592	GCA_030571275.1	JAJLXM010000006.1	JAJLXM010000006.1	3	133	25924.0	26090.0	+	exact	25924	26090	133	
Zygotorulaspora sp. yHDO592	GCA_030571275.1	JAJLXM010000008.1	JAJLXM010000008.1	4	133	390066.0	390232.0	+	exact	390066	390232	133	
Zygotorulaspora sp. yHDO592	GCA_030571275.1	JAJLXM010000009.1	JAJLXM010000009.1	5	136	354893.0	355062.0	+	exact	354893	355062	136	
Zygotorulaspora sp. yHDO592	GCA_030571275.1	JAJLXM010000014.1	JAJLXM010000014.1	6	133	225247.0	225413.0	-	exact	225247	225413	133	
Zygotorulaspora sp. yHDO592	GCA_030571275.1	JAJLXM010000019.1	JAJLXM010000019.1	7	130	33015.0	33178.0	-	exact	33015	33178	130	
Zygotorulaspora sp. yHDO592	GCA_030571275.1	JAJLXM010000052.1	JAJLXM010000052.1	8	134	1710.0	1877.0	-	exact	1710	1877	134	
Zygotorulaspora danielsina	GCA_030572985.1	JAJMCL010000001.1	JAJMCL010000001.1	1	133	590738.0	590904.0	-	exact	590738	590904	133	
Zygotorulaspora danielsina	GCA_030572985.1	JAJMCL010000002.1	JAJMCL010000002.1	2	134	772297.0	772464.0	-	exact	772297	772464	134	
Zygotorulaspora danielsina	GCA_030572985.1	JAJMCL010000003.1	JAJMCL010000003.1	3	135	712971.0	713139.0	+	exact	712971	713139	135	
Zygotorulaspora danielsina	GCA_030572985.1	JAJMCL010000009.1	JAJMCL010000009.1	4	134	355205.0	355372.0	+	exact	355205	355372	134	
Zygotorulaspora danielsina	GCA_030572985.1	JAJMCL010000012.1	JAJMCL010000012.1	5	133	207927.0	208093.0	-	exact	207927	208093	133	
Zygotorulaspora danielsina	GCA_030572985.1	JAJMCL010000014.1	JAJMCL010000014.1	6	135	75484.0	75652.0	+	exact	75484	75652	135	
Zygotorulaspora danielsina	GCA_030572985.1	JAJMCL010000016.1	JAJMCL010000016.1	7	133	126934.0	127100.0	-	exact	126934	127100	133	
Zygotorulaspora danielsina	GCA_030572985.1	JAJMCL010000018.1	JAJMCL010000018.1	8	133	68229.0	68395.0	+	exact	68229	68395	133	
Zygotorulaspora mrakii	GCA_013402915.1	NC_050719.1	CP058604.1	1	135	1033963.0	1034131.0	+	exact	1033963	1034131	135	
Zygotorulaspora mrakii	GCA_013402915.1	NC_050720.1	CP058605.1	2	136	814495.0	814664.0	-	exact	814495	814664	136	
Zygotorulaspora mrakii	GCA_013402915.1	NC_050721.1	CP058606.1	3	136	450944.0	451113.0	+	exact	450944	451113	136	
Zygotorulaspora mrakii	GCA_013402915.1	NC_050722.1	CP058607.1	4	137	735744.0	735914.0	-	exact	735744	735914	137	
Zygotorulaspora mrakii	GCA_013402915.1	NC_050723.1	CP058608.1	5	135	794470.0	794638.0	+	exact	794470	794638	135	
Zygotorulaspora mrakii	GCA_013402915.1	NC_050724.1	CP058609.1	6	133	521446.0	521612.0	-	exact	521446	521612	133	
Zygotorulaspora mrakii	GCA_013402915.1	NC_050725.1	CP058610.1	7	134	541347.0	541514.0	-	exact	541347	541514	134	
Zygotorulaspora mrakii	GCA_013402915.1	NC_050726.1	CP058611.1	8	134	372690.0	372857.0	-	exact	372690	372857	134	
Torulaspora microellipsoides	GCA_900186055.1	FYBL01000001.1	FYBL01000001.1	1	134	1138829.0	1138996.0	+	exact	1138829	1138996	134	
Torulaspora microellipsoides	GCA_900186055.1	FYBL01000002.1	FYBL01000002.1	2	133	1165628.0	1165794.0	-	exact	1165628	1165794	133	
Torulaspora microellipsoides	GCA_900186055.1	FYBL01000003.1	FYBL01000003.1	3	135	561977.0	562145.0	+	exact	561977	562145	135	
Torulaspora microellipsoides	GCA_900186055.1	FYBL01000004.1	FYBL01000004.1	4	133	621252.0	621418.0	+	exact	621252	621418	133	
Torulaspora microellipsoides	GCA_900186055.1	FYBL01000005.1	FYBL01000005.1	5	134	357705.0	357872.0	-	exact	357705	357872	134	
Torulaspora microellipsoides	GCA_900186055.1	FYBL01000006.1	FYBL01000006.1	6	124	599979.0	600136.0	+	exact	599979	600136	124	
Torulaspora microellipsoides	GCA_900186055.1	FYBL01000007.1	FYBL01000007.1	7	132	221976.0	222141.0	+	exact	221976	222141	132	
Torulaspora microellipsoides	GCA_900186055.1	FYBL01000008.1	FYBL01000008.1	8	133	614131.0	614297.0	-	exact	614131	614297	133	
Torulaspora quercuum	GCA_946403475.1	OX291441.0	OX291441.0	1	133				unlocated				contig not in the downloaded assembly
Torulaspora quercuum	GCA_946403475.1	OX291442.1	OX291442.1	2	135	1232078.0	1232246.0	-	exact	1232078	1232246	135	
Torulaspora quercuum	GCA_946403475.1	OX291443.1	OX291443.1	3	134	475822.0	475989.0	-	exact	475822	475989	134	
Torulaspora quercuum	GCA_946403475.1	OX291444.1	OX291444.1	4	135	930361.0	930529.0	-	exact	930361	930529	135	
Torulaspora quercuum	GCA_946403475.1	OX291445.1	OX291445.1	5	134	876309.0	876476.0	+	exact	876309	876476	134	
Torulaspora quercuum	GCA_946403475.1	OX291446.1	OX291446.1	6	133	861260.0	861426.0	-	exact	861260	861426	133	
Torulaspora quercuum	GCA_946403475.1	OX291447.1	OX291447.1	7	136	359500.0	359669.0	+	exact	359500	359669	136	
Torulaspora quercuum	GCA_946403475.1	OX291448.1	OX291448.1	8	135	519704.0	519872.0	-	exact	519704	519872	135	
Torulaspora globosa	GCA_014133895.1	NC_050727.1	CP059246.1	1	142	802036.0	802211.0	-	exact	802036	802211	142	
Torulaspora globosa	GCA_014133895.1	NC_050728.1	CP059247.1	2	133	1121903.0	1122069.0	+	missing				CDEIII hit present; no CDEI hit in its window
Torulaspora globosa	GCA_014133895.1	NC_050729.1	CP059248.1	3	133	574322.0	574488.0	+	exact	574322	574488	133	
Torulaspora globosa	GCA_014133895.1	NC_050730.1	CP059249.1	4	133	765826.0	765992.0	+	exact	765826	765992	133	
Torulaspora globosa	GCA_014133895.1	NC_050731.1	CP059250.1	5	133	752859.0	753025.0	+	missing				CDEIII hit present; published CDEI not among candidates; best candidate here CDEII 236, removed at cdeii_length_outside_anchor_window
Torulaspora globosa	GCA_014133895.1	NC_050732.1	CP059251.1	6	133	608906.0	609072.0	+	exact	608906	609072	133	
Torulaspora globosa	GCA_014133895.1	NC_050733.1	CP059252.1	7	135	534815.0	534983.0	-	exact	534815	534983	135	
Torulaspora globosa	GCA_014133895.1	NC_050734.1	CP059253.1	8	134	809593.0	809760.0	-	exact	809593	809760	134	
Torulaspora maleeae	GCA_003708055.3	PPNA03000001.1	PPNA03000001.1	1	133	687623.0	687789.0	+	exact	687623	687789	133	
Torulaspora maleeae	GCA_003708055.3	PPNA03000002.1	PPNA03000002.1	2	132	386029.0	386194.0	+	exact	386029	386194	132	
Torulaspora maleeae	GCA_003708055.3	PPNA03000003.1	PPNA03000003.1	3	132	833127.0	833292.0	-	exact	833127	833292	132	
Torulaspora maleeae	GCA_003708055.3	PPNA03000004.1	PPNA03000004.1	4	133	297041.0	297207.0	-	exact	297041	297207	133	
Torulaspora maleeae	GCA_003708055.3	PPNA03000005.1	PPNA03000005.1	5	134	111618.0	111785.0	-	missing				CDEIII hit present; no CDEI hit in its window
Torulaspora maleeae	GCA_003708055.3	PPNA03000010.1	PPNA03000010.1	6	133	335003.0	335169.0	+	exact	335003	335169	133	
Torulaspora maleeae	GCA_003708055.3	PPNA03000013.1	PPNA03000013.1	7	133	208162.0	208328.0	-	different_cdeii_length	208162	208331	136	CDEIII hit present; published CDEI not among candidates; best candidate here CDEII 136, removed at called
Torulaspora maleeae	GCA_003708055.3	PPNA03000017.1	PPNA03000017.1	8	132	32071.0	32236.0	+	exact	32071	32236	132	
Torulaspora sp. yHMJ407	GCA_030580195.1	JAKTSM010000001.1	JAKTSM010000001.1	1	143	365077.0	365253.0	-	exact	365077	365253	143	
Torulaspora sp. yHMJ407	GCA_030580195.1	JAKTSM010000002.1	JAKTSM010000002.1	2	135	439959.0	440127.0	-	exact	439959	440127	135	
Torulaspora sp. yHMJ407	GCA_030580195.1	JAKTSM010000003.1	JAKTSM010000003.1	3	132	889944.0	890109.0	-	missing				no CDEIII hit at the published motif in FIMO's first pass at this threshold
Torulaspora sp. yHMJ407	GCA_030580195.1	JAKTSM010000004.1	JAKTSM010000004.1	4	145	613168.0	613346.0	+	different_cdeii_length	613198	613346	115	published candidate formed (rank 23), removed at duplicate_cdeiii_hit
Torulaspora sp. yHMJ407	GCA_030580195.1	JAKTSM010000005.1	JAKTSM010000005.1	5	135	854325.0	854493.0	+	exact	854325	854493	135	
Torulaspora sp. yHMJ407	GCA_030580195.1	JAKTSM010000006.1	JAKTSM010000006.1	6	133	772350.0	772516.0	+	missing				CDEIII hit present; published CDEI not among candidates; best candidate here CDEII 56, removed at not_in_top50
Torulaspora sp. yHMJ407	GCA_030580195.1	JAKTSM010000007.1	JAKTSM010000007.1	7	126	141134.0	141293.0	-	exact	141134	141293	126	
Torulaspora sp. yHMJ407	GCA_030580195.1	JAKTSM010000008.1	JAKTSM010000008.1	8	134	175067.0	175234.0	-	exact	175067	175234	134	
Torulaspora delbrueckii	GCA_000243375.1	NC_016501.1	HE616742.1	1	133	515836.0	516002.0	-	different_cdeii_length	515836	516000	131	CDEIII hit present; published CDEI not among candidates; best candidate here CDEII 205, removed at cdeii_length_outside_anchor_window
Torulaspora delbrueckii	GCA_000243375.1	NC_016502.1	HE616743.1	2	135	1042420.0	1042588.0	-	exact	1042420	1042588	135	
Torulaspora delbrueckii	GCA_000243375.1	NC_016503.1	HE616744.1	3	134	205050.0	205217.0	+	exact	205050	205217	134	
Torulaspora delbrueckii	GCA_000243375.1	NC_016504.1	HE616745.1	4	131	765029.0	765193.0	+	exact	765029	765193	131	
Torulaspora delbrueckii	GCA_000243375.1	NC_016505.1	HE616746.1	5	132	767093.0	767258.0	+	different_cdeii_length	767091	767258	134	CDEIII hit present; published CDEI not among candidates; best candidate here CDEII 43, removed at cdeii_length_outside_anchor_window
Torulaspora delbrueckii	GCA_000243375.1	NC_016506.1	HE616747.1	6	133	401408.0	401574.0	+	exact	401408	401574	133	
Torulaspora delbrueckii	GCA_000243375.1	NC_016507.1	HE616748.1	7	133	805582.0	805748.0	-	exact	805582	805748	133	
Torulaspora delbrueckii	GCA_000243375.1	NC_016508.1	HE616749.1	8	132	507736.0	507901.0	+	exact	507736	507901	132	
Torulaspora sp. 2017 38-3	GCA_040114465.1	JBBLNR010000001.1	JBBLNR010000001.1	1	133	317414.0	317580.0	+	exact	317414	317580	133	
Torulaspora sp. 2017 38-3	GCA_040114465.1	JBBLNR010000002.1	JBBLNR010000002.1	2	134	846161.0	846328.0	+	different_cdeii_length	846163	846328	132	published candidate formed (rank 19), removed at duplicate_cdeiii_hit
Torulaspora sp. 2017 38-3	GCA_040114465.1	JBBLNR010000003.1	JBBLNR010000003.1	3	133	751412.0	751578.0	+	exact	751412	751578	133	
Torulaspora sp. 2017 38-3	GCA_040114465.1	JBBLNR010000004.1	JBBLNR010000004.1	4	134	838646.0	838813.0	-	exact	838646	838813	134	
Torulaspora sp. 2017 38-3	GCA_040114465.1	JBBLNR010000005.1	JBBLNR010000005.1	5	134	277470.0	277637.0	-	exact	277470	277637	134	
Torulaspora sp. 2017 38-3	GCA_040114465.1	JBBLNR010000006.1	JBBLNR010000006.1	6	131	310932.0	311096.0	-	exact	310932	311096	131	
Torulaspora sp. 2017 38-3	GCA_040114465.1	JBBLNR010000012.1	JBBLNR010000012.1	7	133	43465.0	43631.0	+	exact	43465	43631	133	
Torulaspora sp. 2017 38-3	GCA_040114465.1	JBBLNR010000013.1	JBBLNR010000013.1	8	132	109375.0	109540.0	+	exact	109375	109540	132	
Torulaspora franciscae	GCA_003705175.3	PPHX03000001.1	PPHX03000001.1	1	135	505473.0	505641.0	-	exact	505473	505641	135	
Torulaspora franciscae	GCA_003705175.3	PPHX03000003.1	PPHX03000003.1	2	132	311831.0	311996.0	-	exact	311831	311996	132	
Torulaspora franciscae	GCA_003705175.3	PPHX03000004.1	PPHX03000004.1	3	136	347998.0	348167.0	+	exact	347998	348167	136	
Torulaspora franciscae	GCA_003705175.3	PPHX03000005.1	PPHX03000005.1	4	133	429263.0	429429.0	-	different_cdeii_length	429263	429418	122	published candidate formed (rank 26), removed at duplicate_cdeiii_hit
Torulaspora franciscae	GCA_003705175.3	PPHX03000006.1	PPHX03000006.1	5	134	303456.0	303623.0	-	exact	303456	303623	134	
Torulaspora franciscae	GCA_003705175.3	PPHX03000009.1	PPHX03000009.1	6	133	474597.0	474763.0	+	exact	474597	474763	133	
Torulaspora franciscae	GCA_003705175.3	PPHX03000020.1	PPHX03000020.1	7	123	25571.0	25727.0	-	exact	25571	25727	123	
Torulaspora franciscae	GCA_003705175.3	PPHX03000021.1	PPHX03000021.1	8	132	64910.0	65075.0	+	missing				published candidate formed (rank 108), removed at not_in_top50
Torulaspora pretoriensis	GCA_012851205.1	JABBEO010000001.1	JABBEO010000001.1	1	132	795261.0	795426.0	+	exact	795261	795426	132	
Torulaspora pretoriensis	GCA_012851205.1	JABBEO010000002.1	JABBEO010000002.1	2	133	703425.0	703591.0	+	exact	703425	703591	133	
Torulaspora pretoriensis	GCA_012851205.1	JABBEO010000003.1	JABBEO010000003.1	3	132	1122359.0	1122524.0	-	exact	1122359	1122524	132	
Torulaspora pretoriensis	GCA_012851205.1	JABBEO010000004.1	JABBEO010000004.1	4	133	473581.0	473747.0	+	exact	473581	473747	133	
Torulaspora pretoriensis	GCA_012851205.1	JABBEO010000005.1	JABBEO010000005.1	5	133	736324.0	736490.0	+	exact	736324	736490	133	
Torulaspora pretoriensis	GCA_012851205.1	JABBEO010000006.1	JABBEO010000006.1	6	134	636080.0	636247.0	-	missing				CDEIII hit present; published CDEI not among candidates; best candidate here CDEII 61, removed at cdeii_length_outside_anchor_window
Torulaspora pretoriensis	GCA_012851205.1	JABBEO010000007.1	JABBEO010000007.1	7	133	280372.0	280538.0	-	exact	280372	280538	133	
Torulaspora pretoriensis	GCA_012851205.1	JABBEO010000008.1	JABBEO010000008.1	8	132	345621.0	345786.0	+	exact	345621	345786	132	
Torulaspora sp. 2017 36-1	GCA_040114505.1	JBBLNS010000001.1	JBBLNS010000001.1	1	132	692662.0	692827.0	+	exact	692662	692827	132	
Torulaspora sp. 2017 36-1	GCA_040114505.1	JBBLNS010000002.1	JBBLNS010000002.1	2	132	204744.0	204909.0	+	missing				CDEIII hit present; published CDEI not among candidates; best candidate here CDEII 61, removed at cdeii_length_outside_anchor_window
Torulaspora sp. 2017 36-1	GCA_040114505.1	JBBLNS010000003.1	JBBLNS010000003.1	3	131	652187.0	652351.0	-	exact	652187	652351	131	
Torulaspora sp. 2017 36-1	GCA_040114505.1	JBBLNS010000004.1	JBBLNS010000004.1	4	132	629965.0	630130.0	-	exact	629965	630130	132	
Torulaspora sp. 2017 36-1	GCA_040114505.1	JBBLNS010000007.1	JBBLNS010000007.1	5	133	270086.0	270252.0	+	exact	270086	270252	133	
Torulaspora sp. 2017 36-1	GCA_040114505.1	JBBLNS010000008.1	JBBLNS010000008.1	6	132	21030.0	21195.0	+	exact	21030	21195	132	
Torulaspora sp. 2017 36-1	GCA_040114505.1	JBBLNS010000011.1	JBBLNS010000011.1	7	134	59232.0	59399.0	+	exact	59232	59399	134	
Torulaspora sp. 2017 36-1	GCA_040114505.1	JBBLNS010000014.1	JBBLNS010000014.1	8	133	12272.0	12438.0	-	exact	12272	12438	133	
Torulaspora indica	GCA_931305995.1	CAKNUP010000001.1	CAKNUP010000001.1	1	134	718764.0	718931.0	+	exact	718764	718931	134	
Torulaspora indica	GCA_931305995.1	CAKNUP010000002.1	CAKNUP010000002.1	2	135	544276.0	544444.0	-	exact	544276	544444	135	
Torulaspora indica	GCA_931305995.1	CAKNUP010000003.1	CAKNUP010000003.1	3	135	290964.0	291132.0	-	exact	290964	291132	135	
Torulaspora indica	GCA_931305995.1	CAKNUP010000005.1	CAKNUP010000005.1	4	135	315252.0	315420.0	-	exact	315252	315420	135	
Torulaspora indica	GCA_931305995.1	CAKNUP010000006.1	CAKNUP010000006.1	5	134	544628.0	544795.0	+	exact	544628	544795	134	
Torulaspora indica	GCA_931305995.1	CAKNUP010000008.1	CAKNUP010000008.1	6	147	466616.0	466796.0	-	exact	466616	466796	147	
Torulaspora indica	GCA_931305995.1	CAKNUP010000015.1	CAKNUP010000015.1	7	135	72640.0	72808.0	+	exact	72640	72808	135	
Torulaspora indica	GCA_931305995.1	CAKNUP010000018.1	CAKNUP010000018.1	8	137	123701.0	123871.0	+	exact	123701	123871	137	
Henningerozyma blattae	GCA_000315915.1	HE806316.1	HE806316.1	1	191	1784378.0	1784602.0	-	exact	1784378	1784602	191	
Henningerozyma blattae	GCA_000315915.1	HE806316.1	HE806316.1	2	197	20990.0	21220.0	-	missing				published candidate formed (rank 5), removed at not_best_on_contig
Henningerozyma blattae	GCA_000315915.1	HE806317.1	HE806317.1	3	194	1284697.0	1284924.0	-	exact	1284697	1284924	194	
Henningerozyma blattae	GCA_000315915.1	HE806318.1	HE806318.1	4	189	109489.0	109711.0	+	exact	109489	109711	189	
Henningerozyma blattae	GCA_000315915.1	HE806319.1	HE806319.1	5	189	1063623.0	1063845.0	-	exact	1063623	1063845	189	
Henningerozyma blattae	GCA_000315915.1	HE806320.1	HE806320.1	6	192	397197.0	397422.0	-	exact	397197	397422	192	
Henningerozyma blattae	GCA_000315915.1	HE806321.1	HE806321.1	7	194	64494.0	64721.0	-	exact	64494	64721	194	
Henningerozyma blattae	GCA_000315915.1	HE806322.1	HE806322.1	8	193	179033.0	179259.0	+	exact	179033	179259	193	
Henningerozyma blattae	GCA_000315915.1	HE806323.1	HE806323.1	9	195	682087.0	682315.0	+	exact	682087	682315	195	
Yueomyces sinensis	GCA_030581855.1	JAKTVU010000009.1	JAKTVU010000009.1	1	70	281811.0	281836.0	-	missing				no CDEIII hit at the published motif in FIMO's first pass at this threshold
Yueomyces sinensis	GCA_030581855.1	JAKTVU010000013.1	JAKTVU010000013.1	2	70	25810.0	25835.0	+	missing				no CDEIII hit at the published motif in FIMO's first pass at this threshold
Yueomyces sinensis	GCA_030581855.1	JAKTVU010000023.1	JAKTVU010000023.1	3	70	2649.0	2674.0	-	missing				no CDEIII hit at the published motif in FIMO's first pass at this threshold
Yueomyces sinensis	GCA_030581855.1	JAKTVU010000037.1	JAKTVU010000037.1	4	70	100739.0	100764.0	+	missing				no CDEIII hit at the published motif in FIMO's first pass at this threshold
Yueomyces sinensis	GCA_030581855.1	JAKTVU010000039.1	JAKTVU010000039.1	5	70	49446.0	49471.0	-	missing				CDEIII hit present; no CDEI hit in its window
Yueomyces sinensis	GCA_030581855.1	JAKTVU010000040.1	JAKTVU010000040.1	6	70	67010.0	67035.0	+	missing				no CDEIII hit at the published motif in FIMO's first pass at this threshold
Yueomyces sinensis	GCA_030581855.1	JAKTVU010000047.1	JAKTVU010000047.1	7	70	52501.0	52526.0	+	missing				no CDEIII hit at the published motif in FIMO's first pass at this threshold
Yueomyces sinensis	GCA_030581855.1	JAKTVU010000053.1	JAKTVU010000053.1	8	70	50723.0	50748.0	+	missing				no CDEIII hit at the published motif in FIMO's first pass at this threshold
Yueomyces sinensis	GCA_030581855.1	JAKTVU010000054.1	JAKTVU010000054.1	9	70	8329.0	8354.0	-	missing				no CDEIII hit at the published motif in FIMO's first pass at this threshold
Yueomyces sinensis	GCA_030581855.1	JAKTVU010000056.1	JAKTVU010000056.1	10	70	44157.0	44182.0	-	missing				no CDEIII hit at the published motif in FIMO's first pass at this threshold
Yueomyces sinensis	GCA_030581855.1	JAKTVU010000068.1	JAKTVU010000068.1	11	70	16806.0	16831.0	+	missing				no CDEIII hit at the published motif in FIMO's first pass at this threshold
Yueomyces sinensis	GCA_030581855.1	JAKTVU010000069.1	JAKTVU010000069.1	12	70	29198.0	29223.0	+	missing				no CDEIII hit at the published motif in FIMO's first pass at this threshold
Yueomyces sinensis	GCA_030581855.1	JAKTVU010000099.1	JAKTVU010000099.1	13	70	5523.0	5548.0	+	missing				no CDEIII hit at the published motif in FIMO's first pass at this threshold
Yueomyces sinensis	GCA_030581855.1	JAKTVU010000111.1	JAKTVU010000111.1	14	70	3606.0	3631.0	-	missing				no CDEIII hit at the published motif in FIMO's first pass at this threshold
Yueomyces sp. yHKB289	GCA_030580315.1	JAKTST010000001.1	JAKTST010000001.1	1	30	235568.0	235593.0	-	missing				no CDEIII hit at the published motif in FIMO's first pass at this threshold
Yueomyces sp. yHKB289	GCA_030580315.1	JAKTST010000002.1	JAKTST010000002.1	2	30	263692.0	263717.0	+	same_cdeiii	263664	263717	20	
Yueomyces sp. yHKB289	GCA_030580315.1	JAKTST010000003.1	JAKTST010000003.1	3	30	18601.0	18626.0	+	missing				no CDEIII hit at the published motif in FIMO's first pass at this threshold
Yueomyces sp. yHKB289	GCA_030580315.1	JAKTST010000005.1	JAKTST010000005.1	4	30	393918.0	393943.0	+	same_cdeiii	393877	393943	33	
Yueomyces sp. yHKB289	GCA_030580315.1	JAKTST010000007.1	JAKTST010000007.1	5	30	212889.0	212914.0	+	missing				CDEIII hit present; published CDEI not among candidates; best candidate here CDEII 200, removed at cdeii_length_outside_anchor_window
Yueomyces sp. yHKB289	GCA_030580315.1	JAKTST010000008.1	JAKTST010000008.1	6	30	27011.0	27036.0	+	missing				no CDEIII hit at the published motif in FIMO's first pass at this threshold
Yueomyces sp. yHKB289	GCA_030580315.1	JAKTST010000009.1	JAKTST010000009.1	7	30	329842.0	329867.0	-	missing				CDEIII hit present; no CDEI hit in its window
Yueomyces sp. yHKB289	GCA_030580315.1	JAKTST010000014.1	JAKTST010000014.1	8	30	198609.0	198634.0	+	missing				no CDEIII hit at the published motif in FIMO's first pass at this threshold
Yueomyces sp. yHKB289	GCA_030580315.1	JAKTST010000018.1	JAKTST010000018.1	9	30	201351.0	201376.0	+	same_cdeiii	201303	201376	40	
Yueomyces sp. yHKB289	GCA_030580315.1	JAKTST010000019.1	JAKTST010000019.1	10	30	46023.0	46048.0	+	missing				CDEIII hit present; published CDEI not among candidates; best candidate here CDEII 218, removed at cdeii_length_outside_anchor_window
Yueomyces sp. yHKB289	GCA_030580315.1	JAKTST010000039.1	JAKTST010000039.1	11	30	29943.0	29968.0	-	same_cdeiii	29943	29992	16	
Yueomyces sp. yHKB289	GCA_030580315.1	JAKTST010000043.1	JAKTST010000043.1	12	30	11231.0	11256.0	+	missing				no CDEIII hit at the published motif in FIMO's first pass at this threshold
Yueomyces sp. yHKB289	GCA_030580315.1	JAKTST010000070.1	JAKTST010000070.1	13	30	11245.0	11270.0	-	missing				no CDEIII hit at the published motif in FIMO's first pass at this threshold
Yueomyces silvicola	GCA_030179955.1	JARYZL010000001.1	JARYZL010000001.1	1	30	18496.0	18521.0	+	missing				no CDEIII hit at the published motif in FIMO's first pass at this threshold
Yueomyces silvicola	GCA_030179955.1	JARYZL010000003.1	JARYZL010000003.1	2	30	674618.0	674643.0	+	same_cdeiii	674508	674643	102	
Yueomyces silvicola	GCA_030179955.1	JARYZL010000004.1	JARYZL010000004.1	3	30	339829.0	339854.0	-	missing				no CDEIII hit at the published motif in FIMO's first pass at this threshold
Yueomyces silvicola	GCA_030179955.1	JARYZL010000005.1	JARYZL010000005.1	4	30	111844.0	111869.0	-	same_cdeiii	111844	111988	111	
Yueomyces silvicola	GCA_030179955.1	JARYZL010000006.1	JARYZL010000006.1	5	30	372612.0	372637.0	-	missing				CDEIII hit present; published CDEI not among candidates; best candidate here CDEII 176, removed at cdeii_length_outside_anchor_window
Yueomyces silvicola	GCA_030179955.1	JARYZL010000007.1	JARYZL010000007.1	6	30	238283.0	238308.0	-	missing				no CDEIII hit at the published motif in FIMO's first pass at this threshold
Yueomyces silvicola	GCA_030179955.1	JARYZL010000008.1	JARYZL010000008.1	7	30	454738.0	454763.0	+	missing				no CDEIII hit at the published motif in FIMO's first pass at this threshold
Yueomyces silvicola	GCA_030179955.1	JARYZL010000009.1	JARYZL010000009.1	8	30	238594.0	238619.0	+	same_cdeiii	238466	238619	120	
Yueomyces silvicola	GCA_030179955.1	JARYZL010000011.1	JARYZL010000011.1	9	30	73639.0	73664.0	-	same_cdeiii	73639	73777	105	
Yueomyces silvicola	GCA_030179955.1	JARYZL010000014.1	JARYZL010000014.1	10	30	216423.0	216448.0	-	missing				CDEIII hit present; published CDEI not among candidates; best candidate here CDEII 198, removed at cdeii_length_outside_anchor_window
Yueomyces silvicola	GCA_030179955.1	JARYZL010000017.1	JARYZL010000017.1	11	30	199903.0	199928.0	-	missing				CDEIII hit present; published CDEI not among candidates; best candidate here CDEII 36, removed at cdeii_length_outside_anchor_window
Yueomyces silvicola	GCA_030179955.1	JARYZL010000020.1	JARYZL010000020.1	12	30	170473.0	170498.0	+	missing				CDEIII hit present; published CDEI not among candidates; best candidate here CDEII 16, removed at cdeii_length_outside_anchor_window
Yueomyces silvicola	GCA_030179955.1	JARYZL010000032.1	JARYZL010000032.1	13	30	16207.0	16232.0	+	missing				no CDEIII hit at the published motif in FIMO's first pass at this threshold
Vanderwaltozyma polyspora	GCA_000150035.1	NW_001834558.1	DS480514.1	1	85	14505.0	14623.0	-	exact	14505	14623	85	
Vanderwaltozyma polyspora	GCA_000150035.1	NW_001834559.1	DS480513.1	2	85	17329.0	17447.0	+	exact	17329	17447	85	
Vanderwaltozyma polyspora	GCA_000150035.1	NW_001834635.1	DS480437.1	3	77	66348.0	66458.0	+	exact	66348	66458	77	
Vanderwaltozyma polyspora	GCA_000150035.1	NW_001834656.1	DS480416.1	4	76	105866.0	105975.0	+	exact	105866	105975	76	
Vanderwaltozyma polyspora	GCA_000150035.1	NW_001834666.1	DS480406.1	5	75	118741.0	118849.0	+	exact	118741	118849	75	
Vanderwaltozyma polyspora	GCA_000150035.1	NW_001834668.1	DS480404.1	6	84	71626.0	71743.0	+	exact	71626	71743	84	
Vanderwaltozyma polyspora	GCA_000150035.1	NW_001834669.1	DS480403.1	7	76	126701.0	126810.0	+	exact	126701	126810	76	
Vanderwaltozyma polyspora	GCA_000150035.1	NW_001834670.1	DS480402.1	8	86	148448.0	148567.0	-	exact	148448	148567	86	
Vanderwaltozyma polyspora	GCA_000150035.1	NW_001834678.1	DS480394.1	9	86	141710.0	141829.0	+	exact	141710	141829	86	
Vanderwaltozyma polyspora	GCA_000150035.1	NW_001834683.1	DS480389.1	10	76	20199.0	20308.0	+	exact	20199	20308	76	
Vanderwaltozyma polyspora	GCA_000150035.1	NW_001834689.1	DS480383.1	11	84	264550.0	264667.0	-	exact	264550	264667	84	
Vanderwaltozyma polyspora	GCA_000150035.1	NW_001834691.1	DS480381.1	12	77	9580.0	9690.0	+	exact	9580	9690	77	
Vanderwaltozyma polyspora	GCA_000150035.1	NW_001834692.1	DS480380.1	13	86	101399.0	101518.0	+	exact	101399	101518	86	
Vanderwaltozyma polyspora	GCA_000150035.1	NW_001834694.1	DS480378.1	14	76	144120.0	144229.0	+	exact	144120	144229	76	
Vanderwaltozyma tropicalis	GCA_030555675.1	JANIWO010000001.1	JANIWO010000001.1	1	77	532805.0	532915.0	-	exact	532805	532915	77	
Vanderwaltozyma tropicalis	GCA_030555675.1	JANIWO010000007.1	JANIWO010000007.1	2	78	30737.0	30848.0	+	exact	30737	30848	78	
Vanderwaltozyma tropicalis	GCA_030555675.1	JANIWO010000010.1	JANIWO010000010.1	3	87	254538.0	254658.0	+	exact	254538	254658	87	
Vanderwaltozyma tropicalis	GCA_030555675.1	JANIWO010000013.1	JANIWO010000013.1	4	85	58657.0	58775.0	+	exact	58657	58775	85	
Vanderwaltozyma tropicalis	GCA_030555675.1	JANIWO010000017.1	JANIWO010000017.1	5	77	184338.0	184448.0	+	exact	184338	184448	77	
Vanderwaltozyma tropicalis	GCA_030555675.1	JANIWO010000020.1	JANIWO010000020.1	6	77	173741.0	173851.0	+	exact	173741	173851	77	
Vanderwaltozyma tropicalis	GCA_030555675.1	JANIWO010000026.1	JANIWO010000026.1	7	76	116850.0	116959.0	-	exact	116850	116959	76	
Vanderwaltozyma tropicalis	GCA_030555675.1	JANIWO010000034.1	JANIWO010000034.1	8	78	2016.0	2127.0	-	exact	2016	2127	78	
Vanderwaltozyma tropicalis	GCA_030555675.1	JANIWO010000040.1	JANIWO010000040.1	9	86	78554.0	78673.0	-	exact	78554	78673	86	
Vanderwaltozyma tropicalis	GCA_030555675.1	JANIWO010000042.1	JANIWO010000042.1	10	88	3202.0	3323.0	-	exact	3202	3323	88	
Vanderwaltozyma tropicalis	GCA_030555675.1	JANIWO010000047.1	JANIWO010000047.1	11	85	4142.0	4260.0	+	exact	4142	4260	85	
Vanderwaltozyma tropicalis	GCA_030555675.1	JANIWO010000065.1	JANIWO010000065.1	12	77	25325.0	25435.0	-	exact	25325	25435	77	
Vanderwaltozyma tropicalis	GCA_030555675.1	JANIWO010000067.1	JANIWO010000067.1	13	87	26522.0	26642.0	+	exact	26522	26642	87	
Vanderwaltozyma tropicalis	GCA_030555675.1	JANIWO010000099.1	JANIWO010000099.1	14	77	338.0	448.0	-	exact	338	448	77	
Vanderwaltozyma tropicalis	GCA_030555675.1	JANIWO010000145.1	JANIWO010000145.1	15	86	2047.0	2166.0	+	exact	2047	2166	86	
Vanderwaltozyma tropicalis	GCA_030555675.1	JANIWO010000160.1	JANIWO010000160.1	16	88	1388.0	1509.0	+	exact	1388	1509	88	
Vanderwaltozyma yanomamii	GCA_041380205.1	JBGIYV010000001.1	JBGIYV010000001.1	1	87	527682.0	527802.0	-	exact	527682	527802	87	
Vanderwaltozyma yanomamii	GCA_041380205.1	JBGIYV010000003.1	JBGIYV010000003.1	2	86	7097.0	7216.0	+	exact	7097	7216	86	
Vanderwaltozyma yanomamii	GCA_041380205.1	JBGIYV010000005.1	JBGIYV010000005.1	3	85	290273.0	290391.0	-	exact	290273	290391	85	
Vanderwaltozyma yanomamii	GCA_041380205.1	JBGIYV010000009.1	JBGIYV010000009.1	4	85	5532.0	5650.0	+	exact	5532	5650	85	
Vanderwaltozyma yanomamii	GCA_041380205.1	JBGIYV010000014.1	JBGIYV010000014.1	5	86	13918.0	14037.0	-	exact	13918	14037	86	
Vanderwaltozyma yanomamii	GCA_041380205.1	JBGIYV010000022.1	JBGIYV010000022.1	6	86	86312.0	86431.0	-	exact	86312	86431	86	
Vanderwaltozyma yanomamii	GCA_041380205.1	JBGIYV010000025.1	JBGIYV010000025.1	7	86	18292.0	18411.0	-	exact	18292	18411	86	
Vanderwaltozyma yanomamii	GCA_041380205.1	JBGIYV010000028.1	JBGIYV010000028.1	8	86	2169.0	2288.0	-	exact	2169	2288	86	
Vanderwaltozyma yanomamii	GCA_041380205.1	JBGIYV010000029.1	JBGIYV010000029.1	9	85	120078.0	120196.0	-	exact	120078	120196	85	
Vanderwaltozyma yanomamii	GCA_041380205.1	JBGIYV010000036.1	JBGIYV010000036.1	10	86	58954.0	59073.0	-	exact	58954	59073	86	
Vanderwaltozyma yanomamii	GCA_041380205.1	JBGIYV010000040.1	JBGIYV010000040.1	11	76	79841.0	79950.0	+	exact	79841	79950	76	
Vanderwaltozyma yanomamii	GCA_041380205.1	JBGIYV010000049.1	JBGIYV010000049.1	12	76	2034.0	2143.0	-	exact	2034	2143	76	
Vanderwaltozyma yanomamii	GCA_041380205.1	JBGIYV010000063.1	JBGIYV010000063.1	13	86	17845.0	17964.0	-	exact	17845	17964	86	
Vanderwaltozyma yanomamii	GCA_041380205.1	JBGIYV010000067.1	JBGIYV010000067.1	14	84	3800.0	3917.0	-	exact	3800	3917	84	
Vanderwaltozyma yanomamii	GCA_041380205.1	JBGIYV010000069.1	JBGIYV010000069.1	15	87	5749.0	5869.0	+	exact	5749	5869	87	
Vanderwaltozyma yanomamii	GCA_041380205.1	JBGIYV010000070.1	JBGIYV010000070.1	16	85	4205.0	4323.0	+	exact	4205	4323	85	
Vanderwaltozyma verrucispora	GCA_030565105.1	JAJMAX010000014.1	JAJMAX010000014.1	1	77	145423.0	145533.0	-	exact	145423	145533	77	
Vanderwaltozyma verrucispora	GCA_030565105.1	JAJMAX010000015.1	JAJMAX010000015.1	2	85	80242.0	80360.0	-	exact	80242	80360	85	
Vanderwaltozyma verrucispora	GCA_030565105.1	JAJMAX010000027.1	JAJMAX010000027.1	3	76	28643.0	28752.0	-	exact	28643	28752	76	
Vanderwaltozyma verrucispora	GCA_030565105.1	JAJMAX010000034.1	JAJMAX010000034.1	4	76	76338.0	76447.0	-	exact	76338	76447	76	
Vanderwaltozyma verrucispora	GCA_030565105.1	JAJMAX010000039.1	JAJMAX010000039.1	5	76	2782.0	2891.0	+	missing				no CDEIII hit at the published motif in FIMO's first pass at this threshold
Vanderwaltozyma verrucispora	GCA_030565105.1	JAJMAX010000070.1	JAJMAX010000070.1	6	76	44222.0	44331.0	-	exact	44222	44331	76	
Vanderwaltozyma verrucispora	GCA_030565105.1	JAJMAX010000081.1	JAJMAX010000081.1	7	78	4644.0	4755.0	-	exact	4644	4755	78	
Vanderwaltozyma verrucispora	GCA_030565105.1	JAJMAX010000097.1	JAJMAX010000097.1	8	77	37115.0	37225.0	+	exact	37115	37225	77	
Vanderwaltozyma verrucispora	GCA_030565105.1	JAJMAX010000101.1	JAJMAX010000101.1	9	84	27862.0	27979.0	+	exact	27862	27979	84	
Vanderwaltozyma verrucispora	GCA_030565105.1	JAJMAX010000130.1	JAJMAX010000130.1	10	75	4742.0	4850.0	+	exact	4742	4850	75	
Vanderwaltozyma verrucispora	GCA_030565105.1	JAJMAX010000141.1	JAJMAX010000141.1	11	76	19559.0	19668.0	+	exact	19559	19668	76	
Vanderwaltozyma verrucispora	GCA_030565105.1	JAJMAX010000142.1	JAJMAX010000142.1	12	76	4675.0	4784.0	-	exact	4675	4784	76	
Vanderwaltozyma verrucispora	GCA_030565105.1	JAJMAX010000148.1	JAJMAX010000148.1	13	76	2072.0	2181.0	+	exact	2072	2181	76	
Vanderwaltozyma verrucispora	GCA_030565105.1	JAJMAX010000172.1	JAJMAX010000172.1	14	85	3569.0	3687.0	-	exact	3569	3687	85	
Vanderwaltozyma verrucispora	GCA_030565105.1	JAJMAX010000193.1	JAJMAX010000193.1	15	76	7358.0	7467.0	+	missing				no CDEIII hit at the published motif in FIMO's first pass at this threshold
Vanderwaltozyma verrucispora	GCA_030565105.1	JAJMAX010000194.1	JAJMAX010000194.1	16	77	6160.0	6270.0	+	exact	6160	6270	77	
Vanderwaltozyma yarrowii	GCA_030568135.1	JAJLTL010000006.1	JAJLTL010000006.1	1	76	3288.0	3397.0	-	exact	3288	3397	76	
Vanderwaltozyma yarrowii	GCA_030568135.1	JAJLTL010000025.1	JAJLTL010000025.1	2	76	35414.0	35523.0	+	exact	35414	35523	76	
Vanderwaltozyma yarrowii	GCA_030568135.1	JAJLTL010000038.1	JAJLTL010000038.1	3	77	82084.0	82194.0	-	exact	82084	82194	77	
Vanderwaltozyma yarrowii	GCA_030568135.1	JAJLTL010000059.1	JAJLTL010000059.1	4	76	58506.0	58615.0	+	exact	58506	58615	76	
Vanderwaltozyma yarrowii	GCA_030568135.1	JAJLTL010000061.1	JAJLTL010000061.1	5	76	1420.0	1529.0	+	exact	1420	1529	76	
Vanderwaltozyma yarrowii	GCA_030568135.1	JAJLTL010000065.1	JAJLTL010000065.1	6	76	11710.0	11819.0	+	exact	11710	11819	76	
Vanderwaltozyma yarrowii	GCA_030568135.1	JAJLTL010000098.1	JAJLTL010000098.1	7	87	20729.0	20849.0	-	exact	20729	20849	87	
Vanderwaltozyma yarrowii	GCA_030568135.1	JAJLTL010000102.1	JAJLTL010000102.1	8	77	32762.0	32872.0	-	exact	32762	32872	77	
Vanderwaltozyma yarrowii	GCA_030568135.1	JAJLTL010000117.1	JAJLTL010000117.1	9	87	28152.0	28272.0	+	exact	28152	28272	87	
Vanderwaltozyma yarrowii	GCA_030568135.1	JAJLTL010000134.1	JAJLTL010000134.1	10	86	11511.0	11630.0	-	missing				no CDEIII hit at the published motif in FIMO's first pass at this threshold
Vanderwaltozyma yarrowii	GCA_030568135.1	JAJLTL010000147.1	JAJLTL010000147.1	11	76	23004.0	23113.0	+	exact	23004	23113	76	
Vanderwaltozyma yarrowii	GCA_030568135.1	JAJLTL010000159.1	JAJLTL010000159.1	12	77	2043.0	2153.0	-	exact	2043	2153	77	
Vanderwaltozyma yarrowii	GCA_030568135.1	JAJLTL010000168.1	JAJLTL010000168.1	13	77	3976.0	4086.0	+	exact	3976	4086	77	
Vanderwaltozyma yarrowii	GCA_030568135.1	JAJLTL010000184.1	JAJLTL010000184.1	14	77	5076.0	5186.0	-	exact	5076	5186	77	
Vanderwaltozyma yarrowii	GCA_030568135.1	JAJLTL010000248.1	JAJLTL010000248.1	15	76	385.0	494.0	-	exact	385	494	76	
Vanderwaltozyma yarrowii	GCA_030568135.1	JAJLTL010000284.1	JAJLTL010000284.1	16	77	1426.0	1536.0	-	exact	1426	1536	77	
Tetrapisispora iriomotensis	GCA_003705975.2	PPKC02000001.1	PPKC02000001.1	1	127	162454.0	162614.0	+	exact	162454	162614	127	
Tetrapisispora iriomotensis	GCA_003705975.2	PPKC02000002.1	PPKC02000002.1	2	136	194337.0	194506.0	+	exact	194337	194506	136	
Tetrapisispora iriomotensis	GCA_003705975.2	PPKC02000004.1	PPKC02000004.1	3	126	257204.0	257363.0	+	exact	257204	257363	126	
Tetrapisispora iriomotensis	GCA_003705975.2	PPKC02000005.1	PPKC02000005.1	4	126	376052.0	376211.0	-	exact	376052	376211	126	
Tetrapisispora iriomotensis	GCA_003705975.2	PPKC02000006.1	PPKC02000006.1	5	116	202727.0	202876.0	+	exact	202727	202876	116	
Tetrapisispora iriomotensis	GCA_003705975.2	PPKC02000009.1	PPKC02000009.1	6	125	85566.0	85724.0	+	exact	85566	85724	125	
Tetrapisispora iriomotensis	GCA_003705975.2	PPKC02000010.1	PPKC02000010.1	7	135	377287.0	377455.0	-	exact	377287	377455	135	
Tetrapisispora iriomotensis	GCA_003705975.2	PPKC02000014.1	PPKC02000014.1	8	117	296973.0	297123.0	+	exact	296973	297123	117	
Tetrapisispora iriomotensis	GCA_003705975.2	PPKC02000015.1	PPKC02000015.1	9	134	60419.0	60586.0	-	missing				CDEIII hit present; published CDEI not among candidates; best candidate here CDEII 173, removed at cdeii_length_outside_anchor_window
Tetrapisispora iriomotensis	GCA_003705975.2	PPKC02000015.1	PPKC02000015.1	10	133				unlocated				published sequence found 0 times on the contig
Tetrapisispora iriomotensis	GCA_003705975.2	PPKC02000021.1	PPKC02000021.1	11	125	128608.0	128766.0	+	exact	128608	128766	125	
Tetrapisispora iriomotensis	GCA_003705975.2	PPKC02000022.1	PPKC02000022.1	12	127	86183.0	86343.0	+	exact	86183	86343	127	
Tetrapisispora iriomotensis	GCA_003705975.2	PPKC02000023.1	PPKC02000023.1	13	126	116339.0	116498.0	-	exact	116339	116498	126	
Tetrapisispora iriomotensis	GCA_003705975.2	PPKC02000024.1	PPKC02000024.1	14	135	2797.0	2965.0	-	exact	2797	2965	135	
Tetrapisispora iriomotensis	GCA_003705975.2	PPKC02000036.1	PPKC02000036.1	15	134	49140.0	49307.0	-	exact	49140	49307	134	
Tetrapisispora iriomotensis	GCA_003705975.2	PPKC02000044.1	PPKC02000044.1	16	125	5878.0	6036.0	+	exact	5878	6036	125	
Tetrapisispora phaffii	GCA_000236905.1	NC_016520.1	HE612856.1	1	136	1010365.0	1010534.0	+	exact	1010365	1010534	136	
Tetrapisispora phaffii	GCA_000236905.1	NC_016521.1	HE612857.1	2	136	894902.0	895071.0	-	exact	894902	895071	136	
Tetrapisispora phaffii	GCA_000236905.1	NC_016522.1	HE612858.1	3	137	883183.0	883353.0	-	exact	883183	883353	137	
Tetrapisispora phaffii	GCA_000236905.1	NC_016523.1	HE612859.1	4	135	151539.0	151707.0	+	exact	151539	151707	135	
Tetrapisispora phaffii	GCA_000236905.1	NC_016524.1	HE612860.1	5	135	625018.0	625186.0	+	exact	625018	625186	135	
Tetrapisispora phaffii	GCA_000236905.1	NC_016525.1	HE612861.1	6	124	168263.0	168420.0	+	exact	168263	168420	124	
Tetrapisispora phaffii	GCA_000236905.1	NC_016526.1	HE612862.1	7	133	714784.0	714950.0	+	exact	714784	714950	133	
Tetrapisispora phaffii	GCA_000236905.1	NC_016527.1	HE612863.1	8	124	142712.0	142869.0	-	exact	142712	142869	124	
Tetrapisispora phaffii	GCA_000236905.1	NC_016528.1	HE612864.1	9	135	506220.0	506388.0	-	exact	506220	506388	135	
Tetrapisispora phaffii	GCA_000236905.1	NC_016529.1	HE612865.1	10	131	84067.0	84231.0	+	exact	84067	84231	131	
Tetrapisispora phaffii	GCA_000236905.1	NC_016530.1	HE612866.1	11	135	324621.0	324789.0	-	exact	324621	324789	135	
Tetrapisispora phaffii	GCA_000236905.1	NC_016531.1	HE612867.1	12	126	140823.0	140982.0	-	exact	140823	140982	126	
Tetrapisispora phaffii	GCA_000236905.1	NC_016532.1	HE612868.1	13	125	57178.0	57336.0	+	exact	57178	57336	125	
Tetrapisispora phaffii	GCA_000236905.1	NC_016533.1	HE612869.1	14	122	167335.0	167490.0	-	exact	167335	167490	122	
Tetrapisispora phaffii	GCA_000236905.1	NC_016534.1	HE612870.1	15	115	39008.0	39156.0	-	missing				published candidate formed (rank 68), removed at not_in_top50
Tetrapisispora phaffii	GCA_000236905.1	NC_016535.1	HE612871.1	16	125	106651.0	106809.0	-	exact	106651	106809	125	
Tetrapisispora fleetii	GCA_003707605.2	PPKB02000001.1	PPKB02000001.1	1	125	825590.0	825748.0	-	exact	825590	825748	125	
Tetrapisispora fleetii	GCA_003707605.2	PPKB02000002.1	PPKB02000002.1	2	134	834456.0	834623.0	-	exact	834456	834623	134	
Tetrapisispora fleetii	GCA_003707605.2	PPKB02000003.1	PPKB02000003.1	3	126	644035.0	644194.0	-	missing				CDEIII hit present; published CDEI not among candidates; best candidate here CDEII 190, removed at cdeii_length_outside_anchor_window
Tetrapisispora fleetii	GCA_003707605.2	PPKB02000004.1	PPKB02000004.1	4	126	131244.0	131403.0	-	exact	131244	131403	126	
Tetrapisispora fleetii	GCA_003707605.2	PPKB02000006.1	PPKB02000006.1	5	135	46529.0	46697.0	+	missing				CDEIII hit present; published CDEI not among candidates; best candidate here CDEII 181, removed at cdeii_length_outside_anchor_window
Tetrapisispora fleetii	GCA_003707605.2	PPKB02000007.1	PPKB02000007.1	6	126	154173.0	154332.0	+	exact	154173	154332	126	
Tetrapisispora fleetii	GCA_003707605.2	PPKB02000008.1	PPKB02000008.1	7	133	312703.0	312869.0	-	exact	312703	312869	133	
Tetrapisispora fleetii	GCA_003707605.2	PPKB02000011.1	PPKB02000011.1	8	134	355169.0	355336.0	+	missing				no CDEIII hit at the published motif in FIMO's first pass at this threshold
Tetrapisispora fleetii	GCA_003707605.2	PPKB02000012.1	PPKB02000012.1	9	136	139928.0	140097.0	+	exact	139928	140097	136	
Tetrapisispora fleetii	GCA_003707605.2	PPKB02000013.1	PPKB02000013.1	10	125	345510.0	345668.0	-	exact	345510	345668	125	
Tetrapisispora fleetii	GCA_003707605.2	PPKB02000014.1	PPKB02000014.1	11	123	308331.0	308487.0	+	exact	308331	308487	123	
Tetrapisispora fleetii	GCA_003707605.2	PPKB02000015.1	PPKB02000015.1	12	124	92596.0	92753.0	-	exact	92596	92753	124	
Tetrapisispora fleetii	GCA_003707605.2	PPKB02000020.1	PPKB02000020.1	13	126	6756.0	6915.0	+	exact	6756	6915	126	
Tetrapisispora fleetii	GCA_003707605.2	PPKB02000022.1	PPKB02000022.1	14	134	2722.0	2889.0	-	exact	2722	2889	134	
Tetrapisispora fleetii	GCA_003707605.2	PPKB02000023.1	PPKB02000023.1	15	126	85900.0	86059.0	-	exact	85900	86059	126	
Tetrapisispora fleetii	GCA_003707605.2	PPKB02000024.1	PPKB02000024.1	16	124	99851.0	100008.0	-	exact	99851	100008	124	
Tetrapisispora namnaoensis	GCA_003705985.2	PPKD02000001.1	PPKD02000001.1	1	125	900873.0	901031.0	-	exact	900873	901031	125	
Tetrapisispora namnaoensis	GCA_003705985.2	PPKD02000002.1	PPKD02000002.1	2	124	860797.0	860954.0	-	exact	860797	860954	124	
Tetrapisispora namnaoensis	GCA_003705985.2	PPKD02000003.1	PPKD02000003.1	3	125	163786.0	163944.0	+	exact	163786	163944	125	
Tetrapisispora namnaoensis	GCA_003705985.2	PPKD02000005.1	PPKD02000005.1	4	129	243169.0	243331.0	+	exact	243169	243331	129	
Tetrapisispora namnaoensis	GCA_003705985.2	PPKD02000006.1	PPKD02000006.1	5	126	519977.0	520136.0	-	exact	519977	520136	126	
Tetrapisispora namnaoensis	GCA_003705985.2	PPKD02000007.1	PPKD02000007.1	6	125	193306.0	193464.0	+	exact	193306	193464	125	
Tetrapisispora namnaoensis	GCA_003705985.2	PPKD02000010.1	PPKD02000010.1	7	126	53166.0	53325.0	+	exact	53166	53325	126	
Tetrapisispora namnaoensis	GCA_003705985.2	PPKD02000011.1	PPKD02000011.1	8	136	164923.0	165092.0	+	exact	164923	165092	136	
Tetrapisispora namnaoensis	GCA_003705985.2	PPKD02000012.1	PPKD02000012.1	9	133	362789.0	362955.0	-	missing				CDEIII hit present; published CDEI not among candidates; best candidate here CDEII 70, removed at cdeii_length_outside_anchor_window
Tetrapisispora namnaoensis	GCA_003705985.2	PPKD02000013.1	PPKD02000013.1	10	137	279521.0	279691.0	+	exact	279521	279691	137	
Tetrapisispora namnaoensis	GCA_003705985.2	PPKD02000014.1	PPKD02000014.1	11	132	313207.0	313372.0	+	exact	313207	313372	132	
Tetrapisispora namnaoensis	GCA_003705985.2	PPKD02000016.1	PPKD02000016.1	12	127	243089.0	243249.0	+	exact	243089	243249	127	
Tetrapisispora namnaoensis	GCA_003705985.2	PPKD02000017.1	PPKD02000017.1	13	124	264419.0	264576.0	+	exact	264419	264576	124	
Tetrapisispora namnaoensis	GCA_003705985.2	PPKD02000022.1	PPKD02000022.1	14	124	183763.0	183920.0	-	exact	183763	183920	124	
Tetrapisispora namnaoensis	GCA_003705985.2	PPKD02000023.1	PPKD02000023.1	15	124	95895.0	96052.0	-	exact	95895	96052	124	
Tetrapisispora namnaoensis	GCA_003705985.2	PPKD02000024.1	PPKD02000024.1	16	127	2857.0	3017.0	-	exact	2857	3017	127	
Tetrapisispora nanseiensis	GCA_030568035.1	JAJLTH010000001.1	JAJLTH010000001.1	1	124	109447.0	109604.0	+	exact	109447	109604	124	
Tetrapisispora nanseiensis	GCA_030568035.1	JAJLTH010000016.1	JAJLTH010000016.1	2	126	75932.0	76091.0	+	exact	75932	76091	126	
Tetrapisispora nanseiensis	GCA_030568035.1	JAJLTH010000020.1	JAJLTH010000020.1	3	124	153571.0	153728.0	-	exact	153571	153728	124	
Tetrapisispora nanseiensis	GCA_030568035.1	JAJLTH010000043.1	JAJLTH010000043.1	4	125	60914.0	61072.0	-	exact	60914	61072	125	
Tetrapisispora nanseiensis	GCA_030568035.1	JAJLTH010000044.1	JAJLTH010000044.1	5	125	16137.0	16295.0	-	exact	16137	16295	125	
Tetrapisispora nanseiensis	GCA_030568035.1	JAJLTH010000064.1	JAJLTH010000064.1	6	124	23722.0	23879.0	+	exact	23722	23879	124	
Tetrapisispora nanseiensis	GCA_030568035.1	JAJLTH010000065.1	JAJLTH010000065.1	7	135	59736.0	59904.0	+	missing				CDEIII hit present; published CDEI not among candidates; best candidate here CDEII 202, removed at cdeii_length_outside_anchor_window
Tetrapisispora nanseiensis	GCA_030568035.1	JAJLTH010000066.1	JAJLTH010000066.1	8	136	4113.0	4282.0	+	exact	4113	4282	136	
Tetrapisispora nanseiensis	GCA_030568035.1	JAJLTH010000070.1	JAJLTH010000070.1	9	124	50832.0	50989.0	-	exact	50832	50989	124	
Tetrapisispora nanseiensis	GCA_030568035.1	JAJLTH010000075.1	JAJLTH010000075.1	10	125	3822.0	3980.0	+	exact	3822	3980	125	
Tetrapisispora nanseiensis	GCA_030568035.1	JAJLTH010000108.1	JAJLTH010000108.1	11	116	31093.0	31242.0	-	exact	31093	31242	116	
Tetrapisispora nanseiensis	GCA_030568035.1	JAJLTH010000109.1	JAJLTH010000109.1	12	124	9354.0	9511.0	+	exact	9354	9511	124	
Tetrapisispora nanseiensis	GCA_030568035.1	JAJLTH010000114.1	JAJLTH010000114.1	13	125	25025.0	25183.0	-	missing				CDEIII hit present; published CDEI not among candidates; best candidate here CDEII 41, removed at not_in_top50
Tetrapisispora nanseiensis	GCA_030568035.1	JAJLTH010000116.1	JAJLTH010000116.1	14	125	8360.0	8518.0	+	exact	8360	8518	125	
Tetrapisispora nanseiensis	GCA_030568035.1	JAJLTH010000129.1	JAJLTH010000129.1	15	125	20889.0	21047.0	+	exact	20889	21047	125	
Tetrapisispora nanseiensis	GCA_030568035.1	JAJLTH010000137.1	JAJLTH010000137.1	16	135	875.0	1043.0	-	missing				CDEIII hit present; published CDEI not among candidates; best candidate here CDEII 201, removed at cdeii_length_outside_anchor_window
Tetrapisispora arboricola	GCA_030557565.1	JAKTPK010000096.1	JAKTPK010000096.1	1	135	35174.0	35342.0	+	exact	35174	35342	135	
Tetrapisispora arboricola	GCA_030557565.1	JAKTPK010000120.1	JAKTPK010000120.1	2	125	350887.0	351045.0	+	exact	350887	351045	125	
Tetrapisispora arboricola	GCA_030557565.1	JAKTPK010000141.1	JAKTPK010000141.1	3	125	41112.0	41270.0	+	exact	41112	41270	125	
Tetrapisispora arboricola	GCA_030557565.1	JAKTPK010000142.1	JAKTPK010000142.1	4	124	140966.0	141123.0	+	exact	140966	141123	124	
Tetrapisispora arboricola	GCA_030557565.1	JAKTPK010000148.1	JAKTPK010000148.1	5	125	159758.0	159916.0	-	exact	159758	159916	125	
Tetrapisispora arboricola	GCA_030557565.1	JAKTPK010000151.1	JAKTPK010000151.1	6	125	69316.0	69474.0	-	exact	69316	69474	125	
Tetrapisispora arboricola	GCA_030557565.1	JAKTPK010000159.1	JAKTPK010000159.1	7	126	94853.0	95012.0	-	exact	94853	95012	126	
Tetrapisispora arboricola	GCA_030557565.1	JAKTPK010000164.1	JAKTPK010000164.1	8	124	3286.0	3443.0	-	exact	3286	3443	124	
Tetrapisispora arboricola	GCA_030557565.1	JAKTPK010000169.1	JAKTPK010000169.1	9	124	114843.0	115000.0	+	exact	114843	115000	124	
Tetrapisispora arboricola	GCA_030557565.1	JAKTPK010000176.1	JAKTPK010000176.1	10	136	95671.0	95840.0	-	exact	95671	95840	136	
Tetrapisispora arboricola	GCA_030557565.1	JAKTPK010000181.1	JAKTPK010000181.1	11	134	9511.0	9678.0	+	exact	9511	9678	134	
Tetrapisispora arboricola	GCA_030557565.1	JAKTPK010000194.1	JAKTPK010000194.1	12	133	88991.0	89157.0	+	exact	88991	89157	133	
Tetrapisispora arboricola	GCA_030557565.1	JAKTPK010000210.1	JAKTPK010000210.1	13	133	31775.0	31941.0	+	missing				CDEIII hit present; published CDEI not among candidates; best candidate here CDEII 12, removed at not_in_top50
Tetrapisispora arboricola	GCA_030557565.1	JAKTPK010000213.1	JAKTPK010000213.1	14	126	220730.0	220889.0	+	exact	220730	220889	126	
Tetrapisispora arboricola	GCA_030557565.1	JAKTPK010000219.1	JAKTPK010000219.1	15	125	8107.0	8265.0	+	exact	8107	8265	125	
Tetrapisispora arboricola	GCA_030557565.1	JAKTPK010000227.1	JAKTPK010000227.1	16	133	131066.0	131232.0	+	exact	131066	131232	133	
Tetrapisispora pingtungensis	GCA_030573885.1	JAJMDY010000002.1	JAJMDY010000002.1	1	126	88796.0	88955.0	+	exact	88796	88955	126	
Tetrapisispora pingtungensis	GCA_030573885.1	JAJMDY010000003.1	JAJMDY010000003.1	2	125	101101.0	101259.0	+	exact	101101	101259	125	
Tetrapisispora pingtungensis	GCA_030573885.1	JAJMDY010000004.1	JAJMDY010000004.1	3	126	354161.0	354320.0	-	exact	354161	354320	126	
Tetrapisispora pingtungensis	GCA_030573885.1	JAJMDY010000007.1	JAJMDY010000007.1	4	125	21231.0	21389.0	-	exact	21231	21389	125	
Tetrapisispora pingtungensis	GCA_030573885.1	JAJMDY010000015.1	JAJMDY010000015.1	5	125	57767.0	57925.0	-	exact	57767	57925	125	
Tetrapisispora pingtungensis	GCA_030573885.1	JAJMDY010000021.1	JAJMDY010000021.1	6	135	174359.0	174527.0	+	exact	174359	174527	135	
Tetrapisispora pingtungensis	GCA_030573885.1	JAJMDY010000023.1	JAJMDY010000023.1	7	124	111057.0	111214.0	-	exact	111057	111214	124	
Tetrapisispora pingtungensis	GCA_030573885.1	JAJMDY010000024.1	JAJMDY010000024.1	8	125	126385.0	126543.0	-	exact	126385	126543	125	
Tetrapisispora pingtungensis	GCA_030573885.1	JAJMDY010000034.1	JAJMDY010000034.1	9	126	23246.0	23405.0	+	exact	23246	23405	126	
Tetrapisispora pingtungensis	GCA_030573885.1	JAJMDY010000053.1	JAJMDY010000053.1	10	137	40525.0	40695.0	-	missing				CDEIII hit present; published CDEI not among candidates; best candidate here CDEII 157, removed at cdeii_length_outside_anchor_window
Tetrapisispora pingtungensis	GCA_030573885.1	JAJMDY010000054.1	JAJMDY010000054.1	11	135	55179.0	55347.0	+	exact	55179	55347	135	
Tetrapisispora pingtungensis	GCA_030573885.1	JAJMDY010000061.1	JAJMDY010000061.1	12	125	6578.0	6736.0	+	exact	6578	6736	125	
Tetrapisispora pingtungensis	GCA_030573885.1	JAJMDY010000069.1	JAJMDY010000069.1	13	125	56401.0	56559.0	+	exact	56401	56559	125	
Tetrapisispora pingtungensis	GCA_030573885.1	JAJMDY010000086.1	JAJMDY010000086.1	14	124	27180.0	27337.0	-	exact	27180	27337	124	
Tetrapisispora pingtungensis	GCA_030573885.1	JAJMDY010000091.1	JAJMDY010000091.1	15	124	20251.0	20408.0	-	different_cdeii_length	20251	20381	97	published candidate formed (rank 18), removed at duplicate_cdeiii_hit
Tetrapisispora pingtungensis	GCA_030573885.1	JAJMDY010000095.1	JAJMDY010000095.1	16	124	21978.0	22135.0	+	exact	21978	22135	124	
Tetrapisispora taiwanensis	GCA_030573835.1	JAJMDZ010000001.1	JAJMDZ010000001.1	1	126	832727.0	832886.0	+	missing				published candidate formed (rank 9), removed at cdeii_length_outside_anchor_window
Tetrapisispora taiwanensis	GCA_030573835.1	JAJMDZ010000007.1	JAJMDZ010000007.1	2	125	40992.0	41150.0	+	missing				no CDEIII hit at the published motif in FIMO's first pass at this threshold
Tetrapisispora taiwanensis	GCA_030573835.1	JAJMDZ010000008.1	JAJMDZ010000008.1	3	124	266452.0	266609.0	+	missing				published candidate formed (rank 10), removed at cdeii_length_outside_anchor_window
Tetrapisispora taiwanensis	GCA_030573835.1	JAJMDZ010000010.1	JAJMDZ010000010.1	4	127	8330.0	8490.0	-	missing				published candidate formed (rank 3), removed at cdeii_length_outside_anchor_window
Tetrapisispora taiwanensis	GCA_030573835.1	JAJMDZ010000018.1	JAJMDZ010000018.1	5	128	176172.0	176333.0	+	missing				published candidate formed (rank 23), removed at cdeii_length_outside_anchor_window
Tetrapisispora taiwanensis	GCA_030573835.1	JAJMDZ010000019.1	JAJMDZ010000019.1	6	125	169721.0	169879.0	-	missing				published candidate formed (rank 6), removed at cdeii_length_outside_anchor_window
Tetrapisispora taiwanensis	GCA_030573835.1	JAJMDZ010000021.1	JAJMDZ010000021.1	7	126	4387.0	4546.0	-	missing				published candidate formed (rank 26), removed at cdeii_length_outside_anchor_window
Tetrapisispora taiwanensis	GCA_030573835.1	JAJMDZ010000023.1	JAJMDZ010000023.1	8	125	155053.0	155211.0	-	missing				published candidate formed (rank 20), removed at cdeii_length_outside_anchor_window
Tetrapisispora taiwanensis	GCA_030573835.1	JAJMDZ010000024.1	JAJMDZ010000024.1	9	127	111166.0	111326.0	+	missing				published candidate formed (rank 5), removed at cdeii_length_outside_anchor_window
Tetrapisispora taiwanensis	GCA_030573835.1	JAJMDZ010000030.1	JAJMDZ010000030.1	10	125	107094.0	107252.0	-	missing				no CDEIII hit at the published motif in FIMO's first pass at this threshold
Tetrapisispora taiwanensis	GCA_030573835.1	JAJMDZ010000032.1	JAJMDZ010000032.1	11	126	20532.0	20691.0	+	missing				published candidate formed (rank 18), removed at cdeii_length_outside_anchor_window
Tetrapisispora taiwanensis	GCA_030573835.1	JAJMDZ010000041.1	JAJMDZ010000041.1	12	124	33275.0	33432.0	+	missing				CDEIII hit present; published CDEI not among candidates; best candidate here CDEII 111, removed at not_in_top50
Tetrapisispora taiwanensis	GCA_030573835.1	JAJMDZ010000063.1	JAJMDZ010000063.1	13	136	62223.0	62392.0	+	missing				published candidate formed (rank 12), removed at cdeii_length_outside_anchor_window
Tetrapisispora taiwanensis	GCA_030573835.1	JAJMDZ010000064.1	JAJMDZ010000064.1	14	125	26009.0	26167.0	+	missing				published candidate formed (rank 7), removed at cdeii_length_outside_anchor_window
Tetrapisispora taiwanensis	GCA_030573835.1	JAJMDZ010000066.1	JAJMDZ010000066.1	15	125	15586.0	15744.0	+	missing				published candidate formed (rank 16), removed at cdeii_length_outside_anchor_window
Tetrapisispora taiwanensis	GCA_030573835.1	JAJMDZ010000084.1	JAJMDZ010000084.1	16	126	8825.0	8984.0	+	missing				published candidate formed (rank 11), removed at cdeii_length_outside_anchor_window
Kazachstania africana	GCA_000304475.1	NC_018940.1	HE650821.1	1	49	374298.0	374380.0	-	exact	374298	374380	49	
Kazachstania africana	GCA_000304475.1	NC_018941.1	HE650822.1	2	51	376308.0	376392.0	+	exact	376308	376392	51	
Kazachstania africana	GCA_000304475.1	NC_018942.1	HE650823.1	3	49	667768.0	667850.0	-	exact	667768	667850	49	
Kazachstania africana	GCA_000304475.1	NC_018943.1	HE650824.1	4	50	649687.0	649770.0	+	exact	649687	649770	50	
Kazachstania africana	GCA_000304475.1	NC_018944.1	HE650825.1	5	49	344407.0	344489.0	+	exact	344407	344489	49	
Kazachstania africana	GCA_000304475.1	NC_018945.1	HE650826.1	6	49	497687.0	497769.0	+	exact	497687	497769	49	
Kazachstania africana	GCA_000304475.1	NC_018946.1	HE650827.1	7	48	549215.0	549296.0	-	exact	549215	549296	48	
Kazachstania africana	GCA_000304475.1	NC_018947.1	HE650828.1	8	49	589733.0	589815.0	-	exact	589733	589815	49	
Kazachstania africana	GCA_000304475.1	NC_018948.1	HE650829.1	9	50	485268.0	485351.0	+	exact	485268	485351	50	
Kazachstania africana	GCA_000304475.1	NC_018949.1	HE650830.1	10	49	194675.0	194757.0	-	exact	194675	194757	49	
Kazachstania africana	GCA_000304475.1	NC_018950.1	HE650831.1	11	50	239898.0	239981.0	+	exact	239898	239981	50	
Kazachstania africana	GCA_000304475.1	NC_018951.1	HE650832.1	12	49	112824.0	112906.0	-	exact	112824	112906	49	
Kazachstania viticola	GCA_030571575.1	JAJLXZ010000002.1	JAJLXZ010000002.1	1	49	46967.0	47049.0	-	exact	46967	47049	49	
Kazachstania viticola	GCA_030571575.1	JAJLXZ010000003.1	JAJLXZ010000003.1	2	48	19785.0	19866.0	-	exact	19785	19866	48	
Kazachstania viticola	GCA_030571575.1	JAJLXZ010000004.1	JAJLXZ010000004.1	3	49	164405.0	164487.0	-	exact	164405	164487	49	
Kazachstania viticola	GCA_030571575.1	JAJLXZ010000005.1	JAJLXZ010000005.1	4	49	108301.0	108383.0	+	exact	108301	108383	49	
Kazachstania viticola	GCA_030571575.1	JAJLXZ010000017.1	JAJLXZ010000017.1	5	49	37230.0	37312.0	-	exact	37230	37312	49	
Kazachstania viticola	GCA_030571575.1	JAJLXZ010000028.1	JAJLXZ010000028.1	6	49	9469.0	9551.0	-	exact	9469	9551	49	
Kazachstania viticola	GCA_030571575.1	JAJLXZ010000033.1	JAJLXZ010000033.1	7	49	20861.0	20943.0	-	exact	20861	20943	49	
Kazachstania viticola	GCA_030571575.1	JAJLXZ010000036.1	JAJLXZ010000036.1	8	48	656.0	737.0	+	exact	656	737	48	
Kazachstania viticola	GCA_030571575.1	JAJLXZ010000039.1	JAJLXZ010000039.1	9	49	39926.0	40008.0	+	exact	39926	40008	49	
Kazachstania viticola	GCA_030571575.1	JAJLXZ010000049.1	JAJLXZ010000049.1	10	48	14998.0	15079.0	+	exact	14998	15079	48	
Kazachstania viticola	GCA_030571575.1	JAJLXZ010000058.1	JAJLXZ010000058.1	11	49	18245.0	18327.0	-	exact	18245	18327	49	
Kazachstania viticola	GCA_030571575.1	JAJLXZ010000078.1	JAJLXZ010000078.1	12	49	11116.0	11198.0	-	exact	11116	11198	49	
Kazachstania viticola	GCA_030571575.1	JAJLXZ010000086.1	JAJLXZ010000086.1	13	48	5780.0	5861.0	+	exact	5780	5861	48	
Kazachstania viticola	GCA_030571575.1	JAJLXZ010000153.1	JAJLXZ010000153.1	14	49	49713.0	49795.0	+	exact	49713	49795	49	
Kazachstania viticola	GCA_030571575.1	JAJLXZ010000183.1	JAJLXZ010000183.1	15	48	1833.0	1914.0	+	exact	1833	1914	48	
Kazachstania viticola	GCA_030571575.1	JAJLXZ010000208.1	JAJLXZ010000208.1	16	48	7765.0	7846.0	+	exact	7765	7846	48	
Jamesozyma lodderae	GCA_030571655.1	JAJLYF010000003.1	JAJLYF010000003.1	1	50	308310.0	308393.0	+	exact	308310	308393	50	
Jamesozyma lodderae	GCA_030571655.1	JAJLYF010000004.1	JAJLYF010000004.1	2	50	334335.0	334418.0	-	exact	334335	334418	50	
Jamesozyma lodderae	GCA_030571655.1	JAJLYF010000008.1	JAJLYF010000008.1	3	49	242431.0	242513.0	-	exact	242431	242513	49	
Jamesozyma lodderae	GCA_030571655.1	JAJLYF010000021.1	JAJLYF010000021.1	4	49	72697.0	72779.0	+	exact	72697	72779	49	
Jamesozyma lodderae	GCA_030571655.1	JAJLYF010000022.1	JAJLYF010000022.1	5	52	87483.0	87568.0	-	exact	87483	87568	52	
Jamesozyma lodderae	GCA_030571655.1	JAJLYF010000027.1	JAJLYF010000027.1	6	49	53466.0	53548.0	+	exact	53466	53548	49	
Jamesozyma lodderae	GCA_030571655.1	JAJLYF010000031.1	JAJLYF010000031.1	7	50	33977.0	34060.0	+	exact	33977	34060	50	
Jamesozyma lodderae	GCA_030571655.1	JAJLYF010000032.1	JAJLYF010000032.1	8	50	49610.0	49693.0	-	exact	49610	49693	50	
Jamesozyma lodderae	GCA_030571655.1	JAJLYF010000034.1	JAJLYF010000034.1	9	50	78192.0	78275.0	-	exact	78192	78275	50	
Jamesozyma lodderae	GCA_030571655.1	JAJLYF010000036.1	JAJLYF010000036.1	10	49	106654.0	106736.0	-	exact	106654	106736	49	
Jamesozyma lodderae	GCA_030571655.1	JAJLYF010000043.1	JAJLYF010000043.1	11	50	19211.0	19294.0	+	exact	19211	19294	50	
Jamesozyma lodderae	GCA_030571655.1	JAJLYF010000059.1	JAJLYF010000059.1	12	50	14467.0	14550.0	-	exact	14467	14550	50	
Jamesozyma lodderae	GCA_030571655.1	JAJLYF010000090.1	JAJLYF010000090.1	13	49	7328.0	7410.0	+	exact	7328	7410	49	
Jamesozyma jinghongensis	GCA_030572895.1	JAJMCG010000001.1	JAJMCG010000001.1	1	49	123902.0	123984.0	+	different_cdeii_length	123902	123985	50	first-pass CDEIII hit overlaps but is offset from the published motif
Jamesozyma jinghongensis	GCA_030572895.1	JAJMCG010000030.1	JAJMCG010000030.1	2	49	36599.0	36681.0	-	exact	36599	36681	49	
Jamesozyma jinghongensis	GCA_030572895.1	JAJMCG010000032.1	JAJMCG010000032.1	3	50	15445.0	15528.0	+	exact	15445	15528	50	
Jamesozyma jinghongensis	GCA_030572895.1	JAJMCG010000054.1	JAJMCG010000054.1	4	59	29156.0	29248.0	+	exact	29156	29248	59	
Jamesozyma jinghongensis	GCA_030572895.1	JAJMCG010000071.1	JAJMCG010000071.1	5	59	39110.0	39202.0	-	exact	39110	39202	59	
Jamesozyma jinghongensis	GCA_030572895.1	JAJMCG010000083.1	JAJMCG010000083.1	6	59	20760.0	20852.0	+	exact	20760	20852	59	
Jamesozyma jinghongensis	GCA_030572895.1	JAJMCG010000123.1	JAJMCG010000123.1	7	60	6453.0	6546.0	+	exact	6453	6546	60	
Jamesozyma jinghongensis	GCA_030572895.1	JAJMCG010000124.1	JAJMCG010000124.1	8	61	25174.0	25268.0	+	exact	25174	25268	61	
Jamesozyma jinghongensis	GCA_030572895.1	JAJMCG010000192.1	JAJMCG010000192.1	9	50	9346.0	9429.0	+	exact	9346	9429	50	
Jamesozyma jinghongensis	GCA_030572895.1	JAJMCG010000194.1	JAJMCG010000194.1	10	59	2459.0	2551.0	+	exact	2459	2551	59	
Jamesozyma jinghongensis	GCA_030572895.1	JAJMCG010000205.1	JAJMCG010000205.1	11	49	13146.0	13228.0	+	exact	13146	13228	49	
Jamesozyma jinghongensis	GCA_030572895.1	JAJMCG010000211.1	JAJMCG010000211.1	12	59	14099.0	14191.0	-	exact	14099	14191	59	
Jamesozyma jinghongensis	GCA_030572895.1	JAJMCG010000231.1	JAJMCG010000231.1	13	59	5589.0	5681.0	+	exact	5589	5681	59	
Jamesozyma jinghongensis	GCA_030572895.1	JAJMCG010000242.1	JAJMCG010000242.1	14	60	7157.0	7250.0	-	exact	7157	7250	60	
Jamesozyma jinghongensis	GCA_030572895.1	JAJMCG010000252.1	JAJMCG010000252.1	15	50	4425.0	4508.0	+	exact	4425	4508	50	
Jamesozyma jinghongensis	GCA_030572895.1	JAJMCG010000335.1	JAJMCG010000335.1	16	50	1131.0	1214.0	-	exact	1131	1214	50	
Jamesozyma spencerorum	GCA_003708825.3	PPOE03000965.1	PPOE03000965.1	1	60	17700.0	17793.0	-	exact	17700	17793	60	
Jamesozyma spencerorum	GCA_003708825.3	PPOE03001028.1	PPOE03001028.1	2	60	50096.0	50189.0	+	exact	50096	50189	60	
Jamesozyma spencerorum	GCA_003708825.3	PPOE03001053.1	PPOE03001053.1	3	59	73240.0	73332.0	+	exact	73240	73332	59	
Jamesozyma spencerorum	GCA_003708825.3	PPOE03001056.1	PPOE03001056.1	4	61	116065.0	116159.0	-	exact	116065	116159	61	
Jamesozyma spencerorum	GCA_003708825.3	PPOE03001075.1	PPOE03001075.1	5	61	10988.0	11082.0	-	exact	10988	11082	61	
Jamesozyma spencerorum	GCA_003708825.3	PPOE03001080.1	PPOE03001080.1	6	61	6987.0	7081.0	-	exact	6987	7081	61	
Jamesozyma spencerorum	GCA_003708825.3	PPOE03001083.1	PPOE03001083.1	7	60	138105.0	138198.0	+	exact	138105	138198	60	
Jamesozyma spencerorum	GCA_003708825.3	PPOE03001107.1	PPOE03001107.1	8	60	67877.0	67970.0	-	exact	67877	67970	60	
Jamesozyma spencerorum	GCA_003708825.3	PPOE03001110.1	PPOE03001110.1	9	62	32003.0	32098.0	+	exact	32003	32098	62	
Jamesozyma spencerorum	GCA_003708825.3	PPOE03001115.1	PPOE03001115.1	10	60	141491.0	141584.0	-	missing				published candidate formed (rank 7), removed at duplicate_sequence
Jamesozyma spencerorum	GCA_003708825.3	PPOE03001125.1	PPOE03001125.1	11	61	24274.0	24368.0	-	exact	24274	24368	61	
Jamesozyma spencerorum	GCA_003708825.3	PPOE03001131.1	PPOE03001131.1	12	61	75670.0	75764.0	+	exact	75670	75764	61	
Jamesozyma spencerorum	GCA_003708825.3	PPOE03001138.1	PPOE03001138.1	13	60	302033.0	302126.0	-	exact	302033	302126	60	
Jamesozyma spencerorum	GCA_003708825.3	PPOE03001139.1	PPOE03001139.1	14	60	14038.0	14131.0	-	exact	14038	14131	60	
Jamesozyma spencerorum	GCA_003708825.3	PPOE03001144.1	PPOE03001144.1	15	60	104987.0	105080.0	+	exact	104987	105080	60	
Jamesozyma spencerorum	GCA_003708825.3	PPOE03001149.1	PPOE03001149.1	16	61	246778.0	246872.0	+	exact	246778	246872	61	
Jamesozyma piceae	GCA_030674245.1	JAJLYB010000011.1	JAJLYB010000011.1	1	50	153842.0	153925.0	+	exact	153842	153925	50	
Jamesozyma piceae	GCA_030674245.1	JAJLYB010000022.1	JAJLYB010000022.1	2	49	2995.0	3077.0	+	exact	2995	3077	49	
Jamesozyma piceae	GCA_030674245.1	JAJLYB010000037.1	JAJLYB010000037.1	3	49	58522.0	58604.0	+	exact	58522	58604	49	
Jamesozyma piceae	GCA_030674245.1	JAJLYB010000043.1	JAJLYB010000043.1	4	51	12063.0	12147.0	+	exact	12063	12147	51	
Jamesozyma piceae	GCA_030674245.1	JAJLYB010000051.1	JAJLYB010000051.1	5	49	53075.0	53157.0	+	exact	53075	53157	49	
Jamesozyma piceae	GCA_030674245.1	JAJLYB010000057.1	JAJLYB010000057.1	6	49	47823.0	47905.0	+	exact	47823	47905	49	
Jamesozyma piceae	GCA_030674245.1	JAJLYB010000058.1	JAJLYB010000058.1	7	49	19750.0	19832.0	+	exact	19750	19832	49	
Jamesozyma piceae	GCA_030674245.1	JAJLYB010000099.1	JAJLYB010000099.1	8	49	9398.0	9480.0	+	exact	9398	9480	49	
Jamesozyma piceae	GCA_030674245.1	JAJLYB010000110.1	JAJLYB010000110.1	9	49	8188.0	8270.0	-	exact	8188	8270	49	
Jamesozyma piceae	GCA_030674245.1	JAJLYB010000116.1	JAJLYB010000116.1	10	49	13452.0	13534.0	-	exact	13452	13534	49	
Jamesozyma piceae	GCA_030674245.1	JAJLYB010000129.1	JAJLYB010000129.1	11	49	4864.0	4946.0	+	exact	4864	4946	49	
Jamesozyma piceae	GCA_030674245.1	JAJLYB010000145.1	JAJLYB010000145.1	12	50	21477.0	21560.0	+	exact	21477	21560	50	
Jamesozyma piceae	GCA_030674245.1	JAJLYB010000150.1	JAJLYB010000150.1	13	49	20415.0	20497.0	-	exact	20415	20497	49	
Jamesozyma piceae	GCA_030674245.1	JAJLYB010000151.1	JAJLYB010000151.1	14	49	4670.0	4752.0	+	missing				no CDEIII hit at the published motif in FIMO's first pass at this threshold
Jamesozyma piceae	GCA_030674245.1	JAJLYB010000197.1	JAJLYB010000197.1	15	48	3336.0	3417.0	-	exact	3336	3417	48	
Jamesozyma piceae	GCA_030674245.1	JAJLYB010000425.1	JAJLYB010000425.1	16	49	426.0	508.0	-	exact	426	508	49	
Jamesozyma rosinii	GCA_003708425.3	PPOD03000154.1	PPOD03000154.1	1	48	1710.0	1791.0	-	exact	1710	1791	48	
Jamesozyma rosinii	GCA_003708425.3	PPOD03000212.1	PPOD03000212.1	2	49	21036.0	21118.0	+	exact	21036	21118	49	
Jamesozyma rosinii	GCA_003708425.3	PPOD03000214.1	PPOD03000214.1	3	49	12777.0	12859.0	+	exact	12777	12859	49	
Jamesozyma rosinii	GCA_003708425.3	PPOD03000229.1	PPOD03000229.1	4	49	55757.0	55839.0	+	exact	55757	55839	49	
Jamesozyma rosinii	GCA_003708425.3	PPOD03000230.1	PPOD03000230.1	5	49	177933.0	178015.0	+	exact	177933	178015	49	
Jamesozyma rosinii	GCA_003708425.3	PPOD03000250.1	PPOD03000250.1	6	49	37457.0	37539.0	+	exact	37457	37539	49	
Jamesozyma rosinii	GCA_003708425.3	PPOD03000255.1	PPOD03000255.1	7	49	67021.0	67103.0	-	exact	67021	67103	49	
Jamesozyma rosinii	GCA_003708425.3	PPOD03000259.1	PPOD03000259.1	8	49	249549.0	249631.0	-	exact	249549	249631	49	
Jamesozyma rosinii	GCA_003708425.3	PPOD03000286.1	PPOD03000286.1	9	49	59425.0	59507.0	-	exact	59425	59507	49	
Jamesozyma rosinii	GCA_003708425.3	PPOD03000288.1	PPOD03000288.1	10	49	24991.0	25073.0	+	exact	24991	25073	49	
Jamesozyma rosinii	GCA_003708425.3	PPOD03000289.1	PPOD03000289.1	11	49	35566.0	35648.0	-	exact	35566	35648	49	
Jamesozyma rosinii	GCA_003708425.3	PPOD03000314.1	PPOD03000314.1	12	49	26390.0	26472.0	-	exact	26390	26472	49	
Jamesozyma rosinii	GCA_003708425.3	PPOD03000327.1	PPOD03000327.1	13	50	731358.0	731441.0	-	exact	731358	731441	50	
Jamesozyma rosinii	GCA_003708425.3	PPOD03000327.1	PPOD03000327.1	14	49	84295.0	84377.0	+	missing				published candidate formed (rank 22), removed at not_best_on_contig
Jamesozyma rosinii	GCA_003708425.3	PPOD03000338.1	PPOD03000338.1	15	50	19557.0	19640.0	-	exact	19557	19640	50	
Jamesozyma gamospora	GCA_030462905.1	JAMSGN010000012.1	JAMSGN010000012.1	1	48	55211.0	55292.0	-	exact	55211	55292	48	
Jamesozyma gamospora	GCA_030462905.1	JAMSGN010000025.1	JAMSGN010000025.1	2	48	11496.0	11577.0	+	exact	11496	11577	48	
Jamesozyma gamospora	GCA_030462905.1	JAMSGN010000038.1	JAMSGN010000038.1	3	48	13876.0	13957.0	-	exact	13876	13957	48	
Jamesozyma gamospora	GCA_030462905.1	JAMSGN010000039.1	JAMSGN010000039.1	4	49	12287.0	12369.0	-	exact	12287	12369	49	
Jamesozyma gamospora	GCA_030462905.1	JAMSGN010000043.1	JAMSGN010000043.1	5	48	4522.0	4603.0	+	exact	4522	4603	48	
Jamesozyma gamospora	GCA_030462905.1	JAMSGN010000114.1	JAMSGN010000114.1	6	49	27414.0	27496.0	-	exact	27414	27496	49	
Jamesozyma gamospora	GCA_030462905.1	JAMSGN010000136.1	JAMSGN010000136.1	7	49	17081.0	17163.0	-	exact	17081	17163	49	
Jamesozyma gamospora	GCA_030462905.1	JAMSGN010000140.1	JAMSGN010000140.1	8	49	11735.0	11817.0	+	exact	11735	11817	49	
Jamesozyma gamospora	GCA_030462905.1	JAMSGN010000192.1	JAMSGN010000192.1	9	48	15969.0	16050.0	+	exact	15969	16050	48	
Jamesozyma gamospora	GCA_030462905.1	JAMSGN010000197.1	JAMSGN010000197.1	10	49	9855.0	9937.0	-	exact	9855	9937	49	
Jamesozyma gamospora	GCA_030462905.1	JAMSGN010000223.1	JAMSGN010000223.1	11	48	6145.0	6226.0	-	exact	6145	6226	48	
Jamesozyma gamospora	GCA_030462905.1	JAMSGN010000226.1	JAMSGN010000226.1	12	48	8029.0	8110.0	-	exact	8029	8110	48	
Jamesozyma gamospora	GCA_030462905.1	JAMSGN010000243.1	JAMSGN010000243.1	13	48	10645.0	10726.0	-	exact	10645	10726	48	
Jamesozyma gamospora	GCA_030462905.1	JAMSGN010000250.1	JAMSGN010000250.1	14	48	3974.0	4055.0	-	exact	3974	4055	48	
Jamesozyma gamospora	GCA_030462905.1	JAMSGN010000301.1	JAMSGN010000301.1	15	48	13493.0	13574.0	-	exact	13493	13574	48	
Jamesozyma gamospora	GCA_030462905.1	JAMSGN010000421.1	JAMSGN010000421.1	16	49	151.0	233.0	-	exact	151	233	49	
Jamesozyma hellenica	GCA_030571615.1	JAJLYD010000005.1	JAJLYD010000005.1	1	49	51071.0	51153.0	-	exact	51071	51153	49	
Jamesozyma hellenica	GCA_030571615.1	JAJLYD010000012.1	JAJLYD010000012.1	2	48	20820.0	20901.0	+	exact	20820	20901	48	
Jamesozyma hellenica	GCA_030571615.1	JAJLYD010000039.1	JAJLYD010000039.1	3	48	2510.0	2591.0	+	exact	2510	2591	48	
Jamesozyma hellenica	GCA_030571615.1	JAJLYD010000163.1	JAJLYD010000163.1	4	49	54597.0	54679.0	+	exact	54597	54679	49	
Jamesozyma hellenica	GCA_030571615.1	JAJLYD010000166.1	JAJLYD010000166.1	5	48	93446.0	93527.0	+	exact	93446	93527	48	
Jamesozyma hellenica	GCA_030571615.1	JAJLYD010000168.1	JAJLYD010000168.1	6	48	54676.0	54757.0	+	exact	54676	54757	48	
Jamesozyma hellenica	GCA_030571615.1	JAJLYD010000178.1	JAJLYD010000178.1	7	48	10137.0	10218.0	+	exact	10137	10218	48	
Jamesozyma hellenica	GCA_030571615.1	JAJLYD010000186.1	JAJLYD010000186.1	8	49	38416.0	38498.0	+	exact	38416	38498	49	
Jamesozyma hellenica	GCA_030571615.1	JAJLYD010000197.1	JAJLYD010000197.1	9	49	36310.0	36392.0	-	exact	36310	36392	49	
Jamesozyma hellenica	GCA_030571615.1	JAJLYD010000201.1	JAJLYD010000201.1	10	47	36543.0	36623.0	-	exact	36543	36623	47	
Jamesozyma hellenica	GCA_030571615.1	JAJLYD010000202.1	JAJLYD010000202.1	11	51	44285.0	44369.0	+	exact	44285	44369	51	
Jamesozyma hellenica	GCA_030571615.1	JAJLYD010000206.1	JAJLYD010000206.1	12	48	2895.0	2976.0	+	exact	2895	2976	48	
Jamesozyma hellenica	GCA_030571615.1	JAJLYD010000210.1	JAJLYD010000210.1	13	49	11539.0	11621.0	+	exact	11539	11621	49	
Jamesozyma hellenica	GCA_030571615.1	JAJLYD010000216.1	JAJLYD010000216.1	14	48	5965.0	6046.0	-	exact	5965	6046	48	
Jamesozyma hellenica	GCA_030571615.1	JAJLYD010000243.1	JAJLYD010000243.1	15	48	10330.0	10411.0	-	exact	10330	10411	48	
Jamesozyma hellenica	GCA_030571615.1	JAJLYD010000244.1	JAJLYD010000244.1	16	48	5801.0	5882.0	+	exact	5801	5882	48	
Kazachstania psychrophila	GCA_030579255.1	JAKTQD010000001.1	JAKTQD010000001.1	1	51	729906.0	729990.0	+	exact	729906	729990	51	
Kazachstania psychrophila	GCA_030579255.1	JAKTQD010000003.1	JAKTQD010000003.1	2	49	85715.0	85797.0	+	exact	85715	85797	49	
Kazachstania psychrophila	GCA_030579255.1	JAKTQD010000004.1	JAKTQD010000004.1	3	50	87806.0	87889.0	+	exact	87806	87889	50	
Kazachstania psychrophila	GCA_030579255.1	JAKTQD010000006.1	JAKTQD010000006.1	4	51	307120.0	307204.0	+	exact	307120	307204	51	
Kazachstania psychrophila	GCA_030579255.1	JAKTQD010000009.1	JAKTQD010000009.1	5	50	143451.0	143534.0	+	exact	143451	143534	50	
Kazachstania psychrophila	GCA_030579255.1	JAKTQD010000012.1	JAKTQD010000012.1	6	50	203218.0	203301.0	+	different_cdeii_length	203203	203301	65	CDEIII hit present; published CDEI not among candidates; best candidate here CDEII 65, removed at called
Kazachstania psychrophila	GCA_030579255.1	JAKTQD010000013.1	JAKTQD010000013.1	7	51	312020.0	312104.0	-	exact	312020	312104	51	
Kazachstania psychrophila	GCA_030579255.1	JAKTQD010000016.1	JAKTQD010000016.1	8	51	61137.0	61221.0	-	exact	61137	61221	51	
Kazachstania psychrophila	GCA_030579255.1	JAKTQD010000019.1	JAKTQD010000019.1	9	50	247617.0	247700.0	-	exact	247617	247700	50	
Kazachstania psychrophila	GCA_030579255.1	JAKTQD010000020.1	JAKTQD010000020.1	10	50	144915.0	144998.0	-	exact	144915	144998	50	
Kazachstania psychrophila	GCA_030579255.1	JAKTQD010000021.1	JAKTQD010000021.1	11	49	211078.0	211160.0	-	exact	211078	211160	49	
Kazachstania psychrophila	GCA_030579255.1	JAKTQD010000022.1	JAKTQD010000022.1	12	50	11073.0	11156.0	-	exact	11073	11156	50	
Kazachstania psychrophila	GCA_030579255.1	JAKTQD010000024.1	JAKTQD010000024.1	13	51	164360.0	164444.0	+	exact	164360	164444	51	
Kazachstania psychrophila	GCA_030579255.1	JAKTQD010000025.1	JAKTQD010000025.1	14	51	105320.0	105404.0	-	exact	105320	105404	51	
Kazachstania psychrophila	GCA_030579255.1	JAKTQD010000039.1	JAKTQD010000039.1	15	50	25823.0	25906.0	+	exact	25823	25906	50	
Kazachstania kunashirensis	GCA_003708465.2	PPOH02000007.1	PPOH02000007.1	1	51	11928.0	12012.0	-	exact	11928	12012	51	
Kazachstania kunashirensis	GCA_003708465.2	PPOH02000178.1	PPOH02000178.1	2	52	11507.0	11592.0	+	exact	11507	11592	52	
Kazachstania kunashirensis	GCA_003708465.2	PPOH02000202.1	PPOH02000202.1	3	51	35506.0	35590.0	-	exact	35506	35590	51	
Kazachstania kunashirensis	GCA_003708465.2	PPOH02000212.1	PPOH02000212.1	4	50	40141.0	40224.0	-	exact	40141	40224	50	
Kazachstania kunashirensis	GCA_003708465.2	PPOH02000230.1	PPOH02000230.1	5	51	21940.0	22024.0	-	exact	21940	22024	51	
Kazachstania kunashirensis	GCA_003708465.2	PPOH02000232.1	PPOH02000232.1	6	50	50692.0	50775.0	+	exact	50692	50775	50	
Kazachstania kunashirensis	GCA_003708465.2	PPOH02000232.1	PPOH02000232.1	7	51	92550.0	92634.0	-	missing				published candidate formed (rank 11), removed at not_best_on_contig
Kazachstania kunashirensis	GCA_003708465.2	PPOH02000236.1	PPOH02000236.1	8	50	91198.0	91281.0	+	exact	91198	91281	50	
Kazachstania kunashirensis	GCA_003708465.2	PPOH02000238.1	PPOH02000238.1	9	51	152564.0	152648.0	-	exact	152564	152648	51	
Kazachstania kunashirensis	GCA_003708465.2	PPOH02000259.1	PPOH02000259.1	10	50	249364.0	249447.0	+	exact	249364	249447	50	
Kazachstania kunashirensis	GCA_003708465.2	PPOH02000263.1	PPOH02000263.1	11	51	108314.0	108398.0	+	exact	108314	108398	51	
Maudiozyma humilis	GCA_020313495.2	JAIWYV020000001.1	JAIWYV020000001.1	1	52	1269985.0	1270070.0	-	exact	1269985	1270070	52	
Maudiozyma humilis	GCA_020313495.2	JAIWYV020000002.1	JAIWYV020000002.1	2	52	256605.0	256690.0	+	exact	256605	256690	52	
Maudiozyma humilis	GCA_020313495.2	JAIWYV020000004.1	JAIWYV020000004.1	3	51	866173.0	866257.0	+	exact	866173	866257	51	
Maudiozyma humilis	GCA_020313495.2	JAIWYV020000005.1	JAIWYV020000005.1	4	51	369970.0	370054.0	+	exact	369970	370054	51	
Maudiozyma humilis	GCA_020313495.2	JAIWYV020000006.1	JAIWYV020000006.1	5	52	328945.0	329030.0	+	exact	328945	329030	52	
Maudiozyma humilis	GCA_020313495.2	JAIWYV020000008.1	JAIWYV020000008.1	6	51	594541.0	594625.0	+	exact	594541	594625	51	
Maudiozyma humilis	GCA_020313495.2	JAIWYV020000009.1	JAIWYV020000009.1	7	51	219646.0	219730.0	+	exact	219646	219730	51	
Maudiozyma humilis	GCA_020313495.2	JAIWYV020000011.1	JAIWYV020000011.1	8	51	219311.0	219395.0	+	exact	219311	219395	51	
Maudiozyma humilis	GCA_020313495.2	JAIWYV020000012.1	JAIWYV020000012.1	9	51	458410.0	458494.0	-	exact	458410	458494	51	
Maudiozyma humilis	GCA_020313495.2	JAIWYV020000013.1	JAIWYV020000013.1	10	51	5752.0	5836.0	+	exact	5752	5836	51	
Maudiozyma humilis	GCA_020313495.2	JAIWYV020000015.1	JAIWYV020000015.1	11	51	1558.0	1642.0	+	exact	1558	1642	51	
Maudiozyma humilis	GCA_020313495.2	JAIWYV020000018.1	JAIWYV020000018.1	12	51	13057.0	13141.0	-	exact	13057	13141	51	
Maudiozyma pseudohumilis	GCA_030579215.1	JAKTPZ010000018.1	JAKTPZ010000018.1	1	52	80753.0	80838.0	-	exact	80753	80838	52	
Maudiozyma pseudohumilis	GCA_030579215.1	JAKTPZ010000021.1	JAKTPZ010000021.1	2	52	107328.0	107413.0	-	exact	107328	107413	52	
Maudiozyma pseudohumilis	GCA_030579215.1	JAKTPZ010000028.1	JAKTPZ010000028.1	3	50	25394.0	25477.0	-	exact	25394	25477	50	
Maudiozyma pseudohumilis	GCA_030579215.1	JAKTPZ010000035.1	JAKTPZ010000035.1	4	52	76871.0	76956.0	-	exact	76871	76956	52	
Maudiozyma pseudohumilis	GCA_030579215.1	JAKTPZ010000053.1	JAKTPZ010000053.1	5	51	8504.0	8588.0	-	exact	8504	8588	51	
Maudiozyma pseudohumilis	GCA_030579215.1	JAKTPZ010000093.1	JAKTPZ010000093.1	6	50	31096.0	31179.0	+	exact	31096	31179	50	
Maudiozyma pseudohumilis	GCA_030579215.1	JAKTPZ010000094.1	JAKTPZ010000094.1	7	51	16841.0	16925.0	+	exact	16841	16925	51	
Maudiozyma pseudohumilis	GCA_030579215.1	JAKTPZ010000105.1	JAKTPZ010000105.1	8	51	13293.0	13377.0	+	missing				no CDEIII hit at the published motif in FIMO's first pass at this threshold
Maudiozyma pseudohumilis	GCA_030579215.1	JAKTPZ010000121.1	JAKTPZ010000121.1	9	51	12230.0	12314.0	-	exact	12230	12314	51	
Maudiozyma pseudohumilis	GCA_030579215.1	JAKTPZ010000274.1	JAKTPZ010000274.1	10	51	24102.0	24186.0	+	missing				no CDEIII hit at the published motif in FIMO's first pass at this threshold
Maudiozyma pseudohumilis	GCA_030579215.1	JAKTPZ010000811.1	JAKTPZ010000811.1	11	51	19081.0	19165.0	+	exact	19081	19165	51	
Maudiozyma exigua	GCA_016584175.1	PUHR01000001.1	PUHR01000001.1	1	49	21217.0	21299.0	-	exact	21217	21299	49	
Maudiozyma exigua	GCA_016584175.1	PUHR01000002.1	PUHR01000002.1	2	50	128483.0	128566.0	-	exact	128483	128566	50	
Maudiozyma exigua	GCA_016584175.1	PUHR01000046.1	PUHR01000046.1	3	50	10831.0	10914.0	-	exact	10831	10914	50	
Maudiozyma exigua	GCA_016584175.1	PUHR01000061.1	PUHR01000061.1	4	49	3446.0	3528.0	+	exact	3446	3528	49	
Maudiozyma exigua	GCA_016584175.1	PUHR01000140.1	PUHR01000140.1	5	51	23580.0	23664.0	+	exact	23580	23664	51	
Maudiozyma exigua	GCA_016584175.1	PUHR01000195.1	PUHR01000195.1	6	50	6491.0	6574.0	+	exact	6491	6574	50	
Maudiozyma exigua	GCA_016584175.1	PUHR01000212.1	PUHR01000212.1	7	50	14867.0	14950.0	+	exact	14867	14950	50	
Maudiozyma exigua	GCA_016584175.1	PUHR01000232.1	PUHR01000232.1	8	49	15588.0	15670.0	+	exact	15588	15670	49	
Maudiozyma exigua	GCA_016584175.1	PUHR01000297.1	PUHR01000297.1	9	50	2903.0	2986.0	-	exact	2903	2986	50	
Maudiozyma exigua	GCA_016584175.1	PUHR01000307.1	PUHR01000307.1	10	50	1072.0	1155.0	-	exact	1072	1155	50	
Maudiozyma exigua	GCA_016584175.1	PUHR01000366.1	PUHR01000366.1	11	49	3236.0	3318.0	-	exact	3236	3318	49	
Maudiozyma turicensis	GCA_030583465.1	JAJMIO010000039.1	JAJMIO010000039.1	1	49	77591.0	77673.0	-	exact	77591	77673	49	
Maudiozyma turicensis	GCA_030583465.1	JAJMIO010000041.1	JAJMIO010000041.1	2	49	22432.0	22514.0	+	exact	22432	22514	49	
Maudiozyma turicensis	GCA_030583465.1	JAJMIO010000073.1	JAJMIO010000073.1	3	50	15633.0	15716.0	+	exact	15633	15716	50	
Maudiozyma turicensis	GCA_030583465.1	JAJMIO010000082.1	JAJMIO010000082.1	4	50	27276.0	27359.0	+	exact	27276	27359	50	
Maudiozyma turicensis	GCA_030583465.1	JAJMIO010000099.1	JAJMIO010000099.1	5	51	12161.0	12245.0	+	exact	12161	12245	51	
Maudiozyma turicensis	GCA_030583465.1	JAJMIO010000107.1	JAJMIO010000107.1	6	50	34126.0	34209.0	-	exact	34126	34209	50	
Maudiozyma turicensis	GCA_030583465.1	JAJMIO010000127.1	JAJMIO010000127.1	7	49	1429.0	1511.0	-	exact	1429	1511	49	
Maudiozyma turicensis	GCA_030583465.1	JAJMIO010000139.1	JAJMIO010000139.1	8	49	10755.0	10837.0	+	exact	10755	10837	49	
Maudiozyma turicensis	GCA_030583465.1	JAJMIO010000248.1	JAJMIO010000248.1	9	50	6014.0	6097.0	-	exact	6014	6097	50	
Maudiozyma turicensis	GCA_030583465.1	JAJMIO010000249.1	JAJMIO010000249.1	10	50	6914.0	6997.0	+	exact	6914	6997	50	
Maudiozyma turicensis	GCA_030583465.1	JAJMIO010000278.1	JAJMIO010000278.1	11	50	1542.0	1625.0	-	exact	1542	1625	50	
Maudiozyma barnettii	GCA_903064755.1	NW_024545238.1	CAEFZW010000001.1	1	49	1465906.0	1465988.0	-	exact	1465906	1465988	49	
Maudiozyma barnettii	GCA_903064755.1	NW_024545239.1	CAEFZW010000002.1	2	49	398254.0	398336.0	+	exact	398254	398336	49	
Maudiozyma barnettii	GCA_903064755.1	NW_024545240.1	CAEFZW010000003.1	3	49	1215469.0	1215551.0	+	exact	1215469	1215551	49	
Maudiozyma barnettii	GCA_903064755.1	NW_024545241.1	CAEFZW010000004.1	4	49	505799.0	505881.0	-	exact	505799	505881	49	
Maudiozyma barnettii	GCA_903064755.1	NW_024545242.1	CAEFZW010000005.1	5	49	455541.0	455623.0	+	exact	455541	455623	49	
Maudiozyma barnettii	GCA_903064755.1	NW_024545243.1	CAEFZW010000006.1	6	49	112000.0	112082.0	-	exact	112000	112082	49	
Maudiozyma barnettii	GCA_903064755.1	NW_024545244.1	CAEFZW010000007.1	7	49	620725.0	620807.0	-	exact	620725	620807	49	
Maudiozyma barnettii	GCA_903064755.1	NW_024545245.1	CAEFZW010000008.1	8	49	38776.0	38858.0	+	exact	38776	38858	49	
Maudiozyma barnettii	GCA_903064755.1	NW_024545246.1	CAEFZW010000009.1	9	49	350703.0	350785.0	+	exact	350703	350785	49	
Maudiozyma barnettii	GCA_903064755.1	NW_024545248.1	CAEFZW010000011.1	10	49	171965.0	172047.0	+	exact	171965	172047	49	
Maudiozyma barnettii	GCA_903064755.1	NW_024545249.1	CAEFZW010000012.1	11	49	98852.0	98934.0	-	exact	98852	98934	49	
Maudiozyma saulgeensis	GCA_900180425.1	FXLY01000002.1	FXLY01000002.1	1	49	173121.0	173203.0	+	exact	173121	173203	49	
Maudiozyma saulgeensis	GCA_900180425.1	FXLY01000002.1	FXLY01000002.1	2	49	2115135.0	2115217.0	-	missing				published candidate formed (rank 5), removed at not_best_on_contig
Maudiozyma saulgeensis	GCA_900180425.1	FXLY01000003.1	FXLY01000003.1	3	49	508929.0	509011.0	-	exact	508929	509011	49	
Maudiozyma saulgeensis	GCA_900180425.1	FXLY01000004.1	FXLY01000004.1	4	49	1228003.0	1228085.0	+	exact	1228003	1228085	49	
Maudiozyma saulgeensis	GCA_900180425.1	FXLY01000006.1	FXLY01000006.1	5	50	442299.0	442382.0	+	exact	442299	442382	50	
Maudiozyma saulgeensis	GCA_900180425.1	FXLY01000007.1	FXLY01000007.1	6	49	658127.0	658209.0	-	exact	658127	658209	49	
Maudiozyma saulgeensis	GCA_900180425.1	FXLY01000008.1	FXLY01000008.1	7	49	164978.0	165060.0	-	exact	164978	165060	49	
Maudiozyma saulgeensis	GCA_900180425.1	FXLY01000009.1	FXLY01000009.1	8	49	279892.0	279974.0	+	exact	279892	279974	49	
Maudiozyma saulgeensis	GCA_900180425.1	FXLY01000010.1	FXLY01000010.1	9	49	413423.0	413505.0	+	exact	413423	413505	49	
Maudiozyma saulgeensis	GCA_900180425.1	FXLY01000011.1	FXLY01000011.1	10	49	3657.0	3739.0	+	exact	3657	3739	49	
Maudiozyma saulgeensis	GCA_900180425.1	FXLY01000012.1	FXLY01000012.1	11	49	237900.0	237982.0	-	exact	237900	237982	49	
Maudiozyma serrabonitensis	GCA_030571355.1	JAJLXS010000002.1	JAJLXS010000002.1	1	49	168310.0	168392.0	+	exact	168310	168392	49	
Maudiozyma serrabonitensis	GCA_030571355.1	JAJLXS010000007.1	JAJLXS010000007.1	2	49	156888.0	156970.0	-	exact	156888	156970	49	
Maudiozyma serrabonitensis	GCA_030571355.1	JAJLXS010000009.1	JAJLXS010000009.1	3	50	59357.0	59440.0	+	exact	59357	59440	50	
Maudiozyma serrabonitensis	GCA_030571355.1	JAJLXS010000022.1	JAJLXS010000022.1	4	49	21813.0	21895.0	+	exact	21813	21895	49	
Maudiozyma serrabonitensis	GCA_030571355.1	JAJLXS010000039.1	JAJLXS010000039.1	5	49	74895.0	74977.0	+	exact	74895	74977	49	
Maudiozyma serrabonitensis	GCA_030571355.1	JAJLXS010000040.1	JAJLXS010000040.1	6	49	13466.0	13548.0	+	exact	13466	13548	49	
Maudiozyma serrabonitensis	GCA_030571355.1	JAJLXS010000047.1	JAJLXS010000047.1	7	50	78385.0	78468.0	-	exact	78385	78468	50	
Maudiozyma serrabonitensis	GCA_030571355.1	JAJLXS010000055.1	JAJLXS010000055.1	8	49	82013.0	82095.0	+	exact	82013	82095	49	
Maudiozyma serrabonitensis	GCA_030571355.1	JAJLXS010000058.1	JAJLXS010000058.1	9	49	60319.0	60401.0	-	exact	60319	60401	49	
Maudiozyma serrabonitensis	GCA_030571355.1	JAJLXS010000063.1	JAJLXS010000063.1	10	49	50202.0	50284.0	-	exact	50202	50284	49	
Maudiozyma serrabonitensis	GCA_030571355.1	JAJLXS010000092.1	JAJLXS010000092.1	11	49	31999.0	32081.0	-	exact	31999	32081	49	
Kazachstania martiniae	GCA_003708925.3	PPOM03000311.1	PPOM03000311.1	1	50	39731.0	39814.0	-	exact	39731	39814	50	
Kazachstania martiniae	GCA_003708925.3	PPOM03000312.1	PPOM03000312.1	2	50	171639.0	171722.0	-	exact	171639	171722	50	
Kazachstania martiniae	GCA_003708925.3	PPOM03000313.1	PPOM03000313.1	3	49	76821.0	76903.0	+	exact	76821	76903	49	
Kazachstania martiniae	GCA_003708925.3	PPOM03000331.1	PPOM03000331.1	4	49	111508.0	111590.0	+	exact	111508	111590	49	
Kazachstania martiniae	GCA_003708925.3	PPOM03000347.1	PPOM03000347.1	5	49	218034.0	218116.0	+	exact	218034	218116	49	
Kazachstania martiniae	GCA_003708925.3	PPOM03000357.1	PPOM03000357.1	6	49	52648.0	52730.0	+	exact	52648	52730	49	
Kazachstania martiniae	GCA_003708925.3	PPOM03000367.1	PPOM03000367.1	7	50	175848.0	175931.0	+	exact	175848	175931	50	
Kazachstania martiniae	GCA_003708925.3	PPOM03000375.1	PPOM03000375.1	8	49	52053.0	52135.0	-	exact	52053	52135	49	
Kazachstania martiniae	GCA_003708925.3	PPOM03000380.1	PPOM03000380.1	9	49	204308.0	204390.0	-	exact	204308	204390	49	
Kazachstania martiniae	GCA_003708925.3	PPOM03000381.1	PPOM03000381.1	10	49	665281.0	665363.0	+	exact	665281	665363	49	
Kazachstania martiniae	GCA_003708925.3	PPOM03000383.1	PPOM03000383.1	11	50	63662.0	63745.0	-	exact	63662	63745	50	
Kazachstania martiniae	GCA_003708925.3	PPOM03000383.1	PPOM03000383.1	12	50	120254.0	120337.0	-	missing				published candidate formed (rank 12), removed at not_best_on_contig
Sungouiozyma ichnusensis	GCA_030580495.1	JAKTTC010000001.1	JAKTTC010000001.1	1	51	1176933.0	1177017.0	-	exact	1176933	1177017	51	
Sungouiozyma ichnusensis	GCA_030580495.1	JAKTTC010000002.1	JAKTTC010000002.1	2	50	716791.0	716874.0	-	exact	716791	716874	50	
Sungouiozyma ichnusensis	GCA_030580495.1	JAKTTC010000003.1	JAKTTC010000003.1	3	50	332034.0	332117.0	-	exact	332034	332117	50	
Sungouiozyma ichnusensis	GCA_030580495.1	JAKTTC010000004.1	JAKTTC010000004.1	4	50	419670.0	419753.0	-	exact	419670	419753	50	
Sungouiozyma ichnusensis	GCA_030580495.1	JAKTTC010000005.1	JAKTTC010000005.1	5	50	53113.0	53196.0	-	exact	53113	53196	50	
Sungouiozyma ichnusensis	GCA_030580495.1	JAKTTC010000006.1	JAKTTC010000006.1	6	49	383950.0	384032.0	+	exact	383950	384032	49	
Sungouiozyma ichnusensis	GCA_030580495.1	JAKTTC010000010.1	JAKTTC010000010.1	7	50	220228.0	220311.0	+	exact	220228	220311	50	
Sungouiozyma ichnusensis	GCA_030580495.1	JAKTTC010000017.1	JAKTTC010000017.1	8	50	64073.0	64156.0	+	exact	64073	64156	50	
Sungouiozyma intestinalis	GCA_003708845.3	PPOJ03000003.1	PPOJ03000003.1	1	51	127129.0	127213.0	-	exact	127129	127213	51	
Sungouiozyma intestinalis	GCA_003708845.3	PPOJ03000007.1	PPOJ03000007.1	2	50	212227.0	212310.0	+	exact	212227	212310	50	
Sungouiozyma intestinalis	GCA_003708845.3	PPOJ03000011.1	PPOJ03000011.1	3	50	124579.0	124662.0	-	exact	124579	124662	50	
Sungouiozyma intestinalis	GCA_003708845.3	PPOJ03000017.1	PPOJ03000017.1	4	49	89051.0	89133.0	-	exact	89051	89133	49	
Sungouiozyma intestinalis	GCA_003708845.3	PPOJ03000025.1	PPOJ03000025.1	5	50	124482.0	124565.0	+	exact	124482	124565	50	
Sungouiozyma intestinalis	GCA_003708845.3	PPOJ03000026.1	PPOJ03000026.1	6	51	115737.0	115821.0	+	exact	115737	115821	51	
Sungouiozyma intestinalis	GCA_003708845.3	PPOJ03000030.1	PPOJ03000030.1	7	50	12313.0	12396.0	+	exact	12313	12396	50	
Sungouiozyma intestinalis	GCA_003708845.3	PPOJ03000031.1	PPOJ03000031.1	8	50	50266.0	50349.0	+	exact	50266	50349	50	
Kazachstania bromeliacearum	GCA_003708535.3	PPOP03000003.1	PPOP03000003.1	1	49	13751.0	13833.0	-	exact	13751	13833	49	
Kazachstania bromeliacearum	GCA_003708535.3	PPOP03000005.1	PPOP03000005.1	2	49	368134.0	368216.0	+	exact	368134	368216	49	
Kazachstania bromeliacearum	GCA_003708535.3	PPOP03000008.1	PPOP03000008.1	3	49	11267.0	11349.0	-	exact	11267	11349	49	
Kazachstania bromeliacearum	GCA_003708535.3	PPOP03000009.1	PPOP03000009.1	4	49	176780.0	176862.0	-	exact	176780	176862	49	
Kazachstania bromeliacearum	GCA_003708535.3	PPOP03000016.1	PPOP03000016.1	5	49	115276.0	115358.0	+	exact	115276	115358	49	
Kazachstania bromeliacearum	GCA_003708535.3	PPOP03000018.1	PPOP03000018.1	6	50	128823.0	128906.0	+	exact	128823	128906	50	
Kazachstania bromeliacearum	GCA_003708535.3	PPOP03000061.1	PPOP03000061.1	7	50	20761.0	20844.0	-	exact	20761	20844	50	
Kazachstania bromeliacearum	GCA_003708535.3	PPOP03000072.1	PPOP03000072.1	8	49	16251.0	16333.0	-	exact	16251	16333	49	
Kazachstania bromeliacearum	GCA_003708535.3	PPOP03000073.1	PPOP03000073.1	9	49	6622.0	6704.0	-	missing				no CDEIII hit at the published motif in FIMO's first pass at this threshold
Kazachstania bromeliacearum	GCA_003708535.3	PPOP03000086.1	PPOP03000086.1	10	49	6225.0	6307.0	+	exact	6225	6307	49	
Huiozyma naganishii	GCA_000348985.1	HE978314.1	HE978314.1	1	49	1036425.0	1036507.0	+	exact	1036425	1036507	49	
Huiozyma naganishii	GCA_000348985.1	HE978315.1	HE978315.1	2	50	1053802.0	1053885.0	-	exact	1053802	1053885	50	
Huiozyma naganishii	GCA_000348985.1	HE978316.1	HE978316.1	3	49	1144084.0	1144166.0	+	exact	1144084	1144166	49	
Huiozyma naganishii	GCA_000348985.1	HE978317.1	HE978317.1	4	53	617053.0	617139.0	-	exact	617053	617139	53	
Huiozyma naganishii	GCA_000348985.1	HE978318.1	HE978318.1	5	49	287490.0	287572.0	+	exact	287490	287572	49	
Huiozyma naganishii	GCA_000348985.1	HE978319.1	HE978319.1	6	49	531467.0	531549.0	+	exact	531467	531549	49	
Huiozyma naganishii	GCA_000348985.1	HE978320.1	HE978320.1	7	49	197515.0	197597.0	-	exact	197515	197597	49	
Huiozyma naganishii	GCA_000348985.1	HE978321.1	HE978321.1	8	49	312290.0	312372.0	+	exact	312290	312372	49	
Huiozyma naganishii	GCA_000348985.1	HE978322.1	HE978322.1	9	49	347042.0	347124.0	+	exact	347042	347124	49	
Huiozyma naganishii	GCA_000348985.1	HE978323.1	HE978323.1	10	50	208655.0	208738.0	-	exact	208655	208738	50	
Huiozyma naganishii	GCA_000348985.1	HE978324.1	HE978324.1	11	45	283242.0	283320.0	+	exact	283242	283320	45	
Huiozyma naganishii	GCA_000348985.1	HE978325.1	HE978325.1	12	49	132869.0	132951.0	+	exact	132869	132951	49	
Huiozyma naganishii	GCA_000348985.1	HE978326.1	HE978326.1	13	48	308434.0	308515.0	-	exact	308434	308515	48	
Huiozyma sinensis	GCA_030705205.1	JANIWX010000054.1	JANIWX010000054.1	1	49	68071.0	68153.0	-	exact	68071	68153	49	
Huiozyma sinensis	GCA_030705205.1	JANIWX010000071.1	JANIWX010000071.1	2	49	38760.0	38842.0	-	exact	38760	38842	49	
Huiozyma sinensis	GCA_030705205.1	JANIWX010000077.1	JANIWX010000077.1	3	49	457.0	539.0	+	exact	457	539	49	
Huiozyma sinensis	GCA_030705205.1	JANIWX010000090.1	JANIWX010000090.1	4	49	1568.0	1650.0	+	missing				no CDEIII hit at the published motif in FIMO's first pass at this threshold
Huiozyma sinensis	GCA_030705205.1	JANIWX010000096.1	JANIWX010000096.1	5	49	3609.0	3691.0	+	exact	3609	3691	49	
Huiozyma sinensis	GCA_030705205.1	JANIWX010000107.1	JANIWX010000107.1	6	49	33588.0	33670.0	+	exact	33588	33670	49	
Huiozyma sinensis	GCA_030705205.1	JANIWX010000112.1	JANIWX010000112.1	7	49	803.0	885.0	-	exact	803	885	49	
Huiozyma sinensis	GCA_030705205.1	JANIWX010000124.1	JANIWX010000124.1	8	49	1225.0	1307.0	+	exact	1225	1307	49	
Huiozyma sinensis	GCA_030705205.1	JANIWX010000132.1	JANIWX010000132.1	9	49	18809.0	18891.0	-	exact	18809	18891	49	
Huiozyma sinensis	GCA_030705205.1	JANIWX010000140.1	JANIWX010000140.1	10	49	16347.0	16429.0	-	exact	16347	16429	49	
Huiozyma sinensis	GCA_030705205.1	JANIWX010000147.1	JANIWX010000147.1	11	49	914.0	996.0	-	missing				no CDEIII hit at the published motif in FIMO's first pass at this threshold
Huiozyma sinensis	GCA_030705205.1	JANIWX010000233.1	JANIWX010000233.1	12	49	288.0	370.0	-	exact	288	370	49	
Huiozyma sinensis	GCA_030705205.1	JANIWX010000274.1	JANIWX010000274.1	13	49	340.0	422.0	+	exact	340	422	49	
Kazachstania taianensis	GCA_003708865.2	PPOK02000007.1	PPOK02000007.1	1	48	255696.0	255777.0	+	exact	255696	255777	48	
Kazachstania taianensis	GCA_003708865.2	PPOK02000016.1	PPOK02000016.1	2	49	16157.0	16239.0	-	exact	16157	16239	49	
Kazachstania taianensis	GCA_003708865.2	PPOK02000034.1	PPOK02000034.1	3	50	3957.0	4040.0	+	exact	3957	4040	50	
Kazachstania taianensis	GCA_003708865.2	PPOK02000039.1	PPOK02000039.1	4	48	22374.0	22455.0	+	exact	22374	22455	48	
Kazachstania taianensis	GCA_003708865.2	PPOK02000040.1	PPOK02000040.1	5	50	5513.0	5596.0	-	exact	5513	5596	50	
Kazachstania taianensis	GCA_003708865.2	PPOK02000044.1	PPOK02000044.1	6	48	87994.0	88075.0	-	exact	87994	88075	48	
Kazachstania taianensis	GCA_003708865.2	PPOK02000045.1	PPOK02000045.1	7	51	85057.0	85141.0	+	exact	85057	85141	51	
Kazachstania taianensis	GCA_003708865.2	PPOK02000049.1	PPOK02000049.1	8	48	40900.0	40981.0	-	exact	40900	40981	48	
Kazachstania taianensis	GCA_003708865.2	PPOK02000065.1	PPOK02000065.1	9	49	15358.0	15440.0	-	exact	15358	15440	49	
Kazachstania taianensis	GCA_003708865.2	PPOK02000074.1	PPOK02000074.1	10	49	43048.0	43130.0	+	exact	43048	43130	49	
Kazachstania taianensis	GCA_003708865.2	PPOK02000082.1	PPOK02000082.1	11	50	15388.0	15471.0	-	exact	15388	15471	50	
Kazachstania taianensis	GCA_003708865.2	PPOK02000089.1	PPOK02000089.1	12	48	23804.0	23885.0	+	exact	23804	23885	48	
Kazachstania taianensis	GCA_003708865.2	PPOK02000099.1	PPOK02000099.1	13	48	13881.0	13962.0	+	exact	13881	13962	48	
Kazachstania taianensis	GCA_003708865.2	PPOK02000107.1	PPOK02000107.1	14	49	8377.0	8459.0	+	exact	8377	8459	49	
Kazachstania taianensis	GCA_003708865.2	PPOK02000119.1	PPOK02000119.1	15	50	1561.0	1644.0	+	exact	1561	1644	50	
Kazachstania taianensis	GCA_003708865.2	PPOK02000128.1	PPOK02000128.1	16	50	1201.0	1284.0	+	exact	1201	1284	50	
Grigorovia jiainica	GCA_030571715.1	JAJLYE010000002.1	JAJLYE010000002.1	1		102646.0	102671.0	-	missing				CDEIII hit present; published CDEI not among candidates; best candidate here CDEII 60, removed at cdeii_length_outside_anchor_window
Grigorovia jiainica	GCA_030571715.1	JAJLYE010000005.1	JAJLYE010000005.1	2		105533.0	105558.0	-	missing				no CDEIII hit at the published motif in FIMO's first pass at this threshold
Grigorovia jiainica	GCA_030571715.1	JAJLYE010000009.1	JAJLYE010000009.1	3		9376.0	9401.0	-	missing				no CDEIII hit at the published motif in FIMO's first pass at this threshold
Grigorovia jiainica	GCA_030571715.1	JAJLYE010000016.1	JAJLYE010000016.1	4		97729.0	97754.0	-	missing				CDEIII hit present; published CDEI not among candidates; best candidate here CDEII 94, removed at cdeii_length_outside_anchor_window
Grigorovia jiainica	GCA_030571715.1	JAJLYE010000025.1	JAJLYE010000025.1	5		78341.0	78366.0	-	missing				no CDEIII hit at the published motif in FIMO's first pass at this threshold
Grigorovia jiainica	GCA_030571715.1	JAJLYE010000027.1	JAJLYE010000027.1	6		37164.0	37189.0	+	missing				no CDEIII hit at the published motif in FIMO's first pass at this threshold
Grigorovia jiainica	GCA_030571715.1	JAJLYE010000031.1	JAJLYE010000031.1	7		20317.0	20342.0	+	missing				no CDEIII hit at the published motif in FIMO's first pass at this threshold
Grigorovia jiainica	GCA_030571715.1	JAJLYE010000032.1	JAJLYE010000032.1	8		26614.0	26639.0	-	missing				no CDEIII hit at the published motif in FIMO's first pass at this threshold
Grigorovia jiainica	GCA_030571715.1	JAJLYE010000040.1	JAJLYE010000040.1	9		45902.0	45927.0	-	missing				no CDEIII hit at the published motif in FIMO's first pass at this threshold
Grigorovia jiainica	GCA_030571715.1	JAJLYE010000057.1	JAJLYE010000057.1	10		7592.0	7617.0	-	missing				no CDEIII hit at the published motif in FIMO's first pass at this threshold
Grigorovia jiainica	GCA_030571715.1	JAJLYE010000096.1	JAJLYE010000096.1	11		9302.0	9327.0	-	missing				no CDEIII hit at the published motif in FIMO's first pass at this threshold
Grigorovia jiainica	GCA_030571715.1	JAJLYE010000117.1	JAJLYE010000117.1	12		10186.0	10211.0	+	missing				no CDEIII hit at the published motif in FIMO's first pass at this threshold
Grigorovia jiainica	GCA_030571715.1	JAJLYE010000240.1	JAJLYE010000240.1	13		9165.0	9190.0	+	missing				CDEIII hit present; published CDEI not among candidates; best candidate here CDEII 139, removed at not_in_top50
Grigorovia jiainica	GCA_030571715.1	JAJLYE010000256.1	JAJLYE010000256.1	14		20930.0	20955.0	-	missing				no CDEIII hit at the published motif in FIMO's first pass at this threshold
Grigorovia jiainica	GCA_030571715.1	JAJLYE010000261.1	JAJLYE010000261.1	15		11464.0	11489.0	+	missing				CDEIII hit present; published CDEI not among candidates; best candidate here CDEII 61, removed at cdeii_length_outside_anchor_window
Grigorovia yakushimaensis	GCA_003709265.2	PPOC02000440.1	PPOC02000440.1	1	49	11819.0	11901.0	-	exact	11819	11901	49	
Grigorovia yakushimaensis	GCA_003709265.2	PPOC02000454.1	PPOC02000454.1	2	50	82324.0	82407.0	-	exact	82324	82407	50	
Grigorovia yakushimaensis	GCA_003709265.2	PPOC02000486.1	PPOC02000486.1	3	49	70851.0	70933.0	-	exact	70851	70933	49	
Grigorovia yakushimaensis	GCA_003709265.2	PPOC02000492.1	PPOC02000492.1	4	50	239818.0	239901.0	-	exact	239818	239901	50	
Grigorovia yakushimaensis	GCA_003709265.2	PPOC02000496.1	PPOC02000496.1	5	49	97362.0	97444.0	-	exact	97362	97444	49	
Grigorovia yakushimaensis	GCA_003709265.2	PPOC02000505.1	PPOC02000505.1	6	50	103109.0	103192.0	+	exact	103109	103192	50	
Grigorovia yakushimaensis	GCA_003709265.2	PPOC02000507.1	PPOC02000507.1	7	49	270852.0	270934.0	-	exact	270852	270934	49	
Grigorovia yakushimaensis	GCA_003709265.2	PPOC02000510.1	PPOC02000510.1	8	49	43245.0	43327.0	+	exact	43245	43327	49	
Grigorovia yakushimaensis	GCA_003709265.2	PPOC02000513.1	PPOC02000513.1	9	49	34540.0	34622.0	+	exact	34540	34622	49	
Grigorovia yakushimaensis	GCA_003709265.2	PPOC02000518.1	PPOC02000518.1	10	49	165314.0	165396.0	+	exact	165314	165396	49	
Grigorovia yakushimaensis	GCA_003709265.2	PPOC02000519.1	PPOC02000519.1	11	49	358069.0	358151.0	+	exact	358069	358151	49	
Grigorovia yakushimaensis	GCA_003709265.2	PPOC02000521.1	PPOC02000521.1	12	49	145509.0	145591.0	+	exact	145509	145591	49	
Grigorovia yakushimaensis	GCA_003709265.2	PPOC02000524.1	PPOC02000524.1	13	49	111773.0	111855.0	-	exact	111773	111855	49	
Grigorovia yakushimaensis	GCA_003709265.2	PPOC02000525.1	PPOC02000525.1	14	49	208975.0	209057.0	+	missing				no CDEIII hit at the published motif in FIMO's first pass at this threshold
Grigorovia yakushimaensis	GCA_003709265.2	PPOC02000527.1	PPOC02000527.1	15	49	94115.0	94197.0	-	exact	94115	94197	49	
Grigorovia yakushimaensis	GCA_003709265.2	PPOC02000528.1	PPOC02000528.1	16	49	415089.0	415171.0	+	exact	415089	415171	49	
Grigorovia transvaalensis	GCA_003708445.3	PPXN03000001.1	PPXN03000001.1	1	49	53620.0	53702.0	-	exact	53620	53702	49	
Grigorovia transvaalensis	GCA_003708445.3	PPXN03000005.1	PPXN03000005.1	2	49	93365.0	93447.0	-	exact	93365	93447	49	
Grigorovia transvaalensis	GCA_003708445.3	PPXN03000009.1	PPXN03000009.1	3	49	251935.0	252017.0	-	exact	251935	252017	49	
Grigorovia transvaalensis	GCA_003708445.3	PPXN03000018.1	PPXN03000018.1	4	49	159997.0	160079.0	-	exact	159997	160079	49	
Grigorovia transvaalensis	GCA_003708445.3	PPXN03000032.1	PPXN03000032.1	5	50	25594.0	25677.0	-	exact	25594	25677	50	
Grigorovia transvaalensis	GCA_003708445.3	PPXN03000042.1	PPXN03000042.1	6	49	90444.0	90526.0	+	exact	90444	90526	49	
Grigorovia transvaalensis	GCA_003708445.3	PPXN03000050.1	PPXN03000050.1	7	50	288.0	371.0	-	exact	288	371	50	
Grigorovia transvaalensis	GCA_003708445.3	PPXN03000051.1	PPXN03000051.1	8	49	79938.0	80020.0	+	exact	79938	80020	49	
Grigorovia transvaalensis	GCA_003708445.3	PPXN03000101.1	PPXN03000101.1	9	49	9966.0	10048.0	+	exact	9966	10048	49	
Grigorovia transvaalensis	GCA_003708445.3	PPXN03000129.1	PPXN03000129.1	10	50	11644.0	11727.0	-	exact	11644	11727	50	
Grigorovia transvaalensis	GCA_003708445.3	PPXN03000136.1	PPXN03000136.1	11	49	830.0	912.0	+	exact	830	912	49	
Grigorovia transvaalensis	GCA_003708445.3	PPXN03000201.1	PPXN03000201.1	12	49	2323.0	2405.0	+	exact	2323	2405	49	
Grigorovia transvaalensis	GCA_003708445.3	PPXN03000231.1	PPXN03000231.1	13	49	1586.0	1668.0	+	exact	1586	1668	49	
Grigorovia transvaalensis	GCA_003708445.3	PPXN03000307.1	PPXN03000307.1	14	49	303.0	385.0	-	exact	303	385	49	
Grigorovia transvaalensis	GCA_003708445.3	PPXN03000316.1	PPXN03000316.1	15	49	901.0	983.0	-	exact	901	983	49	
Grigorovia transvaalensis	GCA_003708445.3	PPXN03000330.1	PPXN03000330.1	16	49	830.0	912.0	+	exact	830	912	49	
Grigorovia humatica	GCA_030462875.1	JAMSGM010000029.1	JAMSGM010000029.1	1	49	119507.0	119589.0	+	different_cdeii_length	119534	119589	22	CDEIII hit present; published CDEI not among candidates; best candidate here CDEII 22, removed at called
Grigorovia humatica	GCA_030462875.1	JAMSGM010000042.1	JAMSGM010000042.1	2	49	18636.0	18718.0	-	exact	18636	18718	49	
Grigorovia humatica	GCA_030462875.1	JAMSGM010000062.1	JAMSGM010000062.1	3	49	61551.0	61633.0	+	missing				no CDEIII hit at the published motif in FIMO's first pass at this threshold
Grigorovia humatica	GCA_030462875.1	JAMSGM010000073.1	JAMSGM010000073.1	4	49	46332.0	46414.0	+	exact	46332	46414	49	
Grigorovia humatica	GCA_030462875.1	JAMSGM010000091.1	JAMSGM010000091.1	5	49	21640.0	21722.0	-	missing				no CDEIII hit at the published motif in FIMO's first pass at this threshold
Grigorovia humatica	GCA_030462875.1	JAMSGM010000095.1	JAMSGM010000095.1	6	49	41822.0	41904.0	-	exact	41822	41904	49	
Grigorovia humatica	GCA_030462875.1	JAMSGM010000097.1	JAMSGM010000097.1	7	49	29122.0	29204.0	-	exact	29122	29204	49	
Grigorovia humatica	GCA_030462875.1	JAMSGM010000125.1	JAMSGM010000125.1	8	49	394.0	476.0	+	exact	394	476	49	
Grigorovia humatica	GCA_030462875.1	JAMSGM010000126.1	JAMSGM010000126.1	9	49	15849.0	15931.0	+	exact	15849	15931	49	
Grigorovia humatica	GCA_030462875.1	JAMSGM010000128.1	JAMSGM010000128.1	10	49	20541.0	20623.0	+	exact	20541	20623	49	
Grigorovia humatica	GCA_030462875.1	JAMSGM010000136.1	JAMSGM010000136.1	11	50	16122.0	16205.0	-	exact	16122	16205	50	
Grigorovia humatica	GCA_030462875.1	JAMSGM010000160.1	JAMSGM010000160.1	12	49	1981.0	2063.0	-	missing				no CDEIII hit at the published motif in FIMO's first pass at this threshold
Grigorovia humatica	GCA_030462875.1	JAMSGM010000185.1	JAMSGM010000185.1	13	49	3355.0	3437.0	-	exact	3355	3437	49	
Grigorovia humatica	GCA_030462875.1	JAMSGM010000308.1	JAMSGM010000308.1	14	49	626.0	708.0	-	exact	626	708	49	
Grigorovia humatica	GCA_030462875.1	JAMSGM010000335.1	JAMSGM010000335.1	15	50	278.0	361.0	+	exact	278	361	50	
Arxiozyma bovina	GCA_030580575.1	JAKTTG010000021.1	JAKTTG010000021.1	1	52	1115.0	1200.0	-	exact	1115	1200	52	
Arxiozyma bovina	GCA_030580575.1	JAKTTG010000200.1	JAKTTG010000200.1	2	50	80888.0	80971.0	+	exact	80888	80971	50	
Arxiozyma bovina	GCA_030580575.1	JAKTTG010000318.1	JAKTTG010000318.1	3	51	21975.0	22059.0	+	missing				CDEIII hit present; no CDEI hit in its window
Arxiozyma bovina	GCA_030580575.1	JAKTTG010000391.1	JAKTTG010000391.1	4	50	469.0	552.0	-	missing				no CDEIII hit at the published motif in FIMO's first pass at this threshold
Arxiozyma bovina	GCA_030580575.1	JAKTTG010000425.1	JAKTTG010000425.1	5	51	1167.0	1251.0	-	exact	1167	1251	51	
Arxiozyma bovina	GCA_030580575.1	JAKTTG010000431.1	JAKTTG010000431.1	6	50	9490.0	9573.0	-	exact	9490	9573	50	
Arxiozyma bovina	GCA_030580575.1	JAKTTG010000456.1	JAKTTG010000456.1	7	52	568.0	653.0	+	exact	568	653	52	
Arxiozyma bovina	GCA_030580575.1	JAKTTG010000461.1	JAKTTG010000461.1	8	51	388.0	472.0	+	exact	388	472	51	
Arxiozyma bovina	GCA_030580575.1	JAKTTG010000513.1	JAKTTG010000513.1	9	51	1450.0	1534.0	-	exact	1450	1534	51	
Arxiozyma bovina	GCA_030580575.1	JAKTTG010000515.1	JAKTTG010000515.1	10	52	1592.0	1677.0	-	exact	1592	1677	52	
Arxiozyma bovina	GCA_030580575.1	JAKTTG010000544.1	JAKTTG010000544.1	11	51	492.0	576.0	-	missing				published candidate formed (rank 7), removed at duplicate_sequence
Arxiozyma bovina	GCA_030580575.1	JAKTTG010000620.1	JAKTTG010000620.1	12	51	725.0	809.0	+	exact	725	809	51	
Arxiozyma bovina	GCA_030580575.1	JAKTTG010000667.1	JAKTTG010000667.1	13	52	369.0	454.0	-	exact	369	454	52	
Arxiozyma telluris	GCA_030571675.1	JAJLYH010000006.1	JAJLYH010000006.1	1	50	116763.0	116846.0	-	exact	116763	116846	50	
Arxiozyma telluris	GCA_030571675.1	JAJLYH010000024.1	JAJLYH010000024.1	2	52	40031.0	40116.0	-	missing				CDEIII hit present; published CDEI not among candidates; best candidate here CDEII 148, removed at cdeii_length_outside_anchor_window
Arxiozyma telluris	GCA_030571675.1	JAJLYH010000032.1	JAJLYH010000032.1	3	50	91623.0	91706.0	-	exact	91623	91706	50	
Arxiozyma telluris	GCA_030571675.1	JAJLYH010000057.1	JAJLYH010000057.1	4	52	44944.0	45029.0	-	missing				no CDEIII hit at the published motif in FIMO's first pass at this threshold
Arxiozyma telluris	GCA_030571675.1	JAJLYH010000059.1	JAJLYH010000059.1	5	47	47456.0	47536.0	-	exact	47456	47536	47	
Arxiozyma telluris	GCA_030571675.1	JAJLYH010000074.1	JAJLYH010000074.1	6	50	59466.0	59549.0	+	missing				no CDEIII hit at the published motif in FIMO's first pass at this threshold
Arxiozyma telluris	GCA_030571675.1	JAJLYH010000079.1	JAJLYH010000079.1	7	52	49188.0	49273.0	+	missing				CDEIII hit present; no CDEI hit in its window
Arxiozyma telluris	GCA_030571675.1	JAJLYH010000091.1	JAJLYH010000091.1	8	50	39691.0	39774.0	-	exact	39691	39774	50	
Arxiozyma telluris	GCA_030571675.1	JAJLYH010000141.1	JAJLYH010000141.1	9	50	17482.0	17565.0	-	exact	17482	17565	50	
Arxiozyma telluris	GCA_030571675.1	JAJLYH010000148.1	JAJLYH010000148.1	10	51	20158.0	20242.0	-	exact	20158	20242	51	
Arxiozyma telluris	GCA_030571675.1	JAJLYH010000164.1	JAJLYH010000164.1	11	48	1343.0	1424.0	-	exact	1343	1424	48	
Arxiozyma telluris	GCA_030571675.1	JAJLYH010000210.1	JAJLYH010000210.1	12	49	5393.0	5475.0	+	exact	5393	5475	49	
Arxiozyma telluris	GCA_030571675.1	JAJLYH010000231.1	JAJLYH010000231.1	13	50	1401.0	1484.0	-	exact	1401	1484	50	
Arxiozyma telluris	GCA_030571675.1	JAJLYH010000281.1	JAJLYH010000281.1	14	51	4124.0	4208.0	+	exact	4124	4208	51	
Arxiozyma telluris	GCA_030571675.1	JAJLYH010000411.1	JAJLYH010000411.1	15	49	1075.0	1157.0	-	exact	1075	1157	49	
Arxiozyma heterogenica	GCA_030674295.1	JAJLYJ010000001.1	JAJLYJ010000001.1	1	50	136728.0	136811.0	+	exact	136728	136811	50	
Arxiozyma heterogenica	GCA_030674295.1	JAJLYJ010000004.1	JAJLYJ010000004.1	2	50				unlocated				published sequence found 2 times on the contig
Arxiozyma heterogenica	GCA_030674295.1	JAJLYJ010000028.1	JAJLYJ010000028.1	3	50	119581.0	119664.0	+	missing				published candidate formed (rank 54), removed at not_in_top50
Arxiozyma heterogenica	GCA_030674295.1	JAJLYJ010000062.1	JAJLYJ010000062.1	4	51	606.0	690.0	-	exact	606	690	51	
Arxiozyma heterogenica	GCA_030674295.1	JAJLYJ010000078.1	JAJLYJ010000078.1	5	52	33511.0	33596.0	+	different_cdeii_length	33540	33596	23	published candidate formed (rank 12), removed at duplicate_cdeiii_hit
Arxiozyma heterogenica	GCA_030674295.1	JAJLYJ010000083.1	JAJLYJ010000083.1	6	50	11648.0	11731.0	+	exact	11648	11731	50	
Arxiozyma heterogenica	GCA_030674295.1	JAJLYJ010000103.1	JAJLYJ010000103.1	7	49	10013.0	10095.0	+	exact	10013	10095	49	
Arxiozyma heterogenica	GCA_030674295.1	JAJLYJ010000127.1	JAJLYJ010000127.1	8	50	22504.0	22587.0	-	exact	22504	22587	50	
Arxiozyma heterogenica	GCA_030674295.1	JAJLYJ010000131.1	JAJLYJ010000131.1	9	49	4181.0	4263.0	+	exact	4181	4263	49	
Arxiozyma heterogenica	GCA_030674295.1	JAJLYJ010000153.1	JAJLYJ010000153.1	10	49	446.0	528.0	-	exact	446	528	49	
Arxiozyma heterogenica	GCA_030674295.1	JAJLYJ010000163.1	JAJLYJ010000163.1	11	50	1410.0	1493.0	-	exact	1410	1493	50	
Arxiozyma heterogenica	GCA_030674295.1	JAJLYJ010000173.1	JAJLYJ010000173.1	12	50	13790.0	13873.0	+	exact	13790	13873	50	
Arxiozyma heterogenica	GCA_030674295.1	JAJLYJ010000186.1	JAJLYJ010000186.1	13	51	13823.0	13907.0	+	exact	13823	13907	51	
Arxiozyma heterogenica	GCA_030674295.1	JAJLYJ010000203.1	JAJLYJ010000203.1	14	50	5382.0	5465.0	+	exact	5382	5465	50	
Arxiozyma heterogenica	GCA_030674295.1	JAJLYJ010000243.1	JAJLYJ010000243.1	15	49	1437.0	1519.0	+	exact	1437	1519	49	
Arxiozyma pintolopesii	GCA_950065675.1	CATMDJ010000006.1	CATMDJ010000006.1	1	50	296927.0	297010.0	-	exact	296927	297010	50	
Arxiozyma pintolopesii	GCA_950065675.1	CATMDJ010000008.1	CATMDJ010000008.1	2	49	170061.0	170143.0	-	exact	170061	170143	49	
Arxiozyma pintolopesii	GCA_950065675.1	CATMDJ010000009.1	CATMDJ010000009.1	3	49	417658.0	417740.0	-	exact	417658	417740	49	
Arxiozyma pintolopesii	GCA_950065675.1	CATMDJ010000010.1	CATMDJ010000010.1	4	50	307531.0	307614.0	-	exact	307531	307614	50	
Arxiozyma pintolopesii	GCA_950065675.1	CATMDJ010000012.1	CATMDJ010000012.1	5	49	284951.0	285033.0	-	exact	284951	285033	49	
Arxiozyma pintolopesii	GCA_950065675.1	CATMDJ010000013.1	CATMDJ010000013.1	6	49	370710.0	370792.0	-	exact	370710	370792	49	
Arxiozyma pintolopesii	GCA_950065675.1	CATMDJ010000014.1	CATMDJ010000014.1	7	48	213305.0	213386.0	-	exact	213305	213386	48	
Arxiozyma pintolopesii	GCA_950065675.1	CATMDJ010000015.1	CATMDJ010000015.1	8	50	1073831.0	1073914.0	-	exact	1073831	1073914	50	
Arxiozyma pintolopesii	GCA_950065675.1	CATMDJ010000016.1	CATMDJ010000016.1	9	50	1182931.0	1183014.0	-	exact	1182931	1183014	50	
Arxiozyma pintolopesii	GCA_950065675.1	CATMDJ010000017.1	CATMDJ010000017.1	10	49	280588.0	280670.0	+	exact	280588	280670	49	
Arxiozyma pintolopesii	GCA_950065675.1	CATMDJ010000020.1	CATMDJ010000020.1	11	50	726394.0	726477.0	+	exact	726394	726477	50	
Arxiozyma pintolopesii	GCA_950065675.1	CATMDJ010000022.1	CATMDJ010000022.1	12	50	350209.0	350292.0	-	exact	350209	350292	50	
Arxiozyma pintolopesii	GCA_950065675.1	CATMDJ010000023.1	CATMDJ010000023.1	13	49	643128.0	643210.0	+	exact	643128	643210	49	
Arxiozyma pintolopesii	GCA_950065675.1	CATMDJ010000024.1	CATMDJ010000024.1	14	49	134971.0	135053.0	+	exact	134971	135053	49	
Arxiozyma pintolopesii	GCA_950065675.1	CATMDJ010000028.1	CATMDJ010000028.1	15	49	199012.0	199094.0	-	exact	199012	199094	49	
Arxiozyma sp. Y4206	GCA_023629195.1	JAMAJF010000002.1	JAMAJF010000002.1	1	50	148059.0	148142.0	+	exact	148059	148142	50	
Arxiozyma sp. Y4206	GCA_023629195.1	JAMAJF010000006.1	JAMAJF010000006.1	2	51	325256.0	325340.0	+	exact	325256	325340	51	
Arxiozyma sp. Y4206	GCA_023629195.1	JAMAJF010000007.1	JAMAJF010000007.1	3	50	38288.0	38371.0	+	exact	38288	38371	50	
Arxiozyma sp. Y4206	GCA_023629195.1	JAMAJF010000009.1	JAMAJF010000009.1	4	50	393318.0	393401.0	+	exact	393318	393401	50	
Arxiozyma sp. Y4206	GCA_023629195.1	JAMAJF010000014.1	JAMAJF010000014.1	5	49	23920.0	24002.0	-	exact	23920	24002	49	
Arxiozyma sp. Y4206	GCA_023629195.1	JAMAJF010000016.1	JAMAJF010000016.1	6	50	4339.0	4422.0	-	exact	4339	4422	50	
Arxiozyma sp. Y4206	GCA_023629195.1	JAMAJF010000019.1	JAMAJF010000019.1	7	49	185147.0	185229.0	+	exact	185147	185229	49	
Arxiozyma sp. Y4206	GCA_023629195.1	JAMAJF010000022.1	JAMAJF010000022.1	8	49	275646.0	275728.0	+	exact	275646	275728	49	
Arxiozyma sp. Y4206	GCA_023629195.1	JAMAJF010000025.1	JAMAJF010000025.1	9	48	5479.0	5560.0	-	exact	5479	5560	48	
Arxiozyma sp. Y4206	GCA_023629195.1	JAMAJF010000027.1	JAMAJF010000027.1	10	49	160169.0	160251.0	-	exact	160169	160251	49	
Arxiozyma sp. Y4206	GCA_023629195.1	JAMAJF010000036.1	JAMAJF010000036.1	11	50	82264.0	82347.0	+	exact	82264	82347	50	
Arxiozyma sp. Y4206	GCA_023629195.1	JAMAJF010000054.1	JAMAJF010000054.1	12	50	44970.0	45053.0	+	exact	44970	45053	50	
Arxiozyma sp. Y4206	GCA_023629195.1	JAMAJF010000056.1	JAMAJF010000056.1	13	49	39763.0	39845.0	+	exact	39763	39845	49	
Arxiozyma sp. Y4206	GCA_023629195.1	JAMAJF010000061.1	JAMAJF010000061.1	14	49	9596.0	9678.0	+	different_cdeii_length	9622	9678	23	published candidate formed (rank 16), removed at duplicate_cdeiii_hit
Arxiozyma sp. Y4206	GCA_023629195.1	JAMAJF010000062.1	JAMAJF010000062.1	15	49	98.0	180.0	-	exact	98	180	49	
Arxiozyma sp. VP_05	GCA_041430495.1	JBFNAB010000003.1	JBFNAB010000003.1	1	50	281257.0	281340.0	+	exact	281257	281340	50	
Arxiozyma sp. VP_05	GCA_041430495.1	JBFNAB010000014.1	JBFNAB010000014.1	2	50	7454.0	7537.0	+	exact	7454	7537	50	
Arxiozyma sp. VP_05	GCA_041430495.1	JBFNAB010000020.1	JBFNAB010000020.1	3	48	161382.0	161463.0	+	exact	161382	161463	48	
Arxiozyma sp. VP_05	GCA_041430495.1	JBFNAB010000027.1	JBFNAB010000027.1	4	48	2813.0	2894.0	-	exact	2813	2894	48	
Arxiozyma sp. VP_05	GCA_041430495.1	JBFNAB010000071.1	JBFNAB010000071.1	5	49	14205.0	14287.0	+	exact	14205	14287	49	
Arxiozyma sp. VP_05	GCA_041430495.1	JBFNAB010000109.1	JBFNAB010000109.1	6	49	6494.0	6576.0	+	exact	6494	6576	49	
Arxiozyma sp. VP_05	GCA_041430495.1	JBFNAB010000113.1	JBFNAB010000113.1	7	49	23910.0	23992.0	-	exact	23910	23992	49	
Arxiozyma sp. VP_05	GCA_041430495.1	JBFNAB010000145.1	JBFNAB010000145.1	8	49	10489.0	10571.0	-	exact	10489	10571	49	
Arxiozyma sp. VP_05	GCA_041430495.1	JBFNAB010000156.1	JBFNAB010000156.1	9	50	4215.0	4298.0	-	exact	4215	4298	50	
Arxiozyma sp. VP_05	GCA_041430495.1	JBFNAB010000161.1	JBFNAB010000161.1	10	50	16513.0	16596.0	+	exact	16513	16596	50	
Arxiozyma sp. VP_05	GCA_041430495.1	JBFNAB010000173.1	JBFNAB010000173.1	11	49	3416.0	3498.0	-	exact	3416	3498	49	
Arxiozyma sp. VP_05	GCA_041430495.1	JBFNAB010000178.1	JBFNAB010000178.1	12	49	353.0	435.0	-	exact	353	435	49	
Arxiozyma sp. VP_05	GCA_041430495.1	JBFNAB010000181.1	JBFNAB010000181.1	13	50	1626.0	1709.0	+	exact	1626	1709	50	
Arxiozyma sp. VP_05	GCA_041430495.1	JBFNAB010000184.1	JBFNAB010000184.1	14	50	1175.0	1258.0	+	exact	1175	1258	50	
Arxiozyma sp. VP_05	GCA_041430495.1	JBFNAB010000215.1	JBFNAB010000215.1	15	50	93.0	176.0	-	exact	93	176	50	
Monosporozyma aquatica	GCA_030571515.1	JAJLXW010000282.1	JAJLXW010000282.1	1	49	490.0	572.0	-	exact	490	572	49	
Monosporozyma aquatica	GCA_030571515.1	JAJLXW010000290.1	JAJLXW010000290.1	2	49	3217.0	3299.0	+	different_cdeii_length	3217	3324	74	published candidate formed (rank 22), removed at not_best_on_contig
Monosporozyma aquatica	GCA_030571515.1	JAJLXW010000301.1	JAJLXW010000301.1	3	49	1708.0	1790.0	-	exact	1708	1790	49	
Monosporozyma aquatica	GCA_030571515.1	JAJLXW010000345.1	JAJLXW010000345.1	4	50	5678.0	5761.0	+	exact	5678	5761	50	
Monosporozyma aquatica	GCA_030571515.1	JAJLXW010000359.1	JAJLXW010000359.1	5	49	4602.0	4684.0	+	different_cdeii_length	4602	4685	50	published candidate formed (rank 11), removed at not_best_on_contig
Monosporozyma aquatica	GCA_030571515.1	JAJLXW010000407.1	JAJLXW010000407.1	6	50	7322.0	7405.0	+	exact	7322	7405	50	
Monosporozyma aquatica	GCA_030571515.1	JAJLXW010000506.1	JAJLXW010000506.1	7	50	21205.0	21288.0	+	exact	21205	21288	50	
Monosporozyma aquatica	GCA_030571515.1	JAJLXW010000517.1	JAJLXW010000517.1	8	49	115713.0	115795.0	-	different_cdeii_length	115712	115795	50	published candidate formed (rank 6), removed at not_best_on_contig
Monosporozyma aquatica	GCA_030571515.1	JAJLXW010000537.1	JAJLXW010000537.1	9	49	20624.0	20706.0	-	exact	20624	20706	49	
Monosporozyma aquatica	GCA_030571515.1	JAJLXW010000564.1	JAJLXW010000564.1	10	50	35133.0	35216.0	+	exact	35133	35216	50	
Monosporozyma aquatica	GCA_030571515.1	JAJLXW010000586.1	JAJLXW010000586.1	11	50	26913.0	26996.0	+	exact	26913	26996	50	
Monosporozyma aquatica	GCA_030571515.1	JAJLXW010000589.1	JAJLXW010000589.1	12	50	131191.0	131274.0	+	different_cdeii_length	131191	131301	77	no CDEIII hit at the published motif in FIMO's first pass at this threshold
Monosporozyma aquatica	GCA_030571515.1	JAJLXW010000604.1	JAJLXW010000604.1	13	51	5371.0	5455.0	+	exact	5371	5455	51	
Monosporozyma aquatica	GCA_030571515.1	JAJLXW010000605.1	JAJLXW010000605.1	14	49	38145.0	38227.0	+	exact	38145	38227	49	
Monosporozyma aquatica	GCA_030571515.1	JAJLXW010000606.1	JAJLXW010000606.1	15	50	51124.0	51207.0	-	exact	51124	51207	50	
Monosporozyma siamensis	GCA_003708905.3	PPOL03000001.1	PPOL03000001.1	1	50	236649.0	236732.0	+	exact	236649	236732	50	
Monosporozyma siamensis	GCA_003708905.3	PPOL03000004.1	PPOL03000004.1	2	50	54543.0	54626.0	-	exact	54543	54626	50	
Monosporozyma siamensis	GCA_003708905.3	PPOL03000006.1	PPOL03000006.1	3	50	134077.0	134160.0	+	exact	134077	134160	50	
Monosporozyma siamensis	GCA_003708905.3	PPOL03000008.1	PPOL03000008.1	4	49	200637.0	200719.0	-	exact	200637	200719	49	
Monosporozyma siamensis	GCA_003708905.3	PPOL03000025.1	PPOL03000025.1	5	50	116907.0	116990.0	-	exact	116907	116990	50	
Monosporozyma siamensis	GCA_003708905.3	PPOL03000028.1	PPOL03000028.1	6	49	5607.0	5689.0	+	exact	5607	5689	49	
Monosporozyma siamensis	GCA_003708905.3	PPOL03000035.1	PPOL03000035.1	7	50	97489.0	97572.0	-	exact	97489	97572	50	
Monosporozyma siamensis	GCA_003708905.3	PPOL03000100.1	PPOL03000100.1	8	49	29404.0	29486.0	+	missing				no CDEIII hit at the published motif in FIMO's first pass at this threshold
Monosporozyma siamensis	GCA_003708905.3	PPOL03000113.1	PPOL03000113.1	9	50	14127.0	14210.0	+	exact	14127	14210	50	
Monosporozyma siamensis	GCA_003708905.3	PPOL03000133.1	PPOL03000133.1	10	50	5422.0	5505.0	-	different_cdeii_length	5422	5528	73	CDEIII hit present; published CDEI not among candidates; best candidate here CDEII 73, removed at called
Monosporozyma siamensis	GCA_003708905.3	PPOL03000134.1	PPOL03000134.1	11	50	10196.0	10279.0	-	exact	10196	10279	50	
Monosporozyma siamensis	GCA_003708905.3	PPOL03000249.1	PPOL03000249.1	12	50	608.0	691.0	+	exact	608	691	50	
Monosporozyma unispora	GCA_003708525.3	PPON03000001.1	PPON03000001.1	1	50	390219.0	390302.0	-	missing				no CDEIII hit at the published motif in FIMO's first pass at this threshold
Monosporozyma unispora	GCA_003708525.3	PPON03000003.1	PPON03000003.1	2	48	207113.0	207194.0	-	exact	207113	207194	48	
Monosporozyma unispora	GCA_003708525.3	PPON03000005.1	PPON03000005.1	3	50	235223.0	235306.0	-	exact	235223	235306	50	
Monosporozyma unispora	GCA_003708525.3	PPON03000009.1	PPON03000009.1	4	49	96478.0	96560.0	-	exact	96478	96560	49	
Monosporozyma unispora	GCA_003708525.3	PPON03000015.1	PPON03000015.1	5	49	202493.0	202575.0	+	missing				no CDEIII hit at the published motif in FIMO's first pass at this threshold
Monosporozyma unispora	GCA_003708525.3	PPON03000022.1	PPON03000022.1	6	49	150484.0	150566.0	+	exact	150484	150566	49	
Monosporozyma unispora	GCA_003708525.3	PPON03000035.1	PPON03000035.1	7	50	81596.0	81679.0	-	exact	81596	81679	50	
Monosporozyma unispora	GCA_003708525.3	PPON03000046.1	PPON03000046.1	8	49	54268.0	54350.0	-	exact	54268	54350	49	
Monosporozyma unispora	GCA_003708525.3	PPON03000054.1	PPON03000054.1	9	49	5351.0	5433.0	+	exact	5351	5433	49	
Monosporozyma unispora	GCA_003708525.3	PPON03000061.1	PPON03000061.1	10	49	21883.0	21965.0	-	exact	21883	21965	49	
Monosporozyma unispora	GCA_003708525.3	PPON03000066.1	PPON03000066.1	11	50	32027.0	32110.0	+	exact	32027	32110	50	
Monosporozyma unispora	GCA_003708525.3	PPON03000071.1	PPON03000071.1	12	49	54089.0	54171.0	+	exact	54089	54171	49	
Monosporozyma unispora	GCA_003708525.3	PPON03000079.1	PPON03000079.1	13	49	10996.0	11078.0	-	exact	10996	11078	49	
Monosporozyma unispora	GCA_003708525.3	PPON03000090.1	PPON03000090.1	14	50	11932.0	12015.0	-	exact	11932	12015	50	
Monosporozyma yasuniensis	GCA_030558655.1	JAKTQC010000001.1	JAKTQC010000001.1	1	50	43763.0	43846.0	-	exact	43763	43846	50	
Monosporozyma yasuniensis	GCA_030558655.1	JAKTQC010000004.1	JAKTQC010000004.1	2	49	190912.0	190994.0	+	exact	190912	190994	49	
Monosporozyma yasuniensis	GCA_030558655.1	JAKTQC010000009.1	JAKTQC010000009.1	3	50	19184.0	19267.0	+	exact	19184	19267	50	
Monosporozyma yasuniensis	GCA_030558655.1	JAKTQC010000013.1	JAKTQC010000013.1	4	49	219022.0	219104.0	+	exact	219022	219104	49	
Monosporozyma yasuniensis	GCA_030558655.1	JAKTQC010000018.1	JAKTQC010000018.1	5	50	196658.0	196741.0	-	exact	196658	196741	50	
Monosporozyma yasuniensis	GCA_030558655.1	JAKTQC010000025.1	JAKTQC010000025.1	6	49	12607.0	12689.0	-	exact	12607	12689	49	
Monosporozyma yasuniensis	GCA_030558655.1	JAKTQC010000040.1	JAKTQC010000040.1	7	49	81790.0	81872.0	-	different_cdeii_length	81790	81895	72	published candidate formed (rank 20), removed at duplicate_cdeiii_hit
Monosporozyma yasuniensis	GCA_030558655.1	JAKTQC010000057.1	JAKTQC010000057.1	8	49	57077.0	57159.0	+	exact	57077	57159	49	
Monosporozyma yasuniensis	GCA_030558655.1	JAKTQC010000070.1	JAKTQC010000070.1	9	48	11143.0	11224.0	-	exact	11143	11224	48	
Monosporozyma yasuniensis	GCA_030558655.1	JAKTQC010000072.1	JAKTQC010000072.1	10	50	34834.0	34917.0	-	missing				no CDEIII hit at the published motif in FIMO's first pass at this threshold
Monosporozyma yasuniensis	GCA_030558655.1	JAKTQC010000077.1	JAKTQC010000077.1	11	49	24326.0	24408.0	-	exact	24326	24408	49	
Monosporozyma yasuniensis	GCA_030558655.1	JAKTQC010000080.1	JAKTQC010000080.1	12	50	25481.0	25564.0	+	exact	25481	25564	50	
Monosporozyma yasuniensis	GCA_030558655.1	JAKTQC010000086.1	JAKTQC010000086.1	13	49	881.0	963.0	-	exact	881	963	49	
Monosporozyma yasuniensis	GCA_030558655.1	JAKTQC010000103.1	JAKTQC010000103.1	14	50	6017.0	6100.0	-	exact	6017	6100	50	
Monosporozyma servazzii	GCA_028408395.1	JAKOOT010000003.1	JAKOOT010000003.1	1	50	242999.0	243082.0	-	exact	242999	243082	50	
Monosporozyma servazzii	GCA_028408395.1	JAKOOT010000005.1	JAKOOT010000005.1	2	51	220888.0	220972.0	+	missing				no CDEIII hit at the published motif in FIMO's first pass at this threshold
Monosporozyma servazzii	GCA_028408395.1	JAKOOT010000006.1	JAKOOT010000006.1	3	51	24082.0	24166.0	+	exact	24082	24166	51	
Monosporozyma servazzii	GCA_028408395.1	JAKOOT010000007.1	JAKOOT010000007.1	4	50	196629.0	196712.0	-	exact	196629	196712	50	
Monosporozyma servazzii	GCA_028408395.1	JAKOOT010000008.1	JAKOOT010000008.1	5	50	353029.0	353112.0	+	exact	353029	353112	50	
Monosporozyma servazzii	GCA_028408395.1	JAKOOT010000010.1	JAKOOT010000010.1	6	50	208512.0	208595.0	+	exact	208512	208595	50	
Monosporozyma servazzii	GCA_028408395.1	JAKOOT010000011.1	JAKOOT010000011.1	7	51	277247.0	277331.0	+	exact	277247	277331	51	
Monosporozyma servazzii	GCA_028408395.1	JAKOOT010000012.1	JAKOOT010000012.1	8	49	783504.0	783586.0	-	exact	783504	783586	49	
Monosporozyma servazzii	GCA_028408395.1	JAKOOT010000018.1	JAKOOT010000018.1	9	51	335376.0	335460.0	+	exact	335376	335460	51	
Monosporozyma servazzii	GCA_028408395.1	JAKOOT010000019.1	JAKOOT010000019.1	10	51	541899.0	541983.0	-	exact	541899	541983	51	
Monosporozyma servazzii	GCA_028408395.1	JAKOOT010000020.1	JAKOOT010000020.1	11	49	544985.0	545067.0	-	exact	544985	545067	49	
Monosporozyma servazzii	GCA_028408395.1	JAKOOT010000021.1	JAKOOT010000021.1	12	50	332129.0	332212.0	+	different_cdeii_length	332106	332212	73	CDEIII hit present; published CDEI not among candidates; best candidate here CDEII 73, removed at called
Monosporozyma aerobia	GCA_028408415.1	JAKOOU010000001.1	JAKOOU010000001.1	1	49	565876.0	565958.0	-	exact	565876	565958	49	
Monosporozyma aerobia	GCA_028408415.1	JAKOOU010000002.1	JAKOOU010000002.1	2	50	961580.0	961663.0	-	exact	961580	961663	50	
Monosporozyma aerobia	GCA_028408415.1	JAKOOU010000004.1	JAKOOU010000004.1	3	49	309249.0	309331.0	+	exact	309249	309331	49	
Monosporozyma aerobia	GCA_028408415.1	JAKOOU010000005.1	JAKOOU010000005.1	4	50	208932.0	209015.0	+	exact	208932	209015	50	
Monosporozyma aerobia	GCA_028408415.1	JAKOOU010000006.1	JAKOOU010000006.1	5	51	357865.0	357949.0	+	different_cdeii_length	357842	357949	74	CDEIII hit present; published CDEI not among candidates; best candidate here CDEII 74, removed at called
Monosporozyma aerobia	GCA_028408415.1	JAKOOU010000007.1	JAKOOU010000007.1	6	50	219695.0	219778.0	-	exact	219695	219778	50	
Monosporozyma aerobia	GCA_028408415.1	JAKOOU010000009.1	JAKOOU010000009.1	7	50	577542.0	577625.0	-	exact	577542	577625	50	
Monosporozyma aerobia	GCA_028408415.1	JAKOOU010000011.1	JAKOOU010000011.1	8	51	286622.0	286706.0	+	exact	286622	286706	51	
Monosporozyma aerobia	GCA_028408415.1	JAKOOU010000012.1	JAKOOU010000012.1	9	51	349870.0	349954.0	-	exact	349870	349954	51	
Monosporozyma aerobia	GCA_028408415.1	JAKOOU010000016.1	JAKOOU010000016.1	10	62	8200.0	8295.0	-	missing				no CDEIII hit at the published motif in FIMO's first pass at this threshold
Monosporozyma aerobia	GCA_028408415.1	JAKOOU010000017.1	JAKOOU010000017.1	11	50	215278.0	215361.0	+	exact	215278	215361	50	
Monosporozyma aerobia	GCA_028408415.1	JAKOOU010000018.1	JAKOOU010000018.1	12	51	206549.0	206633.0	-	exact	206549	206633	51	
Monosporozyma aerobia	GCA_028408415.1	JAKOOU010000019.1	JAKOOU010000019.1	13	51	226126.0	226210.0	+	exact	226126	226210	51	
Monosporozyma solicola	GCA_030571535.1	JAJLXY010000003.1	JAJLXY010000003.1	1	50	350944.0	351027.0	-	exact	350944	351027	50	
Monosporozyma solicola	GCA_030571535.1	JAJLXY010000026.1	JAJLXY010000026.1	2	51	105739.0	105823.0	+	exact	105739	105823	51	
Monosporozyma solicola	GCA_030571535.1	JAJLXY010000050.1	JAJLXY010000050.1	3	50	25977.0	26060.0	+	exact	25977	26060	50	
Monosporozyma solicola	GCA_030571535.1	JAJLXY010000072.1	JAJLXY010000072.1	4	49	19576.0	19658.0	+	exact	19576	19658	49	
Monosporozyma solicola	GCA_030571535.1	JAJLXY010000154.1	JAJLXY010000154.1	5	50	67697.0	67780.0	-	exact	67697	67780	50	
Monosporozyma solicola	GCA_030571535.1	JAJLXY010000158.1	JAJLXY010000158.1	6	50	46964.0	47047.0	-	exact	46964	47047	50	
Monosporozyma solicola	GCA_030571535.1	JAJLXY010000166.1	JAJLXY010000166.1	7	51	15574.0	15658.0	-	exact	15574	15658	51	
Monosporozyma solicola	GCA_030571535.1	JAJLXY010000169.1	JAJLXY010000169.1	8	49	22967.0	23049.0	-	exact	22967	23049	49	
Monosporozyma solicola	GCA_030571535.1	JAJLXY010000175.1	JAJLXY010000175.1	9	50	8437.0	8520.0	+	exact	8437	8520	50	
Monosporozyma solicola	GCA_030571535.1	JAJLXY010000183.1	JAJLXY010000183.1	10	50	3420.0	3503.0	+	exact	3420	3503	50	
Monosporozyma solicola	GCA_030571535.1	JAJLXY010000194.1	JAJLXY010000194.1	11	50	8191.0	8274.0	+	exact	8191	8274	50	
Cylindricascospora bacillispora	GCA_030573655.1	JAJMDR010000001.1	JAJMDR010000001.1	1	126	63044.0	63203.0	-	missing				no CDEIII hit at the published motif in FIMO's first pass at this threshold
Cylindricascospora bacillispora	GCA_030573655.1	JAJMDR010000003.1	JAJMDR010000003.1	2	127	356553.0	356713.0	+	exact	356553	356713	127	
Cylindricascospora bacillispora	GCA_030573655.1	JAJMDR010000004.1	JAJMDR010000004.1	3	127	246185.0	246345.0	+	exact	246185	246345	127	
Cylindricascospora bacillispora	GCA_030573655.1	JAJMDR010000005.1	JAJMDR010000005.1	4	127	813.0	973.0	-	exact	813	973	127	
Cylindricascospora bacillispora	GCA_030573655.1	JAJMDR010000006.1	JAJMDR010000006.1	5	129	121254.0	121416.0	-	exact	121254	121416	129	
Cylindricascospora bacillispora	GCA_030573655.1	JAJMDR010000019.1	JAJMDR010000019.1	6	117	74112.0	74262.0	-	exact	74112	74262	117	
Cylindricascospora bacillispora	GCA_030573655.1	JAJMDR010000031.1	JAJMDR010000031.1	7	125	36399.0	36557.0	+	exact	36399	36557	125	
Cylindricascospora bacillispora	GCA_030573655.1	JAJMDR010000032.1	JAJMDR010000032.1	8	126	108023.0	108182.0	-	exact	108023	108182	126	
Cylindricascospora bacillispora	GCA_030573655.1	JAJMDR010000038.1	JAJMDR010000038.1	9	126	14385.0	14544.0	+	exact	14385	14544	126	
Cylindricascospora bacillispora	GCA_030573655.1	JAJMDR010000054.1	JAJMDR010000054.1	10	127	37804.0	37964.0	-	exact	37804	37964	127	
Cylindricascospora bacillispora	GCA_030573655.1	JAJMDR010000057.1	JAJMDR010000057.1	11	128	52510.0	52671.0	-	exact	52510	52671	128	
Cylindricascospora bacillispora	GCA_030573655.1	JAJMDR010000065.1	JAJMDR010000065.1	12	127	17547.0	17707.0	+	exact	17547	17707	127	
Cylindricascospora bacillispora	GCA_030573655.1	JAJMDR010000071.1	JAJMDR010000071.1	13	127	12221.0	12381.0	+	exact	12221	12381	127	
Cylindricascospora bacillispora	GCA_030573655.1	JAJMDR010000075.1	JAJMDR010000075.1	14	128	2381.0	2542.0	-	exact	2381	2542	128	
Cylindricascospora bacillispora	GCA_030573655.1	JAJMDR010000076.1	JAJMDR010000076.1	15	127	19350.0	19510.0	-	exact	19350	19510	127	
Oligophagozyma castellii	GCA_030556345.1	JAKTPW010000001.1	JAKTPW010000001.1	1	87	397662.0	397782.0	-	exact	397662	397782	87	
Oligophagozyma castellii	GCA_030556345.1	JAKTPW010000002.1	JAKTPW010000002.1	2	86	110736.0	110855.0	+	exact	110736	110855	86	
Oligophagozyma castellii	GCA_030556345.1	JAKTPW010000003.1	JAKTPW010000003.1	3	87	130659.0	130779.0	+	exact	130659	130779	87	
Oligophagozyma castellii	GCA_030556345.1	JAKTPW010000007.1	JAKTPW010000007.1	4	87	68477.0	68597.0	+	exact	68477	68597	87	
Oligophagozyma castellii	GCA_030556345.1	JAKTPW010000008.1	JAKTPW010000008.1	5	86	185459.0	185578.0	-	exact	185459	185578	86	
Oligophagozyma castellii	GCA_030556345.1	JAKTPW010000016.1	JAKTPW010000016.1	6	85	226449.0	226567.0	+	exact	226449	226567	85	
Oligophagozyma castellii	GCA_030556345.1	JAKTPW010000026.1	JAKTPW010000026.1	7	86	72583.0	72702.0	+	exact	72583	72702	86	
Oligophagozyma castellii	GCA_030556345.1	JAKTPW010000027.1	JAKTPW010000027.1	8	86	18523.0	18642.0	+	exact	18523	18642	86	
Nakaseomyces glabratus	GCA_000002545.2	CR380947.2	CR380947.2	1	77	77250.0	77360.0	-	exact	77250	77360	77	
Nakaseomyces glabratus	GCA_000002545.2	CR380948.1	CR380948.1	2	79	451122.0	451234.0	-	exact	451122	451234	79	
Nakaseomyces glabratus	GCA_000002545.2	CR380949.1	CR380949.1	3	77	422097.0	422207.0	+	exact	422097	422207	77	
Nakaseomyces glabratus	GCA_000002545.2	CR380950.1	CR380950.1	4	79	554531.0	554643.0	-	exact	554531	554643	79	
Nakaseomyces glabratus	GCA_000002545.2	CR380951.2	CR380951.2	5	77	245928.0	246038.0	-	exact	245928	246038	77	
Nakaseomyces glabratus	GCA_000002545.2	CR380952.1	CR380952.1	6	77	226189.0	226299.0	-	exact	226189	226299	77	
Nakaseomyces glabratus	GCA_000002545.2	CR380953.1	CR380953.1	7	80	60727.0	60840.0	+	exact	60727	60840	80	
Nakaseomyces glabratus	GCA_000002545.2	CR380954.1	CR380954.1	8	79	955006.0	955118.0	-	exact	955006	955118	79	
Nakaseomyces glabratus	GCA_000002545.2	CR380955.2	CR380955.2	9	78	792726.0	792837.0	-	exact	792726	792837	78	
Nakaseomyces glabratus	GCA_000002545.2	CR380956.2	CR380956.2	10	78	217322.0	217433.0	+	exact	217322	217433	78	
Nakaseomyces glabratus	GCA_000002545.2	CR380957.2	CR380957.2	11	77	257665.0	257775.0	+	exact	257665	257775	77	
Nakaseomyces glabratus	GCA_000002545.2	CR380958.2	CR380958.2	12	77	987127.0	987237.0	+	exact	987127	987237	77	
Nakaseomyces glabratus	GCA_000002545.2	CR380959.2	CR380959.2	13	78	1049553.0	1049664.0	-	exact	1049553	1049664	78	
Nakaseomyces uthaithaninus	GCA_030564085.1	JAJLUB010000001.1	JAJLUB010000001.1	1	78	266727.0	266838.0	-	exact	266727	266838	78	
Nakaseomyces uthaithaninus	GCA_030564085.1	JAJLUB010000002.1	JAJLUB010000002.1	2	78	107532.0	107643.0	-	exact	107532	107643	78	
Nakaseomyces uthaithaninus	GCA_030564085.1	JAJLUB010000005.1	JAJLUB010000005.1	3	78	142744.0	142855.0	+	exact	142744	142855	78	
Nakaseomyces uthaithaninus	GCA_030564085.1	JAJLUB010000020.1	JAJLUB010000020.1	4	78	30100.0	30211.0	-	exact	30100	30211	78	
Nakaseomyces uthaithaninus	GCA_030564085.1	JAJLUB010000040.1	JAJLUB010000040.1	5	77	90946.0	91056.0	-	exact	90946	91056	77	
Nakaseomyces uthaithaninus	GCA_030564085.1	JAJLUB010000046.1	JAJLUB010000046.1	6	79	24958.0	25070.0	+	exact	24958	25070	79	
Nakaseomyces uthaithaninus	GCA_030564085.1	JAJLUB010000048.1	JAJLUB010000048.1	7	80	71991.0	72104.0	-	exact	71991	72104	80	
Nakaseomyces uthaithaninus	GCA_030564085.1	JAJLUB010000050.1	JAJLUB010000050.1	8	79	50924.0	51036.0	+	exact	50924	51036	79	
Nakaseomyces uthaithaninus	GCA_030564085.1	JAJLUB010000060.1	JAJLUB010000060.1	9	77	13814.0	13924.0	+	exact	13814	13924	77	
Nakaseomyces uthaithaninus	GCA_030564085.1	JAJLUB010000062.1	JAJLUB010000062.1	10	77	17132.0	17242.0	-	exact	17132	17242	77	
Nakaseomyces uthaithaninus	GCA_030564085.1	JAJLUB010000117.1	JAJLUB010000117.1	11	80	13486.0	13599.0	-	exact	13486	13599	80	
Nakaseomyces uthaithaninus	GCA_030564085.1	JAJLUB010000154.1	JAJLUB010000154.1	12	79	15367.0	15479.0	-	exact	15367	15479	79	
Nakaseomyces uthaithaninus	GCA_030564085.1	JAJLUB010000162.1	JAJLUB010000162.1	13	79	2172.0	2284.0	-	exact	2172	2284	79	
Nakaseomyces bracarensis	GCA_030569875.1	JAJLTY010000002.1	JAJLTY010000002.1	1	77	441211.0	441321.0	-	exact	441211	441321	77	
Nakaseomyces bracarensis	GCA_030569875.1	JAJLTY010000005.1	JAJLTY010000005.1	2	79	99123.0	99235.0	-	exact	99123	99235	79	
Nakaseomyces bracarensis	GCA_030569875.1	JAJLTY010000008.1	JAJLTY010000008.1	3	79	239262.0	239374.0	+	exact	239262	239374	79	
Nakaseomyces bracarensis	GCA_030569875.1	JAJLTY010000010.1	JAJLTY010000010.1	4	77	135039.0	135149.0	-	exact	135039	135149	77	
Nakaseomyces bracarensis	GCA_030569875.1	JAJLTY010000011.1	JAJLTY010000011.1	5	79	194381.0	194493.0	-	exact	194381	194493	79	
Nakaseomyces bracarensis	GCA_030569875.1	JAJLTY010000015.1	JAJLTY010000015.1	6	78	199287.0	199398.0	+	exact	199287	199398	78	
Nakaseomyces bracarensis	GCA_030569875.1	JAJLTY010000021.1	JAJLTY010000021.1	7	78	102075.0	102186.0	-	exact	102075	102186	78	
Nakaseomyces bracarensis	GCA_030569875.1	JAJLTY010000031.1	JAJLTY010000031.1	8	78	26117.0	26228.0	+	exact	26117	26228	78	
Nakaseomyces bracarensis	GCA_030569875.1	JAJLTY010000039.1	JAJLTY010000039.1	9	79	60147.0	60259.0	-	exact	60147	60259	79	
Nakaseomyces bracarensis	GCA_030569875.1	JAJLTY010000045.1	JAJLTY010000045.1	10	79	31238.0	31350.0	-	exact	31238	31350	79	
Nakaseomyces bracarensis	GCA_030569875.1	JAJLTY010000065.1	JAJLTY010000065.1	11	79	15213.0	15325.0	-	exact	15213	15325	79	
Nakaseomyces bracarensis	GCA_030569875.1	JAJLTY010000073.1	JAJLTY010000073.1	12	78	36248.0	36359.0	-	exact	36248	36359	78	
Nakaseomyces bracarensis	GCA_030569875.1	JAJLTY010000075.1	JAJLTY010000075.1	13	78	2305.0	2416.0	-	exact	2305	2416	78	
Nakaseomyces delphensis	GCA_001039675.1	CAPT01000013.1	CAPT01000013.1	1	79	13632.0	13744.0	-	exact	13632	13744	79	
Nakaseomyces delphensis	GCA_001039675.1	CAPT01000030.1	CAPT01000030.1	2	79	62958.0	63070.0	-	exact	62958	63070	79	
Nakaseomyces delphensis	GCA_001039675.1	CAPT01000034.1	CAPT01000034.1	3	78	57383.0	57494.0	-	exact	57383	57494	78	
Nakaseomyces delphensis	GCA_001039675.1	CAPT01000055.1	CAPT01000055.1	4	80	32155.0	32268.0	-	exact	32155	32268	80	
Nakaseomyces delphensis	GCA_001039675.1	CAPT01000067.1	CAPT01000067.1	5	78	17241.0	17352.0	-	exact	17241	17352	78	
Nakaseomyces delphensis	GCA_001039675.1	CAPT01000077.1	CAPT01000077.1	6	78	135241.0	135352.0	-	exact	135241	135352	78	
Nakaseomyces delphensis	GCA_001039675.1	CAPT01000106.1	CAPT01000106.1	7	80	37051.0	37164.0	-	exact	37051	37164	80	
Nakaseomyces delphensis	GCA_001039675.1	CAPT01000140.1	CAPT01000140.1	8	78	60249.0	60360.0	-	exact	60249	60360	78	
Nakaseomyces delphensis	GCA_001039675.1	CAPT01000148.1	CAPT01000148.1	9	78	32142.0	32253.0	+	exact	32142	32253	78	
Nakaseomyces delphensis	GCA_001039675.1	CAPT01000165.1	CAPT01000165.1	10	78	85504.0	85615.0	-	exact	85504	85615	78	
Nakaseomyces sp. yHDO568	GCA_030571395.1	JAJLXT010000001.1	JAJLXT010000001.1	1	79	211841.0	211953.0	-	exact	211841	211953	79	
Nakaseomyces sp. yHDO568	GCA_030571395.1	JAJLXT010000007.1	JAJLXT010000007.1	2	81	118514.0	118628.0	+	exact	118514	118628	81	
Nakaseomyces sp. yHDO568	GCA_030571395.1	JAJLXT010000022.1	JAJLXT010000022.1	3	78	11026.0	11137.0	-	exact	11026	11137	78	
Nakaseomyces sp. yHDO568	GCA_030571395.1	JAJLXT010000029.1	JAJLXT010000029.1	4	79	18946.0	19058.0	+	exact	18946	19058	79	
Nakaseomyces sp. yHDO568	GCA_030571395.1	JAJLXT010000050.1	JAJLXT010000050.1	5	78	23744.0	23855.0	+	exact	23744	23855	78	
Nakaseomyces sp. yHDO568	GCA_030571395.1	JAJLXT010000052.1	JAJLXT010000052.1	6	80	48573.0	48686.0	-	exact	48573	48686	80	
Nakaseomyces sp. yHDO568	GCA_030571395.1	JAJLXT010000056.1	JAJLXT010000056.1	7	78	32766.0	32877.0	+	exact	32766	32877	78	
Nakaseomyces sp. yHDO568	GCA_030571395.1	JAJLXT010000067.1	JAJLXT010000067.1	8	79	1176.0	1288.0	-	exact	1176	1288	79	
Nakaseomyces sp. yHDO568	GCA_030571395.1	JAJLXT010000072.1	JAJLXT010000072.1	9	80	36036.0	36149.0	-	exact	36036	36149	80	
Nakaseomyces sp. yHDO568	GCA_030571395.1	JAJLXT010000077.1	JAJLXT010000077.1	10	79	28082.0	28194.0	-	exact	28082	28194	79	
Nakaseomyces sp. yHDO568	GCA_030571395.1	JAJLXT010000078.1	JAJLXT010000078.1	11	80	37410.0	37523.0	-	exact	37410	37523	80	
Nakaseomyces sp. yHDO568	GCA_030571395.1	JAJLXT010000105.1	JAJLXT010000105.1	12	80	34996.0	35109.0	-	exact	34996	35109	80	
Nakaseomyces sp. yHDO568	GCA_030571395.1	JAJLXT010000170.1	JAJLXT010000170.1	13	78	3842.0	3953.0	-	different_cdeii_length	3842	3955	80	published candidate formed (rank 45), removed at duplicate_cdeiii_hit
Nakaseomyces kungkrabaensis	GCA_030556385.1	JAKTPY010000002.1	JAKTPY010000002.1	1	80	290259.0	290372.0	+	exact	290259	290372	80	
Nakaseomyces kungkrabaensis	GCA_030556385.1	JAKTPY010000004.1	JAKTPY010000004.1	2	77	222305.0	222415.0	+	exact	222305	222415	77	
Nakaseomyces kungkrabaensis	GCA_030556385.1	JAKTPY010000007.1	JAKTPY010000007.1	3	78	350245.0	350356.0	+	exact	350245	350356	78	
Nakaseomyces kungkrabaensis	GCA_030556385.1	JAKTPY010000014.1	JAKTPY010000014.1	4	79	160467.0	160579.0	+	exact	160467	160579	79	
Nakaseomyces kungkrabaensis	GCA_030556385.1	JAKTPY010000015.1	JAKTPY010000015.1	5	79	151775.0	151887.0	+	exact	151775	151887	79	
Nakaseomyces kungkrabaensis	GCA_030556385.1	JAKTPY010000017.1	JAKTPY010000017.1	6	78	102498.0	102609.0	+	exact	102498	102609	78	
Nakaseomyces kungkrabaensis	GCA_030556385.1	JAKTPY010000019.1	JAKTPY010000019.1	7	78	45744.0	45855.0	+	exact	45744	45855	78	
Nakaseomyces kungkrabaensis	GCA_030556385.1	JAKTPY010000029.1	JAKTPY010000029.1	8	78	130399.0	130510.0	+	exact	130399	130510	78	
Nakaseomyces kungkrabaensis	GCA_030556385.1	JAKTPY010000030.1	JAKTPY010000030.1	9	79	34505.0	34617.0	-	exact	34505	34617	79	
Nakaseomyces kungkrabaensis	GCA_030556385.1	JAKTPY010000034.1	JAKTPY010000034.1	10	78	118354.0	118465.0	-	exact	118354	118465	78	
Nakaseomyces kungkrabaensis	GCA_030556385.1	JAKTPY010000037.1	JAKTPY010000037.1	11	79	86017.0	86129.0	+	exact	86017	86129	79	
Nakaseomyces kungkrabaensis	GCA_030556385.1	JAKTPY010000041.1	JAKTPY010000041.1	12	78	42330.0	42441.0	-	exact	42330	42441	78	
Nakaseomyces kungkrabaensis	GCA_030556385.1	JAKTPY010000058.1	JAKTPY010000058.1	13	79	24505.0	24617.0	-	exact	24505	24617	79	
Nakaseomyces nivariensis	GCA_017309295.1	JAEVGP010000001.1	JAEVGP010000001.1	1	79	453842.0	453954.0	+	exact	453842	453954	79	
Nakaseomyces nivariensis	GCA_017309295.1	JAEVGP010000002.1	JAEVGP010000002.1	2	79	660628.0	660740.0	-	exact	660628	660740	79	
Nakaseomyces nivariensis	GCA_017309295.1	JAEVGP010000003.1	JAEVGP010000003.1	3	78	1019788.0	1019899.0	-	exact	1019788	1019899	78	
Nakaseomyces nivariensis	GCA_017309295.1	JAEVGP010000004.1	JAEVGP010000004.1	4	78	829856.0	829967.0	-	exact	829856	829967	78	
Nakaseomyces nivariensis	GCA_017309295.1	JAEVGP010000005.1	JAEVGP010000005.1	5	78	611832.0	611943.0	-	exact	611832	611943	78	
Nakaseomyces nivariensis	GCA_017309295.1	JAEVGP010000006.1	JAEVGP010000006.1	6	79	342933.0	343045.0	-	exact	342933	343045	79	
Nakaseomyces nivariensis	GCA_017309295.1	JAEVGP010000007.1	JAEVGP010000007.1	7	80	422153.0	422266.0	-	exact	422153	422266	80	
Nakaseomyces nivariensis	GCA_017309295.1	JAEVGP010000008.1	JAEVGP010000008.1	8	79	291603.0	291715.0	+	exact	291603	291715	79	
Nakaseomyces nivariensis	GCA_017309295.1	JAEVGP010000009.1	JAEVGP010000009.1	9	79	213527.0	213639.0	+	exact	213527	213639	79	
Nakaseomyces nivariensis	GCA_017309295.1	JAEVGP010000010.1	JAEVGP010000010.1	10	79	321097.0	321209.0	+	exact	321097	321209	79	
Nakaseomyces nivariensis	GCA_017309295.1	JAEVGP010000011.1	JAEVGP010000011.1	11	79	516470.0	516582.0	-	exact	516470	516582	79	
Nakaseomyces nivariensis	GCA_017309295.1	JAEVGP010000013.1	JAEVGP010000013.1	12	78	382803.0	382914.0	-	exact	382803	382914	78	
Nakaseomyces nivariensis	GCA_017309295.1	JAEVGP010000014.1	JAEVGP010000014.1	13	78	126147.0	126258.0	+	exact	126147	126258	78	
Saccharomyces eubayanus	GCA_001298625.1	NC_030970.1	CM003576.1	1	87	423440.0	423560.0	-	exact	423440	423560	87	
Saccharomyces eubayanus	GCA_001298625.1	NC_030971.1	CM003577.1	2	86	155032.0	155151.0	-	exact	155032	155151	86	
Saccharomyces eubayanus	GCA_001298625.1	NC_030972.1	CM003578.1	3	85	268515.0	268633.0	+	exact	268515	268633	85	
Saccharomyces eubayanus	GCA_001298625.1	NC_030973.1	CM003579.1	4	85	623144.0	623262.0	+	exact	623144	623262	85	
Saccharomyces eubayanus	GCA_001298625.1	NC_030974.1	CM003580.1	5	86	295192.0	295311.0	-	exact	295192	295311	86	
Saccharomyces eubayanus	GCA_001298625.1	NC_030975.1	CM003581.1	6	85	529474.0	529592.0	+	exact	529474	529592	85	
Saccharomyces eubayanus	GCA_001298625.1	NC_030976.1	CM003582.1	7	85	124957.0	125075.0	+	exact	124957	125075	85	
Saccharomyces eubayanus	GCA_001298625.1	NC_030977.1	CM003583.1	8	85	237638.0	237756.0	+	exact	237638	237756	85	
Saccharomyces eubayanus	GCA_001298625.1	NC_030978.1	CM003584.1	9	85	106167.0	106285.0	+	exact	106167	106285	85	
Saccharomyces eubayanus	GCA_001298625.1	NC_030979.1	CM003585.1	10	86	444171.0	444290.0	+	exact	444171	444290	86	
Saccharomyces eubayanus	GCA_001298625.1	NC_030980.1	CM003586.1	11	85	154100.0	154218.0	+	exact	154100	154218	85	
Saccharomyces eubayanus	GCA_001298625.1	NC_030981.1	CM003587.1	12	86				unlocated				published sequence found 0 times on the contig
Saccharomyces eubayanus	GCA_001298625.1	NC_030982.1	CM003588.1	13	85	492220.0	492338.0	-	exact	492220	492338	85	
Saccharomyces eubayanus	GCA_001298625.1	NC_030983.1	CM003589.1	14	85	120374.0	120492.0	-	exact	120374	120492	85	
Saccharomyces eubayanus	GCA_001298625.1	NC_030984.1	CM003590.1	15	85	323864.0	323982.0	+	exact	323864	323982	85	
Saccharomyces eubayanus	GCA_001298625.1	NC_030985.1	CM003591.1	16	85	430833.0	430951.0	-	exact	430833	430951	85	
Saccharomyces uvarum	GCA_947243795.1	OX365928.1	OX365928.1	1	86	138386.0	138505.0	+	exact	138386	138505	86	
Saccharomyces uvarum	GCA_947243795.1	OX365929.1	OX365929.1	2	85	247888.0	248006.0	+	exact	247888	248006	85	
Saccharomyces uvarum	GCA_947243795.1	OX365930.1	OX365930.1	3	85	108787.0	108905.0	+	exact	108787	108905	85	
Saccharomyces uvarum	GCA_947243795.1	OX365931.1	OX365931.1	4	85	449395.0	449513.0	+	exact	449395	449513	85	
Saccharomyces uvarum	GCA_947243795.1	OX365932.1	OX365932.1	5	87	149098.0	149218.0	+	exact	149098	149218	87	
Saccharomyces uvarum	GCA_947243795.1	OX365933.1	OX365933.1	6	85	124251.0	124369.0	+	exact	124251	124369	85	
Saccharomyces uvarum	GCA_947243795.1	OX365934.1	OX365934.1	7	86	492397.0	492516.0	-	exact	492397	492516	86	
Saccharomyces uvarum	GCA_947243795.1	OX365935.1	OX365935.1	8	86	115389.0	115508.0	-	exact	115389	115508	86	
Saccharomyces uvarum	GCA_947243795.1	OX365936.1	OX365936.1	9	85	327917.0	328035.0	+	exact	327917	328035	85	
Saccharomyces uvarum	GCA_947243795.1	OX365937.1	OX365937.1	10	84	413085.0	413202.0	-	exact	413085	413202	84	
Saccharomyces uvarum	GCA_947243795.1	OX365938.1	OX365938.1	11	85	427263.0	427381.0	-	exact	427263	427381	85	
Saccharomyces uvarum	GCA_947243795.1	OX365939.1	OX365939.1	12	86	153095.0	153214.0	-	exact	153095	153214	86	
Saccharomyces uvarum	GCA_947243795.1	OX365940.1	OX365940.1	13	85	270925.0	271043.0	+	exact	270925	271043	85	
Saccharomyces uvarum	GCA_947243795.1	OX365941.1	OX365941.1	14	85	629173.0	629291.0	+	exact	629173	629291	85	
Saccharomyces uvarum	GCA_947243795.1	OX365942.1	OX365942.1	15	85	294796.0	294914.0	-	exact	294796	294914	85	
Saccharomyces uvarum	GCA_947243795.1	OX365943.1	OX365943.1	16	86	552118.0	552237.0	+	exact	552118	552237	86	
Saccharomyces arboricola	GCA_000292725.1	NC_026171.1	CM001563.1	1	84	125154.0	125271.0	+	exact	125154	125271	84	
Saccharomyces arboricola	GCA_000292725.1	NC_026172.1	CM001564.1	2	87	224666.0	224786.0	+	exact	224666	224786	87	
Saccharomyces arboricola	GCA_000292725.1	NC_026173.1	CM001565.1	3	84	103206.0	103323.0	+	exact	103206	103323	84	
Saccharomyces arboricola	GCA_000292725.1	NC_026174.1	CM001566.1	4	85	479691.0	479809.0	+	exact	479691	479809	85	
Saccharomyces arboricola	GCA_000292725.1	NC_026175.1	CM001567.1	5	84	128323.0	128440.0	+	exact	128323	128440	84	
Saccharomyces arboricola	GCA_000292725.1	NC_026176.1	CM001568.1	6	84	150341.0	150458.0	+	exact	150341	150458	84	
Saccharomyces arboricola	GCA_000292725.1	NC_026177.1	CM001569.1	7	85	489741.0	489859.0	-	exact	489741	489859	85	
Saccharomyces arboricola	GCA_000292725.1	NC_026178.1	CM001570.1	8	85	112237.0	112355.0	-	exact	112237	112355	85	
Saccharomyces arboricola	GCA_000292725.1	NC_026179.1	CM001571.1	9	84	330186.0	330303.0	+	exact	330186	330303	84	
Saccharomyces arboricola	GCA_000292725.1	NC_026180.1	CM001572.1	10	83	424780.0	424896.0	-	exact	424780	424896	83	
Saccharomyces arboricola	GCA_000292725.1	NC_026181.1	CM001573.1	11	83	425881.0	425997.0	-	exact	425881	425997	83	
Saccharomyces arboricola	GCA_000292725.1	NC_026182.1	CM001574.1	12	87	140693.0	140813.0	-	exact	140693	140813	87	
Saccharomyces arboricola	GCA_000292725.1	NC_026183.1	CM001575.1	13	86	252197.0	252316.0	+	exact	252197	252316	86	
Saccharomyces arboricola	GCA_000292725.1	NC_026184.1	CM001576.1	14	84	607268.0	607385.0	+	exact	607268	607385	84	
Saccharomyces arboricola	GCA_000292725.1	NC_026185.1	CM001577.1	15	84	293451.0	293568.0	-	exact	293451	293568	84	
Saccharomyces arboricola	GCA_000292725.1	NC_026186.1	CM001578.1	16	86	529539.0	529658.0	+	exact	529539	529658	86	
Saccharomyces kudriavzevii	GCA_947243775.1	OX365896.1	OX365896.1	1	84	153927.0	154044.0	+	exact	153927	154044	84	
Saccharomyces kudriavzevii	GCA_947243775.1	OX365897.1	OX365897.1	2	84	229048.0	229165.0	+	exact	229048	229165	84	
Saccharomyces kudriavzevii	GCA_947243775.1	OX365898.1	OX365898.1	3	86	123985.0	124104.0	+	exact	123985	124104	86	
Saccharomyces kudriavzevii	GCA_947243775.1	OX365899.1	OX365899.1	4	87	457630.0	457750.0	+	exact	457630	457750	87	
Saccharomyces kudriavzevii	GCA_947243775.1	OX365900.1	OX365900.1	5	87	141077.0	141197.0	+	exact	141077	141197	87	
Saccharomyces kudriavzevii	GCA_947243775.1	OX365901.1	OX365901.1	6	84	153469.0	153586.0	+	exact	153469	153586	84	
Saccharomyces kudriavzevii	GCA_947243775.1	OX365902.1	OX365902.1	7	84	512906.0	513023.0	-	exact	512906	513023	84	
Saccharomyces kudriavzevii	GCA_947243775.1	OX365903.1	OX365903.1	8	84	91180.0	91297.0	-	exact	91180	91297	84	
Saccharomyces kudriavzevii	GCA_947243775.1	OX365904.1	OX365904.1	9	86	359486.0	359605.0	+	exact	359486	359605	86	
Saccharomyces kudriavzevii	GCA_947243775.1	OX365905.1	OX365905.1	10	85	420300.0	420418.0	-	exact	420300	420418	85	
Saccharomyces kudriavzevii	GCA_947243775.1	OX365906.1	OX365906.1	11	87	432439.0	432559.0	-	exact	432439	432559	87	
Saccharomyces kudriavzevii	GCA_947243775.1	OX365907.1	OX365907.1	12	85	145686.0	145804.0	-	exact	145686	145804	85	
Saccharomyces kudriavzevii	GCA_947243775.1	OX365908.1	OX365908.1	13	84	262764.0	262881.0	+	exact	262764	262881	84	
Saccharomyces kudriavzevii	GCA_947243775.1	OX365909.1	OX365909.1	14	86	621204.0	621323.0	+	exact	621204	621323	86	
Saccharomyces kudriavzevii	GCA_947243775.1	OX365910.1	OX365910.1	15	86	311423.0	311542.0	-	exact	311423	311542	86	
Saccharomyces kudriavzevii	GCA_947243775.1	OX365911.1	OX365911.1	16	83	539585.0	539701.0	+	exact	539585	539701	83	
Saccharomyces mikatae	GCA_947241705.1	NC_079256.1	OX365757.1	1	85	155751.0	155869.0	+	exact	155751	155869	85	
Saccharomyces mikatae	GCA_947241705.1	NC_079257.1	OX365758.1	2	84	234878.0	234995.0	+	exact	234878	234995	84	
Saccharomyces mikatae	GCA_947241705.1	NC_079258.1	OX365759.1	3	84	118856.0	118973.0	+	exact	118856	118973	84	
Saccharomyces mikatae	GCA_947241705.1	NC_079259.1	OX365760.1	4	86	452452.0	452571.0	+	exact	452452	452571	86	
Saccharomyces mikatae	GCA_947241705.1	NC_079260.1	OX365761.1	5	85	172914.0	173032.0	+	exact	172914	173032	85	
Saccharomyces mikatae	GCA_947241705.1	NC_079261.1	OX365762.1	6	85	161420.0	161538.0	+	exact	161420	161538	85	
Saccharomyces mikatae	GCA_947241705.1	NC_079262.1	OX365763.1	7	85	516367.0	516485.0	-	exact	516367	516485	85	
Saccharomyces mikatae	GCA_947241705.1	NC_079263.1	OX365764.1	8	84	98547.0	98664.0	-	exact	98547	98664	84	
Saccharomyces mikatae	GCA_947241705.1	NC_079264.1	OX365765.1	9	86	372976.0	373095.0	+	exact	372976	373095	86	
Saccharomyces mikatae	GCA_947241705.1	NC_079265.1	OX365766.1	10	87	432775.0	432895.0	-	exact	432775	432895	87	
Saccharomyces mikatae	GCA_947241705.1	NC_079266.1	OX365767.1	11	85	443095.0	443213.0	-	exact	443095	443213	85	
Saccharomyces mikatae	GCA_947241705.1	NC_079267.1	OX365768.1	12	85	210058.0	210176.0	-	exact	210058	210176	85	
Saccharomyces mikatae	GCA_947241705.1	NC_079268.1	OX365769.1	13	85	274266.0	274384.0	+	exact	274266	274384	85	
Saccharomyces mikatae	GCA_947241705.1	NC_079269.1	OX365770.1	14	84	626941.0	627058.0	+	exact	626941	627058	84	
Saccharomyces mikatae	GCA_947241705.1	NC_079270.1	OX365771.1	15	82	337928.0	338043.0	-	exact	337928	338043	82	
Saccharomyces mikatae	GCA_947241705.1	NC_079271.1	OX365772.1	16	85	435728.0	435846.0	+	exact	435728	435846	85	
Saccharomyces jurei	GCA_900290405.1	LT986461.1	LT986461.1	1	84	146100.0	146217.0	+	exact	146100	146217	84	
Saccharomyces jurei	GCA_900290405.1	LT986462.1	LT986462.1	2	85	263134.0	263252.0	+	exact	263134	263252	85	
Saccharomyces jurei	GCA_900290405.1	LT986463.1	LT986463.1	3	85	231776.0	231894.0	+	exact	231776	231894	85	
Saccharomyces jurei	GCA_900290405.1	LT986464.1	LT986464.1	4	85	120974.0	121092.0	+	exact	120974	121092	85	
Saccharomyces jurei	GCA_900290405.1	LT986465.1	LT986465.1	5	86	441896.0	442015.0	+	exact	441896	442015	86	
Saccharomyces jurei	GCA_900290405.1	LT986466.1	LT986466.1	6	85	353607.0	353725.0	+	exact	353607	353725	85	
Saccharomyces jurei	GCA_900290405.1	LT986468.1	LT986468.1	7	85	155059.0	155177.0	+	exact	155059	155177	85	
Saccharomyces jurei	GCA_900290405.1	LT986469.1	LT986469.1	8	85	160373.0	160491.0	+	exact	160373	160491	85	
Saccharomyces jurei	GCA_900290405.1	LT986470.1	LT986470.1	9	85	490736.0	490854.0	-	exact	490736	490854	85	
Saccharomyces jurei	GCA_900290405.1	LT986471.1	LT986471.1	10	85	89571.0	89689.0	-	exact	89571	89689	85	
Saccharomyces jurei	GCA_900290405.1	LT986472.1	LT986472.1	11	86	439875.0	439994.0	-	exact	439875	439994	86	
Saccharomyces jurei	GCA_900290405.1	LT986473.1	LT986473.1	12	84	429709.0	429826.0	-	exact	429709	429826	84	
Saccharomyces jurei	GCA_900290405.1	LT986474.1	LT986474.1	13	85	150252.0	150370.0	-	exact	150252	150370	85	
Saccharomyces jurei	GCA_900290405.1	LT986476.1	LT986476.1	14	85	610184.0	610302.0	+	exact	610184	610302	85	
Saccharomyces jurei	GCA_900290405.1	LT986477.1	LT986477.1	15	85	312945.0	313063.0	-	exact	312945	313063	85	
Saccharomyces jurei	GCA_900290405.1	LT986478.1	LT986478.1	16	85	543251.0	543369.0	+	exact	543251	543369	85	
Saccharomyces paradoxus	GCA_002079055.1	NC_047487.1	CP020242.1	1	84	141498.0	141615.0	+	exact	141498	141615	84	
Saccharomyces paradoxus	GCA_002079055.1	NC_047488.1	CP020243.1	2	85	252975.0	253093.0	+	exact	252975	253093	85	
Saccharomyces paradoxus	GCA_002079055.1	NC_047489.1	CP020244.1	3	84	139114.0	139231.0	+	exact	139114	139231	84	
Saccharomyces paradoxus	GCA_002079055.1	NC_047490.1	CP020245.1	4	86	451714.0	451833.0	+	exact	451714	451833	86	
Saccharomyces paradoxus	GCA_002079055.1	NC_047491.1	CP020246.1	5	84	149692.0	149809.0	+	exact	149692	149809	84	
Saccharomyces paradoxus	GCA_002079055.1	NC_047492.1	CP020247.1	6	86	162395.0	162514.0	+	exact	162395	162514	86	
Saccharomyces paradoxus	GCA_002079055.1	NC_047493.1	CP020248.1	7	84	498000.0	498117.0	-	exact	498000	498117	84	
Saccharomyces paradoxus	GCA_002079055.1	NC_047494.1	CP020249.1	8	86	93531.0	93650.0	-	exact	93531	93650	86	
Saccharomyces paradoxus	GCA_002079055.1	NC_047495.1	CP020250.1	9	86	349775.0	349894.0	+	exact	349775	349894	86	
Saccharomyces paradoxus	GCA_002079055.1	NC_047496.1	CP020251.1	10	86	434129.0	434248.0	-	exact	434129	434248	86	
Saccharomyces paradoxus	GCA_002079055.1	NC_047497.1	CP020252.1	11	85	461789.0	461907.0	-	exact	461789	461907	85	
Saccharomyces paradoxus	GCA_002079055.1	NC_047498.1	CP020253.1	12	86	146605.0	146724.0	-	exact	146605	146724	86	
Saccharomyces paradoxus	GCA_002079055.1	NC_047499.1	CP020254.1	13	88	262097.0	262218.0	+	exact	262097	262218	88	
Saccharomyces paradoxus	GCA_002079055.1	NC_047500.1	CP020255.1	14	85	620090.0	620208.0	+	exact	620090	620208	85	
Saccharomyces paradoxus	GCA_002079055.1	NC_047501.1	CP020256.1	15	85	318085.0	318203.0	-	exact	318085	318203	85	
Saccharomyces paradoxus	GCA_002079055.1	NC_047502.1	CP020257.1	16	86	532483.0	532602.0	+	exact	532483	532602	86	
Saccharomyces cerevisiae	GCA_000146045.2	NC_001133.9	BK006935.2	1	85	151465.0	151583.0	+	exact	151465	151583	85	
Saccharomyces cerevisiae	GCA_000146045.2	NC_001134.8	BK006936.2	2	84	238207.0	238324.0	+	exact	238207	238324	84	
Saccharomyces cerevisiae	GCA_000146045.2	NC_001135.5	BK006937.2	3	84	114385.0	114502.0	+	exact	114385	114502	84	
Saccharomyces cerevisiae	GCA_000146045.2	NC_001136.10	BK006938.2	4	78	449711.0	449822.0	+	exact	449711	449822	78	
Saccharomyces cerevisiae	GCA_000146045.2	NC_001137.3	BK006939.2	5	85	151987.0	152105.0	+	exact	151987	152105	85	
Saccharomyces cerevisiae	GCA_000146045.2	NC_001138.5	BK006940.2	6	85	148510.0	148628.0	+	exact	148510	148628	85	
Saccharomyces cerevisiae	GCA_000146045.2	NC_001139.9	BK006941.2	7	86	496919.0	497038.0	-	exact	496919	497038	86	
Saccharomyces cerevisiae	GCA_000146045.2	NC_001140.6	BK006934.2	8	85	105585.0	105703.0	-	exact	105585	105703	85	
Saccharomyces cerevisiae	GCA_000146045.2	NC_001141.2	BK006942.2	9	84	355629.0	355746.0	+	exact	355629	355746	84	
Saccharomyces cerevisiae	GCA_000146045.2	NC_001142.9	BK006943.2	10	86	436306.0	436425.0	-	exact	436306	436425	86	
Saccharomyces cerevisiae	GCA_000146045.2	NC_001143.9	BK006944.2	11	85	440128.0	440246.0	-	exact	440128	440246	85	
Saccharomyces cerevisiae	GCA_000146045.2	NC_001144.5	BK006945.2	12	87	150827.0	150947.0	-	exact	150827	150947	87	
Saccharomyces cerevisiae	GCA_000146045.2	NC_001145.3	BK006946.2	13	86	268031.0	268150.0	+	exact	268031	268150	86	
Saccharomyces cerevisiae	GCA_000146045.2	NC_001146.8	BK006947.3	14	85	628758.0	628876.0	+	exact	628758	628876	85	
Saccharomyces cerevisiae	GCA_000146045.2	NC_001147.6	BK006948.2	15	86	326583.0	326702.0	-	exact	326583	326702	86	
Saccharomyces cerevisiae	GCA_000146045.2	NC_001148.4	BK006949.2	16	84	555957.0	556074.0	+	exact	555957	556074	84	
