replicate_id	accession	model	gamma	target_n50	replicate	seed	rate_per_bp	n_cuts	realised_n50	realised_l50	n_contigs	status	n_calls	elapsed_s	max_rss_mb	trace_matches_pcan
GCA_000002515.1_at_weighted_1000k_r01	GCA_000002515.1	at_weighted	7.675283643313486	1000000	1	752786800	1.051317136135713e-06	17	641327	7	40	ok	6	12.2	99	yes
GCA_000002515.1_at_weighted_1000k_r02	GCA_000002515.1	at_weighted	7.675283643313486	1000000	2	58373606	1.051317136135713e-06	12	905548	4	35	ok	6	14.7	104	yes
GCA_000002515.1_at_weighted_1000k_r03	GCA_000002515.1	at_weighted	7.675283643313486	1000000	3	697859527	1.051317136135713e-06	6	1463028	3	29	ok	6	10.5	104	yes
GCA_000002515.1_at_weighted_1000k_r04	GCA_000002515.1	at_weighted	7.675283643313486	1000000	4	2093750730	1.051317136135713e-06	6	1320834	3	29	ok	6	13.6	104	yes
GCA_000002515.1_at_weighted_1000k_r05	GCA_000002515.1	at_weighted	7.675283643313486	1000000	5	201435645	1.051317136135713e-06	11	996905	4	34	ok	6	15.8	102	yes
GCA_000002515.1_at_weighted_1000k_r06	GCA_000002515.1	at_weighted	7.675283643313486	1000000	6	1775813082	1.051317136135713e-06	9	1062590	4	32	ok	6	14.8	106	yes
GCA_000002515.1_at_weighted_1000k_r07	GCA_000002515.1	at_weighted	7.675283643313486	1000000	7	101400914	1.051317136135713e-06	7	1344772	4	30	ok	6	25.7	103	yes
GCA_000002515.1_at_weighted_1000k_r08	GCA_000002515.1	at_weighted	7.675283643313486	1000000	8	2019965803	1.051317136135713e-06	16	623230	5	39	ok	6	14.0	102	yes
GCA_000002515.1_at_weighted_1000k_r09	GCA_000002515.1	at_weighted	7.675283643313486	1000000	9	1559842434	1.051317136135713e-06	9	1062590	4	32	ok	6	18.3	101	yes
GCA_000002515.1_at_weighted_1000k_r10	GCA_000002515.1	at_weighted	7.675283643313486	1000000	10	4262134962	1.051317136135713e-06	7	1122109	4	30	ok	6	14.6	104	yes
GCA_000002515.1_at_weighted_500k_r01	GCA_000002515.1	at_weighted	7.675283643313486	500000	1	1195627849	2.919218589043153e-06	30	391598	9	53	ok	6	12.5	98	yes
GCA_000002515.1_at_weighted_500k_r02	GCA_000002515.1	at_weighted	7.675283643313486	500000	2	1330778900	2.919218589043153e-06	26	667637	5	49	ok	6	14.5	101	yes
GCA_000002515.1_at_weighted_500k_r03	GCA_000002515.1	at_weighted	7.675283643313486	500000	3	1080962605	2.919218589043153e-06	47	307459	11	70	ok	6	9.8	98	yes
GCA_000002515.1_at_weighted_500k_r04	GCA_000002515.1	at_weighted	7.675283643313486	500000	4	3091368372	2.919218589043153e-06	33	399846	10	56	ok	6	13.4	98	yes
GCA_000002515.1_at_weighted_500k_r05	GCA_000002515.1	at_weighted	7.675283643313486	500000	5	983158276	2.919218589043153e-06	31	397603	10	54	ok	6	14.9	97	yes
GCA_000002515.1_at_weighted_500k_r06	GCA_000002515.1	at_weighted	7.675283643313486	500000	6	1732156608	2.919218589043153e-06	32	349788	10	55	ok	6	14.4	98	yes
GCA_000002515.1_at_weighted_500k_r07	GCA_000002515.1	at_weighted	7.675283643313486	500000	7	838897649	2.919218589043153e-06	32	546849	8	55	ok	6	21.8	97	yes
GCA_000002515.1_at_weighted_500k_r08	GCA_000002515.1	at_weighted	7.675283643313486	500000	8	1767885374	2.919218589043153e-06	25	559496	6	48	ok	6	13.5	101	yes
GCA_000002515.1_at_weighted_500k_r09	GCA_000002515.1	at_weighted	7.675283643313486	500000	9	3697855797	2.919218589043153e-06	40	355890	10	63	ok	6	17.3	98	yes
GCA_000002515.1_at_weighted_500k_r10	GCA_000002515.1	at_weighted	7.675283643313486	500000	10	2248329260	2.919218589043153e-06	30	601727	7	53	ok	6	14.3	99	yes
GCA_000002515.1_at_weighted_200k_r01	GCA_000002515.1	at_weighted	7.675283643313486	200000	1	164850298	8.015335994141174e-06	89	172989	17	112	ok	6	11.2	96	yes
GCA_000002515.1_at_weighted_200k_r02	GCA_000002515.1	at_weighted	7.675283643313486	200000	2	3028791294	8.015335994141174e-06	85	182844	17	108	ok	6	14.2	97	yes
GCA_000002515.1_at_weighted_200k_r03	GCA_000002515.1	at_weighted	7.675283643313486	200000	3	2638287889	8.015335994141174e-06	86	182709	19	109	ok	6	9.1	96	yes
GCA_000002515.1_at_weighted_200k_r04	GCA_000002515.1	at_weighted	7.675283643313486	200000	4	2981733214	8.015335994141174e-06	77	326284	11	100	ok	6	12.8	97	yes
GCA_000002515.1_at_weighted_200k_r05	GCA_000002515.1	at_weighted	7.675283643313486	200000	5	2598442445	8.015335994141174e-06	66	262071	13	89	ok	6	15.8	97	yes
GCA_000002515.1_at_weighted_200k_r06	GCA_000002515.1	at_weighted	7.675283643313486	200000	6	681480024	8.015335994141174e-06	88	199941	16	111	ok	6	15.3	97	yes
GCA_000002515.1_at_weighted_200k_r07	GCA_000002515.1	at_weighted	7.675283643313486	200000	7	3458454949	8.015335994141174e-06	84	170880	22	107	ok	6	24.3	96	yes
GCA_000002515.1_at_weighted_200k_r08	GCA_000002515.1	at_weighted	7.675283643313486	200000	8	3238971002	8.015335994141174e-06	73	215114	17	96	ok	5	13.4	97	yes
GCA_000002515.1_at_weighted_200k_r09	GCA_000002515.1	at_weighted	7.675283643313486	200000	9	2285196342	8.015335994141174e-06	83	181001	16	106	ok	6	15.5	96	yes
GCA_000002515.1_at_weighted_200k_r10	GCA_000002515.1	at_weighted	7.675283643313486	200000	10	3125645940	8.015335994141174e-06	82	211059	17	105	ok	6	13.7	96	yes
GCA_000002515.1_at_weighted_100k_r01	GCA_000002515.1	at_weighted	7.675283643313486	100000	1	799566834	1.6030671988282352e-05	181	89563	37	204	ok	6	11.2	96	yes
GCA_000002515.1_at_weighted_100k_r02	GCA_000002515.1	at_weighted	7.675283643313486	100000	2	1844367359	1.6030671988282352e-05	166	101556	31	189	ok	6	13.7	96	yes
GCA_000002515.1_at_weighted_100k_r03	GCA_000002515.1	at_weighted	7.675283643313486	100000	3	82323949	1.6030671988282352e-05	179	101991	33	202	ok	6	9.3	96	yes
GCA_000002515.1_at_weighted_100k_r04	GCA_000002515.1	at_weighted	7.675283643313486	100000	4	1838484864	1.6030671988282352e-05	155	106078	33	178	ok	6	13.1	96	yes
GCA_000002515.1_at_weighted_100k_r05	GCA_000002515.1	at_weighted	7.675283643313486	100000	5	1119496825	1.6030671988282352e-05	173	90131	34	196	ok	6	16.0	96	yes
GCA_000002515.1_at_weighted_100k_r06	GCA_000002515.1	at_weighted	7.675283643313486	100000	6	3555576296	1.6030671988282352e-05	177	100614	35	200	ok	6	14.9	96	yes
GCA_000002515.1_at_weighted_100k_r07	GCA_000002515.1	at_weighted	7.675283643313486	100000	7	3988232075	1.6030671988282352e-05	176	99334	32	199	ok	6	22.1	96	yes
GCA_000002515.1_at_weighted_100k_r08	GCA_000002515.1	at_weighted	7.675283643313486	100000	8	3299676390	1.6030671988282352e-05	169	115367	30	192	ok	6	13.3	96	yes
GCA_000002515.1_at_weighted_100k_r09	GCA_000002515.1	at_weighted	7.675283643313486	100000	9	3759123994	1.6030671988282352e-05	195	92344	38	218	ok	6	14.7	95	yes
GCA_000002515.1_at_weighted_100k_r10	GCA_000002515.1	at_weighted	7.675283643313486	100000	10	1420812673	1.6030671988282352e-05	149	105391	29	172	ok	6	13.9	96	yes
GCA_000002515.1_at_weighted_50k_r01	GCA_000002515.1	at_weighted	7.675283643313486	50000	1	2206160036	3.3599999999999976e-05	362	50069	65	385	ok	6	12.5	95	yes
GCA_000002515.1_at_weighted_50k_r02	GCA_000002515.1	at_weighted	7.675283643313486	50000	2	1073164840	3.3599999999999976e-05	356	51781	67	379	ok	5	13.5	95	yes
GCA_000002515.1_at_weighted_50k_r03	GCA_000002515.1	at_weighted	7.675283643313486	50000	3	2449952753	3.3599999999999976e-05	353	47636	71	376	ok	6	9.4	95	yes
GCA_000002515.1_at_weighted_50k_r04	GCA_000002515.1	at_weighted	7.675283643313486	50000	4	644418230	3.3599999999999976e-05	384	47489	69	407	ok	6	13.0	95	yes
GCA_000002515.1_at_weighted_50k_r05	GCA_000002515.1	at_weighted	7.675283643313486	50000	5	3884653945	3.3599999999999976e-05	395	45617	78	418	ok	6	14.8	95	yes
GCA_000002515.1_at_weighted_50k_r06	GCA_000002515.1	at_weighted	7.675283643313486	50000	6	416030993	3.3599999999999976e-05	329	54388	64	352	ok	6	15.3	95	yes
GCA_000002515.1_at_weighted_50k_r07	GCA_000002515.1	at_weighted	7.675283643313486	50000	7	1592246654	3.3599999999999976e-05	380	45098	73	403	ok	6	22.5	95	yes
GCA_000002515.1_at_weighted_50k_r08	GCA_000002515.1	at_weighted	7.675283643313486	50000	8	1265463203	3.3599999999999976e-05	343	53112	63	366	ok	6	14.2	95	yes
GCA_000002515.1_at_weighted_50k_r09	GCA_000002515.1	at_weighted	7.675283643313486	50000	9	2496831898	3.3599999999999976e-05	335	49344	71	358	ok	6	15.1	95	yes
GCA_000002515.1_at_weighted_50k_r10	GCA_000002515.1	at_weighted	7.675283643313486	50000	10	531240340	3.3599999999999976e-05	338	53821	64	361	ok	6	14.5	96	yes
GCA_000002515.1_at_weighted_20k_r01	GCA_000002515.1	at_weighted	7.675283643313486	20000	1	1853064476	8.400000000000002e-05	848	20757	165	871	ok	5	13.1	95	yes
GCA_000002515.1_at_weighted_20k_r02	GCA_000002515.1	at_weighted	7.675283643313486	20000	2	3771542234	8.400000000000002e-05	890	19716	164	913	ok	6	14.1	95	yes
GCA_000002515.1_at_weighted_20k_r03	GCA_000002515.1	at_weighted	7.675283643313486	20000	3	1800724848	8.400000000000002e-05	902	18889	169	925	ok	5	9.7	94	yes
GCA_000002515.1_at_weighted_20k_r04	GCA_000002515.1	at_weighted	7.675283643313486	20000	4	1165439649	8.400000000000002e-05	894	18931	181	917	ok	5	13.9	95	yes
GCA_000002515.1_at_weighted_20k_r05	GCA_000002515.1	at_weighted	7.675283643313486	20000	5	2591005821	8.400000000000002e-05	882	21993	162	905	ok	6	14.8	94	yes
GCA_000002515.1_at_weighted_20k_r06	GCA_000002515.1	at_weighted	7.675283643313486	20000	6	3689320227	8.400000000000002e-05	923	19429	177	946	ok	5	16.2	95	yes
GCA_000002515.1_at_weighted_20k_r07	GCA_000002515.1	at_weighted	7.675283643313486	20000	7	2511435183	8.400000000000002e-05	910	19838	165	933	ok	6	26.5	95	yes
GCA_000002515.1_at_weighted_20k_r08	GCA_000002515.1	at_weighted	7.675283643313486	20000	8	2453580501	8.400000000000002e-05	911	18953	170	934	ok	5	16.2	95	yes
GCA_000002515.1_at_weighted_20k_r09	GCA_000002515.1	at_weighted	7.675283643313486	20000	9	3424928222	8.400000000000002e-05	908	20054	164	931	ok	6	14.8	95	yes
GCA_000002515.1_at_weighted_20k_r10	GCA_000002515.1	at_weighted	7.675283643313486	20000	10	3991159147	8.400000000000002e-05	924	19211	171	947	ok	6	14.7	95	yes
GCA_000002515.1_at_weighted_10k_r01	GCA_000002515.1	at_weighted	7.675283643313486	10000	1	1650553700	0.000168	1851	9939	344	1874	ok	4	13.7	95	yes
GCA_000002515.1_at_weighted_10k_r02	GCA_000002515.1	at_weighted	7.675283643313486	10000	2	2478013929	0.000168	1739	10211	327	1762	ok	4	14.5	95	yes
GCA_000002515.1_at_weighted_10k_r03	GCA_000002515.1	at_weighted	7.675283643313486	10000	3	908519410	0.000168	1834	9961	341	1857	ok	5	10.1	94	yes
GCA_000002515.1_at_weighted_10k_r04	GCA_000002515.1	at_weighted	7.675283643313486	10000	4	3948019492	0.000168	1907	9501	355	1930	ok	3	15.0	95	yes
GCA_000002515.1_at_weighted_10k_r05	GCA_000002515.1	at_weighted	7.675283643313486	10000	5	2517863753	0.000168	1829	9531	343	1852	ok	5	15.1	94	yes
GCA_000002515.1_at_weighted_10k_r06	GCA_000002515.1	at_weighted	7.675283643313486	10000	6	548878171	0.000168	1813	10028	330	1836	ok	6	16.7	95	yes
GCA_000002515.1_at_weighted_10k_r07	GCA_000002515.1	at_weighted	7.675283643313486	10000	7	3447438092	0.000168	1825	10335	334	1848	ok	5	22.7	94	yes
GCA_000002515.1_at_weighted_10k_r08	GCA_000002515.1	at_weighted	7.675283643313486	10000	8	3470359600	0.000168	1759	10106	319	1782	ok	5	17.5	95	yes
GCA_000002515.1_at_weighted_10k_r09	GCA_000002515.1	at_weighted	7.675283643313486	10000	9	2576739987	0.000168	1748	10406	318	1771	ok	5	14.5	95	yes
GCA_000002515.1_at_weighted_10k_r10	GCA_000002515.1	at_weighted	7.675283643313486	10000	10	4007152198	0.000168	1752	10183	333	1775	ok	4	15.7	95	yes
GCA_000002515.1_at_weighted_5k_r01	GCA_000002515.1	at_weighted	7.675283643313486	5000	1	746879797	0.000336	3694	5152	658	3717	ok	6	15.7	94	yes
GCA_000002515.1_at_weighted_5k_r02	GCA_000002515.1	at_weighted	7.675283643313486	5000	2	661071370	0.000336	3588	5031	661	3611	ok	5	15.6	95	yes
GCA_000002515.1_at_weighted_5k_r03	GCA_000002515.1	at_weighted	7.675283643313486	5000	3	1481678321	0.000336	3593	4985	673	3616	ok	4	10.4	95	yes
GCA_000002515.1_at_weighted_5k_r04	GCA_000002515.1	at_weighted	7.675283643313486	5000	4	977318785	0.000336	3645	4922	684	3668	ok	2	16.8	95	yes
GCA_000002515.1_at_weighted_5k_r05	GCA_000002515.1	at_weighted	7.675283643313486	5000	5	3275888638	0.000336	3689	4784	695	3712	ok	6	16.9	95	yes
GCA_000002515.1_at_weighted_5k_r06	GCA_000002515.1	at_weighted	7.675283643313486	5000	6	2220315615	0.000336	3684	4956	687	3707	ok	2	17.4	95	yes
GCA_000002515.1_at_weighted_5k_r07	GCA_000002515.1	at_weighted	7.675283643313486	5000	7	3114285659	0.000336	3599	5105	655	3622	ok	4	24.3	95	yes
GCA_000002515.1_at_weighted_5k_r08	GCA_000002515.1	at_weighted	7.675283643313486	5000	8	2805249606	0.000336	3504	5112	651	3527	ok	5	18.8	95	yes
GCA_000002515.1_at_weighted_5k_r09	GCA_000002515.1	at_weighted	7.675283643313486	5000	9	333512530	0.000336	3662	4962	670	3685	ok	4	16.0	95	yes
GCA_000002515.1_at_weighted_5k_r10	GCA_000002515.1	at_weighted	7.675283643313486	5000	10	2845928681	0.000336	3621	5084	656	3644	ok	4	15.9	95	yes
GCA_000002515.1_at_weighted_g20_50k_r01	GCA_000002515.1	at_weighted_g20	9.98577424517997	50000	1	1442669333	3.3599999999999976e-05	384	44282	76	407	ok	5	14.7	95	yes
GCA_000002515.1_at_weighted_g20_50k_r02	GCA_000002515.1	at_weighted_g20	9.98577424517997	50000	2	1338634093	3.3599999999999976e-05	372	52726	65	395	ok	6	14.5	95	yes
GCA_000002515.1_at_weighted_g20_50k_r03	GCA_000002515.1	at_weighted_g20	9.98577424517997	50000	3	3601882945	3.3599999999999976e-05	328	52388	65	351	ok	6	13.3	95	yes
GCA_000002515.1_at_weighted_g20_50k_r04	GCA_000002515.1	at_weighted_g20	9.98577424517997	50000	4	197263477	3.3599999999999976e-05	346	48743	71	369	ok	6	13.0	95	yes
GCA_000002515.1_at_weighted_g20_50k_r05	GCA_000002515.1	at_weighted_g20	9.98577424517997	50000	5	2749440016	3.3599999999999976e-05	342	52358	60	365	ok	6	13.5	95	yes
GCA_000002515.1_at_weighted_g20_20k_r01	GCA_000002515.1	at_weighted_g20	9.98577424517997	20000	1	45631535	8.400000000000002e-05	858	20844	160	881	ok	4	13.9	95	yes
GCA_000002515.1_at_weighted_g20_20k_r02	GCA_000002515.1	at_weighted_g20	9.98577424517997	20000	2	1325119752	8.400000000000002e-05	910	20231	169	933	ok	5	15.0	95	yes
GCA_000002515.1_at_weighted_g20_20k_r03	GCA_000002515.1	at_weighted_g20	9.98577424517997	20000	3	3227762019	8.400000000000002e-05	873	20776	161	896	ok	6	13.6	95	yes
GCA_000002515.1_at_weighted_g20_20k_r04	GCA_000002515.1	at_weighted_g20	9.98577424517997	20000	4	3804651416	8.400000000000002e-05	892	20715	159	915	ok	6	13.9	95	yes
GCA_000002515.1_at_weighted_g20_20k_r05	GCA_000002515.1	at_weighted_g20	9.98577424517997	20000	5	3083441210	8.400000000000002e-05	863	19463	170	886	ok	6	13.9	95	yes
GCA_000002515.1_at_weighted_g20_10k_r01	GCA_000002515.1	at_weighted_g20	9.98577424517997	10000	1	1369691094	0.000168	1871	9781	343	1894	ok	6	14.5	95	yes
GCA_000002515.1_at_weighted_g20_10k_r02	GCA_000002515.1	at_weighted_g20	9.98577424517997	10000	2	933980852	0.000168	1869	9721	340	1892	ok	5	15.4	95	yes
GCA_000002515.1_at_weighted_g20_10k_r03	GCA_000002515.1	at_weighted_g20	9.98577424517997	10000	3	2242963925	0.000168	1770	10369	329	1793	ok	6	14.3	95	yes
GCA_000002515.1_at_weighted_g20_10k_r04	GCA_000002515.1	at_weighted_g20	9.98577424517997	10000	4	288258897	0.000168	1844	10033	329	1867	ok	4	14.6	95	yes
GCA_000002515.1_at_weighted_g20_10k_r05	GCA_000002515.1	at_weighted_g20	9.98577424517997	10000	5	565018955	0.000168	1797	10069	335	1820	ok	6	15.8	95	yes
GCA_000002515.1_at_weighted_g5_50k_r01	GCA_000002515.1	at_weighted_g5	5.364793041447001	50000	1	3531581642	3.3599999999999976e-05	350	47726	71	373	ok	6	14.5	95	yes
GCA_000002515.1_at_weighted_g5_50k_r02	GCA_000002515.1	at_weighted_g5	5.364793041447001	50000	2	2283929462	3.3599999999999976e-05	345	50370	71	368	ok	6	14.4	95	yes
GCA_000002515.1_at_weighted_g5_50k_r03	GCA_000002515.1	at_weighted_g5	5.364793041447001	50000	3	607239442	3.3599999999999976e-05	366	47938	72	389	ok	6	13.7	95	yes
GCA_000002515.1_at_weighted_g5_50k_r04	GCA_000002515.1	at_weighted_g5	5.364793041447001	50000	4	1503490767	3.3599999999999976e-05	353	51311	67	376	ok	6	13.2	95	yes
GCA_000002515.1_at_weighted_g5_50k_r05	GCA_000002515.1	at_weighted_g5	5.364793041447001	50000	5	2260742706	3.3599999999999976e-05	373	47946	68	396	ok	6	14.3	95	yes
GCA_000002515.1_at_weighted_g5_20k_r01	GCA_000002515.1	at_weighted_g5	5.364793041447001	20000	1	3386669134	8.400000000000002e-05	880	20521	158	903	ok	6	15.2	95	yes
GCA_000002515.1_at_weighted_g5_20k_r02	GCA_000002515.1	at_weighted_g5	5.364793041447001	20000	2	4048328998	8.400000000000002e-05	946	19330	178	969	ok	5	16.1	95	yes
GCA_000002515.1_at_weighted_g5_20k_r03	GCA_000002515.1	at_weighted_g5	5.364793041447001	20000	3	2502230045	8.400000000000002e-05	847	20543	168	870	ok	6	13.9	95	yes
GCA_000002515.1_at_weighted_g5_20k_r04	GCA_000002515.1	at_weighted_g5	5.364793041447001	20000	4	4252835814	8.400000000000002e-05	881	19407	166	904	ok	6	13.7	95	yes
GCA_000002515.1_at_weighted_g5_20k_r05	GCA_000002515.1	at_weighted_g5	5.364793041447001	20000	5	3583325625	8.400000000000002e-05	888	19724	168	911	ok	5	14.4	95	yes
GCA_000002515.1_at_weighted_g5_10k_r01	GCA_000002515.1	at_weighted_g5	5.364793041447001	10000	1	3034242965	0.000168	1774	9981	338	1797	ok	6	15.7	95	yes
GCA_000002515.1_at_weighted_g5_10k_r02	GCA_000002515.1	at_weighted_g5	5.364793041447001	10000	2	1534446386	0.000168	1804	10189	335	1827	ok	6	15.5	95	yes
GCA_000002515.1_at_weighted_g5_10k_r03	GCA_000002515.1	at_weighted_g5	5.364793041447001	10000	3	246647939	0.000168	1868	9760	343	1891	ok	5	14.5	95	yes
GCA_000002515.1_at_weighted_g5_10k_r04	GCA_000002515.1	at_weighted_g5	5.364793041447001	10000	4	3247996038	0.000168	1793	9922	337	1816	ok	6	14.4	95	yes
GCA_000002515.1_at_weighted_g5_10k_r05	GCA_000002515.1	at_weighted_g5	5.364793041447001	10000	5	4242822081	0.000168	1799	10066	338	1822	ok	5	14.7	95	yes
GCA_000002515.1_uniform_1000k_r01	GCA_000002515.1	uniform		1000000	1	171160691	1.1017708989361225e-06	16	964715	4	39	ok	6	11.5	100	yes
GCA_000002515.1_uniform_1000k_r02	GCA_000002515.1	uniform		1000000	2	1400997360	1.1017708989361225e-06	10	1062590	4	33	ok	6	16.3	101	yes
GCA_000002515.1_uniform_1000k_r03	GCA_000002515.1	uniform		1000000	3	4047737716	1.1017708989361225e-06	19	693514	6	42	ok	6	9.7	100	yes
GCA_000002515.1_uniform_1000k_r04	GCA_000002515.1	uniform		1000000	4	2681771834	1.1017708989361225e-06	11	809849	5	34	ok	6	12.8	101	yes
GCA_000002515.1_uniform_1000k_r05	GCA_000002515.1	uniform		1000000	5	3801314197	1.1017708989361225e-06	12	1246954	4	35	ok	6	15.8	104	yes
GCA_000002515.1_uniform_1000k_r06	GCA_000002515.1	uniform		1000000	6	1162122475	1.1017708989361225e-06	14	776053	5	37	ok	6	14.6	102	yes
GCA_000002515.1_uniform_1000k_r07	GCA_000002515.1	uniform		1000000	7	2757720772	1.1017708989361225e-06	16	763917	5	39	ok	6	21.2	102	yes
GCA_000002515.1_uniform_1000k_r08	GCA_000002515.1	uniform		1000000	8	3024882847	1.1017708989361225e-06	9	1091818	4	32	ok	6	14.7	101	yes
GCA_000002515.1_uniform_1000k_r09	GCA_000002515.1	uniform		1000000	9	1801087443	1.1017708989361225e-06	18	774312	6	41	ok	6	17.8	99	yes
GCA_000002515.1_uniform_1000k_r10	GCA_000002515.1	uniform		1000000	10	3175516786	1.1017708989361225e-06	13	964740	4	36	ok	6	14.4	100	yes
GCA_000002515.1_uniform_500k_r01	GCA_000002515.1	uniform		500000	1	1114865506	2.5362610626830645e-06	30	492294	7	53	ok	6	11.2	98	yes
GCA_000002515.1_uniform_500k_r02	GCA_000002515.1	uniform		500000	2	795089095	2.5362610626830645e-06	25	495569	6	48	ok	6	14.6	101	yes
GCA_000002515.1_uniform_500k_r03	GCA_000002515.1	uniform		500000	3	2015488643	2.5362610626830645e-06	24	889996	5	47	ok	6	9.4	99	yes
GCA_000002515.1_uniform_500k_r04	GCA_000002515.1	uniform		500000	4	13398118	2.5362610626830645e-06	30	418932	9	53	ok	6	13.2	98	yes
GCA_000002515.1_uniform_500k_r05	GCA_000002515.1	uniform		500000	5	468332902	2.5362610626830645e-06	26	544652	7	49	ok	6	16.2	99	yes
GCA_000002515.1_uniform_500k_r06	GCA_000002515.1	uniform		500000	6	45274905	2.5362610626830645e-06	23	715711	6	46	ok	6	14.9	98	yes
GCA_000002515.1_uniform_500k_r07	GCA_000002515.1	uniform		500000	7	1661514528	2.5362610626830645e-06	27	531204	7	50	ok	6	25.4	100	yes
GCA_000002515.1_uniform_500k_r08	GCA_000002515.1	uniform		500000	8	3377347428	2.5362610626830645e-06	26	552700	7	49	ok	6	15.0	99	yes
GCA_000002515.1_uniform_500k_r09	GCA_000002515.1	uniform		500000	9	157181737	2.5362610626830645e-06	23	560087	6	46	ok	6	15.6	101	yes
GCA_000002515.1_uniform_500k_r10	GCA_000002515.1	uniform		500000	10	3961799584	2.5362610626830645e-06	28	494918	8	51	ok	6	15.8	98	yes
GCA_000002515.1_uniform_200k_r01	GCA_000002515.1	uniform		200000	1	1635383835	7.648287035592279e-06	85	202391	18	108	ok	6	12.3	97	yes
GCA_000002515.1_uniform_200k_r02	GCA_000002515.1	uniform		200000	2	3753702058	7.648287035592279e-06	84	189147	19	107	ok	6	14.7	96	yes
GCA_000002515.1_uniform_200k_r03	GCA_000002515.1	uniform		200000	3	312558944	7.648287035592279e-06	78	177670	17	101	ok	6	9.3	97	yes
GCA_000002515.1_uniform_200k_r04	GCA_000002515.1	uniform		200000	4	1885664498	7.648287035592279e-06	79	197018	17	102	ok	6	12.6	96	yes
GCA_000002515.1_uniform_200k_r05	GCA_000002515.1	uniform		200000	5	2258887450	7.648287035592279e-06	83	193015	18	106	ok	6	15.3	96	yes
GCA_000002515.1_uniform_200k_r06	GCA_000002515.1	uniform		200000	6	2994498540	7.648287035592279e-06	92	161060	20	115	ok	6	14.1	96	yes
GCA_000002515.1_uniform_200k_r07	GCA_000002515.1	uniform		200000	7	2550828641	7.648287035592279e-06	90	176364	20	113	ok	6	27.6	96	yes
GCA_000002515.1_uniform_200k_r08	GCA_000002515.1	uniform		200000	8	4193716921	7.648287035592279e-06	79	167759	18	102	ok	6	13.8	96	yes
GCA_000002515.1_uniform_200k_r09	GCA_000002515.1	uniform		200000	9	947133664	7.648287035592279e-06	89	202185	17	112	ok	6	15.4	96	yes
GCA_000002515.1_uniform_200k_r10	GCA_000002515.1	uniform		200000	10	1581958317	7.648287035592279e-06	94	210419	18	117	ok	6	15.6	96	yes
GCA_000002515.1_uniform_100k_r01	GCA_000002515.1	uniform		100000	1	2984359079	1.5937016917639934e-05	131	127907	28	154	ok	6	14.2	96	yes
GCA_000002515.1_uniform_100k_r02	GCA_000002515.1	uniform		100000	2	321012311	1.5937016917639934e-05	179	86348	37	202	ok	6	14.9	96	yes
GCA_000002515.1_uniform_100k_r03	GCA_000002515.1	uniform		100000	3	2380823476	1.5937016917639934e-05	187	93032	37	210	ok	6	9.6	96	yes
GCA_000002515.1_uniform_100k_r04	GCA_000002515.1	uniform		100000	4	96652869	1.5937016917639934e-05	194	82933	41	217	ok	6	12.5	96	yes
GCA_000002515.1_uniform_100k_r05	GCA_000002515.1	uniform		100000	5	556182482	1.5937016917639934e-05	170	97664	33	193	ok	6	15.6	96	yes
GCA_000002515.1_uniform_100k_r06	GCA_000002515.1	uniform		100000	6	4104417354	1.5937016917639934e-05	173	121648	30	196	ok	6	14.1	96	yes
GCA_000002515.1_uniform_100k_r07	GCA_000002515.1	uniform		100000	7	1013053475	1.5937016917639934e-05	191	96386	40	214	ok	6	23.6	95	yes
GCA_000002515.1_uniform_100k_r08	GCA_000002515.1	uniform		100000	8	2526531507	1.5937016917639934e-05	186	92773	39	209	ok	6	14.0	96	yes
GCA_000002515.1_uniform_100k_r09	GCA_000002515.1	uniform		100000	9	2707468870	1.5937016917639934e-05	181	91422	38	204	ok	6	15.1	96	yes
GCA_000002515.1_uniform_100k_r10	GCA_000002515.1	uniform		100000	10	59584574	1.5937016917639934e-05	174	98426	37	197	ok	6	13.8	96	yes
GCA_000002515.1_uniform_50k_r01	GCA_000002515.1	uniform		50000	1	3986155189	3.3599999999999976e-05	351	54082	64	374	ok	6	13.8	95	yes
GCA_000002515.1_uniform_50k_r02	GCA_000002515.1	uniform		50000	2	219974089	3.3599999999999976e-05	309	57021	57	332	ok	6	15.5	96	yes
GCA_000002515.1_uniform_50k_r03	GCA_000002515.1	uniform		50000	3	2188282305	3.3599999999999976e-05	369	49083	69	392	ok	6	9.1	95	yes
GCA_000002515.1_uniform_50k_r04	GCA_000002515.1	uniform		50000	4	2078887865	3.3599999999999976e-05	376	45609	73	399	ok	6	13.0	95	yes
GCA_000002515.1_uniform_50k_r05	GCA_000002515.1	uniform		50000	5	1303184578	3.3599999999999976e-05	352	49000	68	375	ok	6	17.9	95	yes
GCA_000002515.1_uniform_50k_r06	GCA_000002515.1	uniform		50000	6	2911905740	3.3599999999999976e-05	355	49748	65	378	ok	6	14.7	95	yes
GCA_000002515.1_uniform_50k_r07	GCA_000002515.1	uniform		50000	7	2276639456	3.3599999999999976e-05	388	47812	63	411	ok	6	20.7	95	yes
GCA_000002515.1_uniform_50k_r08	GCA_000002515.1	uniform		50000	8	1912710578	3.3599999999999976e-05	325	49200	67	348	ok	6	14.5	95	yes
GCA_000002515.1_uniform_50k_r09	GCA_000002515.1	uniform		50000	9	2282162007	3.3599999999999976e-05	349	50863	68	372	ok	6	16.6	95	yes
GCA_000002515.1_uniform_50k_r10	GCA_000002515.1	uniform		50000	10	52155592	3.3599999999999976e-05	379	48054	72	402	ok	6	13.8	95	yes
GCA_000002515.1_uniform_20k_r01	GCA_000002515.1	uniform		20000	1	225501733	8.400000000000002e-05	913	19228	179	936	ok	6	13.8	95	yes
GCA_000002515.1_uniform_20k_r02	GCA_000002515.1	uniform		20000	2	4268461184	8.400000000000002e-05	902	19386	176	925	ok	6	15.4	95	yes
GCA_000002515.1_uniform_20k_r03	GCA_000002515.1	uniform		20000	3	2494644073	8.400000000000002e-05	904	20633	167	927	ok	6	10.0	95	yes
GCA_000002515.1_uniform_20k_r04	GCA_000002515.1	uniform		20000	4	1645928444	8.400000000000002e-05	920	20075	169	943	ok	6	13.1	95	yes
GCA_000002515.1_uniform_20k_r05	GCA_000002515.1	uniform		20000	5	1713131889	8.400000000000002e-05	908	19854	177	931	ok	5	17.1	95	yes
GCA_000002515.1_uniform_20k_r06	GCA_000002515.1	uniform		20000	6	2717439769	8.400000000000002e-05	917	19550	176	940	ok	6	14.7	95	yes
GCA_000002515.1_uniform_20k_r07	GCA_000002515.1	uniform		20000	7	3453363413	8.400000000000002e-05	895	19814	168	918	ok	6	28.7	95	yes
GCA_000002515.1_uniform_20k_r08	GCA_000002515.1	uniform		20000	8	2084275086	8.400000000000002e-05	943	17606	188	966	ok	6	13.9	95	yes
GCA_000002515.1_uniform_20k_r09	GCA_000002515.1	uniform		20000	9	972260215	8.400000000000002e-05	876	20216	170	899	ok	6	17.3	95	yes
GCA_000002515.1_uniform_20k_r10	GCA_000002515.1	uniform		20000	10	938989443	8.400000000000002e-05	892	19532	170	915	ok	6	15.8	95	yes
GCA_000002515.1_uniform_10k_r01	GCA_000002515.1	uniform		10000	1	1712972577	0.000168	1758	10248	331	1781	ok	6	13.0	95	yes
GCA_000002515.1_uniform_10k_r02	GCA_000002515.1	uniform		10000	2	3184835342	0.000168	1810	9896	334	1833	ok	6	16.4	95	yes
GCA_000002515.1_uniform_10k_r03	GCA_000002515.1	uniform		10000	3	2658642638	0.000168	1817	9895	340	1840	ok	6	10.6	95	yes
GCA_000002515.1_uniform_10k_r04	GCA_000002515.1	uniform		10000	4	931146000	0.000168	1794	10087	329	1817	ok	6	13.6	95	yes
GCA_000002515.1_uniform_10k_r05	GCA_000002515.1	uniform		10000	5	4032596681	0.000168	1832	10330	332	1855	ok	6	18.7	94	yes
GCA_000002515.1_uniform_10k_r06	GCA_000002515.1	uniform		10000	6	1264878545	0.000168	1831	9528	349	1854	ok	6	15.5	95	yes
GCA_000002515.1_uniform_10k_r07	GCA_000002515.1	uniform		10000	7	2603348035	0.000168	1706	10792	303	1729	ok	6	33.0	95	yes
GCA_000002515.1_uniform_10k_r08	GCA_000002515.1	uniform		10000	8	3850345327	0.000168	1824	10187	331	1847	ok	6	14.3	95	yes
GCA_000002515.1_uniform_10k_r09	GCA_000002515.1	uniform		10000	9	3512759166	0.000168	1763	10321	322	1786	ok	6	19.2	95	yes
GCA_000002515.1_uniform_10k_r10	GCA_000002515.1	uniform		10000	10	918942924	0.000168	1882	9434	355	1905	ok	6	14.8	95	yes
GCA_000002515.1_uniform_5k_r01	GCA_000002515.1	uniform		5000	1	2905729802	0.000336	3622	4984	674	3645	ok	6	14.1	95	yes
GCA_000002515.1_uniform_5k_r02	GCA_000002515.1	uniform		5000	2	1988371106	0.000336	3637	5093	669	3660	ok	5	16.9	95	yes
GCA_000002515.1_uniform_5k_r03	GCA_000002515.1	uniform		5000	3	247020086	0.000336	3645	4717	699	3668	ok	4	10.9	95	yes
GCA_000002515.1_uniform_5k_r04	GCA_000002515.1	uniform		5000	4	2628178649	0.000336	3686	4830	698	3709	ok	5	14.8	95	yes
GCA_000002515.1_uniform_5k_r05	GCA_000002515.1	uniform		5000	5	1988644412	0.000336	3635	4975	667	3658	ok	5	16.8	94	yes
GCA_000002515.1_uniform_5k_r06	GCA_000002515.1	uniform		5000	6	745604735	0.000336	3536	5048	662	3559	ok	5	15.9	95	yes
GCA_000002515.1_uniform_5k_r07	GCA_000002515.1	uniform		5000	7	4024801264	0.000336	3509	5154	665	3532	ok	6	31.3	94	yes
GCA_000002515.1_uniform_5k_r08	GCA_000002515.1	uniform		5000	8	2011527940	0.000336	3638	4925	682	3661	ok	4	15.2	94	yes
GCA_000002515.1_uniform_5k_r09	GCA_000002515.1	uniform		5000	9	524488869	0.000336	3607	5026	675	3630	ok	5	20.4	95	yes
GCA_000002515.1_uniform_5k_r10	GCA_000002515.1	uniform		5000	10	3438291182	0.000336	3405	5442	627	3428	ok	5	16.1	95	yes
GCA_000002545.2_at_weighted_1000k_r01	GCA_000002545.2	at_weighted	7.675283643313486	1000000	1	853633027	3.748586690493621e-07	4	957019	6	20	ok	13	12.1	101	yes
GCA_000002545.2_at_weighted_1000k_r02	GCA_000002545.2	at_weighted	7.675283643313486	1000000	2	3566372827	3.748586690493621e-07	5	992211	5	21	ok	13	13.1	101	yes
GCA_000002545.2_at_weighted_1000k_r03	GCA_000002545.2	at_weighted	7.675283643313486	1000000	3	2775814827	3.748586690493621e-07	7	927101	6	23	ok	13	9.1	101	yes
GCA_000002545.2_at_weighted_1000k_r04	GCA_000002545.2	at_weighted	7.675283643313486	1000000	4	3624455004	3.748586690493621e-07	7	832039	6	23	ok	13	16.2	99	yes
GCA_000002545.2_at_weighted_1000k_r05	GCA_000002545.2	at_weighted	7.675283643313486	1000000	5	4231801439	3.748586690493621e-07	3	836484	6	19	ok	13	15.6	101	yes
GCA_000002545.2_at_weighted_1000k_r06	GCA_000002545.2	at_weighted	7.675283643313486	1000000	6	43622536	3.748586690493621e-07	5	1050361	5	21	ok	13	14.1	101	yes
GCA_000002545.2_at_weighted_1000k_r07	GCA_000002545.2	at_weighted	7.675283643313486	1000000	7	1500835340	3.748586690493621e-07	3	1050361	5	19	ok	13	13.7	101	yes
GCA_000002545.2_at_weighted_1000k_r08	GCA_000002545.2	at_weighted	7.675283643313486	1000000	8	600399335	3.748586690493621e-07	6	778753	6	22	ok	13	11.0	100	yes
GCA_000002545.2_at_weighted_1000k_r09	GCA_000002545.2	at_weighted	7.675283643313486	1000000	9	3330431742	3.748586690493621e-07	5	911952	6	21	ok	13	14.6	101	yes
GCA_000002545.2_at_weighted_1000k_r10	GCA_000002545.2	at_weighted	7.675283643313486	1000000	10	1433547870	3.748586690493621e-07	2	992211	5	18	ok	13	14.5	101	yes
GCA_000002545.2_at_weighted_500k_r01	GCA_000002545.2	at_weighted	7.675283643313486	500000	1	3370664442	2.203541797872245e-06	24	650957	8	40	ok	13	11.1	98	yes
GCA_000002545.2_at_weighted_500k_r02	GCA_000002545.2	at_weighted	7.675283643313486	500000	2	606293862	2.203541797872245e-06	19	519869	7	35	ok	13	13.3	100	yes
GCA_000002545.2_at_weighted_500k_r03	GCA_000002545.2	at_weighted	7.675283643313486	500000	3	393172577	2.203541797872245e-06	27	505223	9	43	ok	13	9.1	99	yes
GCA_000002545.2_at_weighted_500k_r04	GCA_000002545.2	at_weighted	7.675283643313486	500000	4	2969600282	2.203541797872245e-06	21	584596	8	37	ok	13	16.6	100	yes
GCA_000002545.2_at_weighted_500k_r05	GCA_000002545.2	at_weighted	7.675283643313486	500000	5	1123776523	2.203541797872245e-06	29	464545	9	45	ok	13	15.9	99	yes
GCA_000002545.2_at_weighted_500k_r06	GCA_000002545.2	at_weighted	7.675283643313486	500000	6	2546383155	2.203541797872245e-06	17	580125	8	33	ok	13	13.6	98	yes
GCA_000002545.2_at_weighted_500k_r07	GCA_000002545.2	at_weighted	7.675283643313486	500000	7	1092942257	2.203541797872245e-06	22	651701	7	38	ok	13	13.7	100	yes
GCA_000002545.2_at_weighted_500k_r08	GCA_000002545.2	at_weighted	7.675283643313486	500000	8	3674704812	2.203541797872245e-06	30	491328	9	46	ok	13	11.5	98	yes
GCA_000002545.2_at_weighted_500k_r09	GCA_000002545.2	at_weighted	7.675283643313486	500000	9	231560370	2.203541797872245e-06	27	465841	9	43	ok	13	14.3	97	yes
GCA_000002545.2_at_weighted_500k_r10	GCA_000002545.2	at_weighted	7.675283643313486	500000	10	1119609303	2.203541797872245e-06	20	651701	7	36	ok	13	15.2	98	yes
GCA_000002545.2_at_weighted_200k_r01	GCA_000002545.2	at_weighted	7.675283643313486	200000	1	130300520	7.829660935820024e-06	103	158868	23	119	ok	13	11.0	97	yes
GCA_000002545.2_at_weighted_200k_r02	GCA_000002545.2	at_weighted	7.675283643313486	200000	2	3905913012	7.829660935820024e-06	95	189677	21	111	ok	13	13.0	97	yes
GCA_000002545.2_at_weighted_200k_r03	GCA_000002545.2	at_weighted	7.675283643313486	200000	3	1615525176	7.829660935820024e-06	102	194541	23	117	ok	13	8.9	96	yes
GCA_000002545.2_at_weighted_200k_r04	GCA_000002545.2	at_weighted	7.675283643313486	200000	4	1910006036	7.829660935820024e-06	118	144356	28	134	ok	13	16.3	96	yes
GCA_000002545.2_at_weighted_200k_r05	GCA_000002545.2	at_weighted	7.675283643313486	200000	5	3466092438	7.829660935820024e-06	96	201579	22	112	ok	13	17.0	96	yes
GCA_000002545.2_at_weighted_200k_r06	GCA_000002545.2	at_weighted	7.675283643313486	200000	6	1361992928	7.829660935820024e-06	98	174831	24	114	ok	13	13.3	96	yes
GCA_000002545.2_at_weighted_200k_r07	GCA_000002545.2	at_weighted	7.675283643313486	200000	7	2426572901	7.829660935820024e-06	105	175318	25	121	ok	13	13.6	96	yes
GCA_000002545.2_at_weighted_200k_r08	GCA_000002545.2	at_weighted	7.675283643313486	200000	8	1949522455	7.829660935820024e-06	90	203456	19	106	ok	13	20.6	97	yes
GCA_000002545.2_at_weighted_200k_r09	GCA_000002545.2	at_weighted	7.675283643313486	200000	9	2456666913	7.829660935820024e-06	106	149509	27	122	ok	13	13.9	96	yes
GCA_000002545.2_at_weighted_200k_r10	GCA_000002545.2	at_weighted	7.675283643313486	200000	10	2325300973	7.829660935820024e-06	99	187698	23	115	ok	13	14.9	97	yes
GCA_000002545.2_at_weighted_100k_r01	GCA_000002545.2	at_weighted	7.675283643313486	100000	1	1358312395	1.6030671988282352e-05	208	89397	40	224	ok	12	11.2	96	yes
GCA_000002545.2_at_weighted_100k_r02	GCA_000002545.2	at_weighted	7.675283643313486	100000	2	833627980	1.6030671988282352e-05	205	95995	39	221	ok	13	13.0	96	yes
GCA_000002545.2_at_weighted_100k_r03	GCA_000002545.2	at_weighted	7.675283643313486	100000	3	2654932478	1.6030671988282352e-05	190	99347	39	206	ok	13	9.2	96	yes
GCA_000002545.2_at_weighted_100k_r04	GCA_000002545.2	at_weighted	7.675283643313486	100000	4	3278310986	1.6030671988282352e-05	185	104240	39	201	ok	13	18.3	96	yes
GCA_000002545.2_at_weighted_100k_r05	GCA_000002545.2	at_weighted	7.675283643313486	100000	5	3922903465	1.6030671988282352e-05	205	89111	41	221	ok	13	15.1	95	yes
GCA_000002545.2_at_weighted_100k_r06	GCA_000002545.2	at_weighted	7.675283643313486	100000	6	3342170227	1.6030671988282352e-05	186	107665	37	202	ok	12	13.3	96	yes
GCA_000002545.2_at_weighted_100k_r07	GCA_000002545.2	at_weighted	7.675283643313486	100000	7	177877017	1.6030671988282352e-05	191	103767	37	207	ok	13	13.7	96	yes
GCA_000002545.2_at_weighted_100k_r08	GCA_000002545.2	at_weighted	7.675283643313486	100000	8	1079876176	1.6030671988282352e-05	190	103439	38	206	ok	13	15.0	96	yes
GCA_000002545.2_at_weighted_100k_r09	GCA_000002545.2	at_weighted	7.675283643313486	100000	9	3027451588	1.6030671988282352e-05	222	83170	45	238	ok	13	14.5	96	yes
GCA_000002545.2_at_weighted_100k_r10	GCA_000002545.2	at_weighted	7.675283643313486	100000	10	1759299611	1.6030671988282352e-05	204	98029	38	220	ok	13	14.4	96	yes
GCA_000002545.2_at_weighted_50k_r01	GCA_000002545.2	at_weighted	7.675283643313486	50000	1	2627938697	3.3599999999999976e-05	398	50672	77	414	ok	13	11.0	95	yes
GCA_000002545.2_at_weighted_50k_r02	GCA_000002545.2	at_weighted	7.675283643313486	50000	2	2798543430	3.3599999999999976e-05	447	44787	84	463	ok	12	13.2	95	yes
GCA_000002545.2_at_weighted_50k_r03	GCA_000002545.2	at_weighted	7.675283643313486	50000	3	1811640661	3.3599999999999976e-05	379	55705	71	395	ok	13	9.0	95	yes
GCA_000002545.2_at_weighted_50k_r04	GCA_000002545.2	at_weighted	7.675283643313486	50000	4	1652476214	3.3599999999999976e-05	403	51628	74	419	ok	13	13.6	95	yes
GCA_000002545.2_at_weighted_50k_r05	GCA_000002545.2	at_weighted	7.675283643313486	50000	5	3358429726	3.3599999999999976e-05	396	50010	77	412	ok	13	16.6	95	yes
GCA_000002545.2_at_weighted_50k_r06	GCA_000002545.2	at_weighted	7.675283643313486	50000	6	1354721385	3.3599999999999976e-05	424	47872	84	440	ok	13	13.5	95	yes
GCA_000002545.2_at_weighted_50k_r07	GCA_000002545.2	at_weighted	7.675283643313486	50000	7	974077813	3.3599999999999976e-05	451	46596	84	467	ok	13	13.8	95	yes
GCA_000002545.2_at_weighted_50k_r08	GCA_000002545.2	at_weighted	7.675283643313486	50000	8	1068472347	3.3599999999999976e-05	395	52660	74	411	ok	13	14.0	95	yes
GCA_000002545.2_at_weighted_50k_r09	GCA_000002545.2	at_weighted	7.675283643313486	50000	9	2861313656	3.3599999999999976e-05	396	52739	72	412	ok	12	14.9	95	yes
GCA_000002545.2_at_weighted_50k_r10	GCA_000002545.2	at_weighted	7.675283643313486	50000	10	946613038	3.3599999999999976e-05	378	51053	76	394	ok	13	14.3	95	yes
GCA_000002545.2_at_weighted_20k_r01	GCA_000002545.2	at_weighted	7.675283643313486	20000	1	1281937637	8.400000000000002e-05	1025	20170	186	1041	ok	13	10.9	95	yes
GCA_000002545.2_at_weighted_20k_r02	GCA_000002545.2	at_weighted	7.675283643313486	20000	2	1686492893	8.400000000000002e-05	1005	21323	176	1021	ok	13	13.5	95	yes
GCA_000002545.2_at_weighted_20k_r03	GCA_000002545.2	at_weighted	7.675283643313486	20000	3	829071832	8.400000000000002e-05	1066	19376	198	1082	ok	13	9.3	95	yes
GCA_000002545.2_at_weighted_20k_r04	GCA_000002545.2	at_weighted	7.675283643313486	20000	4	872267945	8.400000000000002e-05	1031	19783	191	1047	ok	13	14.1	95	yes
GCA_000002545.2_at_weighted_20k_r05	GCA_000002545.2	at_weighted	7.675283643313486	20000	5	2929305848	8.400000000000002e-05	998	22013	179	1014	ok	13	15.5	95	yes
GCA_000002545.2_at_weighted_20k_r06	GCA_000002545.2	at_weighted	7.675283643313486	20000	6	3739774985	8.400000000000002e-05	1044	19646	189	1060	ok	11	13.5	95	yes
GCA_000002545.2_at_weighted_20k_r07	GCA_000002545.2	at_weighted	7.675283643313486	20000	7	931784655	8.400000000000002e-05	1018	19217	194	1034	ok	12	14.1	95	yes
GCA_000002545.2_at_weighted_20k_r08	GCA_000002545.2	at_weighted	7.675283643313486	20000	8	2641826399	8.400000000000002e-05	1043	18992	194	1059	ok	12	14.2	95	yes
GCA_000002545.2_at_weighted_20k_r09	GCA_000002545.2	at_weighted	7.675283643313486	20000	9	3468307403	8.400000000000002e-05	1047	19176	199	1063	ok	13	15.3	95	yes
GCA_000002545.2_at_weighted_20k_r10	GCA_000002545.2	at_weighted	7.675283643313486	20000	10	3485200246	8.400000000000002e-05	1003	20989	184	1019	ok	12	14.5	95	yes
GCA_000002545.2_at_weighted_10k_r01	GCA_000002545.2	at_weighted	7.675283643313486	10000	1	2558452373	0.000168	2087	10007	375	2103	ok	13	11.5	95	yes
GCA_000002545.2_at_weighted_10k_r02	GCA_000002545.2	at_weighted	7.675283643313486	10000	2	4248304220	0.000168	2008	10432	360	2024	ok	12	14.0	95	yes
GCA_000002545.2_at_weighted_10k_r03	GCA_000002545.2	at_weighted	7.675283643313486	10000	3	684121368	0.000168	2129	9629	400	2145	ok	13	10.0	95	yes
GCA_000002545.2_at_weighted_10k_r04	GCA_000002545.2	at_weighted	7.675283643313486	10000	4	3108901280	0.000168	2052	10092	368	2068	ok	13	13.8	94	yes
GCA_000002545.2_at_weighted_10k_r05	GCA_000002545.2	at_weighted	7.675283643313486	10000	5	549833515	0.000168	2137	9712	385	2153	ok	13	16.8	94	yes
GCA_000002545.2_at_weighted_10k_r06	GCA_000002545.2	at_weighted	7.675283643313486	10000	6	20399891	0.000168	2022	10390	367	2038	ok	13	13.3	95	yes
GCA_000002545.2_at_weighted_10k_r07	GCA_000002545.2	at_weighted	7.675283643313486	10000	7	2134554804	0.000168	2105	9846	389	2121	ok	12	14.4	94	yes
GCA_000002545.2_at_weighted_10k_r08	GCA_000002545.2	at_weighted	7.675283643313486	10000	8	4175296621	0.000168	1985	10306	373	2001	ok	13	16.7	95	yes
GCA_000002545.2_at_weighted_10k_r09	GCA_000002545.2	at_weighted	7.675283643313486	10000	9	1172396780	0.000168	2065	10356	358	2081	ok	12	15.8	95	yes
GCA_000002545.2_at_weighted_10k_r10	GCA_000002545.2	at_weighted	7.675283643313486	10000	10	2956147635	0.000168	2094	10151	375	2110	ok	11	14.5	95	yes
GCA_000002545.2_at_weighted_5k_r01	GCA_000002545.2	at_weighted	7.675283643313486	5000	1	3879464080	0.0003521249766775	4272	5087	766	4288	ok	12	12.2	95	yes
GCA_000002545.2_at_weighted_5k_r02	GCA_000002545.2	at_weighted	7.675283643313486	5000	2	968767180	0.0003521249766775	4373	4940	785	4389	ok	11	14.3	95	yes
GCA_000002545.2_at_weighted_5k_r03	GCA_000002545.2	at_weighted	7.675283643313486	5000	3	1183029190	0.0003521249766775	4376	4951	783	4392	ok	11	10.3	94	yes
GCA_000002545.2_at_weighted_5k_r04	GCA_000002545.2	at_weighted	7.675283643313486	5000	4	3338123999	0.0003521249766775	4318	5016	772	4334	ok	12	14.2	95	yes
GCA_000002545.2_at_weighted_5k_r05	GCA_000002545.2	at_weighted	7.675283643313486	5000	5	795461311	0.0003521249766775	4348	4813	774	4364	ok	10	16.9	95	yes
GCA_000002545.2_at_weighted_5k_r06	GCA_000002545.2	at_weighted	7.675283643313486	5000	6	1993370918	0.0003521249766775	4267	5040	760	4283	ok	13	14.2	94	yes
GCA_000002545.2_at_weighted_5k_r07	GCA_000002545.2	at_weighted	7.675283643313486	5000	7	54392671	0.0003521249766775	4333	4772	784	4349	ok	12	15.2	95	yes
GCA_000002545.2_at_weighted_5k_r08	GCA_000002545.2	at_weighted	7.675283643313486	5000	8	515090193	0.0003521249766775	4254	5060	763	4270	ok	10	14.3	94	yes
GCA_000002545.2_at_weighted_5k_r09	GCA_000002545.2	at_weighted	7.675283643313486	5000	9	3891416932	0.0003521249766775	4381	4905	774	4397	ok	13	16.3	95	yes
GCA_000002545.2_at_weighted_5k_r10	GCA_000002545.2	at_weighted	7.675283643313486	5000	10	1023146460	0.0003521249766775	4393	4850	786	4409	ok	12	14.4	95	yes
GCA_000002545.2_at_weighted_g20_50k_r01	GCA_000002545.2	at_weighted_g20	9.98577424517997	50000	1	2661532477	3.3599999999999976e-05	431	48000	77	447	ok	13	15.1	95	yes
GCA_000002545.2_at_weighted_g20_50k_r02	GCA_000002545.2	at_weighted_g20	9.98577424517997	50000	2	3132992066	3.3599999999999976e-05	408	48389	76	424	ok	13	16.0	95	yes
GCA_000002545.2_at_weighted_g20_50k_r03	GCA_000002545.2	at_weighted_g20	9.98577424517997	50000	3	3684028704	3.3599999999999976e-05	391	47693	79	407	ok	12	13.3	95	yes
GCA_000002545.2_at_weighted_g20_50k_r04	GCA_000002545.2	at_weighted_g20	9.98577424517997	50000	4	339555732	3.3599999999999976e-05	396	47565	74	412	ok	13	12.8	96	yes
GCA_000002545.2_at_weighted_g20_50k_r05	GCA_000002545.2	at_weighted_g20	9.98577424517997	50000	5	858926664	3.3599999999999976e-05	386	55181	69	402	ok	13	12.8	95	yes
GCA_000002545.2_at_weighted_g20_20k_r01	GCA_000002545.2	at_weighted_g20	9.98577424517997	20000	1	2615647636	8.400000000000002e-05	1040	20730	195	1056	ok	12	15.1	95	yes
GCA_000002545.2_at_weighted_g20_20k_r02	GCA_000002545.2	at_weighted_g20	9.98577424517997	20000	2	3071591701	8.400000000000002e-05	995	20063	184	1011	ok	13	17.6	95	yes
GCA_000002545.2_at_weighted_g20_20k_r03	GCA_000002545.2	at_weighted_g20	9.98577424517997	20000	3	1293378903	8.400000000000002e-05	1067	19729	192	1083	ok	12	14.1	95	yes
GCA_000002545.2_at_weighted_g20_20k_r04	GCA_000002545.2	at_weighted_g20	9.98577424517997	20000	4	3904438035	8.400000000000002e-05	1080	19096	208	1096	ok	12	13.4	95	yes
GCA_000002545.2_at_weighted_g20_20k_r05	GCA_000002545.2	at_weighted_g20	9.98577424517997	20000	5	1813353861	8.400000000000002e-05	1014	20454	187	1030	ok	12	13.6	95	yes
GCA_000002545.2_at_weighted_g20_10k_r01	GCA_000002545.2	at_weighted_g20	9.98577424517997	10000	1	3865010889	0.0001760624883387	2179	10087	381	2195	ok	13	16.0	95	yes
GCA_000002545.2_at_weighted_g20_10k_r02	GCA_000002545.2	at_weighted_g20	9.98577424517997	10000	2	1408565925	0.0001760624883387	2109	10336	373	2125	ok	13	15.6	95	yes
GCA_000002545.2_at_weighted_g20_10k_r03	GCA_000002545.2	at_weighted_g20	9.98577424517997	10000	3	1733071929	0.0001760624883387	2230	9254	409	2246	ok	12	14.1	95	yes
GCA_000002545.2_at_weighted_g20_10k_r04	GCA_000002545.2	at_weighted_g20	9.98577424517997	10000	4	1600082263	0.0001760624883387	2126	10142	390	2142	ok	12	13.8	95	yes
GCA_000002545.2_at_weighted_g20_10k_r05	GCA_000002545.2	at_weighted_g20	9.98577424517997	10000	5	2754817262	0.0001760624883387	2124	9952	373	2140	ok	13	13.5	95	yes
GCA_000002545.2_at_weighted_g5_50k_r01	GCA_000002545.2	at_weighted_g5	5.364793041447001	50000	1	2567660176	3.282165683832206e-05	407	50992	79	423	ok	13	16.9	95	yes
GCA_000002545.2_at_weighted_g5_50k_r02	GCA_000002545.2	at_weighted_g5	5.364793041447001	50000	2	2743925172	3.282165683832206e-05	411	48875	79	427	ok	13	15.6	95	yes
GCA_000002545.2_at_weighted_g5_50k_r03	GCA_000002545.2	at_weighted_g5	5.364793041447001	50000	3	1233886257	3.282165683832206e-05	418	46903	80	434	ok	13	13.0	95	yes
GCA_000002545.2_at_weighted_g5_50k_r04	GCA_000002545.2	at_weighted_g5	5.364793041447001	50000	4	323980534	3.282165683832206e-05	419	44772	89	435	ok	13	15.1	95	yes
GCA_000002545.2_at_weighted_g5_50k_r05	GCA_000002545.2	at_weighted_g5	5.364793041447001	50000	5	3277650891	3.282165683832206e-05	414	49319	72	430	ok	13	12.7	95	yes
GCA_000002545.2_at_weighted_g5_20k_r01	GCA_000002545.2	at_weighted_g5	5.364793041447001	20000	1	1218394343	8.400000000000002e-05	968	21318	179	984	ok	12	17.7	95	yes
GCA_000002545.2_at_weighted_g5_20k_r02	GCA_000002545.2	at_weighted_g5	5.364793041447001	20000	2	592775847	8.400000000000002e-05	1031	21637	180	1047	ok	13	14.5	95	yes
GCA_000002545.2_at_weighted_g5_20k_r03	GCA_000002545.2	at_weighted_g5	5.364793041447001	20000	3	1526289989	8.400000000000002e-05	1051	19810	189	1067	ok	13	14.5	95	yes
GCA_000002545.2_at_weighted_g5_20k_r04	GCA_000002545.2	at_weighted_g5	5.364793041447001	20000	4	1102411830	8.400000000000002e-05	1027	20003	198	1043	ok	13	13.4	95	yes
GCA_000002545.2_at_weighted_g5_20k_r05	GCA_000002545.2	at_weighted_g5	5.364793041447001	20000	5	2518198713	8.400000000000002e-05	1027	19617	193	1043	ok	13	13.8	95	yes
GCA_000002545.2_at_weighted_g5_10k_r01	GCA_000002545.2	at_weighted_g5	5.364793041447001	10000	1	3608009997	0.000168	2070	10170	369	2086	ok	13	16.2	95	yes
GCA_000002545.2_at_weighted_g5_10k_r02	GCA_000002545.2	at_weighted_g5	5.364793041447001	10000	2	1218816054	0.000168	2041	10217	380	2057	ok	13	16.3	95	yes
GCA_000002545.2_at_weighted_g5_10k_r03	GCA_000002545.2	at_weighted_g5	5.364793041447001	10000	3	74501405	0.000168	2110	9899	392	2126	ok	13	14.3	95	yes
GCA_000002545.2_at_weighted_g5_10k_r04	GCA_000002545.2	at_weighted_g5	5.364793041447001	10000	4	2385561930	0.000168	2075	10212	388	2090	ok	13	13.2	95	yes
GCA_000002545.2_at_weighted_g5_10k_r05	GCA_000002545.2	at_weighted_g5	5.364793041447001	10000	5	3140618830	0.000168	2054	10308	367	2070	ok	13	13.7	95	yes
GCA_000002545.2_uniform_1000k_r01	GCA_000002545.2	uniform		1000000	1	298094282	2.5763634429947977e-07	3	927101	6	19	ok	13	11.3	101	yes
GCA_000002545.2_uniform_1000k_r02	GCA_000002545.2	uniform		1000000	2	1699362237	2.5763634429947977e-07	1	992211	6	17	ok	13	13.3	100	yes
GCA_000002545.2_uniform_1000k_r03	GCA_000002545.2	uniform		1000000	3	1056017488	2.5763634429947977e-07	4	927101	6	20	ok	13	9.3	101	yes
GCA_000002545.2_uniform_1000k_r04	GCA_000002545.2	uniform		1000000	4	1205839074	2.5763634429947977e-07	3	927101	6	19	ok	13	14.4	101	yes
GCA_000002545.2_uniform_1000k_r05	GCA_000002545.2	uniform		1000000	5	3617730418	2.5763634429947977e-07	1	1100349	5	17	ok	13	16.0	101	yes
GCA_000002545.2_uniform_1000k_r06	GCA_000002545.2	uniform		1000000	6	52727900	2.5763634429947977e-07	4	1100349	5	20	ok	13	12.3	103	yes
GCA_000002545.2_uniform_1000k_r07	GCA_000002545.2	uniform		1000000	7	3823595314	2.5763634429947977e-07	2	1021665	5	18	ok	13	14.2	102	yes
GCA_000002545.2_uniform_1000k_r08	GCA_000002545.2	uniform		1000000	8	1718700761	2.5763634429947977e-07	2	992211	6	18	ok	13	16.0	102	yes
GCA_000002545.2_uniform_1000k_r09	GCA_000002545.2	uniform		1000000	9	1290257807	2.5763634429947977e-07	4	1100349	5	20	ok	13	13.8	102	yes
GCA_000002545.2_uniform_1000k_r10	GCA_000002545.2	uniform		1000000	10	3577437755	2.5763634429947977e-07	1	1100349	5	17	ok	13	16.8	102	yes
GCA_000002545.2_uniform_500k_r01	GCA_000002545.2	uniform		500000	1	1091615171	1.914470291095901e-06	20	502101	8	36	ok	13	11.5	99	yes
GCA_000002545.2_uniform_500k_r02	GCA_000002545.2	uniform		500000	2	856063306	1.914470291095901e-06	36	414950	12	52	ok	13	12.8	97	yes
GCA_000002545.2_uniform_500k_r03	GCA_000002545.2	uniform		500000	3	2742493566	1.914470291095901e-06	22	502101	10	38	ok	13	9.2	99	yes
GCA_000002545.2_uniform_500k_r04	GCA_000002545.2	uniform		500000	4	4039445597	1.914470291095901e-06	26	494039	8	42	ok	13	14.2	98	yes
GCA_000002545.2_uniform_500k_r05	GCA_000002545.2	uniform		500000	5	1941633766	1.914470291095901e-06	22	632512	7	38	ok	13	14.4	99	yes
GCA_000002545.2_uniform_500k_r06	GCA_000002545.2	uniform		500000	6	2122585224	1.914470291095901e-06	26	501562	9	42	ok	13	13.2	98	yes
GCA_000002545.2_uniform_500k_r07	GCA_000002545.2	uniform		500000	7	4010697465	1.914470291095901e-06	20	546988	7	36	ok	13	14.1	100	yes
GCA_000002545.2_uniform_500k_r08	GCA_000002545.2	uniform		500000	8	3122139605	1.914470291095901e-06	25	564382	8	41	ok	13	15.5	97	yes
GCA_000002545.2_uniform_500k_r09	GCA_000002545.2	uniform		500000	9	1226732931	1.914470291095901e-06	22	560066	8	38	ok	13	14.0	99	yes
GCA_000002545.2_uniform_500k_r10	GCA_000002545.2	uniform		500000	10	2275418826	1.914470291095901e-06	22	491328	7	38	ok	13	15.6	98	yes
GCA_000002545.2_uniform_200k_r01	GCA_000002545.2	uniform		200000	1	1429418661	7.298046472607876e-06	98	228281	18	114	ok	13	11.6	97	yes
GCA_000002545.2_uniform_200k_r02	GCA_000002545.2	uniform		200000	2	3720317387	7.298046472607876e-06	76	224422	19	92	ok	13	13.1	97	yes
GCA_000002545.2_uniform_200k_r03	GCA_000002545.2	uniform		200000	3	1469062890	7.298046472607876e-06	95	172295	23	111	ok	13	8.9	96	yes
GCA_000002545.2_uniform_200k_r04	GCA_000002545.2	uniform		200000	4	1832427886	7.298046472607876e-06	94	223750	19	110	ok	13	14.1	97	yes
GCA_000002545.2_uniform_200k_r05	GCA_000002545.2	uniform		200000	5	3712215934	7.298046472607876e-06	94	191985	19	110	ok	13	16.5	96	yes
GCA_000002545.2_uniform_200k_r06	GCA_000002545.2	uniform		200000	6	1252143707	7.298046472607876e-06	82	191060	18	98	ok	13	13.7	97	yes
GCA_000002545.2_uniform_200k_r07	GCA_000002545.2	uniform		200000	7	1073247546	7.298046472607876e-06	103	222161	20	119	ok	13	13.3	97	yes
GCA_000002545.2_uniform_200k_r08	GCA_000002545.2	uniform		200000	8	2726395275	7.298046472607876e-06	97	175231	22	113	ok	13	17.5	97	yes
GCA_000002545.2_uniform_200k_r09	GCA_000002545.2	uniform		200000	9	277048627	7.298046472607876e-06	84	216738	20	100	ok	13	13.8	97	yes
GCA_000002545.2_uniform_200k_r10	GCA_000002545.2	uniform		200000	10	1362117477	7.298046472607876e-06	92	183079	21	108	ok	13	14.6	96	yes
GCA_000002545.2_uniform_100k_r01	GCA_000002545.2	uniform		100000	1	3590808763	1.529657407118456e-05	189	123214	35	205	ok	13	11.6	96	yes
GCA_000002545.2_uniform_100k_r02	GCA_000002545.2	uniform		100000	2	1845466673	1.529657407118456e-05	175	125509	32	191	ok	13	13.4	96	yes
GCA_000002545.2_uniform_100k_r03	GCA_000002545.2	uniform		100000	3	2065027892	1.529657407118456e-05	172	104543	37	188	ok	13	8.9	96	yes
GCA_000002545.2_uniform_100k_r04	GCA_000002545.2	uniform		100000	4	1785344328	1.529657407118456e-05	189	92636	37	205	ok	13	13.8	96	yes
GCA_000002545.2_uniform_100k_r05	GCA_000002545.2	uniform		100000	5	3138941888	1.529657407118456e-05	192	95794	40	208	ok	13	14.4	96	yes
GCA_000002545.2_uniform_100k_r06	GCA_000002545.2	uniform		100000	6	2562839028	1.529657407118456e-05	204	98614	40	220	ok	13	13.0	96	yes
GCA_000002545.2_uniform_100k_r07	GCA_000002545.2	uniform		100000	7	1933413999	1.529657407118456e-05	186	92163	36	202	ok	13	13.7	96	yes
GCA_000002545.2_uniform_100k_r08	GCA_000002545.2	uniform		100000	8	765228723	1.529657407118456e-05	189	96228	37	205	ok	13	17.8	96	yes
GCA_000002545.2_uniform_100k_r09	GCA_000002545.2	uniform		100000	9	1053343283	1.529657407118456e-05	171	119161	35	187	ok	13	14.0	96	yes
GCA_000002545.2_uniform_100k_r10	GCA_000002545.2	uniform		100000	10	3927786200	1.529657407118456e-05	193	93074	43	209	ok	13	15.9	96	yes
GCA_000002545.2_uniform_50k_r01	GCA_000002545.2	uniform		50000	1	1359690439	3.243927295384733e-05	421	46929	91	437	ok	13	11.1	95	yes
GCA_000002545.2_uniform_50k_r02	GCA_000002545.2	uniform		50000	2	195177817	3.243927295384733e-05	366	54835	74	381	ok	12	13.2	95	yes
GCA_000002545.2_uniform_50k_r03	GCA_000002545.2	uniform		50000	3	4044695691	3.243927295384733e-05	422	47164	82	438	ok	13	8.9	95	yes
GCA_000002545.2_uniform_50k_r04	GCA_000002545.2	uniform		50000	4	2797200317	3.243927295384733e-05	394	56366	70	410	ok	13	13.7	95	yes
GCA_000002545.2_uniform_50k_r05	GCA_000002545.2	uniform		50000	5	170099890	3.243927295384733e-05	401	48654	81	417	ok	13	15.2	95	yes
GCA_000002545.2_uniform_50k_r06	GCA_000002545.2	uniform		50000	6	1317061499	3.243927295384733e-05	403	50628	77	419	ok	13	13.2	95	yes
GCA_000002545.2_uniform_50k_r07	GCA_000002545.2	uniform		50000	7	1570779278	3.243927295384733e-05	379	50828	72	395	ok	13	13.2	96	yes
GCA_000002545.2_uniform_50k_r08	GCA_000002545.2	uniform		50000	8	3088971124	3.243927295384733e-05	386	52985	75	402	ok	13	14.1	95	yes
GCA_000002545.2_uniform_50k_r09	GCA_000002545.2	uniform		50000	9	293902049	3.243927295384733e-05	420	48187	87	436	ok	13	13.9	95	yes
GCA_000002545.2_uniform_50k_r10	GCA_000002545.2	uniform		50000	10	4222849769	3.243927295384733e-05	404	47193	84	420	ok	13	16.1	95	yes
GCA_000002545.2_uniform_20k_r01	GCA_000002545.2	uniform		20000	1	1636280393	8.400000000000002e-05	997	20694	186	1013	ok	13	11.1	95	yes
GCA_000002545.2_uniform_20k_r02	GCA_000002545.2	uniform		20000	2	1045978098	8.400000000000002e-05	1017	21113	187	1033	ok	13	13.2	95	yes
GCA_000002545.2_uniform_20k_r03	GCA_000002545.2	uniform		20000	3	2181800301	8.400000000000002e-05	1011	20423	199	1027	ok	12	9.2	95	yes
GCA_000002545.2_uniform_20k_r04	GCA_000002545.2	uniform		20000	4	3182786029	8.400000000000002e-05	1002	19792	189	1018	ok	13	17.3	95	yes
GCA_000002545.2_uniform_20k_r05	GCA_000002545.2	uniform		20000	5	3047812039	8.400000000000002e-05	1061	18869	193	1077	ok	13	15.6	95	yes
GCA_000002545.2_uniform_20k_r06	GCA_000002545.2	uniform		20000	6	3903729811	8.400000000000002e-05	1016	19345	202	1032	ok	13	13.9	95	yes
GCA_000002545.2_uniform_20k_r07	GCA_000002545.2	uniform		20000	7	760545461	8.400000000000002e-05	1105	18287	211	1121	ok	11	14.3	95	yes
GCA_000002545.2_uniform_20k_r08	GCA_000002545.2	uniform		20000	8	1460233501	8.400000000000002e-05	1020	18712	202	1036	ok	12	14.3	95	yes
GCA_000002545.2_uniform_20k_r09	GCA_000002545.2	uniform		20000	9	3794925339	8.400000000000002e-05	1024	20362	193	1040	ok	13	14.6	95	yes
GCA_000002545.2_uniform_20k_r10	GCA_000002545.2	uniform		20000	10	3117893770	8.400000000000002e-05	1051	19187	200	1067	ok	13	15.8	95	yes
GCA_000002545.2_uniform_10k_r01	GCA_000002545.2	uniform		10000	1	541598621	0.000168	2043	9893	387	2059	ok	12	12.1	95	yes
GCA_000002545.2_uniform_10k_r02	GCA_000002545.2	uniform		10000	2	717914833	0.000168	2122	10001	390	2138	ok	13	13.7	95	yes
GCA_000002545.2_uniform_10k_r03	GCA_000002545.2	uniform		10000	3	3473199902	0.000168	1976	10844	369	1992	ok	13	9.2	95	yes
GCA_000002545.2_uniform_10k_r04	GCA_000002545.2	uniform		10000	4	577276079	0.000168	2030	9887	380	2046	ok	13	16.6	95	yes
GCA_000002545.2_uniform_10k_r05	GCA_000002545.2	uniform		10000	5	4012692920	0.000168	2118	9716	392	2134	ok	13	16.4	95	yes
GCA_000002545.2_uniform_10k_r06	GCA_000002545.2	uniform		10000	6	3579830815	0.000168	2026	10050	381	2042	ok	13	14.0	95	yes
GCA_000002545.2_uniform_10k_r07	GCA_000002545.2	uniform		10000	7	589269446	0.000168	2114	9609	406	2130	ok	13	14.3	95	yes
GCA_000002545.2_uniform_10k_r08	GCA_000002545.2	uniform		10000	8	2122233409	0.000168	2089	9389	395	2105	ok	12	12.5	95	yes
GCA_000002545.2_uniform_10k_r09	GCA_000002545.2	uniform		10000	9	2186610958	0.000168	2096	9713	412	2111	ok	13	15.4	95	yes
GCA_000002545.2_uniform_10k_r10	GCA_000002545.2	uniform		10000	10	3637009397	0.000168	2085	9714	390	2101	ok	13	15.3	95	yes
GCA_000002545.2_uniform_5k_r01	GCA_000002545.2	uniform		5000	1	2182252613	0.000336	3959	5217	757	3974	ok	13	11.8	95	yes
GCA_000002545.2_uniform_5k_r02	GCA_000002545.2	uniform		5000	2	285021528	0.000336	4212	5039	770	4228	ok	13	14.2	95	yes
GCA_000002545.2_uniform_5k_r03	GCA_000002545.2	uniform		5000	3	3027391108	0.000336	4025	5086	772	4041	ok	13	9.2	94	yes
GCA_000002545.2_uniform_5k_r04	GCA_000002545.2	uniform		5000	4	1797019578	0.000336	4205	4814	800	4221	ok	12	19.6	95	yes
GCA_000002545.2_uniform_5k_r05	GCA_000002545.2	uniform		5000	5	3063372967	0.000336	4067	5066	770	4083	ok	13	17.5	94	yes
GCA_000002545.2_uniform_5k_r06	GCA_000002545.2	uniform		5000	6	1324391756	0.000336	4105	4952	781	4121	ok	11	14.6	95	yes
GCA_000002545.2_uniform_5k_r07	GCA_000002545.2	uniform		5000	7	2949814809	0.000336	4213	4944	770	4229	ok	12	14.6	95	yes
GCA_000002545.2_uniform_5k_r08	GCA_000002545.2	uniform		5000	8	1843638653	0.000336	4219	5045	772	4235	ok	12	14.3	95	yes
GCA_000002545.2_uniform_5k_r09	GCA_000002545.2	uniform		5000	9	909287464	0.000336	4221	4836	797	4236	ok	11	15.0	95	yes
GCA_000002545.2_uniform_5k_r10	GCA_000002545.2	uniform		5000	10	2187317205	0.000336	4154	4924	781	4170	ok	12	15.8	95	yes
GCA_000026365.1_at_weighted_1000k_r01	GCA_000026365.1	at_weighted	7.675283643313486	1000000	1	3140113132	9.572351455479503e-07	4	1114666	4	13	ok	7	11.6	101	yes
GCA_000026365.1_at_weighted_1000k_r02	GCA_000026365.1	at_weighted	7.675283643313486	1000000	2	2893537836	9.572351455479503e-07	10	818074	5	19	ok	7	12.9	98	yes
GCA_000026365.1_at_weighted_1000k_r03	GCA_000026365.1	at_weighted	7.675283643313486	1000000	3	4213189685	9.572351455479503e-07	9	1114666	4	18	ok	7	9.3	102	yes
GCA_000026365.1_at_weighted_1000k_r04	GCA_000026365.1	at_weighted	7.675283643313486	1000000	4	3420554853	9.572351455479503e-07	8	910455	4	17	ok	7	11.6	100	yes
GCA_000026365.1_at_weighted_1000k_r05	GCA_000026365.1	at_weighted	7.675283643313486	1000000	5	2081294294	9.572351455479503e-07	13	657408	5	22	ok	7	11.6	101	yes
GCA_000026365.1_at_weighted_1000k_r06	GCA_000026365.1	at_weighted	7.675283643313486	1000000	6	2366513885	9.572351455479503e-07	8	831006	5	17	ok	7	15.7	101	yes
GCA_000026365.1_at_weighted_1000k_r07	GCA_000026365.1	at_weighted	7.675283643313486	1000000	7	2953678487	9.572351455479503e-07	6	1126043	4	15	ok	7	11.9	102	yes
GCA_000026365.1_at_weighted_1000k_r08	GCA_000026365.1	at_weighted	7.675283643313486	1000000	8	2571796484	9.572351455479503e-07	7	1085025	4	16	ok	7	11.0	101	yes
GCA_000026365.1_at_weighted_1000k_r09	GCA_000026365.1	at_weighted	7.675283643313486	1000000	9	1045867823	9.572351455479503e-07	7	1114666	4	16	ok	7	12.7	101	yes
GCA_000026365.1_at_weighted_1000k_r10	GCA_000026365.1	at_weighted	7.675283643313486	1000000	10	3253664872	9.572351455479503e-07	10	861006	5	19	ok	7	10.4	102	yes
GCA_000026365.1_at_weighted_500k_r01	GCA_000026365.1	at_weighted	7.675283643313486	500000	1	375881266	2.3228627035765107e-06	23	465792	8	32	ok	7	10.9	98	yes
GCA_000026365.1_at_weighted_500k_r02	GCA_000026365.1	at_weighted	7.675283643313486	500000	2	3665547974	2.3228627035765107e-06	21	537679	6	30	ok	7	12.8	98	yes
GCA_000026365.1_at_weighted_500k_r03	GCA_000026365.1	at_weighted	7.675283643313486	500000	3	3990317434	2.3228627035765107e-06	25	486297	7	34	ok	7	9.3	99	yes
GCA_000026365.1_at_weighted_500k_r04	GCA_000026365.1	at_weighted	7.675283643313486	500000	4	1663034520	2.3228627035765107e-06	17	611254	6	26	ok	7	11.3	101	yes
GCA_000026365.1_at_weighted_500k_r05	GCA_000026365.1	at_weighted	7.675283643313486	500000	5	1089632895	2.3228627035765107e-06	20	614231	6	29	ok	7	11.5	98	yes
GCA_000026365.1_at_weighted_500k_r06	GCA_000026365.1	at_weighted	7.675283643313486	500000	6	490325293	2.3228627035765107e-06	24	407950	9	33	ok	7	18.9	98	yes
GCA_000026365.1_at_weighted_500k_r07	GCA_000026365.1	at_weighted	7.675283643313486	500000	7	2654911110	2.3228627035765107e-06	19	538404	6	28	ok	7	11.5	101	yes
GCA_000026365.1_at_weighted_500k_r08	GCA_000026365.1	at_weighted	7.675283643313486	500000	8	1420612566	2.3228627035765107e-06	28	475085	8	37	ok	7	10.8	97	yes
GCA_000026365.1_at_weighted_500k_r09	GCA_000026365.1	at_weighted	7.675283643313486	500000	9	35343895	2.3228627035765107e-06	31	716062	6	40	ok	7	11.5	98	yes
GCA_000026365.1_at_weighted_500k_r10	GCA_000026365.1	at_weighted	7.675283643313486	500000	10	2623763529	2.3228627035765107e-06	21	444398	7	30	ok	7	10.5	98	yes
GCA_000026365.1_at_weighted_200k_r01	GCA_000026365.1	at_weighted	7.675283643313486	200000	1	690556087	8.015335994141174e-06	88	212651	17	97	ok	7	10.8	97	yes
GCA_000026365.1_at_weighted_200k_r02	GCA_000026365.1	at_weighted	7.675283643313486	200000	2	952467486	8.015335994141174e-06	75	199123	16	84	ok	7	12.8	96	yes
GCA_000026365.1_at_weighted_200k_r03	GCA_000026365.1	at_weighted	7.675283643313486	200000	3	3895244808	8.015335994141174e-06	77	170230	18	86	ok	7	8.6	97	yes
GCA_000026365.1_at_weighted_200k_r04	GCA_000026365.1	at_weighted	7.675283643313486	200000	4	4034931861	8.015335994141174e-06	78	252938	12	87	ok	7	11.4	96	yes
GCA_000026365.1_at_weighted_200k_r05	GCA_000026365.1	at_weighted	7.675283643313486	200000	5	1297884807	8.015335994141174e-06	66	230518	14	75	ok	7	11.4	96	yes
GCA_000026365.1_at_weighted_200k_r06	GCA_000026365.1	at_weighted	7.675283643313486	200000	6	2801371558	8.015335994141174e-06	76	158100	16	85	ok	7	17.1	96	yes
GCA_000026365.1_at_weighted_200k_r07	GCA_000026365.1	at_weighted	7.675283643313486	200000	7	1495547907	8.015335994141174e-06	72	234357	14	81	ok	7	11.3	97	yes
GCA_000026365.1_at_weighted_200k_r08	GCA_000026365.1	at_weighted	7.675283643313486	200000	8	3235925647	8.015335994141174e-06	91	143514	20	100	ok	7	10.9	96	yes
GCA_000026365.1_at_weighted_200k_r09	GCA_000026365.1	at_weighted	7.675283643313486	200000	9	3232033422	8.015335994141174e-06	70	213086	15	79	ok	7	13.2	96	yes
GCA_000026365.1_at_weighted_200k_r10	GCA_000026365.1	at_weighted	7.675283643313486	200000	10	1088005988	8.015335994141174e-06	71	241599	14	80	ok	7	10.9	97	yes
GCA_000026365.1_at_weighted_100k_r01	GCA_000026365.1	at_weighted	7.675283643313486	100000	1	2113337408	1.6799999999999988e-05	172	89868	35	181	ok	7	10.8	95	yes
GCA_000026365.1_at_weighted_100k_r02	GCA_000026365.1	at_weighted	7.675283643313486	100000	2	2041206325	1.6799999999999988e-05	175	89627	37	184	ok	7	12.7	96	yes
GCA_000026365.1_at_weighted_100k_r03	GCA_000026365.1	at_weighted	7.675283643313486	100000	3	1241452596	1.6799999999999988e-05	168	89942	32	177	ok	7	8.9	95	yes
GCA_000026365.1_at_weighted_100k_r04	GCA_000026365.1	at_weighted	7.675283643313486	100000	4	3147939747	1.6799999999999988e-05	175	85271	38	184	ok	7	12.3	95	yes
GCA_000026365.1_at_weighted_100k_r05	GCA_000026365.1	at_weighted	7.675283643313486	100000	5	766866094	1.6799999999999988e-05	161	99903	31	170	ok	7	11.3	96	yes
GCA_000026365.1_at_weighted_100k_r06	GCA_000026365.1	at_weighted	7.675283643313486	100000	6	2032343054	1.6799999999999988e-05	182	96043	36	191	ok	7	16.5	95	yes
GCA_000026365.1_at_weighted_100k_r07	GCA_000026365.1	at_weighted	7.675283643313486	100000	7	725776445	1.6799999999999988e-05	176	82280	35	185	ok	7	11.6	96	yes
GCA_000026365.1_at_weighted_100k_r08	GCA_000026365.1	at_weighted	7.675283643313486	100000	8	2897217606	1.6799999999999988e-05	143	114926	26	152	ok	7	10.9	96	yes
GCA_000026365.1_at_weighted_100k_r09	GCA_000026365.1	at_weighted	7.675283643313486	100000	9	2018129334	1.6799999999999988e-05	154	104889	34	163	ok	6	12.0	95	yes
GCA_000026365.1_at_weighted_100k_r10	GCA_000026365.1	at_weighted	7.675283643313486	100000	10	1070306076	1.6799999999999988e-05	153	113093	29	162	ok	7	10.9	96	yes
GCA_000026365.1_at_weighted_50k_r01	GCA_000026365.1	at_weighted	7.675283643313486	50000	1	2891557153	3.2061343976564704e-05	296	51532	62	305	ok	7	12.4	95	yes
GCA_000026365.1_at_weighted_50k_r02	GCA_000026365.1	at_weighted	7.675283643313486	50000	2	3157851869	3.2061343976564704e-05	328	44700	62	337	ok	7	13.0	95	yes
GCA_000026365.1_at_weighted_50k_r03	GCA_000026365.1	at_weighted	7.675283643313486	50000	3	1229905429	3.2061343976564704e-05	310	55990	57	319	ok	7	8.1	96	yes
GCA_000026365.1_at_weighted_50k_r04	GCA_000026365.1	at_weighted	7.675283643313486	50000	4	2600613664	3.2061343976564704e-05	340	43174	73	349	ok	7	12.6	95	yes
GCA_000026365.1_at_weighted_50k_r05	GCA_000026365.1	at_weighted	7.675283643313486	50000	5	4279018050	3.2061343976564704e-05	309	51344	61	318	ok	7	11.4	96	yes
GCA_000026365.1_at_weighted_50k_r06	GCA_000026365.1	at_weighted	7.675283643313486	50000	6	598965714	3.2061343976564704e-05	328	49567	65	337	ok	7	15.6	95	yes
GCA_000026365.1_at_weighted_50k_r07	GCA_000026365.1	at_weighted	7.675283643313486	50000	7	1305236313	3.2061343976564704e-05	306	47823	60	315	ok	7	11.3	95	yes
GCA_000026365.1_at_weighted_50k_r08	GCA_000026365.1	at_weighted	7.675283643313486	50000	8	208953825	3.2061343976564704e-05	311	51928	63	320	ok	6	11.0	95	yes
GCA_000026365.1_at_weighted_50k_r09	GCA_000026365.1	at_weighted	7.675283643313486	50000	9	2691388382	3.2061343976564704e-05	325	47410	66	334	ok	7	12.1	95	yes
GCA_000026365.1_at_weighted_50k_r10	GCA_000026365.1	at_weighted	7.675283643313486	50000	10	1368998129	3.2061343976564704e-05	316	52485	58	325	ok	7	11.5	95	yes
GCA_000026365.1_at_weighted_20k_r01	GCA_000026365.1	at_weighted	7.675283643313486	20000	1	3993373967	8.400000000000002e-05	842	19075	154	851	ok	7	11.0	95	yes
GCA_000026365.1_at_weighted_20k_r02	GCA_000026365.1	at_weighted	7.675283643313486	20000	2	1077610262	8.400000000000002e-05	786	21465	143	795	ok	7	15.6	95	yes
GCA_000026365.1_at_weighted_20k_r03	GCA_000026365.1	at_weighted	7.675283643313486	20000	3	598517123	8.400000000000002e-05	829	20602	151	838	ok	7	8.2	95	yes
GCA_000026365.1_at_weighted_20k_r04	GCA_000026365.1	at_weighted	7.675283643313486	20000	4	2335689447	8.400000000000002e-05	810	20346	144	819	ok	6	13.2	95	yes
GCA_000026365.1_at_weighted_20k_r05	GCA_000026365.1	at_weighted	7.675283643313486	20000	5	4219364050	8.400000000000002e-05	804	20356	155	813	ok	6	12.2	95	yes
GCA_000026365.1_at_weighted_20k_r06	GCA_000026365.1	at_weighted	7.675283643313486	20000	6	2447521407	8.400000000000002e-05	777	20160	154	785	ok	6	18.0	95	yes
GCA_000026365.1_at_weighted_20k_r07	GCA_000026365.1	at_weighted	7.675283643313486	20000	7	800333153	8.400000000000002e-05	785	21345	148	794	ok	6	12.3	95	yes
GCA_000026365.1_at_weighted_20k_r08	GCA_000026365.1	at_weighted	7.675283643313486	20000	8	2366512367	8.400000000000002e-05	767	20606	149	776	ok	7	11.5	95	yes
GCA_000026365.1_at_weighted_20k_r09	GCA_000026365.1	at_weighted	7.675283643313486	20000	9	2502058088	8.400000000000002e-05	814	20371	151	823	ok	7	16.2	95	yes
GCA_000026365.1_at_weighted_20k_r10	GCA_000026365.1	at_weighted	7.675283643313486	20000	10	3925641722	8.400000000000002e-05	833	19742	165	842	ok	6	11.4	95	yes
GCA_000026365.1_at_weighted_10k_r01	GCA_000026365.1	at_weighted	7.675283643313486	10000	1	1387304767	0.000168	1674	9410	328	1683	ok	7	12.3	94	yes
GCA_000026365.1_at_weighted_10k_r02	GCA_000026365.1	at_weighted	7.675283643313486	10000	2	3714125335	0.000168	1668	9671	317	1677	ok	4	14.8	95	yes
GCA_000026365.1_at_weighted_10k_r03	GCA_000026365.1	at_weighted	7.675283643313486	10000	3	3512860189	0.000168	1668	9468	314	1676	ok	7	8.7	95	yes
GCA_000026365.1_at_weighted_10k_r04	GCA_000026365.1	at_weighted	7.675283643313486	10000	4	1383150331	0.000168	1668	10258	305	1677	ok	6	14.6	94	yes
GCA_000026365.1_at_weighted_10k_r05	GCA_000026365.1	at_weighted	7.675283643313486	10000	5	3688215965	0.000168	1592	10493	298	1601	ok	7	12.1	94	yes
GCA_000026365.1_at_weighted_10k_r06	GCA_000026365.1	at_weighted	7.675283643313486	10000	6	2629261437	0.000168	1664	9689	318	1673	ok	7	14.7	95	yes
GCA_000026365.1_at_weighted_10k_r07	GCA_000026365.1	at_weighted	7.675283643313486	10000	7	2901224905	0.000168	1609	10530	282	1618	ok	7	12.1	94	yes
GCA_000026365.1_at_weighted_10k_r08	GCA_000026365.1	at_weighted	7.675283643313486	10000	8	2252861578	0.000168	1625	10165	295	1634	ok	7	12.2	95	yes
GCA_000026365.1_at_weighted_10k_r09	GCA_000026365.1	at_weighted	7.675283643313486	10000	9	764155043	0.000168	1698	9586	316	1707	ok	7	15.3	95	yes
GCA_000026365.1_at_weighted_10k_r10	GCA_000026365.1	at_weighted	7.675283643313486	10000	10	4033540477	0.000168	1729	9148	327	1738	ok	7	11.2	95	yes
GCA_000026365.1_at_weighted_5k_r01	GCA_000026365.1	at_weighted	7.675283643313486	5000	1	433829694	0.000336	3238	5157	592	3246	ok	6	12.2	95	yes
GCA_000026365.1_at_weighted_5k_r02	GCA_000026365.1	at_weighted	7.675283643313486	5000	2	2841505303	0.000336	3314	5145	590	3323	ok	7	15.0	95	yes
GCA_000026365.1_at_weighted_5k_r03	GCA_000026365.1	at_weighted	7.675283643313486	5000	3	2914046249	0.000336	3300	5062	609	3309	ok	6	8.9	95	yes
GCA_000026365.1_at_weighted_5k_r04	GCA_000026365.1	at_weighted	7.675283643313486	5000	4	2054617573	0.000336	3230	5156	588	3239	ok	6	13.8	95	yes
GCA_000026365.1_at_weighted_5k_r05	GCA_000026365.1	at_weighted	7.675283643313486	5000	5	3232364129	0.000336	3336	5047	616	3345	ok	7	12.9	95	yes
GCA_000026365.1_at_weighted_5k_r06	GCA_000026365.1	at_weighted	7.675283643313486	5000	6	1967673279	0.000336	3240	5028	595	3249	ok	6	16.2	94	yes
GCA_000026365.1_at_weighted_5k_r07	GCA_000026365.1	at_weighted	7.675283643313486	5000	7	3433165841	0.000336	3233	5126	602	3241	ok	6	12.1	95	yes
GCA_000026365.1_at_weighted_5k_r08	GCA_000026365.1	at_weighted	7.675283643313486	5000	8	3428723064	0.000336	3339	4836	648	3346	ok	7	12.2	95	yes
GCA_000026365.1_at_weighted_5k_r09	GCA_000026365.1	at_weighted	7.675283643313486	5000	9	1335572765	0.000336	3206	5089	617	3215	ok	7	20.0	94	yes
GCA_000026365.1_at_weighted_5k_r10	GCA_000026365.1	at_weighted	7.675283643313486	5000	10	1270409053	0.000336	3257	5065	603	3266	ok	7	10.9	94	yes
GCA_000026365.1_at_weighted_g20_50k_r01	GCA_000026365.1	at_weighted_g20	9.98577424517997	50000	1	2884236193	3.282165683832206e-05	317	52295	60	326	ok	6	11.9	95	yes
GCA_000026365.1_at_weighted_g20_50k_r02	GCA_000026365.1	at_weighted_g20	9.98577424517997	50000	2	811359378	3.282165683832206e-05	307	53768	57	316	ok	7	11.2	95	yes
GCA_000026365.1_at_weighted_g20_50k_r03	GCA_000026365.1	at_weighted_g20	9.98577424517997	50000	3	716078234	3.282165683832206e-05	309	50394	61	318	ok	7	11.8	95	yes
GCA_000026365.1_at_weighted_g20_50k_r04	GCA_000026365.1	at_weighted_g20	9.98577424517997	50000	4	2317154432	3.282165683832206e-05	338	47136	66	347	ok	7	11.6	95	yes
GCA_000026365.1_at_weighted_g20_50k_r05	GCA_000026365.1	at_weighted_g20	9.98577424517997	50000	5	163912052	3.282165683832206e-05	309	53987	60	317	ok	7	9.0	95	yes
GCA_000026365.1_at_weighted_g20_20k_r01	GCA_000026365.1	at_weighted_g20	9.98577424517997	20000	1	3540042956	8.400000000000002e-05	821	18878	163	830	ok	7	12.2	95	yes
GCA_000026365.1_at_weighted_g20_20k_r02	GCA_000026365.1	at_weighted_g20	9.98577424517997	20000	2	2057912159	8.400000000000002e-05	820	20041	146	829	ok	7	12.0	95	yes
GCA_000026365.1_at_weighted_g20_20k_r03	GCA_000026365.1	at_weighted_g20	9.98577424517997	20000	3	2421263403	8.400000000000002e-05	820	20350	155	829	ok	6	12.1	95	yes
GCA_000026365.1_at_weighted_g20_20k_r04	GCA_000026365.1	at_weighted_g20	9.98577424517997	20000	4	3702447116	8.400000000000002e-05	871	18826	159	880	ok	6	11.4	95	yes
GCA_000026365.1_at_weighted_g20_20k_r05	GCA_000026365.1	at_weighted_g20	9.98577424517997	20000	5	3930707572	8.400000000000002e-05	822	20286	149	831	ok	7	7.3	95	yes
GCA_000026365.1_at_weighted_g20_10k_r01	GCA_000026365.1	at_weighted_g20	9.98577424517997	10000	1	121146873	0.000168	1604	10257	301	1613	ok	7	12.5	95	yes
GCA_000026365.1_at_weighted_g20_10k_r02	GCA_000026365.1	at_weighted_g20	9.98577424517997	10000	2	2731940097	0.000168	1643	10238	299	1652	ok	4	12.1	95	yes
GCA_000026365.1_at_weighted_g20_10k_r03	GCA_000026365.1	at_weighted_g20	9.98577424517997	10000	3	328037270	0.000168	1604	10162	305	1613	ok	6	13.6	94	yes
GCA_000026365.1_at_weighted_g20_10k_r04	GCA_000026365.1	at_weighted_g20	9.98577424517997	10000	4	1840908081	0.000168	1700	9541	316	1709	ok	7	11.7	95	yes
GCA_000026365.1_at_weighted_g20_10k_r05	GCA_000026365.1	at_weighted_g20	9.98577424517997	10000	5	1742711243	0.000168	1601	10813	282	1610	ok	7	7.0	95	yes
GCA_000026365.1_at_weighted_g5_50k_r01	GCA_000026365.1	at_weighted_g5	5.364793041447001	50000	1	4114638542	3.2061343976564704e-05	323	48640	65	332	ok	7	11.7	96	yes
GCA_000026365.1_at_weighted_g5_50k_r02	GCA_000026365.1	at_weighted_g5	5.364793041447001	50000	2	4012265301	3.2061343976564704e-05	290	53741	56	299	ok	7	11.0	95	yes
GCA_000026365.1_at_weighted_g5_50k_r03	GCA_000026365.1	at_weighted_g5	5.364793041447001	50000	3	2555999628	3.2061343976564704e-05	355	47405	69	364	ok	7	11.5	95	yes
GCA_000026365.1_at_weighted_g5_50k_r04	GCA_000026365.1	at_weighted_g5	5.364793041447001	50000	4	166096163	3.2061343976564704e-05	292	52966	52	301	ok	7	11.3	95	yes
GCA_000026365.1_at_weighted_g5_50k_r05	GCA_000026365.1	at_weighted_g5	5.364793041447001	50000	5	634980603	3.2061343976564704e-05	303	54325	62	312	ok	7	10.9	95	yes
GCA_000026365.1_at_weighted_g5_20k_r01	GCA_000026365.1	at_weighted_g5	5.364793041447001	20000	1	1762977230	8.400000000000002e-05	781	20639	149	790	ok	7	12.4	95	yes
GCA_000026365.1_at_weighted_g5_20k_r02	GCA_000026365.1	at_weighted_g5	5.364793041447001	20000	2	3258456025	8.400000000000002e-05	787	20407	153	796	ok	7	11.3	95	yes
GCA_000026365.1_at_weighted_g5_20k_r03	GCA_000026365.1	at_weighted_g5	5.364793041447001	20000	3	554396895	8.400000000000002e-05	779	21897	141	788	ok	7	12.4	95	yes
GCA_000026365.1_at_weighted_g5_20k_r04	GCA_000026365.1	at_weighted_g5	5.364793041447001	20000	4	3392790674	8.400000000000002e-05	849	19656	157	858	ok	6	11.9	95	yes
GCA_000026365.1_at_weighted_g5_20k_r05	GCA_000026365.1	at_weighted_g5	5.364793041447001	20000	5	3478532381	8.400000000000002e-05	784	20456	156	793	ok	7	11.3	95	yes
GCA_000026365.1_at_weighted_g5_10k_r01	GCA_000026365.1	at_weighted_g5	5.364793041447001	10000	1	1310751529	0.000168	1654	9717	303	1663	ok	5	13.2	95	yes
GCA_000026365.1_at_weighted_g5_10k_r02	GCA_000026365.1	at_weighted_g5	5.364793041447001	10000	2	522006046	0.000168	1638	10059	307	1647	ok	7	11.7	95	yes
GCA_000026365.1_at_weighted_g5_10k_r03	GCA_000026365.1	at_weighted_g5	5.364793041447001	10000	3	145604927	0.000168	1650	10008	311	1657	ok	6	12.8	95	yes
GCA_000026365.1_at_weighted_g5_10k_r04	GCA_000026365.1	at_weighted_g5	5.364793041447001	10000	4	1137937996	0.000168	1635	10183	302	1644	ok	7	12.5	95	yes
GCA_000026365.1_at_weighted_g5_10k_r05	GCA_000026365.1	at_weighted_g5	5.364793041447001	10000	5	4207766087	0.000168	1593	10301	305	1602	ok	7	10.0	95	yes
GCA_000026365.1_uniform_1000k_r01	GCA_000026365.1	uniform		1000000	1	1136932371	7.935758086049046e-07	9	818074	5	18	ok	7	9.0	101	yes
GCA_000026365.1_uniform_1000k_r02	GCA_000026365.1	uniform		1000000	2	342606714	7.935758086049046e-07	11	899683	5	20	ok	7	14.5	100	yes
GCA_000026365.1_uniform_1000k_r03	GCA_000026365.1	uniform		1000000	3	2991571673	7.935758086049046e-07	7	991600	4	16	ok	7	8.7	101	yes
GCA_000026365.1_uniform_1000k_r04	GCA_000026365.1	uniform		1000000	4	2111165740	7.935758086049046e-07	9	1125211	4	18	ok	7	13.0	101	yes
GCA_000026365.1_uniform_1000k_r05	GCA_000026365.1	uniform		1000000	5	284682400	7.935758086049046e-07	9	818074	5	18	ok	7	12.4	99	yes
GCA_000026365.1_uniform_1000k_r06	GCA_000026365.1	uniform		1000000	6	1431692602	7.935758086049046e-07	6	927396	5	15	ok	7	17.1	102	yes
GCA_000026365.1_uniform_1000k_r07	GCA_000026365.1	uniform		1000000	7	442753638	7.935758086049046e-07	9	867823	5	18	ok	7	12.0	99	yes
GCA_000026365.1_uniform_1000k_r08	GCA_000026365.1	uniform		1000000	8	3656769837	7.935758086049046e-07	15	718654	5	24	ok	7	10.9	100	yes
GCA_000026365.1_uniform_1000k_r09	GCA_000026365.1	uniform		1000000	9	3641092712	7.935758086049046e-07	12	792700	5	21	ok	7	11.0	101	yes
GCA_000026365.1_uniform_1000k_r10	GCA_000026365.1	uniform		1000000	10	4032585046	7.935758086049046e-07	11	723066	5	20	ok	7	11.1	101	yes
GCA_000026365.1_uniform_500k_r01	GCA_000026365.1	uniform		500000	1	4039798412	2.7733870387425194e-06	28	447443	8	37	ok	7	9.1	97	yes
GCA_000026365.1_uniform_500k_r02	GCA_000026365.1	uniform		500000	2	524319365	2.7733870387425194e-06	36	373370	8	45	ok	7	12.6	97	yes
GCA_000026365.1_uniform_500k_r03	GCA_000026365.1	uniform		500000	3	958629716	2.7733870387425194e-06	26	511546	6	34	ok	7	8.7	98	yes
GCA_000026365.1_uniform_500k_r04	GCA_000026365.1	uniform		500000	4	3582406646	2.7733870387425194e-06	30	400997	8	39	ok	7	12.5	98	yes
GCA_000026365.1_uniform_500k_r05	GCA_000026365.1	uniform		500000	5	2766563613	2.7733870387425194e-06	26	559280	6	35	ok	7	13.6	99	yes
GCA_000026365.1_uniform_500k_r06	GCA_000026365.1	uniform		500000	6	2710196706	2.7733870387425194e-06	22	475777	8	31	ok	7	13.9	99	yes
GCA_000026365.1_uniform_500k_r07	GCA_000026365.1	uniform		500000	7	3193042636	2.7733870387425194e-06	37	337229	9	46	ok	7	11.5	98	yes
GCA_000026365.1_uniform_500k_r08	GCA_000026365.1	uniform		500000	8	350181354	2.7733870387425194e-06	28	506878	7	37	ok	7	11.1	99	yes
GCA_000026365.1_uniform_500k_r09	GCA_000026365.1	uniform		500000	9	2874802326	2.7733870387425194e-06	26	474308	8	35	ok	7	11.2	97	yes
GCA_000026365.1_uniform_500k_r10	GCA_000026365.1	uniform		500000	10	180595526	2.7733870387425194e-06	30	396505	8	39	ok	7	10.7	97	yes
GCA_000026365.1_uniform_200k_r01	GCA_000026365.1	uniform		200000	1	542093566	7.471114657238021e-06	61	252455	13	70	ok	7	9.4	98	yes
GCA_000026365.1_uniform_200k_r02	GCA_000026365.1	uniform		200000	2	566043064	7.471114657238021e-06	87	179598	17	96	ok	7	12.1	96	yes
GCA_000026365.1_uniform_200k_r03	GCA_000026365.1	uniform		200000	3	3400010714	7.471114657238021e-06	59	266677	13	68	ok	7	8.7	96	yes
GCA_000026365.1_uniform_200k_r04	GCA_000026365.1	uniform		200000	4	2600851345	7.471114657238021e-06	73	209314	14	82	ok	7	11.9	97	yes
GCA_000026365.1_uniform_200k_r05	GCA_000026365.1	uniform		200000	5	1406348371	7.471114657238021e-06	77	186423	18	86	ok	7	12.5	96	yes
GCA_000026365.1_uniform_200k_r06	GCA_000026365.1	uniform		200000	6	3817972704	7.471114657238021e-06	65	256310	13	74	ok	7	12.5	96	yes
GCA_000026365.1_uniform_200k_r07	GCA_000026365.1	uniform		200000	7	3879839576	7.471114657238021e-06	76	154336	19	85	ok	7	11.2	96	yes
GCA_000026365.1_uniform_200k_r08	GCA_000026365.1	uniform		200000	8	1738763418	7.471114657238021e-06	77	168793	19	86	ok	7	10.7	96	yes
GCA_000026365.1_uniform_200k_r09	GCA_000026365.1	uniform		200000	9	3060614133	7.471114657238021e-06	65	227384	15	74	ok	7	11.2	96	yes
GCA_000026365.1_uniform_200k_r10	GCA_000026365.1	uniform		200000	10	3020055238	7.471114657238021e-06	65	204107	15	74	ok	7	10.5	97	yes
GCA_000026365.1_uniform_100k_r01	GCA_000026365.1	uniform		100000	1	1425201105	1.584390900261666e-05	149	111530	26	158	ok	7	11.1	96	yes
GCA_000026365.1_uniform_100k_r02	GCA_000026365.1	uniform		100000	2	529365958	1.584390900261666e-05	137	114769	26	146	ok	7	11.6	95	yes
GCA_000026365.1_uniform_100k_r03	GCA_000026365.1	uniform		100000	3	387408062	1.584390900261666e-05	159	93156	32	168	ok	7	8.8	96	yes
GCA_000026365.1_uniform_100k_r04	GCA_000026365.1	uniform		100000	4	2460384850	1.584390900261666e-05	166	91720	35	175	ok	6	11.5	96	yes
GCA_000026365.1_uniform_100k_r05	GCA_000026365.1	uniform		100000	5	3030373051	1.584390900261666e-05	171	88434	37	180	ok	7	12.1	95	yes
GCA_000026365.1_uniform_100k_r06	GCA_000026365.1	uniform		100000	6	3217203135	1.584390900261666e-05	148	94183	36	157	ok	7	15.0	95	yes
GCA_000026365.1_uniform_100k_r07	GCA_000026365.1	uniform		100000	7	1984646030	1.584390900261666e-05	139	118345	27	148	ok	7	11.5	96	yes
GCA_000026365.1_uniform_100k_r08	GCA_000026365.1	uniform		100000	8	2115076161	1.584390900261666e-05	174	88448	40	183	ok	7	11.2	96	yes
GCA_000026365.1_uniform_100k_r09	GCA_000026365.1	uniform		100000	9	4050008260	1.584390900261666e-05	152	117512	27	161	ok	7	13.2	95	yes
GCA_000026365.1_uniform_100k_r10	GCA_000026365.1	uniform		100000	10	4246820261	1.584390900261666e-05	163	103667	34	172	ok	7	10.6	96	yes
GCA_000026365.1_uniform_50k_r01	GCA_000026365.1	uniform		50000	1	1958183458	3.3599999999999976e-05	323	47455	64	332	ok	7	12.6	95	yes
GCA_000026365.1_uniform_50k_r02	GCA_000026365.1	uniform		50000	2	3781355612	3.3599999999999976e-05	349	48587	64	358	ok	7	12.2	95	yes
GCA_000026365.1_uniform_50k_r03	GCA_000026365.1	uniform		50000	3	3301826548	3.3599999999999976e-05	327	51357	68	336	ok	7	9.4	95	yes
GCA_000026365.1_uniform_50k_r04	GCA_000026365.1	uniform		50000	4	1256200015	3.3599999999999976e-05	342	49171	65	351	ok	7	11.1	95	yes
GCA_000026365.1_uniform_50k_r05	GCA_000026365.1	uniform		50000	5	213836784	3.3599999999999976e-05	349	45971	70	358	ok	7	11.8	95	yes
GCA_000026365.1_uniform_50k_r06	GCA_000026365.1	uniform		50000	6	856750705	3.3599999999999976e-05	316	48841	65	325	ok	7	14.8	95	yes
GCA_000026365.1_uniform_50k_r07	GCA_000026365.1	uniform		50000	7	402138194	3.3599999999999976e-05	350	42464	72	359	ok	7	11.3	95	yes
GCA_000026365.1_uniform_50k_r08	GCA_000026365.1	uniform		50000	8	4101287129	3.3599999999999976e-05	314	48806	57	323	ok	7	11.6	95	yes
GCA_000026365.1_uniform_50k_r09	GCA_000026365.1	uniform		50000	9	3600330760	3.3599999999999976e-05	334	47153	68	343	ok	6	13.6	95	yes
GCA_000026365.1_uniform_50k_r10	GCA_000026365.1	uniform		50000	10	3869344161	3.3599999999999976e-05	320	49053	63	329	ok	7	10.5	95	yes
GCA_000026365.1_uniform_20k_r01	GCA_000026365.1	uniform		20000	1	1965741760	8.400000000000002e-05	876	17887	178	884	ok	7	12.4	95	yes
GCA_000026365.1_uniform_20k_r02	GCA_000026365.1	uniform		20000	2	4256405794	8.400000000000002e-05	818	19885	149	825	ok	7	12.2	95	yes
GCA_000026365.1_uniform_20k_r03	GCA_000026365.1	uniform		20000	3	574732038	8.400000000000002e-05	829	18932	156	838	ok	7	9.5	95	yes
GCA_000026365.1_uniform_20k_r04	GCA_000026365.1	uniform		20000	4	3314282432	8.400000000000002e-05	846	19117	160	855	ok	7	11.2	94	yes
GCA_000026365.1_uniform_20k_r05	GCA_000026365.1	uniform		20000	5	759437485	8.400000000000002e-05	819	18881	161	828	ok	7	12.4	95	yes
GCA_000026365.1_uniform_20k_r06	GCA_000026365.1	uniform		20000	6	1643235851	8.400000000000002e-05	809	20284	152	818	ok	7	16.2	94	yes
GCA_000026365.1_uniform_20k_r07	GCA_000026365.1	uniform		20000	7	512206007	8.400000000000002e-05	806	19554	155	815	ok	7	11.9	95	yes
GCA_000026365.1_uniform_20k_r08	GCA_000026365.1	uniform		20000	8	2753163753	8.400000000000002e-05	820	21205	148	829	ok	7	11.9	95	yes
GCA_000026365.1_uniform_20k_r09	GCA_000026365.1	uniform		20000	9	2344735293	8.400000000000002e-05	820	19009	158	829	ok	7	15.8	95	yes
GCA_000026365.1_uniform_20k_r10	GCA_000026365.1	uniform		20000	10	1794537006	8.400000000000002e-05	863	19263	157	872	ok	6	10.7	95	yes
GCA_000026365.1_uniform_10k_r01	GCA_000026365.1	uniform		10000	1	2240728669	0.000168	1663	9616	314	1671	ok	7	13.5	95	yes
GCA_000026365.1_uniform_10k_r02	GCA_000026365.1	uniform		10000	2	605634464	0.000168	1649	9826	316	1657	ok	6	12.5	95	yes
GCA_000026365.1_uniform_10k_r03	GCA_000026365.1	uniform		10000	3	1869990381	0.000168	1670	9529	310	1679	ok	6	9.7	95	yes
GCA_000026365.1_uniform_10k_r04	GCA_000026365.1	uniform		10000	4	282262577	0.000168	1645	9821	317	1654	ok	6	11.2	95	yes
GCA_000026365.1_uniform_10k_r05	GCA_000026365.1	uniform		10000	5	4034635218	0.000168	1654	9840	311	1662	ok	7	12.4	95	yes
GCA_000026365.1_uniform_10k_r06	GCA_000026365.1	uniform		10000	6	1748366208	0.000168	1630	10302	305	1638	ok	7	21.2	94	yes
GCA_000026365.1_uniform_10k_r07	GCA_000026365.1	uniform		10000	7	2032641052	0.000168	1633	10109	312	1642	ok	7	12.7	95	yes
GCA_000026365.1_uniform_10k_r08	GCA_000026365.1	uniform		10000	8	3738393282	0.000168	1633	9941	300	1641	ok	7	12.2	95	yes
GCA_000026365.1_uniform_10k_r09	GCA_000026365.1	uniform		10000	9	3745176555	0.000168	1603	9922	307	1612	ok	7	14.1	95	yes
GCA_000026365.1_uniform_10k_r10	GCA_000026365.1	uniform		10000	10	1468024092	0.000168	1640	9930	316	1649	ok	7	10.9	95	yes
GCA_000026365.1_uniform_5k_r01	GCA_000026365.1	uniform		5000	1	655760970	0.000336	3234	4878	607	3242	ok	7	13.0	95	yes
GCA_000026365.1_uniform_5k_r02	GCA_000026365.1	uniform		5000	2	2023574956	0.000336	3284	4945	611	3293	ok	7	13.0	95	yes
GCA_000026365.1_uniform_5k_r03	GCA_000026365.1	uniform		5000	3	4147780875	0.000336	3359	4957	621	3368	ok	7	10.2	94	yes
GCA_000026365.1_uniform_5k_r04	GCA_000026365.1	uniform		5000	4	1773639470	0.000336	3246	5038	615	3254	ok	5	12.3	95	yes
GCA_000026365.1_uniform_5k_r05	GCA_000026365.1	uniform		5000	5	3922974797	0.000336	3209	5063	612	3218	ok	7	12.6	95	yes
GCA_000026365.1_uniform_5k_r06	GCA_000026365.1	uniform		5000	6	355206613	0.000336	3239	5099	605	3247	ok	6	17.1	95	yes
GCA_000026365.1_uniform_5k_r07	GCA_000026365.1	uniform		5000	7	3568324582	0.000336	3311	4755	637	3320	ok	6	13.0	95	yes
GCA_000026365.1_uniform_5k_r08	GCA_000026365.1	uniform		5000	8	2631077070	0.000336	3344	4842	623	3351	ok	6	12.4	95	yes
GCA_000026365.1_uniform_5k_r09	GCA_000026365.1	uniform		5000	9	3251709741	0.000336	3298	4900	628	3306	ok	7	14.3	95	yes
GCA_000026365.1_uniform_5k_r10	GCA_000026365.1	uniform		5000	10	3676895063	0.000336	3416	4888	635	3424	ok	7	11.3	95	yes
GCA_000091025.4_at_weighted_1000k_r01	GCA_000091025.4	at_weighted	7.675283643313486	1000000	1	196880271	7.935758086049046e-07	8	907494	5	16	ok	7	6.9	98	yes
GCA_000091025.4_at_weighted_1000k_r02	GCA_000091025.4	at_weighted	7.675283643313486	1000000	2	2702358632	7.935758086049046e-07	10	815525	5	18	ok	7	11.2	99	yes
GCA_000091025.4_at_weighted_1000k_r03	GCA_000091025.4	at_weighted	7.675283643313486	1000000	3	3684193798	7.935758086049046e-07	6	907494	4	14	ok	7	10.7	99	yes
GCA_000091025.4_at_weighted_1000k_r04	GCA_000091025.4	at_weighted	7.675283643313486	1000000	4	3309822390	7.935758086049046e-07	9	882112	4	17	ok	7	8.6	100	yes
GCA_000091025.4_at_weighted_1000k_r05	GCA_000091025.4	at_weighted	7.675283643313486	1000000	5	1835631423	7.935758086049046e-07	9	1047034	4	17	ok	7	12.1	101	yes
GCA_000091025.4_at_weighted_1000k_r06	GCA_000091025.4	at_weighted	7.675283643313486	1000000	6	1527813966	7.935758086049046e-07	4	1296288	4	12	ok	7	10.5	100	yes
GCA_000091025.4_at_weighted_1000k_r07	GCA_000091025.4	at_weighted	7.675283643313486	1000000	7	3819358997	7.935758086049046e-07	7	1018036	4	15	ok	7	11.9	101	yes
GCA_000091025.4_at_weighted_1000k_r08	GCA_000091025.4	at_weighted	7.675283643313486	1000000	8	2841020521	7.935758086049046e-07	5	1467287	3	13	ok	7	10.7	103	yes
GCA_000091025.4_at_weighted_1000k_r09	GCA_000091025.4	at_weighted	7.675283643313486	1000000	9	2851853193	7.935758086049046e-07	11	722196	5	19	ok	7	9.7	99	yes
GCA_000091025.4_at_weighted_1000k_r10	GCA_000091025.4	at_weighted	7.675283643313486	1000000	10	231368300	7.935758086049046e-07	6	1519140	3	14	ok	7	9.5	103	yes
GCA_000091025.4_at_weighted_500k_r01	GCA_000091025.4	at_weighted	7.675283643313486	500000	1	668877016	2.721010922589386e-06	22	499338	6	30	ok	7	6.7	99	yes
GCA_000091025.4_at_weighted_500k_r02	GCA_000091025.4	at_weighted	7.675283643313486	500000	2	3497660259	2.721010922589386e-06	30	514464	8	38	ok	6	11.2	97	yes
GCA_000091025.4_at_weighted_500k_r03	GCA_000091025.4	at_weighted	7.675283643313486	500000	3	3488569021	2.721010922589386e-06	26	433625	8	34	ok	7	10.2	97	yes
GCA_000091025.4_at_weighted_500k_r04	GCA_000091025.4	at_weighted	7.675283643313486	500000	4	4065828208	2.721010922589386e-06	21	523757	6	29	ok	7	8.3	99	yes
GCA_000091025.4_at_weighted_500k_r05	GCA_000091025.4	at_weighted	7.675283643313486	500000	5	2756914003	2.721010922589386e-06	22	560023	6	30	ok	7	11.7	98	yes
GCA_000091025.4_at_weighted_500k_r06	GCA_000091025.4	at_weighted	7.675283643313486	500000	6	771974825	2.721010922589386e-06	18	1110707	4	26	ok	7	10.4	100	yes
GCA_000091025.4_at_weighted_500k_r07	GCA_000091025.4	at_weighted	7.675283643313486	500000	7	3615255899	2.721010922589386e-06	18	469475	7	26	ok	7	12.6	98	yes
GCA_000091025.4_at_weighted_500k_r08	GCA_000091025.4	at_weighted	7.675283643313486	500000	8	2820665537	2.721010922589386e-06	21	505349	6	29	ok	7	10.0	98	yes
GCA_000091025.4_at_weighted_500k_r09	GCA_000091025.4	at_weighted	7.675283643313486	500000	9	2725116364	2.721010922589386e-06	21	475481	7	29	ok	7	9.8	99	yes
GCA_000091025.4_at_weighted_500k_r10	GCA_000091025.4	at_weighted	7.675283643313486	500000	10	121631699	2.721010922589386e-06	26	569290	7	34	ok	7	9.5	97	yes
GCA_000091025.4_at_weighted_200k_r01	GCA_000091025.4	at_weighted	7.675283643313486	200000	1	1912484878	7.648287035592279e-06	72	198304	16	80	ok	7	6.7	96	yes
GCA_000091025.4_at_weighted_200k_r02	GCA_000091025.4	at_weighted	7.675283643313486	200000	2	642344391	7.648287035592279e-06	78	194957	14	86	ok	7	12.4	96	yes
GCA_000091025.4_at_weighted_200k_r03	GCA_000091025.4	at_weighted	7.675283643313486	200000	3	654873751	7.648287035592279e-06	79	188215	15	87	ok	7	10.6	96	yes
GCA_000091025.4_at_weighted_200k_r04	GCA_000091025.4	at_weighted	7.675283643313486	200000	4	1863783658	7.648287035592279e-06	71	227642	14	79	ok	7	8.0	96	yes
GCA_000091025.4_at_weighted_200k_r05	GCA_000091025.4	at_weighted	7.675283643313486	200000	5	2204450736	7.648287035592279e-06	62	201201	15	70	ok	7	11.7	96	yes
GCA_000091025.4_at_weighted_200k_r06	GCA_000091025.4	at_weighted	7.675283643313486	200000	6	1286890910	7.648287035592279e-06	63	199829	15	71	ok	7	10.3	96	yes
GCA_000091025.4_at_weighted_200k_r07	GCA_000091025.4	at_weighted	7.675283643313486	200000	7	695624784	7.648287035592279e-06	68	193169	14	76	ok	7	12.3	97	yes
GCA_000091025.4_at_weighted_200k_r08	GCA_000091025.4	at_weighted	7.675283643313486	200000	8	1538667356	7.648287035592279e-06	65	225693	13	73	ok	7	9.9	96	yes
GCA_000091025.4_at_weighted_200k_r09	GCA_000091025.4	at_weighted	7.675283643313486	200000	9	904531864	7.648287035592279e-06	66	212035	12	74	ok	7	9.8	96	yes
GCA_000091025.4_at_weighted_200k_r10	GCA_000091025.4	at_weighted	7.675283643313486	200000	10	701322197	7.648287035592279e-06	66	197056	15	74	ok	7	9.5	97	yes
GCA_000091025.4_at_weighted_100k_r01	GCA_000091025.4	at_weighted	7.675283643313486	100000	1	2921102852	1.755474351083893e-05	128	104385	26	136	ok	7	6.6	96	yes
GCA_000091025.4_at_weighted_100k_r02	GCA_000091025.4	at_weighted	7.675283643313486	100000	2	4208039828	1.755474351083893e-05	155	93870	29	163	ok	6	11.1	95	yes
GCA_000091025.4_at_weighted_100k_r03	GCA_000091025.4	at_weighted	7.675283643313486	100000	3	1737390723	1.755474351083893e-05	162	104110	31	170	ok	7	10.0	95	yes
GCA_000091025.4_at_weighted_100k_r04	GCA_000091025.4	at_weighted	7.675283643313486	100000	4	3353374355	1.755474351083893e-05	154	102321	30	162	ok	7	7.8	95	yes
GCA_000091025.4_at_weighted_100k_r05	GCA_000091025.4	at_weighted	7.675283643313486	100000	5	3575193315	1.755474351083893e-05	188	83003	32	196	ok	7	12.2	95	yes
GCA_000091025.4_at_weighted_100k_r06	GCA_000091025.4	at_weighted	7.675283643313486	100000	6	3051175617	1.755474351083893e-05	175	82728	34	183	ok	7	10.4	95	yes
GCA_000091025.4_at_weighted_100k_r07	GCA_000091025.4	at_weighted	7.675283643313486	100000	7	1514689794	1.755474351083893e-05	145	98165	31	153	ok	6	13.3	96	yes
GCA_000091025.4_at_weighted_100k_r08	GCA_000091025.4	at_weighted	7.675283643313486	100000	8	827587847	1.755474351083893e-05	164	93743	34	172	ok	7	12.3	95	yes
GCA_000091025.4_at_weighted_100k_r09	GCA_000091025.4	at_weighted	7.675283643313486	100000	9	3568424532	1.755474351083893e-05	152	99728	29	160	ok	7	9.5	96	yes
GCA_000091025.4_at_weighted_100k_r10	GCA_000091025.4	at_weighted	7.675283643313486	100000	10	2975652022	1.755474351083893e-05	175	90757	31	183	ok	7	9.8	96	yes
GCA_000091025.4_at_weighted_50k_r01	GCA_000091025.4	at_weighted	7.675283643313486	50000	1	3164401315	3.521249766775883e-05	293	56001	53	301	ok	7	7.1	95	yes
GCA_000091025.4_at_weighted_50k_r02	GCA_000091025.4	at_weighted	7.675283643313486	50000	2	1905527746	3.521249766775883e-05	340	49532	62	348	ok	6	10.3	95	yes
GCA_000091025.4_at_weighted_50k_r03	GCA_000091025.4	at_weighted	7.675283643313486	50000	3	1120471390	3.521249766775883e-05	310	53768	60	318	ok	6	10.2	95	yes
GCA_000091025.4_at_weighted_50k_r04	GCA_000091025.4	at_weighted	7.675283643313486	50000	4	2908192923	3.521249766775883e-05	324	45998	61	332	ok	6	8.2	95	yes
GCA_000091025.4_at_weighted_50k_r05	GCA_000091025.4	at_weighted	7.675283643313486	50000	5	1884362122	3.521249766775883e-05	327	46497	62	335	ok	6	12.3	95	yes
GCA_000091025.4_at_weighted_50k_r06	GCA_000091025.4	at_weighted	7.675283643313486	50000	6	3876499684	3.521249766775883e-05	293	54069	53	301	ok	7	10.1	95	yes
GCA_000091025.4_at_weighted_50k_r07	GCA_000091025.4	at_weighted	7.675283643313486	50000	7	880828146	3.521249766775883e-05	312	49649	55	320	ok	7	14.0	95	yes
GCA_000091025.4_at_weighted_50k_r08	GCA_000091025.4	at_weighted	7.675283643313486	50000	8	1415394244	3.521249766775883e-05	341	45062	63	349	ok	7	13.4	95	yes
GCA_000091025.4_at_weighted_50k_r09	GCA_000091025.4	at_weighted	7.675283643313486	50000	9	1309144137	3.521249766775883e-05	302	51735	57	310	ok	7	9.6	95	yes
GCA_000091025.4_at_weighted_50k_r10	GCA_000091025.4	at_weighted	7.675283643313486	50000	10	3754390624	3.521249766775883e-05	292	50118	56	300	ok	6	9.4	95	yes
GCA_000091025.4_at_weighted_20k_r01	GCA_000091025.4	at_weighted	7.675283643313486	20000	1	2964995903	9.011884496452972e-05	800	20733	132	808	ok	7	7.6	95	yes
GCA_000091025.4_at_weighted_20k_r02	GCA_000091025.4	at_weighted	7.675283643313486	20000	2	3746786699	9.011884496452972e-05	841	18914	150	849	ok	5	10.1	94	yes
GCA_000091025.4_at_weighted_20k_r03	GCA_000091025.4	at_weighted	7.675283643313486	20000	3	3761349721	9.011884496452972e-05	847	19221	151	855	ok	5	10.0	95	yes
GCA_000091025.4_at_weighted_20k_r04	GCA_000091025.4	at_weighted	7.675283643313486	20000	4	853467765	9.011884496452972e-05	873	18159	159	881	ok	6	8.4	95	yes
GCA_000091025.4_at_weighted_20k_r05	GCA_000091025.4	at_weighted	7.675283643313486	20000	5	3338362124	9.011884496452972e-05	792	21490	136	800	ok	6	14.2	95	yes
GCA_000091025.4_at_weighted_20k_r06	GCA_000091025.4	at_weighted	7.675283643313486	20000	6	1479229357	9.011884496452972e-05	785	20122	142	793	ok	4	11.5	95	yes
GCA_000091025.4_at_weighted_20k_r07	GCA_000091025.4	at_weighted	7.675283643313486	20000	7	1929002889	9.011884496452972e-05	838	19741	138	846	ok	6	16.2	95	yes
GCA_000091025.4_at_weighted_20k_r08	GCA_000091025.4	at_weighted	7.675283643313486	20000	8	1255364201	9.011884496452972e-05	827	19698	143	835	ok	7	12.5	95	yes
GCA_000091025.4_at_weighted_20k_r09	GCA_000091025.4	at_weighted	7.675283643313486	20000	9	341414638	9.011884496452972e-05	767	22496	132	775	ok	7	10.0	95	yes
GCA_000091025.4_at_weighted_20k_r10	GCA_000091025.4	at_weighted	7.675283643313486	20000	10	3304395869	9.011884496452972e-05	835	18991	148	843	ok	6	10.4	95	yes
GCA_000091025.4_at_weighted_10k_r01	GCA_000091025.4	at_weighted	7.675283643313486	10000	1	1533802513	0.0001845119035717	1686	9651	296	1694	ok	6	6.9	95	yes
GCA_000091025.4_at_weighted_10k_r02	GCA_000091025.4	at_weighted	7.675283643313486	10000	2	3858889241	0.0001845119035717	1681	9836	287	1689	ok	5	12.8	95	yes
GCA_000091025.4_at_weighted_10k_r03	GCA_000091025.4	at_weighted	7.675283643313486	10000	3	378454369	0.0001845119035717	1701	10186	273	1709	ok	6	10.8	95	yes
GCA_000091025.4_at_weighted_10k_r04	GCA_000091025.4	at_weighted	7.675283643313486	10000	4	2534537460	0.0001845119035717	1675	10333	282	1683	ok	5	8.5	95	yes
GCA_000091025.4_at_weighted_10k_r05	GCA_000091025.4	at_weighted	7.675283643313486	10000	5	1492251651	0.0001845119035717	1689	9746	289	1697	ok	2	12.5	95	yes
GCA_000091025.4_at_weighted_10k_r06	GCA_000091025.4	at_weighted	7.675283643313486	10000	6	788197234	0.0001845119035717	1661	9991	277	1669	ok	3	11.7	95	yes
GCA_000091025.4_at_weighted_10k_r07	GCA_000091025.4	at_weighted	7.675283643313486	10000	7	2870055414	0.0001845119035717	1700	9442	297	1708	ok	5	15.5	95	yes
GCA_000091025.4_at_weighted_10k_r08	GCA_000091025.4	at_weighted	7.675283643313486	10000	8	3322237913	0.0001845119035717	1686	10082	281	1694	ok	3	11.1	95	yes
GCA_000091025.4_at_weighted_10k_r09	GCA_000091025.4	at_weighted	7.675283643313486	10000	9	233476189	0.0001845119035717	1666	9662	288	1674	ok	5	9.8	95	yes
GCA_000091025.4_at_weighted_10k_r10	GCA_000091025.4	at_weighted	7.675283643313486	10000	10	2301581226	0.0001845119035717	1733	9602	297	1741	ok	5	10.5	95	yes
GCA_000091025.4_at_weighted_5k_r01	GCA_000091025.4	at_weighted	7.675283643313486	5000	1	2505765113	0.0003867336294162	3536	4873	574	3544	ok	3	7.4	95	yes
GCA_000091025.4_at_weighted_5k_r02	GCA_000091025.4	at_weighted	7.675283643313486	5000	2	755371149	0.0003867336294162	3499	4852	573	3507	ok	3	9.4	95	yes
GCA_000091025.4_at_weighted_5k_r03	GCA_000091025.4	at_weighted	7.675283643313486	5000	3	1841142315	0.0003867336294162	3550	5041	555	3558	ok	2	10.2	95	yes
GCA_000091025.4_at_weighted_5k_r04	GCA_000091025.4	at_weighted	7.675283643313486	5000	4	3039327539	0.0003867336294162	3548	4846	577	3556	ok	6	8.8	94	yes
GCA_000091025.4_at_weighted_5k_r05	GCA_000091025.4	at_weighted	7.675283643313486	5000	5	3839066241	0.0003867336294162	3478	4989	564	3486	ok	3	13.5	95	yes
GCA_000091025.4_at_weighted_5k_r06	GCA_000091025.4	at_weighted	7.675283643313486	5000	6	3445865091	0.0003867336294162	3598	4895	566	3606	ok	3	12.0	95	yes
GCA_000091025.4_at_weighted_5k_r07	GCA_000091025.4	at_weighted	7.675283643313486	5000	7	588955302	0.0003867336294162	3573	4911	574	3581	ok	2	13.7	95	yes
GCA_000091025.4_at_weighted_5k_r08	GCA_000091025.4	at_weighted	7.675283643313486	5000	8	2695575673	0.0003867336294162	3593	4692	597	3601	ok	3	11.8	95	yes
GCA_000091025.4_at_weighted_5k_r09	GCA_000091025.4	at_weighted	7.675283643313486	5000	9	1006194270	0.0003867336294162	3609	4746	596	3617	ok	5	9.5	95	yes
GCA_000091025.4_at_weighted_5k_r10	GCA_000091025.4	at_weighted	7.675283643313486	5000	10	2221577053	0.0003867336294162	3490	5000	576	3498	ok	2	10.7	95	yes
GCA_000091025.4_at_weighted_g20_50k_r01	GCA_000091025.4	at_weighted_g20	9.98577424517997	50000	1	68029861	3.6902380714342925e-05	315	58228	52	323	ok	7	10.6	95	yes
GCA_000091025.4_at_weighted_g20_50k_r02	GCA_000091025.4	at_weighted_g20	9.98577424517997	50000	2	2320543860	3.6902380714342925e-05	340	53248	56	348	ok	7	9.4	95	yes
GCA_000091025.4_at_weighted_g20_50k_r03	GCA_000091025.4	at_weighted_g20	9.98577424517997	50000	3	990923884	3.6902380714342925e-05	349	48415	60	357	ok	6	9.9	95	yes
GCA_000091025.4_at_weighted_g20_50k_r04	GCA_000091025.4	at_weighted_g20	9.98577424517997	50000	4	3685347616	3.6902380714342925e-05	320	50413	52	328	ok	7	10.9	95	yes
GCA_000091025.4_at_weighted_g20_50k_r05	GCA_000091025.4	at_weighted_g20	9.98577424517997	50000	5	543176058	3.6902380714342925e-05	320	48932	56	328	ok	7	12.4	95	yes
GCA_000091025.4_at_weighted_g20_20k_r01	GCA_000091025.4	at_weighted_g20	9.98577424517997	20000	1	717633665	9.22559517858574e-05	770	21799	134	778	ok	6	10.0	95	yes
GCA_000091025.4_at_weighted_g20_20k_r02	GCA_000091025.4	at_weighted_g20	9.98577424517997	20000	2	516565841	9.22559517858574e-05	850	20858	143	858	ok	7	9.7	95	yes
GCA_000091025.4_at_weighted_g20_20k_r03	GCA_000091025.4	at_weighted_g20	9.98577424517997	20000	3	2545652072	9.22559517858574e-05	846	20605	140	854	ok	5	10.0	95	yes
GCA_000091025.4_at_weighted_g20_20k_r04	GCA_000091025.4	at_weighted_g20	9.98577424517997	20000	4	1983176978	9.22559517858574e-05	900	18517	150	908	ok	3	11.5	95	yes
GCA_000091025.4_at_weighted_g20_20k_r05	GCA_000091025.4	at_weighted_g20	9.98577424517997	20000	5	3228017471	9.22559517858574e-05	819	21266	132	827	ok	5	12.4	95	yes
GCA_000091025.4_at_weighted_g20_10k_r01	GCA_000091025.4	at_weighted_g20	9.98577424517997	10000	1	707195454	0.0001933668147081	1772	9781	289	1780	ok	5	10.4	95	yes
GCA_000091025.4_at_weighted_g20_10k_r02	GCA_000091025.4	at_weighted_g20	9.98577424517997	10000	2	2894030412	0.0001933668147081	1798	9844	293	1806	ok	4	10.5	95	yes
GCA_000091025.4_at_weighted_g20_10k_r03	GCA_000091025.4	at_weighted_g20	9.98577424517997	10000	3	2403789079	0.0001933668147081	1802	9810	291	1810	ok	5	10.4	95	yes
GCA_000091025.4_at_weighted_g20_10k_r04	GCA_000091025.4	at_weighted_g20	9.98577424517997	10000	4	1036016418	0.0001933668147081	1720	10155	267	1728	ok	5	10.5	95	yes
GCA_000091025.4_at_weighted_g20_10k_r05	GCA_000091025.4	at_weighted_g20	9.98577424517997	10000	5	2529364979	0.0001933668147081	1752	10124	287	1760	ok	5	13.2	95	yes
GCA_000091025.4_at_weighted_g5_50k_r01	GCA_000091025.4	at_weighted_g5	5.364793041447001	50000	1	3634131050	3.3599999999999976e-05	313	47389	63	321	ok	7	10.7	95	yes
GCA_000091025.4_at_weighted_g5_50k_r02	GCA_000091025.4	at_weighted_g5	5.364793041447001	50000	2	3412741915	3.3599999999999976e-05	296	50459	62	304	ok	6	9.4	95	yes
GCA_000091025.4_at_weighted_g5_50k_r03	GCA_000091025.4	at_weighted_g5	5.364793041447001	50000	3	1587703927	3.3599999999999976e-05	317	49383	57	325	ok	7	10.2	95	yes
GCA_000091025.4_at_weighted_g5_50k_r04	GCA_000091025.4	at_weighted_g5	5.364793041447001	50000	4	1778805418	3.3599999999999976e-05	322	48486	63	330	ok	6	11.3	95	yes
GCA_000091025.4_at_weighted_g5_50k_r05	GCA_000091025.4	at_weighted_g5	5.364793041447001	50000	5	1564835489	3.3599999999999976e-05	323	49281	62	331	ok	6	11.7	95	yes
GCA_000091025.4_at_weighted_g5_20k_r01	GCA_000091025.4	at_weighted_g5	5.364793041447001	20000	1	3342579760	8.400000000000002e-05	743	21534	134	751	ok	7	11.1	95	yes
GCA_000091025.4_at_weighted_g5_20k_r02	GCA_000091025.4	at_weighted_g5	5.364793041447001	20000	2	2993473847	8.400000000000002e-05	754	20360	140	762	ok	6	9.5	95	yes
GCA_000091025.4_at_weighted_g5_20k_r03	GCA_000091025.4	at_weighted_g5	5.364793041447001	20000	3	3328080349	8.400000000000002e-05	784	19423	146	792	ok	6	10.6	95	yes
GCA_000091025.4_at_weighted_g5_20k_r04	GCA_000091025.4	at_weighted_g5	5.364793041447001	20000	4	275685939	8.400000000000002e-05	741	21969	131	749	ok	6	11.0	95	yes
GCA_000091025.4_at_weighted_g5_20k_r05	GCA_000091025.4	at_weighted_g5	5.364793041447001	20000	5	345667236	8.400000000000002e-05	745	21100	139	753	ok	7	11.7	95	yes
GCA_000091025.4_at_weighted_g5_10k_r01	GCA_000091025.4	at_weighted_g5	5.364793041447001	10000	1	3273417366	0.000168	1618	9732	296	1626	ok	6	10.9	95	yes
GCA_000091025.4_at_weighted_g5_10k_r02	GCA_000091025.4	at_weighted_g5	5.364793041447001	10000	2	1643291672	0.000168	1539	10863	275	1547	ok	6	9.4	95	yes
GCA_000091025.4_at_weighted_g5_10k_r03	GCA_000091025.4	at_weighted_g5	5.364793041447001	10000	3	3943239797	0.000168	1496	10694	267	1504	ok	7	10.8	95	yes
GCA_000091025.4_at_weighted_g5_10k_r04	GCA_000091025.4	at_weighted_g5	5.364793041447001	10000	4	1591380329	0.000168	1500	10509	273	1508	ok	5	11.4	95	yes
GCA_000091025.4_at_weighted_g5_10k_r05	GCA_000091025.4	at_weighted_g5	5.364793041447001	10000	5	1868540702	0.000168	1564	10113	272	1572	ok	5	13.2	95	yes
GCA_000091025.4_uniform_1000k_r01	GCA_000091025.4	uniform		1000000	1	1498358765	7.935758086049046e-07	4	1467287	3	12	ok	7	7.7	102	yes
GCA_000091025.4_uniform_1000k_r02	GCA_000091025.4	uniform		1000000	2	279954805	7.935758086049046e-07	7	1467287	3	15	ok	7	9.9	101	yes
GCA_000091025.4_uniform_1000k_r03	GCA_000091025.4	uniform		1000000	3	848587797	7.935758086049046e-07	5	1196391	4	13	ok	7	13.7	101	yes
GCA_000091025.4_uniform_1000k_r04	GCA_000091025.4	uniform		1000000	4	3772012324	7.935758086049046e-07	10	870771	5	18	ok	7	8.2	100	yes
GCA_000091025.4_uniform_1000k_r05	GCA_000091025.4	uniform		1000000	5	1656820236	7.935758086049046e-07	3	1519140	3	11	ok	7	12.1	103	yes
GCA_000091025.4_uniform_1000k_r06	GCA_000091025.4	uniform		1000000	6	3107060029	7.935758086049046e-07	7	907494	5	15	ok	7	10.5	100	yes
GCA_000091025.4_uniform_1000k_r07	GCA_000091025.4	uniform		1000000	7	3931935183	7.935758086049046e-07	7	882507	5	15	ok	7	16.1	98	yes
GCA_000091025.4_uniform_1000k_r08	GCA_000091025.4	uniform		1000000	8	3449904718	7.935758086049046e-07	6	1169486	4	14	ok	7	9.6	100	yes
GCA_000091025.4_uniform_1000k_r09	GCA_000091025.4	uniform		1000000	9	458426508	7.935758086049046e-07	6	907494	4	14	ok	7	10.1	101	yes
GCA_000091025.4_uniform_1000k_r10	GCA_000091025.4	uniform		1000000	10	465345013	7.935758086049046e-07	8	870771	5	16	ok	7	10.5	101	yes
GCA_000091025.4_uniform_500k_r01	GCA_000091025.4	uniform		500000	1	2153040677	2.785537837086145e-06	35	333675	9	43	ok	7	7.8	98	yes
GCA_000091025.4_uniform_500k_r02	GCA_000091025.4	uniform		500000	2	1252276501	2.785537837086145e-06	29	392588	9	37	ok	7	9.6	97	yes
GCA_000091025.4_uniform_500k_r03	GCA_000091025.4	uniform		500000	3	2711805876	2.785537837086145e-06	21	487588	7	29	ok	7	12.9	97	yes
GCA_000091025.4_uniform_500k_r04	GCA_000091025.4	uniform		500000	4	3755219638	2.785537837086145e-06	25	476251	7	33	ok	7	8.4	98	yes
GCA_000091025.4_uniform_500k_r05	GCA_000091025.4	uniform		500000	5	4223109537	2.785537837086145e-06	23	550708	6	31	ok	7	12.3	100	yes
GCA_000091025.4_uniform_500k_r06	GCA_000091025.4	uniform		500000	6	2531491311	2.785537837086145e-06	24	505673	6	32	ok	7	10.9	99	yes
GCA_000091025.4_uniform_500k_r07	GCA_000091025.4	uniform		500000	7	12440376	2.785537837086145e-06	27	425214	8	35	ok	7	14.1	97	yes
GCA_000091025.4_uniform_500k_r08	GCA_000091025.4	uniform		500000	8	4279792568	2.785537837086145e-06	38	436771	7	46	ok	7	9.4	100	yes
GCA_000091025.4_uniform_500k_r09	GCA_000091025.4	uniform		500000	9	2266068119	2.785537837086145e-06	26	434551	8	34	ok	7	9.9	97	yes
GCA_000091025.4_uniform_500k_r10	GCA_000091025.4	uniform		500000	10	220943839	2.785537837086145e-06	27	585075	7	35	ok	7	10.5	97	yes
GCA_000091025.4_uniform_200k_r01	GCA_000091025.4	uniform		200000	1	2243672640	7.648287035592279e-06	85	160584	19	93	ok	7	7.6	96	yes
GCA_000091025.4_uniform_200k_r02	GCA_000091025.4	uniform		200000	2	80967880	7.648287035592279e-06	64	199963	16	72	ok	7	9.3	96	yes
GCA_000091025.4_uniform_200k_r03	GCA_000091025.4	uniform		200000	3	1270501525	7.648287035592279e-06	56	225115	14	64	ok	7	11.9	97	yes
GCA_000091025.4_uniform_200k_r04	GCA_000091025.4	uniform		200000	4	1963765976	7.648287035592279e-06	60	219777	13	68	ok	7	8.4	96	yes
GCA_000091025.4_uniform_200k_r05	GCA_000091025.4	uniform		200000	5	2392797585	7.648287035592279e-06	82	166746	18	90	ok	7	11.8	96	yes
GCA_000091025.4_uniform_200k_r06	GCA_000091025.4	uniform		200000	6	2607397841	7.648287035592279e-06	68	230552	14	76	ok	7	10.2	96	yes
GCA_000091025.4_uniform_200k_r07	GCA_000091025.4	uniform		200000	7	2685186155	7.648287035592279e-06	67	184562	14	75	ok	7	13.6	97	yes
GCA_000091025.4_uniform_200k_r08	GCA_000091025.4	uniform		200000	8	3411355116	7.648287035592279e-06	77	179438	16	85	ok	7	9.9	97	yes
GCA_000091025.4_uniform_200k_r09	GCA_000091025.4	uniform		200000	9	2516659652	7.648287035592279e-06	72	201227	13	80	ok	7	9.7	97	yes
GCA_000091025.4_uniform_200k_r10	GCA_000091025.4	uniform		200000	10	149366507	7.648287035592279e-06	68	187668	14	76	ok	7	9.9	97	yes
GCA_000091025.4_uniform_100k_r01	GCA_000091025.4	uniform		100000	1	3402966202	1.6799999999999988e-05	158	93649	31	166	ok	7	7.4	95	yes
GCA_000091025.4_uniform_100k_r02	GCA_000091025.4	uniform		100000	2	3952590955	1.6799999999999988e-05	177	80074	37	185	ok	7	9.3	95	yes
GCA_000091025.4_uniform_100k_r03	GCA_000091025.4	uniform		100000	3	2629859904	1.6799999999999988e-05	150	95638	29	158	ok	7	12.7	96	yes
GCA_000091025.4_uniform_100k_r04	GCA_000091025.4	uniform		100000	4	3864759244	1.6799999999999988e-05	152	112678	26	160	ok	7	8.4	96	yes
GCA_000091025.4_uniform_100k_r05	GCA_000091025.4	uniform		100000	5	1117849707	1.6799999999999988e-05	154	90803	34	162	ok	7	13.2	95	yes
GCA_000091025.4_uniform_100k_r06	GCA_000091025.4	uniform		100000	6	50765421	1.6799999999999988e-05	166	98958	31	174	ok	7	10.3	95	yes
GCA_000091025.4_uniform_100k_r07	GCA_000091025.4	uniform		100000	7	501236428	1.6799999999999988e-05	139	98411	29	147	ok	7	13.8	96	yes
GCA_000091025.4_uniform_100k_r08	GCA_000091025.4	uniform		100000	8	911970231	1.6799999999999988e-05	157	94642	34	165	ok	7	9.6	96	yes
GCA_000091025.4_uniform_100k_r09	GCA_000091025.4	uniform		100000	9	607874492	1.6799999999999988e-05	157	94828	30	165	ok	7	9.6	96	yes
GCA_000091025.4_uniform_100k_r10	GCA_000091025.4	uniform		100000	10	1219581906	1.6799999999999988e-05	135	115177	25	143	ok	7	9.8	96	yes
GCA_000091025.4_uniform_50k_r01	GCA_000091025.4	uniform		50000	1	620393252	3.521249766775883e-05	342	44069	68	350	ok	7	7.5	95	yes
GCA_000091025.4_uniform_50k_r02	GCA_000091025.4	uniform		50000	2	3853914749	3.521249766775883e-05	332	46657	61	340	ok	7	12.7	95	yes
GCA_000091025.4_uniform_50k_r03	GCA_000091025.4	uniform		50000	3	1419329289	3.521249766775883e-05	315	47003	61	323	ok	7	12.5	95	yes
GCA_000091025.4_uniform_50k_r04	GCA_000091025.4	uniform		50000	4	2620251952	3.521249766775883e-05	304	52095	56	312	ok	6	8.3	95	yes
GCA_000091025.4_uniform_50k_r05	GCA_000091025.4	uniform		50000	5	4141489929	3.521249766775883e-05	328	53174	55	336	ok	7	13.8	95	yes
GCA_000091025.4_uniform_50k_r06	GCA_000091025.4	uniform		50000	6	3238880537	3.521249766775883e-05	309	50070	55	317	ok	7	10.8	95	yes
GCA_000091025.4_uniform_50k_r07	GCA_000091025.4	uniform		50000	7	1775508726	3.521249766775883e-05	296	52553	52	304	ok	7	16.1	95	yes
GCA_000091025.4_uniform_50k_r08	GCA_000091025.4	uniform		50000	8	2600034206	3.521249766775883e-05	336	43083	64	344	ok	7	9.7	95	yes
GCA_000091025.4_uniform_50k_r09	GCA_000091025.4	uniform		50000	9	2206182805	3.521249766775883e-05	326	42057	68	334	ok	7	9.7	95	yes
GCA_000091025.4_uniform_50k_r10	GCA_000091025.4	uniform		50000	10	3688769516	3.521249766775883e-05	296	48801	58	304	ok	7	10.0	95	yes
GCA_000091025.4_uniform_20k_r01	GCA_000091025.4	uniform		20000	1	3326639413	8.400000000000002e-05	781	19489	150	789	ok	7	8.2	95	yes
GCA_000091025.4_uniform_20k_r02	GCA_000091025.4	uniform		20000	2	3963189494	8.400000000000002e-05	780	20571	141	788	ok	7	11.7	95	yes
GCA_000091025.4_uniform_20k_r03	GCA_000091025.4	uniform		20000	3	64337186	8.400000000000002e-05	784	18831	155	792	ok	6	12.2	95	yes
GCA_000091025.4_uniform_20k_r04	GCA_000091025.4	uniform		20000	4	1106713455	8.400000000000002e-05	756	20888	141	764	ok	7	8.6	95	yes
GCA_000091025.4_uniform_20k_r05	GCA_000091025.4	uniform		20000	5	4002472072	8.400000000000002e-05	757	19656	142	765	ok	7	13.3	95	yes
GCA_000091025.4_uniform_20k_r06	GCA_000091025.4	uniform		20000	6	374718929	8.400000000000002e-05	746	19914	138	754	ok	7	10.4	95	yes
GCA_000091025.4_uniform_20k_r07	GCA_000091025.4	uniform		20000	7	51984151	8.400000000000002e-05	793	19129	147	801	ok	7	11.4	95	yes
GCA_000091025.4_uniform_20k_r08	GCA_000091025.4	uniform		20000	8	3145142011	8.400000000000002e-05	784	20011	146	792	ok	7	10.4	95	yes
GCA_000091025.4_uniform_20k_r09	GCA_000091025.4	uniform		20000	9	1117538433	8.400000000000002e-05	728	21759	135	736	ok	7	9.7	95	yes
GCA_000091025.4_uniform_20k_r10	GCA_000091025.4	uniform		20000	10	1170772068	8.400000000000002e-05	744	20247	148	752	ok	7	9.8	94	yes
GCA_000091025.4_uniform_10k_r01	GCA_000091025.4	uniform		10000	1	2800806644	0.000168	1492	10261	276	1500	ok	7	8.0	95	yes
GCA_000091025.4_uniform_10k_r02	GCA_000091025.4	uniform		10000	2	3735630359	0.000168	1576	9734	301	1584	ok	7	11.9	95	yes
GCA_000091025.4_uniform_10k_r03	GCA_000091025.4	uniform		10000	3	3010082688	0.000168	1508	9465	301	1516	ok	5	11.0	95	yes
GCA_000091025.4_uniform_10k_r04	GCA_000091025.4	uniform		10000	4	1828224405	0.000168	1562	9690	311	1570	ok	7	8.6	95	yes
GCA_000091025.4_uniform_10k_r05	GCA_000091025.4	uniform		10000	5	1954997211	0.000168	1511	9702	291	1519	ok	7	12.8	94	yes
GCA_000091025.4_uniform_10k_r06	GCA_000091025.4	uniform		10000	6	986593242	0.000168	1498	10839	283	1506	ok	7	10.7	95	yes
GCA_000091025.4_uniform_10k_r07	GCA_000091025.4	uniform		10000	7	640150636	0.000168	1530	9915	295	1538	ok	7	12.0	95	yes
GCA_000091025.4_uniform_10k_r08	GCA_000091025.4	uniform		10000	8	2725278897	0.000168	1625	9315	314	1633	ok	7	11.3	95	yes
GCA_000091025.4_uniform_10k_r09	GCA_000091025.4	uniform		10000	9	599213936	0.000168	1515	10237	289	1523	ok	7	10.1	95	yes
GCA_000091025.4_uniform_10k_r10	GCA_000091025.4	uniform		10000	10	233695616	0.000168	1550	9511	297	1558	ok	7	9.5	95	yes
GCA_000091025.4_uniform_5k_r01	GCA_000091025.4	uniform		5000	1	1080781291	0.000336	2964	5146	558	2972	ok	7	8.4	95	yes
GCA_000091025.4_uniform_5k_r02	GCA_000091025.4	uniform		5000	2	212762008	0.000336	3122	4758	593	3130	ok	7	11.8	94	yes
GCA_000091025.4_uniform_5k_r03	GCA_000091025.4	uniform		5000	3	3620437904	0.000336	3026	5060	559	3034	ok	6	10.9	95	yes
GCA_000091025.4_uniform_5k_r04	GCA_000091025.4	uniform		5000	4	3570235718	0.000336	3044	5025	558	3052	ok	5	8.5	95	yes
GCA_000091025.4_uniform_5k_r05	GCA_000091025.4	uniform		5000	5	327993839	0.000336	3051	4819	586	3059	ok	6	12.5	95	yes
GCA_000091025.4_uniform_5k_r06	GCA_000091025.4	uniform		5000	6	3468928356	0.000336	3085	4940	575	3093	ok	7	10.6	94	yes
GCA_000091025.4_uniform_5k_r07	GCA_000091025.4	uniform		5000	7	3053369434	0.000336	3113	4920	595	3121	ok	7	12.7	95	yes
GCA_000091025.4_uniform_5k_r08	GCA_000091025.4	uniform		5000	8	1651605460	0.000336	3040	5042	571	3048	ok	7	12.5	95	yes
GCA_000091025.4_uniform_5k_r09	GCA_000091025.4	uniform		5000	9	2268456603	0.000336	3036	5021	567	3044	ok	7	9.6	95	yes
GCA_000091025.4_uniform_5k_r10	GCA_000091025.4	uniform		5000	10	4227287011	0.000336	3111	4847	577	3119	ok	6	9.7	95	yes
GCA_000142805.1_at_weighted_1000k_r01	GCA_000142805.1	at_weighted	7.675283643313486	1000000	1	3001674294	7.935758086049046e-07	6	1132853	4	16	ok	8	20.9	103	yes
GCA_000142805.1_at_weighted_1000k_r02	GCA_000142805.1	at_weighted	7.675283643313486	1000000	2	1985641748	7.935758086049046e-07	9	999246	4	19	ok	8	25.0	101	yes
GCA_000142805.1_at_weighted_1000k_r03	GCA_000142805.1	at_weighted	7.675283643313486	1000000	3	2001507108	7.935758086049046e-07	10	893706	4	20	ok	8	16.0	102	yes
GCA_000142805.1_at_weighted_1000k_r04	GCA_000142805.1	at_weighted	7.675283643313486	1000000	4	3055661766	7.935758086049046e-07	8	1010956	4	18	ok	8	27.4	101	yes
GCA_000142805.1_at_weighted_1000k_r05	GCA_000142805.1	at_weighted	7.675283643313486	1000000	5	1203278679	7.935758086049046e-07	8	999246	4	18	ok	8	23.9	103	yes
GCA_000142805.1_at_weighted_1000k_r06	GCA_000142805.1	at_weighted	7.675283643313486	1000000	6	2677716262	7.935758086049046e-07	10	841833	5	20	ok	8	22.2	101	yes
GCA_000142805.1_at_weighted_1000k_r07	GCA_000142805.1	at_weighted	7.675283643313486	1000000	7	3498398565	7.935758086049046e-07	7	893706	5	17	ok	8	28.9	100	yes
GCA_000142805.1_at_weighted_1000k_r08	GCA_000142805.1	at_weighted	7.675283643313486	1000000	8	3599662921	7.935758086049046e-07	7	836858	5	17	ok	8	32.8	101	yes
GCA_000142805.1_at_weighted_1000k_r09	GCA_000142805.1	at_weighted	7.675283643313486	1000000	9	2408102790	7.935758086049046e-07	12	999246	4	22	ok	8	27.3	101	yes
GCA_000142805.1_at_weighted_1000k_r10	GCA_000142805.1	at_weighted	7.675283643313486	1000000	10	3965719379	7.935758086049046e-07	12	987217	4	22	ok	8	31.1	101	yes
GCA_000142805.1_at_weighted_500k_r01	GCA_000142805.1	at_weighted	7.675283643313486	500000	1	1339292643	2.785537837086145e-06	29	545576	7	39	ok	8	22.0	99	yes
GCA_000142805.1_at_weighted_500k_r02	GCA_000142805.1	at_weighted	7.675283643313486	500000	2	1559047632	2.785537837086145e-06	32	413775	10	42	ok	8	23.6	98	yes
GCA_000142805.1_at_weighted_500k_r03	GCA_000142805.1	at_weighted	7.675283643313486	500000	3	2613714662	2.785537837086145e-06	26	521178	9	36	ok	8	14.8	98	yes
GCA_000142805.1_at_weighted_500k_r04	GCA_000142805.1	at_weighted	7.675283643313486	500000	4	696318319	2.785537837086145e-06	32	403973	10	42	ok	8	25.2	98	yes
GCA_000142805.1_at_weighted_500k_r05	GCA_000142805.1	at_weighted	7.675283643313486	500000	5	1467857753	2.785537837086145e-06	28	536286	7	38	ok	8	23.6	99	yes
GCA_000142805.1_at_weighted_500k_r06	GCA_000142805.1	at_weighted	7.675283643313486	500000	6	456066791	2.785537837086145e-06	41	360061	10	51	ok	8	22.3	100	yes
GCA_000142805.1_at_weighted_500k_r07	GCA_000142805.1	at_weighted	7.675283643313486	500000	7	4028450180	2.785537837086145e-06	30	357534	8	40	ok	8	28.1	98	yes
GCA_000142805.1_at_weighted_500k_r08	GCA_000142805.1	at_weighted	7.675283643313486	500000	8	2672910381	2.785537837086145e-06	28	523989	7	38	ok	8	32.1	99	yes
GCA_000142805.1_at_weighted_500k_r09	GCA_000142805.1	at_weighted	7.675283643313486	500000	9	1994148485	2.785537837086145e-06	32	601313	6	42	ok	8	29.2	99	yes
GCA_000142805.1_at_weighted_500k_r10	GCA_000142805.1	at_weighted	7.675283643313486	500000	10	3585440081	2.785537837086145e-06	21	744182	5	31	ok	8	33.1	101	yes
GCA_000142805.1_at_weighted_200k_r01	GCA_000142805.1	at_weighted	7.675283643313486	200000	1	1320025840	8.205414209580514e-06	81	180568	19	91	ok	8	20.7	98	yes
GCA_000142805.1_at_weighted_200k_r02	GCA_000142805.1	at_weighted	7.675283643313486	200000	2	869418471	8.205414209580514e-06	79	178606	15	89	ok	8	23.3	97	yes
GCA_000142805.1_at_weighted_200k_r03	GCA_000142805.1	at_weighted	7.675283643313486	200000	3	2737643440	8.205414209580514e-06	100	155541	18	110	ok	8	15.1	97	yes
GCA_000142805.1_at_weighted_200k_r04	GCA_000142805.1	at_weighted	7.675283643313486	200000	4	1818297068	8.205414209580514e-06	83	172742	18	93	ok	8	23.3	98	yes
GCA_000142805.1_at_weighted_200k_r05	GCA_000142805.1	at_weighted	7.675283643313486	200000	5	3759972353	8.205414209580514e-06	95	199847	20	105	ok	8	22.2	97	yes
GCA_000142805.1_at_weighted_200k_r06	GCA_000142805.1	at_weighted	7.675283643313486	200000	6	2232814116	8.205414209580514e-06	89	232667	17	99	ok	8	21.1	97	yes
GCA_000142805.1_at_weighted_200k_r07	GCA_000142805.1	at_weighted	7.675283643313486	200000	7	2308851259	8.205414209580514e-06	91	176679	18	101	ok	8	27.3	97	yes
GCA_000142805.1_at_weighted_200k_r08	GCA_000142805.1	at_weighted	7.675283643313486	200000	8	3299185551	8.205414209580514e-06	84	189763	17	94	ok	8	28.4	98	yes
GCA_000142805.1_at_weighted_200k_r09	GCA_000142805.1	at_weighted	7.675283643313486	200000	9	730365539	8.205414209580514e-06	74	209784	14	84	ok	8	27.1	98	yes
GCA_000142805.1_at_weighted_200k_r10	GCA_000142805.1	at_weighted	7.675283643313486	200000	10	2189998581	8.205414209580514e-06	76	209570	15	86	ok	8	28.8	98	yes
GCA_000142805.1_at_weighted_100k_r01	GCA_000142805.1	at_weighted	7.675283643313486	100000	1	2017119590	1.6799999999999988e-05	177	94230	35	187	ok	8	18.5	96	yes
GCA_000142805.1_at_weighted_100k_r02	GCA_000142805.1	at_weighted	7.675283643313486	100000	2	2851590959	1.6799999999999988e-05	170	97115	34	180	ok	8	23.8	97	yes
GCA_000142805.1_at_weighted_100k_r03	GCA_000142805.1	at_weighted	7.675283643313486	100000	3	3701027338	1.6799999999999988e-05	137	121708	28	147	ok	8	15.0	97	yes
GCA_000142805.1_at_weighted_100k_r04	GCA_000142805.1	at_weighted	7.675283643313486	100000	4	816555138	1.6799999999999988e-05	182	96591	30	192	ok	8	23.8	97	yes
GCA_000142805.1_at_weighted_100k_r05	GCA_000142805.1	at_weighted	7.675283643313486	100000	5	103432949	1.6799999999999988e-05	192	89036	38	202	ok	8	22.5	96	yes
GCA_000142805.1_at_weighted_100k_r06	GCA_000142805.1	at_weighted	7.675283643313486	100000	6	3449034231	1.6799999999999988e-05	162	108432	31	172	ok	8	21.3	96	yes
GCA_000142805.1_at_weighted_100k_r07	GCA_000142805.1	at_weighted	7.675283643313486	100000	7	2547044316	1.6799999999999988e-05	165	105922	35	175	ok	8	27.2	97	yes
GCA_000142805.1_at_weighted_100k_r08	GCA_000142805.1	at_weighted	7.675283643313486	100000	8	2661252541	1.6799999999999988e-05	166	93485	35	176	ok	7	26.1	97	yes
GCA_000142805.1_at_weighted_100k_r09	GCA_000142805.1	at_weighted	7.675283643313486	100000	9	2453846437	1.6799999999999988e-05	164	98752	34	174	ok	8	31.5	96	yes
GCA_000142805.1_at_weighted_100k_r10	GCA_000142805.1	at_weighted	7.675283643313486	100000	10	2989882437	1.6799999999999988e-05	170	109722	31	180	ok	8	23.7	97	yes
GCA_000142805.1_at_weighted_50k_r01	GCA_000142805.1	at_weighted	7.675283643313486	50000	1	1301651305	3.43968010378392e-05	345	52767	62	355	ok	7	21.3	96	yes
GCA_000142805.1_at_weighted_50k_r02	GCA_000142805.1	at_weighted	7.675283643313486	50000	2	3862312980	3.43968010378392e-05	352	50673	63	362	ok	8	23.4	96	yes
GCA_000142805.1_at_weighted_50k_r03	GCA_000142805.1	at_weighted	7.675283643313486	50000	3	3061805759	3.43968010378392e-05	356	46648	70	366	ok	8	15.7	96	yes
GCA_000142805.1_at_weighted_50k_r04	GCA_000142805.1	at_weighted	7.675283643313486	50000	4	3270384868	3.43968010378392e-05	344	51993	64	354	ok	8	23.8	96	yes
GCA_000142805.1_at_weighted_50k_r05	GCA_000142805.1	at_weighted	7.675283643313486	50000	5	3586180366	3.43968010378392e-05	334	53063	66	344	ok	8	23.3	96	yes
GCA_000142805.1_at_weighted_50k_r06	GCA_000142805.1	at_weighted	7.675283643313486	50000	6	1166232144	3.43968010378392e-05	367	52972	63	376	ok	8	21.4	96	yes
GCA_000142805.1_at_weighted_50k_r07	GCA_000142805.1	at_weighted	7.675283643313486	50000	7	1256551952	3.43968010378392e-05	358	49855	66	367	ok	8	26.3	96	yes
GCA_000142805.1_at_weighted_50k_r08	GCA_000142805.1	at_weighted	7.675283643313486	50000	8	1773828778	3.43968010378392e-05	309	56329	58	319	ok	8	27.7	96	yes
GCA_000142805.1_at_weighted_50k_r09	GCA_000142805.1	at_weighted	7.675283643313486	50000	9	3331660612	3.43968010378392e-05	353	46041	67	363	ok	7	27.9	96	yes
GCA_000142805.1_at_weighted_50k_r10	GCA_000142805.1	at_weighted	7.675283643313486	50000	10	1491642557	3.43968010378392e-05	353	51593	61	363	ok	8	27.5	97	yes
GCA_000142805.1_at_weighted_20k_r01	GCA_000142805.1	at_weighted	7.675283643313486	20000	1	915357251	8.400000000000002e-05	903	21567	162	913	ok	8	21.0	95	yes
GCA_000142805.1_at_weighted_20k_r02	GCA_000142805.1	at_weighted	7.675283643313486	20000	2	3358608160	8.400000000000002e-05	863	21009	155	873	ok	7	23.5	95	yes
GCA_000142805.1_at_weighted_20k_r03	GCA_000142805.1	at_weighted	7.675283643313486	20000	3	1681532000	8.400000000000002e-05	876	20042	155	886	ok	7	15.8	95	yes
GCA_000142805.1_at_weighted_20k_r04	GCA_000142805.1	at_weighted	7.675283643313486	20000	4	4005868999	8.400000000000002e-05	879	20279	158	889	ok	8	24.0	96	yes
GCA_000142805.1_at_weighted_20k_r05	GCA_000142805.1	at_weighted	7.675283643313486	20000	5	4150920731	8.400000000000002e-05	904	19448	172	914	ok	8	27.9	95	yes
GCA_000142805.1_at_weighted_20k_r06	GCA_000142805.1	at_weighted	7.675283643313486	20000	6	2527744288	8.400000000000002e-05	855	20728	159	865	ok	8	21.7	96	yes
GCA_000142805.1_at_weighted_20k_r07	GCA_000142805.1	at_weighted	7.675283643313486	20000	7	1215593625	8.400000000000002e-05	902	20217	162	912	ok	8	26.0	95	yes
GCA_000142805.1_at_weighted_20k_r08	GCA_000142805.1	at_weighted	7.675283643313486	20000	8	789792451	8.400000000000002e-05	898	20659	168	908	ok	8	30.9	95	yes
GCA_000142805.1_at_weighted_20k_r09	GCA_000142805.1	at_weighted	7.675283643313486	20000	9	790519673	8.400000000000002e-05	876	20201	158	886	ok	7	29.6	96	yes
GCA_000142805.1_at_weighted_20k_r10	GCA_000142805.1	at_weighted	7.675283643313486	20000	10	2908052434	8.400000000000002e-05	855	21144	155	865	ok	8	29.6	96	yes
GCA_000142805.1_at_weighted_10k_r01	GCA_000142805.1	at_weighted	7.675283643313486	10000	1	3222814828	0.0001760624883387	1817	9658	324	1827	ok	7	22.6	95	yes
GCA_000142805.1_at_weighted_10k_r02	GCA_000142805.1	at_weighted	7.675283643313486	10000	2	3665030688	0.0001760624883387	1820	9857	325	1830	ok	6	25.6	95	yes
GCA_000142805.1_at_weighted_10k_r03	GCA_000142805.1	at_weighted	7.675283643313486	10000	3	1097032193	0.0001760624883387	1900	9817	335	1910	ok	7	17.1	95	yes
GCA_000142805.1_at_weighted_10k_r04	GCA_000142805.1	at_weighted	7.675283643313486	10000	4	497390067	0.0001760624883387	1821	9878	329	1831	ok	7	25.6	95	yes
GCA_000142805.1_at_weighted_10k_r05	GCA_000142805.1	at_weighted	7.675283643313486	10000	5	2386035745	0.0001760624883387	1908	9852	334	1916	ok	7	28.0	95	yes
GCA_000142805.1_at_weighted_10k_r06	GCA_000142805.1	at_weighted	7.675283643313486	10000	6	579396896	0.0001760624883387	1879	10031	316	1889	ok	7	24.6	95	yes
GCA_000142805.1_at_weighted_10k_r07	GCA_000142805.1	at_weighted	7.675283643313486	10000	7	3582893494	0.0001760624883387	1877	9599	343	1886	ok	8	26.9	95	yes
GCA_000142805.1_at_weighted_10k_r08	GCA_000142805.1	at_weighted	7.675283643313486	10000	8	3521699590	0.0001760624883387	1780	9865	316	1790	ok	8	33.6	95	yes
GCA_000142805.1_at_weighted_10k_r09	GCA_000142805.1	at_weighted	7.675283643313486	10000	9	2306859372	0.0001760624883387	1798	10220	323	1808	ok	7	29.6	95	yes
GCA_000142805.1_at_weighted_10k_r10	GCA_000142805.1	at_weighted	7.675283643313486	10000	10	2309252174	0.0001760624883387	1879	9539	342	1888	ok	7	29.4	95	yes
GCA_000142805.1_at_weighted_5k_r01	GCA_000142805.1	at_weighted	7.675283643313486	5000	1	965000297	0.0003521249766775	3693	4975	636	3701	ok	7	22.9	95	yes
GCA_000142805.1_at_weighted_5k_r02	GCA_000142805.1	at_weighted	7.675283643313486	5000	2	3244791066	0.0003521249766775	3723	4867	647	3733	ok	7	27.3	95	yes
GCA_000142805.1_at_weighted_5k_r03	GCA_000142805.1	at_weighted	7.675283643313486	5000	3	1106161674	0.0003521249766775	3682	4916	656	3691	ok	7	18.8	95	yes
GCA_000142805.1_at_weighted_5k_r04	GCA_000142805.1	at_weighted	7.675283643313486	5000	4	3894366379	0.0003521249766775	3662	5084	629	3672	ok	7	30.7	95	yes
GCA_000142805.1_at_weighted_5k_r05	GCA_000142805.1	at_weighted	7.675283643313486	5000	5	393851814	0.0003521249766775	3694	4865	646	3704	ok	6	31.1	95	yes
GCA_000142805.1_at_weighted_5k_r06	GCA_000142805.1	at_weighted	7.675283643313486	5000	6	565318816	0.0003521249766775	3538	5187	596	3547	ok	7	26.9	95	yes
GCA_000142805.1_at_weighted_5k_r07	GCA_000142805.1	at_weighted	7.675283643313486	5000	7	1529155421	0.0003521249766775	3681	4886	647	3691	ok	7	28.9	95	yes
GCA_000142805.1_at_weighted_5k_r08	GCA_000142805.1	at_weighted	7.675283643313486	5000	8	1178777387	0.0003521249766775	3618	5028	628	3628	ok	7	38.9	96	yes
GCA_000142805.1_at_weighted_5k_r09	GCA_000142805.1	at_weighted	7.675283643313486	5000	9	1718456600	0.0003521249766775	3631	5114	615	3640	ok	7	29.3	95	yes
GCA_000142805.1_at_weighted_5k_r10	GCA_000142805.1	at_weighted	7.675283643313486	5000	10	2686613404	0.0003521249766775	3593	4851	654	3603	ok	6	31.8	95	yes
GCA_000142805.1_at_weighted_g20_50k_r01	GCA_000142805.1	at_weighted_g20	9.98577424517997	50000	1	1255832128	3.340370065734701e-05	362	52502	64	372	ok	7	24.0	96	yes
GCA_000142805.1_at_weighted_g20_50k_r02	GCA_000142805.1	at_weighted_g20	9.98577424517997	50000	2	2762048147	3.340370065734701e-05	331	51081	60	341	ok	7	22.9	96	yes
GCA_000142805.1_at_weighted_g20_50k_r03	GCA_000142805.1	at_weighted_g20	9.98577424517997	50000	3	1540853526	3.340370065734701e-05	351	52844	62	360	ok	7	21.9	96	yes
GCA_000142805.1_at_weighted_g20_50k_r04	GCA_000142805.1	at_weighted_g20	9.98577424517997	50000	4	2360923729	3.340370065734701e-05	329	54832	62	339	ok	8	21.9	96	yes
GCA_000142805.1_at_weighted_g20_50k_r05	GCA_000142805.1	at_weighted_g20	9.98577424517997	50000	5	2158343925	3.340370065734701e-05	336	52008	60	346	ok	8	21.3	96	yes
GCA_000142805.1_at_weighted_g20_20k_r01	GCA_000142805.1	at_weighted_g20	9.98577424517997	20000	1	1696204153	8.803124416939717e-05	880	19723	158	889	ok	8	25.6	96	yes
GCA_000142805.1_at_weighted_g20_20k_r02	GCA_000142805.1	at_weighted_g20	9.98577424517997	20000	2	1659911189	8.803124416939717e-05	911	19959	162	921	ok	5	26.0	95	yes
GCA_000142805.1_at_weighted_g20_20k_r03	GCA_000142805.1	at_weighted_g20	9.98577424517997	20000	3	1079070953	8.803124416939717e-05	890	19544	161	900	ok	7	22.9	96	yes
GCA_000142805.1_at_weighted_g20_20k_r04	GCA_000142805.1	at_weighted_g20	9.98577424517997	20000	4	3993699709	8.803124416939717e-05	927	18377	175	937	ok	6	22.0	96	yes
GCA_000142805.1_at_weighted_g20_20k_r05	GCA_000142805.1	at_weighted_g20	9.98577424517997	20000	5	959612827	8.803124416939717e-05	932	18330	177	942	ok	7	22.5	95	yes
GCA_000142805.1_at_weighted_g20_10k_r01	GCA_000142805.1	at_weighted_g20	9.98577424517997	10000	1	755600790	0.000180237689929	1885	9720	319	1895	ok	6	28.8	95	yes
GCA_000142805.1_at_weighted_g20_10k_r02	GCA_000142805.1	at_weighted_g20	9.98577424517997	10000	2	1144593743	0.000180237689929	1953	9682	331	1963	ok	8	26.3	95	yes
GCA_000142805.1_at_weighted_g20_10k_r03	GCA_000142805.1	at_weighted_g20	9.98577424517997	10000	3	1535470025	0.000180237689929	1943	9645	323	1952	ok	8	24.7	95	yes
GCA_000142805.1_at_weighted_g20_10k_r04	GCA_000142805.1	at_weighted_g20	9.98577424517997	10000	4	963669647	0.000180237689929	1890	9856	330	1900	ok	8	21.5	95	yes
GCA_000142805.1_at_weighted_g20_10k_r05	GCA_000142805.1	at_weighted_g20	9.98577424517997	10000	5	2562452218	0.000180237689929	1931	9742	338	1940	ok	7	24.5	95	yes
GCA_000142805.1_at_weighted_g5_50k_r01	GCA_000142805.1	at_weighted_g5	5.364793041447001	50000	1	3774187052	3.3599999999999976e-05	357	48551	65	367	ok	8	24.1	96	yes
GCA_000142805.1_at_weighted_g5_50k_r02	GCA_000142805.1	at_weighted_g5	5.364793041447001	50000	2	1785893898	3.3599999999999976e-05	353	48551	70	363	ok	8	23.2	96	yes
GCA_000142805.1_at_weighted_g5_50k_r03	GCA_000142805.1	at_weighted_g5	5.364793041447001	50000	3	1035479835	3.3599999999999976e-05	339	49295	63	349	ok	8	21.0	96	yes
GCA_000142805.1_at_weighted_g5_50k_r04	GCA_000142805.1	at_weighted_g5	5.364793041447001	50000	4	420535301	3.3599999999999976e-05	348	45298	69	357	ok	8	23.1	96	yes
GCA_000142805.1_at_weighted_g5_50k_r05	GCA_000142805.1	at_weighted_g5	5.364793041447001	50000	5	1279584857	3.3599999999999976e-05	315	57357	63	325	ok	8	22.3	96	yes
GCA_000142805.1_at_weighted_g5_20k_r01	GCA_000142805.1	at_weighted_g5	5.364793041447001	20000	1	2381967174	8.400000000000002e-05	851	20154	168	861	ok	7	24.8	95	yes
GCA_000142805.1_at_weighted_g5_20k_r02	GCA_000142805.1	at_weighted_g5	5.364793041447001	20000	2	244475142	8.400000000000002e-05	840	21241	159	850	ok	7	24.9	96	yes
GCA_000142805.1_at_weighted_g5_20k_r03	GCA_000142805.1	at_weighted_g5	5.364793041447001	20000	3	3769851459	8.400000000000002e-05	932	18452	180	941	ok	7	22.5	96	yes
GCA_000142805.1_at_weighted_g5_20k_r04	GCA_000142805.1	at_weighted_g5	5.364793041447001	20000	4	4053241482	8.400000000000002e-05	851	20604	157	860	ok	8	24.5	96	yes
GCA_000142805.1_at_weighted_g5_20k_r05	GCA_000142805.1	at_weighted_g5	5.364793041447001	20000	5	3322178374	8.400000000000002e-05	919	18965	167	929	ok	7	22.6	95	yes
GCA_000142805.1_at_weighted_g5_10k_r01	GCA_000142805.1	at_weighted_g5	5.364793041447001	10000	1	2696284682	0.000168	1767	9757	341	1776	ok	7	27.4	95	yes
GCA_000142805.1_at_weighted_g5_10k_r02	GCA_000142805.1	at_weighted_g5	5.364793041447001	10000	2	3562596559	0.000168	1792	9746	339	1802	ok	8	27.1	95	yes
GCA_000142805.1_at_weighted_g5_10k_r03	GCA_000142805.1	at_weighted_g5	5.364793041447001	10000	3	623369595	0.000168	1764	10227	322	1773	ok	7	24.1	96	yes
GCA_000142805.1_at_weighted_g5_10k_r04	GCA_000142805.1	at_weighted_g5	5.364793041447001	10000	4	921452026	0.000168	1733	10287	316	1742	ok	7	24.7	95	yes
GCA_000142805.1_at_weighted_g5_10k_r05	GCA_000142805.1	at_weighted_g5	5.364793041447001	10000	5	1048794553	0.000168	1764	9875	330	1772	ok	8	25.0	95	yes
GCA_000142805.1_uniform_1000k_r01	GCA_000142805.1	uniform		1000000	1	2471280747	5.454161451620275e-07	3	1132853	4	13	ok	8	22.4	104	yes
GCA_000142805.1_uniform_1000k_r02	GCA_000142805.1	uniform		1000000	2	656811817	5.454161451620275e-07	5	1451265	4	15	ok	8	23.8	102	yes
GCA_000142805.1_uniform_1000k_r03	GCA_000142805.1	uniform		1000000	3	1284987378	5.454161451620275e-07	8	929130	4	18	ok	8	15.8	102	yes
GCA_000142805.1_uniform_1000k_r04	GCA_000142805.1	uniform		1000000	4	3716392380	5.454161451620275e-07	4	1438748	4	14	ok	8	25.8	102	yes
GCA_000142805.1_uniform_1000k_r05	GCA_000142805.1	uniform		1000000	5	3258554359	5.454161451620275e-07	6	956359	5	16	ok	8	24.5	101	yes
GCA_000142805.1_uniform_1000k_r06	GCA_000142805.1	uniform		1000000	6	4184995325	5.454161451620275e-07	3	1513537	4	13	ok	8	24.8	103	yes
GCA_000142805.1_uniform_1000k_r07	GCA_000142805.1	uniform		1000000	7	437138076	5.454161451620275e-07	9	999246	5	19	ok	8	30.8	100	yes
GCA_000142805.1_uniform_1000k_r08	GCA_000142805.1	uniform		1000000	8	2993000459	5.454161451620275e-07	4	999246	4	14	ok	8	28.5	103	yes
GCA_000142805.1_uniform_1000k_r09	GCA_000142805.1	uniform		1000000	9	2222957850	5.454161451620275e-07	4	897410	5	14	ok	8	23.3	101	yes
GCA_000142805.1_uniform_1000k_r10	GCA_000142805.1	uniform		1000000	10	3644518632	5.454161451620275e-07	8	1132853	4	18	ok	8	26.4	103	yes
GCA_000142805.1_uniform_500k_r01	GCA_000142805.1	uniform		500000	1	582623882	2.364055257801309e-06	20	634042	6	30	ok	8	23.4	99	yes
GCA_000142805.1_uniform_500k_r02	GCA_000142805.1	uniform		500000	2	1126704364	2.364055257801309e-06	31	409532	9	41	ok	8	22.1	98	yes
GCA_000142805.1_uniform_500k_r03	GCA_000142805.1	uniform		500000	3	447251417	2.364055257801309e-06	21	676992	6	31	ok	8	15.1	99	yes
GCA_000142805.1_uniform_500k_r04	GCA_000142805.1	uniform		500000	4	683724842	2.364055257801309e-06	26	440835	9	36	ok	8	23.9	98	yes
GCA_000142805.1_uniform_500k_r05	GCA_000142805.1	uniform		500000	5	1315152487	2.364055257801309e-06	27	438399	8	37	ok	8	23.4	99	yes
GCA_000142805.1_uniform_500k_r06	GCA_000142805.1	uniform		500000	6	684621312	2.364055257801309e-06	25	613490	7	35	ok	8	23.9	99	yes
GCA_000142805.1_uniform_500k_r07	GCA_000142805.1	uniform		500000	7	1937723018	2.364055257801309e-06	18	612619	6	28	ok	8	30.3	101	yes
GCA_000142805.1_uniform_500k_r08	GCA_000142805.1	uniform		500000	8	522200555	2.364055257801309e-06	24	550857	7	34	ok	8	28.0	99	yes
GCA_000142805.1_uniform_500k_r09	GCA_000142805.1	uniform		500000	9	4186340667	2.364055257801309e-06	34	381840	10	44	ok	8	22.6	98	yes
GCA_000142805.1_uniform_500k_r10	GCA_000142805.1	uniform		500000	10	2798321218	2.364055257801309e-06	19	582068	6	29	ok	8	28.0	99	yes
GCA_000142805.1_uniform_200k_r01	GCA_000142805.1	uniform		200000	1	1858067469	7.298046472607876e-06	79	207173	19	89	ok	8	20.7	97	yes
GCA_000142805.1_uniform_200k_r02	GCA_000142805.1	uniform		200000	2	4014167485	7.298046472607876e-06	77	244548	15	87	ok	8	22.4	97	yes
GCA_000142805.1_uniform_200k_r03	GCA_000142805.1	uniform		200000	3	2934716800	7.298046472607876e-06	68	264968	12	78	ok	8	15.2	98	yes
GCA_000142805.1_uniform_200k_r04	GCA_000142805.1	uniform		200000	4	3611066256	7.298046472607876e-06	70	237550	15	80	ok	8	23.9	97	yes
GCA_000142805.1_uniform_200k_r05	GCA_000142805.1	uniform		200000	5	3626883922	7.298046472607876e-06	70	233959	16	80	ok	8	22.9	98	yes
GCA_000142805.1_uniform_200k_r06	GCA_000142805.1	uniform		200000	6	1559291268	7.298046472607876e-06	70	254066	13	80	ok	8	22.3	98	yes
GCA_000142805.1_uniform_200k_r07	GCA_000142805.1	uniform		200000	7	3343791853	7.298046472607876e-06	82	188895	18	92	ok	8	26.1	97	yes
GCA_000142805.1_uniform_200k_r08	GCA_000142805.1	uniform		200000	8	707037464	7.298046472607876e-06	71	211324	16	81	ok	8	26.9	97	yes
GCA_000142805.1_uniform_200k_r09	GCA_000142805.1	uniform		200000	9	4269467041	7.298046472607876e-06	67	240524	15	77	ok	8	22.9	97	yes
GCA_000142805.1_uniform_200k_r10	GCA_000142805.1	uniform		200000	10	2278287893	7.298046472607876e-06	78	191933	18	88	ok	8	28.3	97	yes
GCA_000142805.1_uniform_100k_r01	GCA_000142805.1	uniform		100000	1	2155299955	1.6799999999999988e-05	218	71019	42	228	ok	8	20.2	96	yes
GCA_000142805.1_uniform_100k_r02	GCA_000142805.1	uniform		100000	2	1090187999	1.6799999999999988e-05	171	96135	38	181	ok	8	22.2	97	yes
GCA_000142805.1_uniform_100k_r03	GCA_000142805.1	uniform		100000	3	533471737	1.6799999999999988e-05	164	97613	32	174	ok	8	14.8	96	yes
GCA_000142805.1_uniform_100k_r04	GCA_000142805.1	uniform		100000	4	2630406024	1.6799999999999988e-05	197	80444	39	207	ok	8	24.2	96	yes
GCA_000142805.1_uniform_100k_r05	GCA_000142805.1	uniform		100000	5	172163883	1.6799999999999988e-05	154	111516	31	164	ok	7	22.6	96	yes
GCA_000142805.1_uniform_100k_r06	GCA_000142805.1	uniform		100000	6	452236597	1.6799999999999988e-05	167	100686	33	177	ok	7	22.3	97	yes
GCA_000142805.1_uniform_100k_r07	GCA_000142805.1	uniform		100000	7	1816374589	1.6799999999999988e-05	187	101525	32	197	ok	8	26.7	96	yes
GCA_000142805.1_uniform_100k_r08	GCA_000142805.1	uniform		100000	8	4062314357	1.6799999999999988e-05	186	87124	38	196	ok	8	27.0	97	yes
GCA_000142805.1_uniform_100k_r09	GCA_000142805.1	uniform		100000	9	3828462027	1.6799999999999988e-05	176	93576	34	186	ok	8	22.9	96	yes
GCA_000142805.1_uniform_100k_r10	GCA_000142805.1	uniform		100000	10	346034903	1.6799999999999988e-05	185	95796	36	195	ok	8	24.5	97	yes
GCA_000142805.1_uniform_50k_r01	GCA_000142805.1	uniform		50000	1	2533572211	3.3014535756985426e-05	359	49213	74	369	ok	8	19.1	96	yes
GCA_000142805.1_uniform_50k_r02	GCA_000142805.1	uniform		50000	2	1281866078	3.3014535756985426e-05	313	50968	65	323	ok	8	22.6	96	yes
GCA_000142805.1_uniform_50k_r03	GCA_000142805.1	uniform		50000	3	2695150030	3.3014535756985426e-05	372	48815	69	382	ok	8	15.0	96	yes
GCA_000142805.1_uniform_50k_r04	GCA_000142805.1	uniform		50000	4	2315461179	3.3014535756985426e-05	360	48387	70	370	ok	8	25.0	96	yes
GCA_000142805.1_uniform_50k_r05	GCA_000142805.1	uniform		50000	5	2334891504	3.3014535756985426e-05	359	48608	68	369	ok	8	23.2	96	yes
GCA_000142805.1_uniform_50k_r06	GCA_000142805.1	uniform		50000	6	389291812	3.3014535756985426e-05	305	60797	55	315	ok	8	22.6	96	yes
GCA_000142805.1_uniform_50k_r07	GCA_000142805.1	uniform		50000	7	3515574681	3.3014535756985426e-05	343	47501	71	353	ok	8	29.2	96	yes
GCA_000142805.1_uniform_50k_r08	GCA_000142805.1	uniform		50000	8	3926354387	3.3014535756985426e-05	301	59530	56	311	ok	8	27.1	96	yes
GCA_000142805.1_uniform_50k_r09	GCA_000142805.1	uniform		50000	9	849140058	3.3014535756985426e-05	341	46898	70	351	ok	8	23.5	96	yes
GCA_000142805.1_uniform_50k_r10	GCA_000142805.1	uniform		50000	10	3216933864	3.3014535756985426e-05	359	47558	73	369	ok	8	25.4	96	yes
GCA_000142805.1_uniform_20k_r01	GCA_000142805.1	uniform		20000	1	4274544787	8.400000000000002e-05	877	19321	168	887	ok	8	21.2	96	yes
GCA_000142805.1_uniform_20k_r02	GCA_000142805.1	uniform		20000	2	4272846801	8.400000000000002e-05	911	18705	184	921	ok	7	23.9	95	yes
GCA_000142805.1_uniform_20k_r03	GCA_000142805.1	uniform		20000	3	4215118044	8.400000000000002e-05	921	19721	174	930	ok	8	15.7	96	yes
GCA_000142805.1_uniform_20k_r04	GCA_000142805.1	uniform		20000	4	227318194	8.400000000000002e-05	875	19827	168	885	ok	8	26.0	95	yes
GCA_000142805.1_uniform_20k_r05	GCA_000142805.1	uniform		20000	5	255339744	8.400000000000002e-05	887	19502	171	897	ok	8	24.4	96	yes
GCA_000142805.1_uniform_20k_r06	GCA_000142805.1	uniform		20000	6	2402737764	8.400000000000002e-05	857	19287	169	867	ok	8	23.8	96	yes
GCA_000142805.1_uniform_20k_r07	GCA_000142805.1	uniform		20000	7	4171149147	8.400000000000002e-05	868	20743	158	878	ok	7	29.7	95	yes
GCA_000142805.1_uniform_20k_r08	GCA_000142805.1	uniform		20000	8	1585089981	8.400000000000002e-05	875	19713	166	884	ok	8	28.6	96	yes
GCA_000142805.1_uniform_20k_r09	GCA_000142805.1	uniform		20000	9	2783909496	8.400000000000002e-05	897	18707	167	907	ok	8	27.0	95	yes
GCA_000142805.1_uniform_20k_r10	GCA_000142805.1	uniform		20000	10	3673418578	8.400000000000002e-05	879	20336	165	889	ok	8	28.1	95	yes
GCA_000142805.1_uniform_10k_r01	GCA_000142805.1	uniform		10000	1	785759465	0.000168	1762	9793	334	1772	ok	8	22.5	95	yes
GCA_000142805.1_uniform_10k_r02	GCA_000142805.1	uniform		10000	2	1449479470	0.000168	1726	9984	319	1735	ok	7	26.1	95	yes
GCA_000142805.1_uniform_10k_r03	GCA_000142805.1	uniform		10000	3	122922623	0.000168	1760	9906	335	1770	ok	8	16.6	95	yes
GCA_000142805.1_uniform_10k_r04	GCA_000142805.1	uniform		10000	4	329113204	0.000168	1696	10376	323	1705	ok	8	29.2	95	yes
GCA_000142805.1_uniform_10k_r05	GCA_000142805.1	uniform		10000	5	3476877926	0.000168	1670	10700	309	1680	ok	7	26.0	96	yes
GCA_000142805.1_uniform_10k_r06	GCA_000142805.1	uniform		10000	6	515620168	0.000168	1712	10538	304	1721	ok	7	25.1	96	yes
GCA_000142805.1_uniform_10k_r07	GCA_000142805.1	uniform		10000	7	2617999460	0.000168	1773	9472	346	1783	ok	8	31.3	95	yes
GCA_000142805.1_uniform_10k_r08	GCA_000142805.1	uniform		10000	8	198024978	0.000168	1711	10327	315	1720	ok	8	30.6	95	yes
GCA_000142805.1_uniform_10k_r09	GCA_000142805.1	uniform		10000	9	1850139336	0.000168	1753	9954	327	1763	ok	8	28.3	95	yes
GCA_000142805.1_uniform_10k_r10	GCA_000142805.1	uniform		10000	10	1956456290	0.000168	1711	9903	327	1720	ok	7	40.3	95	yes
GCA_000142805.1_uniform_5k_r01	GCA_000142805.1	uniform		5000	1	3653763389	0.000336	3526	4801	670	3535	ok	7	24.7	95	yes
GCA_000142805.1_uniform_5k_r02	GCA_000142805.1	uniform		5000	2	2231222864	0.000336	3568	4789	661	3576	ok	8	28.9	95	yes
GCA_000142805.1_uniform_5k_r03	GCA_000142805.1	uniform		5000	3	2862271240	0.000336	3565	4824	662	3573	ok	8	18.8	95	yes
GCA_000142805.1_uniform_5k_r04	GCA_000142805.1	uniform		5000	4	4244460928	0.000336	3539	4992	645	3549	ok	8	35.9	95	yes
GCA_000142805.1_uniform_5k_r05	GCA_000142805.1	uniform		5000	5	4016407843	0.000336	3525	5028	649	3534	ok	7	29.0	95	yes
GCA_000142805.1_uniform_5k_r06	GCA_000142805.1	uniform		5000	6	908963619	0.000336	3573	4917	670	3583	ok	8	27.8	95	yes
GCA_000142805.1_uniform_5k_r07	GCA_000142805.1	uniform		5000	7	345753867	0.000336	3461	4851	651	3471	ok	8	33.2	96	yes
GCA_000142805.1_uniform_5k_r08	GCA_000142805.1	uniform		5000	8	3288656620	0.000336	3569	4863	688	3579	ok	8	35.0	95	yes
GCA_000142805.1_uniform_5k_r09	GCA_000142805.1	uniform		5000	9	1664794051	0.000336	3439	4990	664	3449	ok	8	30.7	95	yes
GCA_000142805.1_uniform_5k_r10	GCA_000142805.1	uniform		5000	10	1490213268	0.000336	3484	4935	656	3493	ok	8	34.3	95	yes
GCA_000146045.2_at_weighted_1000k_r01	GCA_000146045.2	at_weighted	7.675283643313486	1000000	1	142808467	0.0	0	924431	6	16	unperturbed				
GCA_000146045.2_at_weighted_1000k_r02	GCA_000146045.2	at_weighted	7.675283643313486	1000000	2	1701981688	0.0	0	924431	6	16	unperturbed				
GCA_000146045.2_at_weighted_1000k_r03	GCA_000146045.2	at_weighted	7.675283643313486	1000000	3	3402339914	0.0	0	924431	6	16	unperturbed				
GCA_000146045.2_at_weighted_1000k_r04	GCA_000146045.2	at_weighted	7.675283643313486	1000000	4	2600047720	0.0	0	924431	6	16	unperturbed				
GCA_000146045.2_at_weighted_1000k_r05	GCA_000146045.2	at_weighted	7.675283643313486	1000000	5	176957679	0.0	0	924431	6	16	unperturbed				
GCA_000146045.2_at_weighted_1000k_r06	GCA_000146045.2	at_weighted	7.675283643313486	1000000	6	2290689692	0.0	0	924431	6	16	unperturbed				
GCA_000146045.2_at_weighted_1000k_r07	GCA_000146045.2	at_weighted	7.675283643313486	1000000	7	2779889267	0.0	0	924431	6	16	unperturbed				
GCA_000146045.2_at_weighted_1000k_r08	GCA_000146045.2	at_weighted	7.675283643313486	1000000	8	292900062	0.0	0	924431	6	16	unperturbed				
GCA_000146045.2_at_weighted_1000k_r09	GCA_000146045.2	at_weighted	7.675283643313486	1000000	9	3623639532	0.0	0	924431	6	16	unperturbed				
GCA_000146045.2_at_weighted_1000k_r10	GCA_000146045.2	at_weighted	7.675283643313486	1000000	10	2086219027	0.0	0	924431	6	16	unperturbed				
GCA_000146045.2_at_weighted_500k_r01	GCA_000146045.2	at_weighted	7.675283643313486	500000	1	3849245701	2.203541797872245e-06	24	583416	8	40	ok	16	14.0	98	yes
GCA_000146045.2_at_weighted_500k_r02	GCA_000146045.2	at_weighted	7.675283643313486	500000	2	2648196303	2.203541797872245e-06	20	576874	8	36	ok	16	16.2	98	yes
GCA_000146045.2_at_weighted_500k_r03	GCA_000146045.2	at_weighted	7.675283643313486	500000	3	3360532910	2.203541797872245e-06	33	330454	12	49	ok	16	12.7	97	yes
GCA_000146045.2_at_weighted_500k_r04	GCA_000146045.2	at_weighted	7.675283643313486	500000	4	2107324144	2.203541797872245e-06	34	444888	10	50	ok	16	16.4	99	yes
GCA_000146045.2_at_weighted_500k_r05	GCA_000146045.2	at_weighted	7.675283643313486	500000	5	1761220560	2.203541797872245e-06	31	550239	9	47	ok	15	17.1	98	yes
GCA_000146045.2_at_weighted_500k_r06	GCA_000146045.2	at_weighted	7.675283643313486	500000	6	3882483093	2.203541797872245e-06	28	412139	11	44	ok	17	23.7	98	yes
GCA_000146045.2_at_weighted_500k_r07	GCA_000146045.2	at_weighted	7.675283643313486	500000	7	2585547720	2.203541797872245e-06	36	415795	9	52	ok	17	13.4	99	yes
GCA_000146045.2_at_weighted_500k_r08	GCA_000146045.2	at_weighted	7.675283643313486	500000	8	2792364793	2.203541797872245e-06	19	432471	8	35	ok	16	17.3	98	yes
GCA_000146045.2_at_weighted_500k_r09	GCA_000146045.2	at_weighted	7.675283643313486	500000	9	2534732974	2.203541797872245e-06	23	365824	10	39	ok	16	15.4	98	yes
GCA_000146045.2_at_weighted_500k_r10	GCA_000146045.2	at_weighted	7.675283643313486	500000	10	3503730437	2.203541797872245e-06	20	495450	8	36	ok	16	14.4	99	yes
GCA_000146045.2_at_weighted_200k_r01	GCA_000146045.2	at_weighted	7.675283643313486	200000	1	3868662071	6.644946931142481e-06	85	211229	20	101	ok	16	13.9	96	yes
GCA_000146045.2_at_weighted_200k_r02	GCA_000146045.2	at_weighted	7.675283643313486	200000	2	4109107303	6.644946931142481e-06	85	180239	21	101	ok	16	16.8	96	yes
GCA_000146045.2_at_weighted_200k_r03	GCA_000146045.2	at_weighted	7.675283643313486	200000	3	1930843059	6.644946931142481e-06	77	222118	18	93	ok	17	12.9	97	yes
GCA_000146045.2_at_weighted_200k_r04	GCA_000146045.2	at_weighted	7.675283643313486	200000	4	2125219660	6.644946931142481e-06	83	220894	18	99	ok	17	16.9	96	yes
GCA_000146045.2_at_weighted_200k_r05	GCA_000146045.2	at_weighted	7.675283643313486	200000	5	3302501225	6.644946931142481e-06	80	211570	19	96	ok	16	17.3	97	yes
GCA_000146045.2_at_weighted_200k_r06	GCA_000146045.2	at_weighted	7.675283643313486	200000	6	2866693751	6.644946931142481e-06	67	242933	16	83	ok	17	22.6	97	yes
GCA_000146045.2_at_weighted_200k_r07	GCA_000146045.2	at_weighted	7.675283643313486	200000	7	1872493323	6.644946931142481e-06	67	226923	17	83	ok	16	13.5	97	yes
GCA_000146045.2_at_weighted_200k_r08	GCA_000146045.2	at_weighted	7.675283643313486	200000	8	1359733991	6.644946931142481e-06	56	255924	16	72	ok	17	15.9	97	yes
GCA_000146045.2_at_weighted_200k_r09	GCA_000146045.2	at_weighted	7.675283643313486	200000	9	1859325004	6.644946931142481e-06	66	214729	18	82	ok	17	15.4	97	yes
GCA_000146045.2_at_weighted_200k_r10	GCA_000146045.2	at_weighted	7.675283643313486	200000	10	1234738570	6.644946931142481e-06	92	174956	22	108	ok	17	14.5	97	yes
GCA_000146045.2_at_weighted_100k_r01	GCA_000146045.2	at_weighted	7.675283643313486	100000	1	216689213	1.529657407118456e-05	157	119308	33	173	ok	16	13.9	96	yes
GCA_000146045.2_at_weighted_100k_r02	GCA_000146045.2	at_weighted	7.675283643313486	100000	2	4187907421	1.529657407118456e-05	166	106405	38	182	ok	17	16.1	96	yes
GCA_000146045.2_at_weighted_100k_r03	GCA_000146045.2	at_weighted	7.675283643313486	100000	3	420888057	1.529657407118456e-05	188	95470	39	204	ok	17	13.2	96	yes
GCA_000146045.2_at_weighted_100k_r04	GCA_000146045.2	at_weighted	7.675283643313486	100000	4	4031529144	1.529657407118456e-05	197	93632	44	213	ok	16	18.7	96	yes
GCA_000146045.2_at_weighted_100k_r05	GCA_000146045.2	at_weighted	7.675283643313486	100000	5	3605314111	1.529657407118456e-05	185	103544	38	201	ok	17	17.7	96	yes
GCA_000146045.2_at_weighted_100k_r06	GCA_000146045.2	at_weighted	7.675283643313486	100000	6	3654468216	1.529657407118456e-05	181	104185	38	197	ok	16	24.7	96	yes
GCA_000146045.2_at_weighted_100k_r07	GCA_000146045.2	at_weighted	7.675283643313486	100000	7	2167512458	1.529657407118456e-05	185	89554	38	201	ok	17	8.1	96	yes
GCA_000146045.2_at_weighted_100k_r08	GCA_000146045.2	at_weighted	7.675283643313486	100000	8	43022182	1.529657407118456e-05	197	95995	40	213	ok	17	15.6	96	yes
GCA_000146045.2_at_weighted_100k_r09	GCA_000146045.2	at_weighted	7.675283643313486	100000	9	375830551	1.529657407118456e-05	201	82192	44	217	ok	16	15.6	95	yes
GCA_000146045.2_at_weighted_100k_r10	GCA_000146045.2	at_weighted	7.675283643313486	100000	10	1975063601	1.529657407118456e-05	159	103018	41	175	ok	16	14.6	96	yes
GCA_000146045.2_at_weighted_50k_r01	GCA_000146045.2	at_weighted	7.675283643313486	50000	1	1330876020	3.2061343976564704e-05	408	49163	82	424	ok	16	14.2	95	yes
GCA_000146045.2_at_weighted_50k_r02	GCA_000146045.2	at_weighted	7.675283643313486	50000	2	2830528004	3.2061343976564704e-05	362	53790	73	378	ok	16	16.1	95	yes
GCA_000146045.2_at_weighted_50k_r03	GCA_000146045.2	at_weighted	7.675283643313486	50000	3	2235784296	3.2061343976564704e-05	419	53864	74	435	ok	17	13.7	95	yes
GCA_000146045.2_at_weighted_50k_r04	GCA_000146045.2	at_weighted	7.675283643313486	50000	4	3631423777	3.2061343976564704e-05	369	51662	72	385	ok	16	16.1	95	yes
GCA_000146045.2_at_weighted_50k_r05	GCA_000146045.2	at_weighted	7.675283643313486	50000	5	840503912	3.2061343976564704e-05	401	49159	76	417	ok	17	19.9	96	yes
GCA_000146045.2_at_weighted_50k_r06	GCA_000146045.2	at_weighted	7.675283643313486	50000	6	3153905652	3.2061343976564704e-05	391	47524	77	407	ok	17	22.8	95	yes
GCA_000146045.2_at_weighted_50k_r07	GCA_000146045.2	at_weighted	7.675283643313486	50000	7	2318053502	3.2061343976564704e-05	358	57395	70	374	ok	17	9.5	95	yes
GCA_000146045.2_at_weighted_50k_r08	GCA_000146045.2	at_weighted	7.675283643313486	50000	8	2928554696	3.2061343976564704e-05	411	46526	79	427	ok	17	15.2	95	yes
GCA_000146045.2_at_weighted_50k_r09	GCA_000146045.2	at_weighted	7.675283643313486	50000	9	3977076813	3.2061343976564704e-05	392	51462	76	408	ok	17	15.3	95	yes
GCA_000146045.2_at_weighted_50k_r10	GCA_000146045.2	at_weighted	7.675283643313486	50000	10	3874739728	3.2061343976564704e-05	373	48972	80	389	ok	16	14.2	96	yes
GCA_000146045.2_at_weighted_20k_r01	GCA_000146045.2	at_weighted	7.675283643313486	20000	1	975084592	8.400000000000002e-05	1013	19793	188	1029	ok	15	14.0	95	yes
GCA_000146045.2_at_weighted_20k_r02	GCA_000146045.2	at_weighted	7.675283643313486	20000	2	1988382333	8.400000000000002e-05	1037	19010	198	1053	ok	17	17.3	95	yes
GCA_000146045.2_at_weighted_20k_r03	GCA_000146045.2	at_weighted	7.675283643313486	20000	3	2907833736	8.400000000000002e-05	1032	20204	191	1048	ok	16	14.0	95	yes
GCA_000146045.2_at_weighted_20k_r04	GCA_000146045.2	at_weighted	7.675283643313486	20000	4	2010021043	8.400000000000002e-05	996	20168	194	1012	ok	16	17.3	95	yes
GCA_000146045.2_at_weighted_20k_r05	GCA_000146045.2	at_weighted	7.675283643313486	20000	5	33648976	8.400000000000002e-05	1000	19848	191	1016	ok	16	19.4	95	yes
GCA_000146045.2_at_weighted_20k_r06	GCA_000146045.2	at_weighted	7.675283643313486	20000	6	2859744805	8.400000000000002e-05	988	21640	183	1004	ok	17	26.4	95	yes
GCA_000146045.2_at_weighted_20k_r07	GCA_000146045.2	at_weighted	7.675283643313486	20000	7	22012513	8.400000000000002e-05	957	20932	176	973	ok	16	9.8	95	yes
GCA_000146045.2_at_weighted_20k_r08	GCA_000146045.2	at_weighted	7.675283643313486	20000	8	631700238	8.400000000000002e-05	1052	18169	197	1068	ok	15	16.3	95	yes
GCA_000146045.2_at_weighted_20k_r09	GCA_000146045.2	at_weighted	7.675283643313486	20000	9	760091050	8.400000000000002e-05	998	20230	192	1014	ok	17	15.8	95	yes
GCA_000146045.2_at_weighted_20k_r10	GCA_000146045.2	at_weighted	7.675283643313486	20000	10	1426525947	8.400000000000002e-05	1004	20819	188	1020	ok	17	14.6	95	yes
GCA_000146045.2_at_weighted_10k_r01	GCA_000146045.2	at_weighted	7.675283643313486	10000	1	2136507015	0.000168	1964	9942	385	1980	ok	15	12.9	95	yes
GCA_000146045.2_at_weighted_10k_r02	GCA_000146045.2	at_weighted	7.675283643313486	10000	2	1805222056	0.000168	2039	10032	386	2055	ok	16	16.4	95	yes
GCA_000146045.2_at_weighted_10k_r03	GCA_000146045.2	at_weighted	7.675283643313486	10000	3	2646776452	0.000168	2026	9854	384	2042	ok	15	14.1	94	yes
GCA_000146045.2_at_weighted_10k_r04	GCA_000146045.2	at_weighted	7.675283643313486	10000	4	2761883161	0.000168	2013	10074	381	2029	ok	16	17.4	95	yes
GCA_000146045.2_at_weighted_10k_r05	GCA_000146045.2	at_weighted	7.675283643313486	10000	5	682535257	0.000168	1995	10525	364	2011	ok	16	21.8	95	yes
GCA_000146045.2_at_weighted_10k_r06	GCA_000146045.2	at_weighted	7.675283643313486	10000	6	754908671	0.000168	2044	9895	381	2060	ok	16	21.0	95	yes
GCA_000146045.2_at_weighted_10k_r07	GCA_000146045.2	at_weighted	7.675283643313486	10000	7	3725226697	0.000168	1994	10459	368	2010	ok	17	13.1	95	yes
GCA_000146045.2_at_weighted_10k_r08	GCA_000146045.2	at_weighted	7.675283643313486	10000	8	189461017	0.000168	1951	10507	357	1967	ok	16	16.7	95	yes
GCA_000146045.2_at_weighted_10k_r09	GCA_000146045.2	at_weighted	7.675283643313486	10000	9	892519896	0.000168	2087	9845	387	2103	ok	16	16.6	95	yes
GCA_000146045.2_at_weighted_10k_r10	GCA_000146045.2	at_weighted	7.675283643313486	10000	10	1994333709	0.000168	2038	9916	378	2054	ok	15	15.9	95	yes
GCA_000146045.2_at_weighted_5k_r01	GCA_000146045.2	at_weighted	7.675283643313486	5000	1	1705831830	0.000336	4042	5095	735	4058	ok	13	13.9	95	yes
GCA_000146045.2_at_weighted_5k_r02	GCA_000146045.2	at_weighted	7.675283643313486	5000	2	4029356095	0.000336	3997	5100	722	4013	ok	14	16.7	95	yes
GCA_000146045.2_at_weighted_5k_r03	GCA_000146045.2	at_weighted	7.675283643313486	5000	3	3177699140	0.000336	4050	5119	744	4066	ok	15	15.3	95	yes
GCA_000146045.2_at_weighted_5k_r04	GCA_000146045.2	at_weighted	7.675283643313486	5000	4	2470499574	0.000336	4078	5002	764	4094	ok	15	19.8	95	yes
GCA_000146045.2_at_weighted_5k_r05	GCA_000146045.2	at_weighted	7.675283643313486	5000	5	2827820927	0.000336	4024	5014	750	4040	ok	14	21.6	95	yes
GCA_000146045.2_at_weighted_5k_r06	GCA_000146045.2	at_weighted	7.675283643313486	5000	6	2875072291	0.000336	3972	5040	747	3988	ok	16	22.1	95	yes
GCA_000146045.2_at_weighted_5k_r07	GCA_000146045.2	at_weighted	7.675283643313486	5000	7	240286880	0.000336	4063	5234	732	4079	ok	15	14.5	95	yes
GCA_000146045.2_at_weighted_5k_r08	GCA_000146045.2	at_weighted	7.675283643313486	5000	8	19686248	0.000336	4043	5036	742	4059	ok	15	17.8	95	yes
GCA_000146045.2_at_weighted_5k_r09	GCA_000146045.2	at_weighted	7.675283643313486	5000	9	4143084734	0.000336	3991	5228	723	4007	ok	14	18.9	95	yes
GCA_000146045.2_at_weighted_5k_r10	GCA_000146045.2	at_weighted	7.675283643313486	5000	10	1556964259	0.000336	3993	5158	743	4009	ok	15	16.9	95	yes
GCA_000146045.2_at_weighted_g20_50k_r01	GCA_000146045.2	at_weighted_g20	9.98577424517997	50000	1	804813506	3.3599999999999976e-05	436	45428	84	452	ok	17	17.5	95	yes
GCA_000146045.2_at_weighted_g20_50k_r02	GCA_000146045.2	at_weighted_g20	9.98577424517997	50000	2	31393556	3.3599999999999976e-05	413	42688	93	429	ok	17	17.1	95	yes
GCA_000146045.2_at_weighted_g20_50k_r03	GCA_000146045.2	at_weighted_g20	9.98577424517997	50000	3	940298500	3.3599999999999976e-05	387	52051	76	403	ok	17	14.9	95	yes
GCA_000146045.2_at_weighted_g20_50k_r04	GCA_000146045.2	at_weighted_g20	9.98577424517997	50000	4	308520071	3.3599999999999976e-05	394	48140	84	410	ok	17	13.5	95	yes
GCA_000146045.2_at_weighted_g20_50k_r05	GCA_000146045.2	at_weighted_g20	9.98577424517997	50000	5	3126702102	3.3599999999999976e-05	465	41066	91	481	ok	17	15.8	95	yes
GCA_000146045.2_at_weighted_g20_20k_r01	GCA_000146045.2	at_weighted_g20	9.98577424517997	20000	1	4161141643	8.400000000000002e-05	1100	17435	216	1116	ok	14	18.2	95	yes
GCA_000146045.2_at_weighted_g20_20k_r02	GCA_000146045.2	at_weighted_g20	9.98577424517997	20000	2	125339356	8.400000000000002e-05	1013	22080	174	1029	ok	17	15.9	95	yes
GCA_000146045.2_at_weighted_g20_20k_r03	GCA_000146045.2	at_weighted_g20	9.98577424517997	20000	3	3213174587	8.400000000000002e-05	999	20004	195	1015	ok	17	15.5	95	yes
GCA_000146045.2_at_weighted_g20_20k_r04	GCA_000146045.2	at_weighted_g20	9.98577424517997	20000	4	1151691533	8.400000000000002e-05	1020	19342	197	1036	ok	17	17.6	95	yes
GCA_000146045.2_at_weighted_g20_20k_r05	GCA_000146045.2	at_weighted_g20	9.98577424517997	20000	5	4183159600	8.400000000000002e-05	1041	19003	187	1057	ok	17	15.5	95	yes
GCA_000146045.2_at_weighted_g20_10k_r01	GCA_000146045.2	at_weighted_g20	9.98577424517997	10000	1	2497723820	0.000168	2057	10366	380	2073	ok	14	18.2	95	yes
GCA_000146045.2_at_weighted_g20_10k_r02	GCA_000146045.2	at_weighted_g20	9.98577424517997	10000	2	872667807	0.000168	2029	10045	371	2045	ok	17	17.4	95	yes
GCA_000146045.2_at_weighted_g20_10k_r03	GCA_000146045.2	at_weighted_g20	9.98577424517997	10000	3	891691912	0.000168	1976	10304	366	1992	ok	15	15.2	95	yes
GCA_000146045.2_at_weighted_g20_10k_r04	GCA_000146045.2	at_weighted_g20	9.98577424517997	10000	4	116606297	0.000168	2030	10041	373	2046	ok	14	18.4	95	yes
GCA_000146045.2_at_weighted_g20_10k_r05	GCA_000146045.2	at_weighted_g20	9.98577424517997	10000	5	1431130341	0.000168	1984	10219	371	2000	ok	15	16.9	95	yes
GCA_000146045.2_at_weighted_g5_50k_r01	GCA_000146045.2	at_weighted_g5	5.364793041447001	50000	1	3182229021	3.2061343976564704e-05	376	55606	72	392	ok	17	17.0	95	yes
GCA_000146045.2_at_weighted_g5_50k_r02	GCA_000146045.2	at_weighted_g5	5.364793041447001	50000	2	459514589	3.2061343976564704e-05	358	56765	69	374	ok	17	16.0	96	yes
GCA_000146045.2_at_weighted_g5_50k_r03	GCA_000146045.2	at_weighted_g5	5.364793041447001	50000	3	2560714417	3.2061343976564704e-05	404	47076	81	420	ok	17	15.3	95	yes
GCA_000146045.2_at_weighted_g5_50k_r04	GCA_000146045.2	at_weighted_g5	5.364793041447001	50000	4	3141204837	3.2061343976564704e-05	354	53119	69	370	ok	17	14.2	96	yes
GCA_000146045.2_at_weighted_g5_50k_r05	GCA_000146045.2	at_weighted_g5	5.364793041447001	50000	5	650799622	3.2061343976564704e-05	394	45686	76	410	ok	17	14.3	95	yes
GCA_000146045.2_at_weighted_g5_20k_r01	GCA_000146045.2	at_weighted_g5	5.364793041447001	20000	1	3601650647	8.205414209580523e-05	963	19901	187	979	ok	17	17.4	95	yes
GCA_000146045.2_at_weighted_g5_20k_r02	GCA_000146045.2	at_weighted_g5	5.364793041447001	20000	2	2564130347	8.205414209580523e-05	977	20371	187	993	ok	16	22.5	95	yes
GCA_000146045.2_at_weighted_g5_20k_r03	GCA_000146045.2	at_weighted_g5	5.364793041447001	20000	3	653119664	8.205414209580523e-05	979	19618	198	995	ok	17	15.4	95	yes
GCA_000146045.2_at_weighted_g5_20k_r04	GCA_000146045.2	at_weighted_g5	5.364793041447001	20000	4	2938125156	8.205414209580523e-05	967	20974	179	983	ok	17	14.5	95	yes
GCA_000146045.2_at_weighted_g5_20k_r05	GCA_000146045.2	at_weighted_g5	5.364793041447001	20000	5	3314293165	8.205414209580523e-05	993	21041	182	1009	ok	17	14.4	95	yes
GCA_000146045.2_at_weighted_g5_10k_r01	GCA_000146045.2	at_weighted_g5	5.364793041447001	10000	1	3550058084	0.000168	2127	9742	394	2143	ok	17	19.2	95	yes
GCA_000146045.2_at_weighted_g5_10k_r02	GCA_000146045.2	at_weighted_g5	5.364793041447001	10000	2	1925607268	0.000168	2009	10208	378	2025	ok	17	18.3	95	yes
GCA_000146045.2_at_weighted_g5_10k_r03	GCA_000146045.2	at_weighted_g5	5.364793041447001	10000	3	1574112932	0.000168	1892	11027	337	1908	ok	17	16.0	95	yes
GCA_000146045.2_at_weighted_g5_10k_r04	GCA_000146045.2	at_weighted_g5	5.364793041447001	10000	4	2188837989	0.000168	1989	10168	382	2005	ok	16	14.5	95	yes
GCA_000146045.2_at_weighted_g5_10k_r05	GCA_000146045.2	at_weighted_g5	5.364793041447001	10000	5	3204137970	0.000168	2056	9884	377	2072	ok	16	15.5	95	yes
GCA_000146045.2_uniform_1000k_r01	GCA_000146045.2	uniform		1000000	1	777893479	0.0	0	924431	6	16	unperturbed				
GCA_000146045.2_uniform_1000k_r02	GCA_000146045.2	uniform		1000000	2	902814886	0.0	0	924431	6	16	unperturbed				
GCA_000146045.2_uniform_1000k_r03	GCA_000146045.2	uniform		1000000	3	3168687815	0.0	0	924431	6	16	unperturbed				
GCA_000146045.2_uniform_1000k_r04	GCA_000146045.2	uniform		1000000	4	3714384712	0.0	0	924431	6	16	unperturbed				
GCA_000146045.2_uniform_1000k_r05	GCA_000146045.2	uniform		1000000	5	560478984	0.0	0	924431	6	16	unperturbed				
GCA_000146045.2_uniform_1000k_r06	GCA_000146045.2	uniform		1000000	6	2275659121	0.0	0	924431	6	16	unperturbed				
GCA_000146045.2_uniform_1000k_r07	GCA_000146045.2	uniform		1000000	7	2165142181	0.0	0	924431	6	16	unperturbed				
GCA_000146045.2_uniform_1000k_r08	GCA_000146045.2	uniform		1000000	8	236999140	0.0	0	924431	6	16	unperturbed				
GCA_000146045.2_uniform_1000k_r09	GCA_000146045.2	uniform		1000000	9	1791315446	0.0	0	924431	6	16	unperturbed				
GCA_000146045.2_uniform_1000k_r10	GCA_000146045.2	uniform		1000000	10	3358036236	0.0	0	924431	6	16	unperturbed				
GCA_000146045.2_uniform_500k_r01	GCA_000146045.2	uniform		500000	1	490473561	1.914470291095901e-06	23	452184	10	39	ok	16	12.4	98	yes
GCA_000146045.2_uniform_500k_r02	GCA_000146045.2	uniform		500000	2	1871627577	1.914470291095901e-06	20	440292	9	36	ok	17	14.6	98	yes
GCA_000146045.2_uniform_500k_r03	GCA_000146045.2	uniform		500000	3	3469559416	1.914470291095901e-06	26	448821	11	42	ok	16	10.5	98	yes
GCA_000146045.2_uniform_500k_r04	GCA_000146045.2	uniform		500000	4	144582427	1.914470291095901e-06	17	562643	8	33	ok	17	15.2	98	yes
GCA_000146045.2_uniform_500k_r05	GCA_000146045.2	uniform		500000	5	222117035	1.914470291095901e-06	17	576715	7	33	ok	16	18.0	100	yes
GCA_000146045.2_uniform_500k_r06	GCA_000146045.2	uniform		500000	6	2872957042	1.914470291095901e-06	26	475137	10	42	ok	16	14.7	98	yes
GCA_000146045.2_uniform_500k_r07	GCA_000146045.2	uniform		500000	7	3658318577	1.914470291095901e-06	17	587274	8	33	ok	17	15.1	98	yes
GCA_000146045.2_uniform_500k_r08	GCA_000146045.2	uniform		500000	8	1926201206	1.914470291095901e-06	21	784333	7	37	ok	16	26.3	98	yes
GCA_000146045.2_uniform_500k_r09	GCA_000146045.2	uniform		500000	9	1228273814	1.914470291095901e-06	22	484592	10	38	ok	16	16.1	98	yes
GCA_000146045.2_uniform_500k_r10	GCA_000146045.2	uniform		500000	10	94213864	1.914470291095901e-06	16	527184	10	32	ok	16	14.6	97	yes
GCA_000146045.2_uniform_200k_r01	GCA_000146045.2	uniform		200000	1	3983903659	6.963844592715357e-06	84	207396	19	100	ok	16	13.1	96	yes
GCA_000146045.2_uniform_200k_r02	GCA_000146045.2	uniform		200000	2	1884688793	6.963844592715357e-06	72	228216	17	88	ok	17	14.6	97	yes
GCA_000146045.2_uniform_200k_r03	GCA_000146045.2	uniform		200000	3	3413853088	6.963844592715357e-06	88	202871	21	104	ok	17	10.8	96	yes
GCA_000146045.2_uniform_200k_r04	GCA_000146045.2	uniform		200000	4	3743391585	6.963844592715357e-06	67	230218	19	83	ok	16	14.7	97	yes
GCA_000146045.2_uniform_200k_r05	GCA_000146045.2	uniform		200000	5	2624593467	6.963844592715357e-06	82	207112	20	98	ok	17	16.7	96	yes
GCA_000146045.2_uniform_200k_r06	GCA_000146045.2	uniform		200000	6	873702770	6.963844592715357e-06	90	191339	22	106	ok	17	14.6	96	yes
GCA_000146045.2_uniform_200k_r07	GCA_000146045.2	uniform		200000	7	4280978289	6.963844592715357e-06	79	210333	18	95	ok	17	15.0	97	yes
GCA_000146045.2_uniform_200k_r08	GCA_000146045.2	uniform		200000	8	2422373067	6.963844592715357e-06	67	233716	17	83	ok	16	17.9	97	yes
GCA_000146045.2_uniform_200k_r09	GCA_000146045.2	uniform		200000	9	1820211041	6.963844592715357e-06	69	270159	14	85	ok	16	16.1	97	yes
GCA_000146045.2_uniform_200k_r10	GCA_000146045.2	uniform		200000	10	1714359232	6.963844592715357e-06	75	193564	22	91	ok	16	14.6	96	yes
GCA_000146045.2_uniform_100k_r01	GCA_000146045.2	uniform		100000	1	1452696245	1.5659321871640052e-05	199	84348	43	215	ok	17	12.7	96	yes
GCA_000146045.2_uniform_100k_r02	GCA_000146045.2	uniform		100000	2	4095939419	1.5659321871640052e-05	173	118074	34	189	ok	17	14.5	96	yes
GCA_000146045.2_uniform_100k_r03	GCA_000146045.2	uniform		100000	3	515409739	1.5659321871640052e-05	165	108358	34	181	ok	16	10.7	96	yes
GCA_000146045.2_uniform_100k_r04	GCA_000146045.2	uniform		100000	4	2098167299	1.5659321871640052e-05	206	89960	42	222	ok	17	15.2	95	yes
GCA_000146045.2_uniform_100k_r05	GCA_000146045.2	uniform		100000	5	3068503702	1.5659321871640052e-05	160	132273	29	176	ok	16	17.5	96	yes
GCA_000146045.2_uniform_100k_r06	GCA_000146045.2	uniform		100000	6	4239751680	1.5659321871640052e-05	166	114236	38	182	ok	16	14.7	96	yes
GCA_000146045.2_uniform_100k_r07	GCA_000146045.2	uniform		100000	7	1049992910	1.5659321871640052e-05	207	88173	38	223	ok	16	15.3	96	yes
GCA_000146045.2_uniform_100k_r08	GCA_000146045.2	uniform		100000	8	4264281874	1.5659321871640052e-05	220	78002	45	236	ok	16	16.9	96	yes
GCA_000146045.2_uniform_100k_r09	GCA_000146045.2	uniform		100000	9	2019617511	1.5659321871640052e-05	206	101761	42	222	ok	17	15.5	96	yes
GCA_000146045.2_uniform_100k_r10	GCA_000146045.2	uniform		100000	10	3298910849	1.5659321871640052e-05	185	96482	38	201	ok	17	14.2	96	yes
GCA_000146045.2_uniform_50k_r01	GCA_000146045.2	uniform		50000	1	1386170864	3.2061343976564704e-05	404	50640	75	420	ok	17	12.1	95	yes
GCA_000146045.2_uniform_50k_r02	GCA_000146045.2	uniform		50000	2	4162786546	3.2061343976564704e-05	386	45255	76	402	ok	16	15.3	96	yes
GCA_000146045.2_uniform_50k_r03	GCA_000146045.2	uniform		50000	3	3209548506	3.2061343976564704e-05	414	43688	87	430	ok	17	10.5	95	yes
GCA_000146045.2_uniform_50k_r04	GCA_000146045.2	uniform		50000	4	675439347	3.2061343976564704e-05	385	50696	77	401	ok	17	15.8	95	yes
GCA_000146045.2_uniform_50k_r05	GCA_000146045.2	uniform		50000	5	57511783	3.2061343976564704e-05	400	49060	77	416	ok	17	18.4	95	yes
GCA_000146045.2_uniform_50k_r06	GCA_000146045.2	uniform		50000	6	1142098511	3.2061343976564704e-05	408	49163	81	424	ok	17	14.9	95	yes
GCA_000146045.2_uniform_50k_r07	GCA_000146045.2	uniform		50000	7	1329902741	3.2061343976564704e-05	369	53020	73	385	ok	17	14.9	95	yes
GCA_000146045.2_uniform_50k_r08	GCA_000146045.2	uniform		50000	8	1438523283	3.2061343976564704e-05	348	52755	75	364	ok	17	16.6	95	yes
GCA_000146045.2_uniform_50k_r09	GCA_000146045.2	uniform		50000	9	4164643123	3.2061343976564704e-05	386	51018	75	402	ok	17	17.0	95	yes
GCA_000146045.2_uniform_50k_r10	GCA_000146045.2	uniform		50000	10	2322885265	3.2061343976564704e-05	386	52576	73	402	ok	17	14.5	95	yes
GCA_000146045.2_uniform_20k_r01	GCA_000146045.2	uniform		20000	1	1191445723	8.400000000000002e-05	982	19763	193	998	ok	17	14.0	95	yes
GCA_000146045.2_uniform_20k_r02	GCA_000146045.2	uniform		20000	2	3522834110	8.400000000000002e-05	1012	19958	198	1028	ok	16	15.6	95	yes
GCA_000146045.2_uniform_20k_r03	GCA_000146045.2	uniform		20000	3	763009496	8.400000000000002e-05	1039	18232	203	1055	ok	16	11.6	95	yes
GCA_000146045.2_uniform_20k_r04	GCA_000146045.2	uniform		20000	4	369521429	8.400000000000002e-05	1022	19928	188	1038	ok	15	16.7	95	yes
GCA_000146045.2_uniform_20k_r05	GCA_000146045.2	uniform		20000	5	1334847767	8.400000000000002e-05	1044	18423	207	1060	ok	17	18.7	95	yes
GCA_000146045.2_uniform_20k_r06	GCA_000146045.2	uniform		20000	6	3777688549	8.400000000000002e-05	966	20102	182	982	ok	17	18.5	95	yes
GCA_000146045.2_uniform_20k_r07	GCA_000146045.2	uniform		20000	7	3978029450	8.400000000000002e-05	964	22070	172	980	ok	16	13.5	95	yes
GCA_000146045.2_uniform_20k_r08	GCA_000146045.2	uniform		20000	8	119447749	8.400000000000002e-05	1019	19170	200	1035	ok	17	17.1	95	yes
GCA_000146045.2_uniform_20k_r09	GCA_000146045.2	uniform		20000	9	1611862052	8.400000000000002e-05	1043	18784	191	1059	ok	17	18.0	95	yes
GCA_000146045.2_uniform_20k_r10	GCA_000146045.2	uniform		20000	10	409947431	8.400000000000002e-05	1046	18735	195	1062	ok	17	15.3	95	yes
GCA_000146045.2_uniform_10k_r01	GCA_000146045.2	uniform		10000	1	448535247	0.000168	2085	9628	387	2101	ok	16	15.3	95	yes
GCA_000146045.2_uniform_10k_r02	GCA_000146045.2	uniform		10000	2	3857758346	0.000168	2020	9881	381	2036	ok	17	17.6	95	yes
GCA_000146045.2_uniform_10k_r03	GCA_000146045.2	uniform		10000	3	933569922	0.000168	1947	10316	350	1963	ok	14	12.4	95	yes
GCA_000146045.2_uniform_10k_r04	GCA_000146045.2	uniform		10000	4	3466202870	0.000168	1974	10400	368	1990	ok	17	18.3	95	yes
GCA_000146045.2_uniform_10k_r05	GCA_000146045.2	uniform		10000	5	1008814056	0.000168	2041	9720	394	2057	ok	17	18.6	95	yes
GCA_000146045.2_uniform_10k_r06	GCA_000146045.2	uniform		10000	6	3119760398	0.000168	2029	10276	377	2045	ok	17	20.1	95	yes
GCA_000146045.2_uniform_10k_r07	GCA_000146045.2	uniform		10000	7	3681581862	0.000168	2012	9831	388	2028	ok	16	13.4	95	yes
GCA_000146045.2_uniform_10k_r08	GCA_000146045.2	uniform		10000	8	2308871604	0.000168	2113	9507	402	2129	ok	17	18.2	95	yes
GCA_000146045.2_uniform_10k_r09	GCA_000146045.2	uniform		10000	9	1974122706	0.000168	2021	9852	390	2037	ok	16	17.9	95	yes
GCA_000146045.2_uniform_10k_r10	GCA_000146045.2	uniform		10000	10	1397647583	0.000168	2000	9865	386	2016	ok	17	16.3	95	yes
GCA_000146045.2_uniform_5k_r01	GCA_000146045.2	uniform		5000	1	3777295805	0.000336	3972	5187	742	3988	ok	15	15.4	95	yes
GCA_000146045.2_uniform_5k_r02	GCA_000146045.2	uniform		5000	2	3943745678	0.000336	4036	5018	758	4052	ok	17	18.8	95	yes
GCA_000146045.2_uniform_5k_r03	GCA_000146045.2	uniform		5000	3	1485199192	0.000336	4056	4908	758	4072	ok	16	14.6	95	yes
GCA_000146045.2_uniform_5k_r04	GCA_000146045.2	uniform		5000	4	2337913323	0.000336	4028	5069	754	4044	ok	17	20.6	95	yes
GCA_000146045.2_uniform_5k_r05	GCA_000146045.2	uniform		5000	5	4004336310	0.000336	4044	5014	760	4060	ok	16	21.5	95	yes
GCA_000146045.2_uniform_5k_r06	GCA_000146045.2	uniform		5000	6	1312397851	0.000336	4068	4940	770	4084	ok	17	22.9	95	yes
GCA_000146045.2_uniform_5k_r07	GCA_000146045.2	uniform		5000	7	4084212649	0.000336	3988	5036	767	4004	ok	15	13.8	95	yes
GCA_000146045.2_uniform_5k_r08	GCA_000146045.2	uniform		5000	8	84263353	0.000336	3947	5048	737	3963	ok	17	18.7	95	yes
GCA_000146045.2_uniform_5k_r09	GCA_000146045.2	uniform		5000	9	948491824	0.000336	4117	4795	778	4133	ok	17	18.2	95	yes
GCA_000146045.2_uniform_5k_r10	GCA_000146045.2	uniform		5000	10	2716356899	0.000336	4047	5033	769	4063	ok	16	16.3	95	yes
GCA_000243375.1_at_weighted_1000k_r01	GCA_000243375.1	at_weighted	7.675283643313486	1000000	1	818453306	0.0	0	312204	9	64	unperturbed				
GCA_000243375.1_at_weighted_1000k_r02	GCA_000243375.1	at_weighted	7.675283643313486	1000000	2	2592475153	0.0	0	312204	9	64	unperturbed				
GCA_000243375.1_at_weighted_1000k_r03	GCA_000243375.1	at_weighted	7.675283643313486	1000000	3	1515872088	0.0	0	312204	9	64	unperturbed				
GCA_000243375.1_at_weighted_1000k_r04	GCA_000243375.1	at_weighted	7.675283643313486	1000000	4	3188511793	0.0	0	312204	9	64	unperturbed				
GCA_000243375.1_at_weighted_1000k_r05	GCA_000243375.1	at_weighted	7.675283643313486	1000000	5	663641591	0.0	0	312204	9	64	unperturbed				
GCA_000243375.1_at_weighted_1000k_r06	GCA_000243375.1	at_weighted	7.675283643313486	1000000	6	1763554987	0.0	0	312204	9	64	unperturbed				
GCA_000243375.1_at_weighted_1000k_r07	GCA_000243375.1	at_weighted	7.675283643313486	1000000	7	847090875	0.0	0	312204	9	64	unperturbed				
GCA_000243375.1_at_weighted_1000k_r08	GCA_000243375.1	at_weighted	7.675283643313486	1000000	8	564279866	0.0	0	312204	9	64	unperturbed				
GCA_000243375.1_at_weighted_1000k_r09	GCA_000243375.1	at_weighted	7.675283643313486	1000000	9	3998237376	0.0	0	312204	9	64	unperturbed				
GCA_000243375.1_at_weighted_1000k_r10	GCA_000243375.1	at_weighted	7.675283643313486	1000000	10	3495446990	0.0	0	312204	9	64	unperturbed				
GCA_000243375.1_at_weighted_500k_r01	GCA_000243375.1	at_weighted	7.675283643313486	500000	1	3906203838	0.0	0	312204	9	64	unperturbed				
GCA_000243375.1_at_weighted_500k_r02	GCA_000243375.1	at_weighted	7.675283643313486	500000	2	3775566434	0.0	0	312204	9	64	unperturbed				
GCA_000243375.1_at_weighted_500k_r03	GCA_000243375.1	at_weighted	7.675283643313486	500000	3	1191132564	0.0	0	312204	9	64	unperturbed				
GCA_000243375.1_at_weighted_500k_r04	GCA_000243375.1	at_weighted	7.675283643313486	500000	4	3389134732	0.0	0	312204	9	64	unperturbed				
GCA_000243375.1_at_weighted_500k_r05	GCA_000243375.1	at_weighted	7.675283643313486	500000	5	2574975555	0.0	0	312204	9	64	unperturbed				
GCA_000243375.1_at_weighted_500k_r06	GCA_000243375.1	at_weighted	7.675283643313486	500000	6	988734837	0.0	0	312204	9	64	unperturbed				
GCA_000243375.1_at_weighted_500k_r07	GCA_000243375.1	at_weighted	7.675283643313486	500000	7	3795894000	0.0	0	312204	9	64	unperturbed				
GCA_000243375.1_at_weighted_500k_r08	GCA_000243375.1	at_weighted	7.675283643313486	500000	8	1022347909	0.0	0	312204	9	64	unperturbed				
GCA_000243375.1_at_weighted_500k_r09	GCA_000243375.1	at_weighted	7.675283643313486	500000	9	2824950624	0.0	0	312204	9	64	unperturbed				
GCA_000243375.1_at_weighted_500k_r10	GCA_000243375.1	at_weighted	7.675283643313486	500000	10	2914568258	0.0	0	312204	9	64	unperturbed				
GCA_000243375.1_at_weighted_200k_r01	GCA_000243375.1	at_weighted	7.675283643313486	200000	1	1554330780	3.96787904302452e-06	28	228432	14	92	ok	9	15.5	99	yes
GCA_000243375.1_at_weighted_200k_r02	GCA_000243375.1	at_weighted	7.675283643313486	200000	2	835567904	3.96787904302452e-06	35	187463	14	99	ok	9	22.2	99	yes
GCA_000243375.1_at_weighted_200k_r03	GCA_000243375.1	at_weighted	7.675283643313486	200000	3	1391819141	3.96787904302452e-06	30	187463	14	94	ok	9	13.8	99	yes
GCA_000243375.1_at_weighted_200k_r04	GCA_000243375.1	at_weighted	7.675283643313486	200000	4	1747023380	3.96787904302452e-06	34	174427	15	98	ok	9	22.1	98	yes
GCA_000243375.1_at_weighted_200k_r05	GCA_000243375.1	at_weighted	7.675283643313486	200000	5	4104680412	3.96787904302452e-06	39	184075	16	103	ok	9	20.3	98	yes
GCA_000243375.1_at_weighted_200k_r06	GCA_000243375.1	at_weighted	7.675283643313486	200000	6	3029000571	3.96787904302452e-06	48	122485	18	112	ok	9	25.9	97	yes
GCA_000243375.1_at_weighted_200k_r07	GCA_000243375.1	at_weighted	7.675283643313486	200000	7	1429030194	3.96787904302452e-06	32	195877	14	96	ok	9	27.2	98	yes
GCA_000243375.1_at_weighted_200k_r08	GCA_000243375.1	at_weighted	7.675283643313486	200000	8	1300579784	3.96787904302452e-06	29	187463	13	93	ok	8	19.6	98	yes
GCA_000243375.1_at_weighted_200k_r09	GCA_000243375.1	at_weighted	7.675283643313486	200000	9	3390457467	3.96787904302452e-06	31	191215	17	95	ok	9	18.4	98	yes
GCA_000243375.1_at_weighted_200k_r10	GCA_000243375.1	at_weighted	7.675283643313486	200000	10	308405205	3.96787904302452e-06	30	187665	16	94	ok	9	18.5	99	yes
GCA_000243375.1_at_weighted_100k_r01	GCA_000243375.1	at_weighted	7.675283643313486	100000	1	4271318851	1.2830788527569124e-05	117	109002	31	181	ok	9	15.1	96	yes
GCA_000243375.1_at_weighted_100k_r02	GCA_000243375.1	at_weighted	7.675283643313486	100000	2	2971988230	1.2830788527569124e-05	125	94176	35	189	ok	9	21.9	96	yes
GCA_000243375.1_at_weighted_100k_r03	GCA_000243375.1	at_weighted	7.675283643313486	100000	3	456148072	1.2830788527569124e-05	113	90532	31	177	ok	9	13.7	96	yes
GCA_000243375.1_at_weighted_100k_r04	GCA_000243375.1	at_weighted	7.675283643313486	100000	4	2695339877	1.2830788527569124e-05	104	96828	31	168	ok	9	21.2	97	yes
GCA_000243375.1_at_weighted_100k_r05	GCA_000243375.1	at_weighted	7.675283643313486	100000	5	3145990785	1.2830788527569124e-05	135	94271	33	199	ok	8	19.2	96	yes
GCA_000243375.1_at_weighted_100k_r06	GCA_000243375.1	at_weighted	7.675283643313486	100000	6	1967528293	1.2830788527569124e-05	119	84982	32	183	ok	9	26.8	96	yes
GCA_000243375.1_at_weighted_100k_r07	GCA_000243375.1	at_weighted	7.675283643313486	100000	7	2014979094	1.2830788527569124e-05	112	87047	36	176	ok	9	20.0	97	yes
GCA_000243375.1_at_weighted_100k_r08	GCA_000243375.1	at_weighted	7.675283643313486	100000	8	3203458634	1.2830788527569124e-05	112	104147	31	176	ok	9	19.3	97	yes
GCA_000243375.1_at_weighted_100k_r09	GCA_000243375.1	at_weighted	7.675283643313486	100000	9	2082915702	1.2830788527569124e-05	124	80167	35	188	ok	9	19.4	96	yes
GCA_000243375.1_at_weighted_100k_r10	GCA_000243375.1	at_weighted	7.675283643313486	100000	10	174292692	1.2830788527569124e-05	131	85483	33	194	ok	9	19.0	97	yes
GCA_000243375.1_at_weighted_50k_r01	GCA_000243375.1	at_weighted	7.675283643313486	50000	1	1722880052	2.785537837086143e-05	243	54850	54	307	ok	9	15.2	95	yes
GCA_000243375.1_at_weighted_50k_r02	GCA_000243375.1	at_weighted	7.675283643313486	50000	2	4023165333	2.785537837086143e-05	264	51759	60	328	ok	9	22.5	96	yes
GCA_000243375.1_at_weighted_50k_r03	GCA_000243375.1	at_weighted	7.675283643313486	50000	3	2945879131	2.785537837086143e-05	256	51422	54	320	ok	9	14.1	96	yes
GCA_000243375.1_at_weighted_50k_r04	GCA_000243375.1	at_weighted	7.675283643313486	50000	4	1192542085	2.785537837086143e-05	233	61438	49	297	ok	8	21.5	96	yes
GCA_000243375.1_at_weighted_50k_r05	GCA_000243375.1	at_weighted	7.675283643313486	50000	5	2313355711	2.785537837086143e-05	245	52497	57	308	ok	9	21.1	96	yes
GCA_000243375.1_at_weighted_50k_r06	GCA_000243375.1	at_weighted	7.675283643313486	50000	6	3989634089	2.785537837086143e-05	235	61000	50	299	ok	9	31.1	96	yes
GCA_000243375.1_at_weighted_50k_r07	GCA_000243375.1	at_weighted	7.675283643313486	50000	7	489910183	2.785537837086143e-05	291	42491	71	355	ok	9	21.9	96	yes
GCA_000243375.1_at_weighted_50k_r08	GCA_000243375.1	at_weighted	7.675283643313486	50000	8	2504967144	2.785537837086143e-05	267	45291	64	331	ok	9	19.5	96	yes
GCA_000243375.1_at_weighted_50k_r09	GCA_000243375.1	at_weighted	7.675283643313486	50000	9	2391466252	2.785537837086143e-05	270	50923	54	334	ok	9	19.1	96	yes
GCA_000243375.1_at_weighted_50k_r10	GCA_000243375.1	at_weighted	7.675283643313486	50000	10	3897387147	2.785537837086143e-05	268	49581	59	332	ok	9	18.9	96	yes
GCA_000243375.1_at_weighted_20k_r01	GCA_000243375.1	at_weighted	7.675283643313486	20000	1	1500740447	8.015335994141183e-05	733	20017	147	796	ok	9	16.7	95	yes
GCA_000243375.1_at_weighted_20k_r02	GCA_000243375.1	at_weighted	7.675283643313486	20000	2	961879642	8.015335994141183e-05	776	18759	156	839	ok	9	23.4	95	yes
GCA_000243375.1_at_weighted_20k_r03	GCA_000243375.1	at_weighted	7.675283643313486	20000	3	2304940768	8.015335994141183e-05	756	20484	148	820	ok	9	15.2	95	yes
GCA_000243375.1_at_weighted_20k_r04	GCA_000243375.1	at_weighted	7.675283643313486	20000	4	1781281691	8.015335994141183e-05	765	18820	148	829	ok	9	23.0	95	yes
GCA_000243375.1_at_weighted_20k_r05	GCA_000243375.1	at_weighted	7.675283643313486	20000	5	1811873397	8.015335994141183e-05	739	20402	146	803	ok	9	22.9	95	yes
GCA_000243375.1_at_weighted_20k_r06	GCA_000243375.1	at_weighted	7.675283643313486	20000	6	2163910753	8.015335994141183e-05	725	19366	151	789	ok	9	28.9	95	yes
GCA_000243375.1_at_weighted_20k_r07	GCA_000243375.1	at_weighted	7.675283643313486	20000	7	46997782	8.015335994141183e-05	748	18760	162	812	ok	9	20.7	95	yes
GCA_000243375.1_at_weighted_20k_r08	GCA_000243375.1	at_weighted	7.675283643313486	20000	8	1511839815	8.015335994141183e-05	763	19150	157	827	ok	9	19.4	96	yes
GCA_000243375.1_at_weighted_20k_r09	GCA_000243375.1	at_weighted	7.675283643313486	20000	9	615586028	8.015335994141183e-05	705	20098	141	769	ok	9	20.2	96	yes
GCA_000243375.1_at_weighted_20k_r10	GCA_000243375.1	at_weighted	7.675283643313486	20000	10	1551351589	8.015335994141183e-05	742	18618	146	805	ok	9	19.8	95	yes
GCA_000243375.1_at_weighted_10k_r01	GCA_000243375.1	at_weighted	7.675283643313486	10000	1	115255639	0.0001603067198828	1523	10004	293	1586	ok	9	17.4	95	yes
GCA_000243375.1_at_weighted_10k_r02	GCA_000243375.1	at_weighted	7.675283643313486	10000	2	2749018880	0.0001603067198828	1415	10779	274	1478	ok	9	24.6	95	yes
GCA_000243375.1_at_weighted_10k_r03	GCA_000243375.1	at_weighted	7.675283643313486	10000	3	1980633126	0.0001603067198828	1538	10245	286	1602	ok	8	16.0	95	yes
GCA_000243375.1_at_weighted_10k_r04	GCA_000243375.1	at_weighted	7.675283643313486	10000	4	2954741600	0.0001603067198828	1473	10608	279	1537	ok	9	24.0	95	yes
GCA_000243375.1_at_weighted_10k_r05	GCA_000243375.1	at_weighted	7.675283643313486	10000	5	3447289744	0.0001603067198828	1418	10529	268	1482	ok	9	23.4	95	yes
GCA_000243375.1_at_weighted_10k_r06	GCA_000243375.1	at_weighted	7.675283643313486	10000	6	1173294198	0.0001603067198828	1485	9956	286	1548	ok	9	27.3	95	yes
GCA_000243375.1_at_weighted_10k_r07	GCA_000243375.1	at_weighted	7.675283643313486	10000	7	925615454	0.0001603067198828	1507	10393	286	1570	ok	8	29.8	95	yes
GCA_000243375.1_at_weighted_10k_r08	GCA_000243375.1	at_weighted	7.675283643313486	10000	8	1757186976	0.0001603067198828	1493	10339	270	1556	ok	8	20.9	95	yes
GCA_000243375.1_at_weighted_10k_r09	GCA_000243375.1	at_weighted	7.675283643313486	10000	9	2958299431	0.0001603067198828	1490	10244	283	1554	ok	9	21.6	95	yes
GCA_000243375.1_at_weighted_10k_r10	GCA_000243375.1	at_weighted	7.675283643313486	10000	10	2730612038	0.0001603067198828	1478	10106	280	1541	ok	8	21.2	95	yes
GCA_000243375.1_at_weighted_5k_r01	GCA_000243375.1	at_weighted	7.675283643313486	5000	1	4227066324	0.000336	3070	4897	602	3132	ok	7	19.8	95	yes
GCA_000243375.1_at_weighted_5k_r02	GCA_000243375.1	at_weighted	7.675283643313486	5000	2	489480966	0.000336	3136	4962	578	3199	ok	9	27.4	95	yes
GCA_000243375.1_at_weighted_5k_r03	GCA_000243375.1	at_weighted	7.675283643313486	5000	3	3538228801	0.000336	3170	4753	605	3234	ok	7	18.4	95	yes
GCA_000243375.1_at_weighted_5k_r04	GCA_000243375.1	at_weighted	7.675283643313486	5000	4	2604425430	0.000336	3080	4948	581	3143	ok	7	25.8	95	yes
GCA_000243375.1_at_weighted_5k_r05	GCA_000243375.1	at_weighted	7.675283643313486	5000	5	3340741065	0.000336	3088	4961	582	3150	ok	7	26.3	95	yes
GCA_000243375.1_at_weighted_5k_r06	GCA_000243375.1	at_weighted	7.675283643313486	5000	6	3628187859	0.000336	3167	4875	606	3230	ok	8	30.2	95	yes
GCA_000243375.1_at_weighted_5k_r07	GCA_000243375.1	at_weighted	7.675283643313486	5000	7	2499419585	0.000336	3122	4911	592	3186	ok	8	25.8	95	yes
GCA_000243375.1_at_weighted_5k_r08	GCA_000243375.1	at_weighted	7.675283643313486	5000	8	2208929862	0.000336	3138	4998	584	3201	ok	7	23.2	95	yes
GCA_000243375.1_at_weighted_5k_r09	GCA_000243375.1	at_weighted	7.675283643313486	5000	9	2589281981	0.000336	3024	4981	580	3086	ok	7	24.6	95	yes
GCA_000243375.1_at_weighted_5k_r10	GCA_000243375.1	at_weighted	7.675283643313486	5000	10	1732707153	0.000336	3128	4906	594	3191	ok	6	22.3	95	yes
GCA_000243375.1_at_weighted_g20_50k_r01	GCA_000243375.1	at_weighted_g20	9.98577424517997	50000	1	2392061468	3.059314814236912e-05	280	47101	64	344	ok	9	20.5	96	yes
GCA_000243375.1_at_weighted_g20_50k_r02	GCA_000243375.1	at_weighted_g20	9.98577424517997	50000	2	3510683623	3.059314814236912e-05	283	44675	63	346	ok	9	18.2	96	yes
GCA_000243375.1_at_weighted_g20_50k_r03	GCA_000243375.1	at_weighted_g20	9.98577424517997	50000	3	2648466345	3.059314814236912e-05	290	48809	65	354	ok	9	19.6	96	yes
GCA_000243375.1_at_weighted_g20_50k_r04	GCA_000243375.1	at_weighted_g20	9.98577424517997	50000	4	4123154820	3.059314814236912e-05	278	48539	57	342	ok	8	21.4	96	yes
GCA_000243375.1_at_weighted_g20_50k_r05	GCA_000243375.1	at_weighted_g20	9.98577424517997	50000	5	337976537	3.059314814236912e-05	297	43437	63	361	ok	9	18.8	96	yes
GCA_000243375.1_at_weighted_g20_20k_r01	GCA_000243375.1	at_weighted_g20	9.98577424517997	20000	1	3087360436	7.829660935820033e-05	738	20292	152	802	ok	8	20.8	95	yes
GCA_000243375.1_at_weighted_g20_20k_r02	GCA_000243375.1	at_weighted_g20	9.98577424517997	20000	2	2993668074	7.829660935820033e-05	775	18378	153	839	ok	9	19.5	95	yes
GCA_000243375.1_at_weighted_g20_20k_r03	GCA_000243375.1	at_weighted_g20	9.98577424517997	20000	3	1825956875	7.829660935820033e-05	694	20715	145	758	ok	9	21.7	96	yes
GCA_000243375.1_at_weighted_g20_20k_r04	GCA_000243375.1	at_weighted_g20	9.98577424517997	20000	4	3534728063	7.829660935820033e-05	688	21923	126	751	ok	9	22.6	96	yes
GCA_000243375.1_at_weighted_g20_20k_r05	GCA_000243375.1	at_weighted_g20	9.98577424517997	20000	5	3271964526	7.829660935820033e-05	720	19068	143	784	ok	9	19.5	95	yes
GCA_000243375.1_at_weighted_g20_10k_r01	GCA_000243375.1	at_weighted_g20	9.98577424517997	10000	1	973908812	0.0001603067198828	1493	9913	289	1556	ok	8	21.8	95	yes
GCA_000243375.1_at_weighted_g20_10k_r02	GCA_000243375.1	at_weighted_g20	9.98577424517997	10000	2	837869549	0.0001603067198828	1480	10084	282	1543	ok	8	20.5	95	yes
GCA_000243375.1_at_weighted_g20_10k_r03	GCA_000243375.1	at_weighted_g20	9.98577424517997	10000	3	28053364	0.0001603067198828	1502	10288	288	1565	ok	9	21.7	95	yes
GCA_000243375.1_at_weighted_g20_10k_r04	GCA_000243375.1	at_weighted_g20	9.98577424517997	10000	4	3594011141	0.0001603067198828	1463	10328	289	1526	ok	9	23.2	95	yes
GCA_000243375.1_at_weighted_g20_10k_r05	GCA_000243375.1	at_weighted_g20	9.98577424517997	10000	5	855385154	0.0001603067198828	1467	10110	288	1530	ok	8	19.6	95	yes
GCA_000243375.1_at_weighted_g5_50k_r01	GCA_000243375.1	at_weighted_g5	5.364793041447001	50000	1	198726643	2.785537837086143e-05	244	53784	54	308	ok	9	22.1	96	yes
GCA_000243375.1_at_weighted_g5_50k_r02	GCA_000243375.1	at_weighted_g5	5.364793041447001	50000	2	3858520532	2.785537837086143e-05	264	50145	60	328	ok	9	19.0	96	yes
GCA_000243375.1_at_weighted_g5_50k_r03	GCA_000243375.1	at_weighted_g5	5.364793041447001	50000	3	3973736164	2.785537837086143e-05	272	50020	60	336	ok	9	19.7	96	yes
GCA_000243375.1_at_weighted_g5_50k_r04	GCA_000243375.1	at_weighted_g5	5.364793041447001	50000	4	25897262	2.785537837086143e-05	254	52567	57	318	ok	9	21.2	95	yes
GCA_000243375.1_at_weighted_g5_50k_r05	GCA_000243375.1	at_weighted_g5	5.364793041447001	50000	5	2209377398	2.785537837086143e-05	271	47974	58	335	ok	9	19.1	96	yes
GCA_000243375.1_at_weighted_g5_20k_r01	GCA_000243375.1	at_weighted_g5	5.364793041447001	20000	1	1492681396	7.829660935820033e-05	705	20867	137	769	ok	9	22.2	95	yes
GCA_000243375.1_at_weighted_g5_20k_r02	GCA_000243375.1	at_weighted_g5	5.364793041447001	20000	2	4099273109	7.829660935820033e-05	718	20114	147	782	ok	9	21.0	95	yes
GCA_000243375.1_at_weighted_g5_20k_r03	GCA_000243375.1	at_weighted_g5	5.364793041447001	20000	3	1379689402	7.829660935820033e-05	706	21948	139	770	ok	9	19.4	95	yes
GCA_000243375.1_at_weighted_g5_20k_r04	GCA_000243375.1	at_weighted_g5	5.364793041447001	20000	4	2690832631	7.829660935820033e-05	694	21948	136	756	ok	9	22.3	95	yes
GCA_000243375.1_at_weighted_g5_20k_r05	GCA_000243375.1	at_weighted_g5	5.364793041447001	20000	5	3616905671	7.829660935820033e-05	718	18951	147	782	ok	9	20.5	96	yes
GCA_000243375.1_at_weighted_g5_10k_r01	GCA_000243375.1	at_weighted_g5	5.364793041447001	10000	1	3167198214	0.0001603067198828	1430	10350	271	1494	ok	7	22.5	95	yes
GCA_000243375.1_at_weighted_g5_10k_r02	GCA_000243375.1	at_weighted_g5	5.364793041447001	10000	2	4165261994	0.0001603067198828	1474	10691	276	1538	ok	8	20.9	95	yes
GCA_000243375.1_at_weighted_g5_10k_r03	GCA_000243375.1	at_weighted_g5	5.364793041447001	10000	3	1358212362	0.0001603067198828	1446	10290	285	1510	ok	8	22.6	95	yes
GCA_000243375.1_at_weighted_g5_10k_r04	GCA_000243375.1	at_weighted_g5	5.364793041447001	10000	4	2501717277	0.0001603067198828	1543	9819	301	1606	ok	8	23.1	95	yes
GCA_000243375.1_at_weighted_g5_10k_r05	GCA_000243375.1	at_weighted_g5	5.364793041447001	10000	5	1250538009	0.0001603067198828	1475	9680	290	1539	ok	9	21.0	95	yes
GCA_000243375.1_uniform_1000k_r01	GCA_000243375.1	uniform		1000000	1	926282590	0.0	0	312204	9	64	unperturbed				
GCA_000243375.1_uniform_1000k_r02	GCA_000243375.1	uniform		1000000	2	2166650463	0.0	0	312204	9	64	unperturbed				
GCA_000243375.1_uniform_1000k_r03	GCA_000243375.1	uniform		1000000	3	76744979	0.0	0	312204	9	64	unperturbed				
GCA_000243375.1_uniform_1000k_r04	GCA_000243375.1	uniform		1000000	4	2323768738	0.0	0	312204	9	64	unperturbed				
GCA_000243375.1_uniform_1000k_r05	GCA_000243375.1	uniform		1000000	5	1477186709	0.0	0	312204	9	64	unperturbed				
GCA_000243375.1_uniform_1000k_r06	GCA_000243375.1	uniform		1000000	6	1229691074	0.0	0	312204	9	64	unperturbed				
GCA_000243375.1_uniform_1000k_r07	GCA_000243375.1	uniform		1000000	7	392232639	0.0	0	312204	9	64	unperturbed				
GCA_000243375.1_uniform_1000k_r08	GCA_000243375.1	uniform		1000000	8	487311091	0.0	0	312204	9	64	unperturbed				
GCA_000243375.1_uniform_1000k_r09	GCA_000243375.1	uniform		1000000	9	755657246	0.0	0	312204	9	64	unperturbed				
GCA_000243375.1_uniform_1000k_r10	GCA_000243375.1	uniform		1000000	10	2972704281	0.0	0	312204	9	64	unperturbed				
GCA_000243375.1_uniform_500k_r01	GCA_000243375.1	uniform		500000	1	2839364594	0.0	0	312204	9	64	unperturbed				
GCA_000243375.1_uniform_500k_r02	GCA_000243375.1	uniform		500000	2	1236868628	0.0	0	312204	9	64	unperturbed				
GCA_000243375.1_uniform_500k_r03	GCA_000243375.1	uniform		500000	3	3967625062	0.0	0	312204	9	64	unperturbed				
GCA_000243375.1_uniform_500k_r04	GCA_000243375.1	uniform		500000	4	3520189592	0.0	0	312204	9	64	unperturbed				
GCA_000243375.1_uniform_500k_r05	GCA_000243375.1	uniform		500000	5	3489536201	0.0	0	312204	9	64	unperturbed				
GCA_000243375.1_uniform_500k_r06	GCA_000243375.1	uniform		500000	6	1725457907	0.0	0	312204	9	64	unperturbed				
GCA_000243375.1_uniform_500k_r07	GCA_000243375.1	uniform		500000	7	2285000984	0.0	0	312204	9	64	unperturbed				
GCA_000243375.1_uniform_500k_r08	GCA_000243375.1	uniform		500000	8	568072835	0.0	0	312204	9	64	unperturbed				
GCA_000243375.1_uniform_500k_r09	GCA_000243375.1	uniform		500000	9	984869902	0.0	0	312204	9	64	unperturbed				
GCA_000243375.1_uniform_500k_r10	GCA_000243375.1	uniform		500000	10	2266760102	0.0	0	312204	9	64	unperturbed				
GCA_000243375.1_uniform_200k_r01	GCA_000243375.1	uniform		200000	1	1565637898	3.61279498137652e-06	37	203940	14	101	ok	9	15.2	98	yes
GCA_000243375.1_uniform_200k_r02	GCA_000243375.1	uniform		200000	2	3581945092	3.61279498137652e-06	32	185662	16	96	ok	9	19.0	98	yes
GCA_000243375.1_uniform_200k_r03	GCA_000243375.1	uniform		200000	3	1499995013	3.61279498137652e-06	37	193598	15	101	ok	9	15.4	98	yes
GCA_000243375.1_uniform_200k_r04	GCA_000243375.1	uniform		200000	4	776656892	3.61279498137652e-06	38	208645	14	102	ok	9	23.2	98	yes
GCA_000243375.1_uniform_200k_r05	GCA_000243375.1	uniform		200000	5	2472758450	3.61279498137652e-06	29	191215	15	93	ok	9	22.8	98	yes
GCA_000243375.1_uniform_200k_r06	GCA_000243375.1	uniform		200000	6	783177445	3.61279498137652e-06	35	191215	15	99	ok	9	22.5	98	yes
GCA_000243375.1_uniform_200k_r07	GCA_000243375.1	uniform		200000	7	2760237948	3.61279498137652e-06	29	222686	14	93	ok	9	15.5	98	yes
GCA_000243375.1_uniform_200k_r08	GCA_000243375.1	uniform		200000	8	114269297	3.61279498137652e-06	32	184221	15	96	ok	8	19.9	98	yes
GCA_000243375.1_uniform_200k_r09	GCA_000243375.1	uniform		200000	9	2517955195	3.61279498137652e-06	28	172259	16	92	ok	8	20.4	97	yes
GCA_000243375.1_uniform_200k_r10	GCA_000243375.1	uniform		200000	10	1871833636	3.61279498137652e-06	44	158038	19	108	ok	9	18.1	98	yes
GCA_000243375.1_uniform_100k_r01	GCA_000243375.1	uniform		100000	1	1489674687	1.2681305313415311e-05	123	89714	32	187	ok	9	15.2	96	yes
GCA_000243375.1_uniform_100k_r02	GCA_000243375.1	uniform		100000	2	2717066066	1.2681305313415311e-05	132	80275	39	196	ok	9	18.5	96	yes
GCA_000243375.1_uniform_100k_r03	GCA_000243375.1	uniform		100000	3	2580200388	1.2681305313415311e-05	107	98076	33	171	ok	8	15.3	97	yes
GCA_000243375.1_uniform_100k_r04	GCA_000243375.1	uniform		100000	4	709388981	1.2681305313415311e-05	118	88782	28	182	ok	9	20.5	97	yes
GCA_000243375.1_uniform_100k_r05	GCA_000243375.1	uniform		100000	5	1157915350	1.2681305313415311e-05	110	99147	30	174	ok	9	22.6	96	yes
GCA_000243375.1_uniform_100k_r06	GCA_000243375.1	uniform		100000	6	1994669562	1.2681305313415311e-05	115	87387	34	179	ok	9	22.6	96	yes
GCA_000243375.1_uniform_100k_r07	GCA_000243375.1	uniform		100000	7	1353551928	1.2681305313415311e-05	129	90929	36	193	ok	9	15.5	96	yes
GCA_000243375.1_uniform_100k_r08	GCA_000243375.1	uniform		100000	8	2897873804	1.2681305313415311e-05	124	93584	29	188	ok	9	19.4	97	yes
GCA_000243375.1_uniform_100k_r09	GCA_000243375.1	uniform		100000	9	1236518457	1.2681305313415311e-05	122	96188	33	186	ok	9	19.7	96	yes
GCA_000243375.1_uniform_100k_r10	GCA_000243375.1	uniform		100000	10	1957238799	1.2681305313415311e-05	138	75795	38	202	ok	9	18.7	97	yes
GCA_000243375.1_uniform_50k_r01	GCA_000243375.1	uniform		50000	1	2398141598	2.785537837086143e-05	228	55889	51	292	ok	9	15.3	95	yes
GCA_000243375.1_uniform_50k_r02	GCA_000243375.1	uniform		50000	2	1878970833	2.785537837086143e-05	219	56082	51	283	ok	9	19.6	96	yes
GCA_000243375.1_uniform_50k_r03	GCA_000243375.1	uniform		50000	3	1815629407	2.785537837086143e-05	236	50152	54	300	ok	9	14.8	96	yes
GCA_000243375.1_uniform_50k_r04	GCA_000243375.1	uniform		50000	4	3717440768	2.785537837086143e-05	232	52760	54	296	ok	9	22.9	96	yes
GCA_000243375.1_uniform_50k_r05	GCA_000243375.1	uniform		50000	5	1194527722	2.785537837086143e-05	257	53814	59	321	ok	9	23.9	96	yes
GCA_000243375.1_uniform_50k_r06	GCA_000243375.1	uniform		50000	6	3406161727	2.785537837086143e-05	263	47621	58	327	ok	9	22.8	96	yes
GCA_000243375.1_uniform_50k_r07	GCA_000243375.1	uniform		50000	7	3086823289	2.785537837086143e-05	233	56354	55	296	ok	9	15.8	96	yes
GCA_000243375.1_uniform_50k_r08	GCA_000243375.1	uniform		50000	8	4253345459	2.785537837086143e-05	258	51298	54	322	ok	9	18.7	96	yes
GCA_000243375.1_uniform_50k_r09	GCA_000243375.1	uniform		50000	9	2583603191	2.785537837086143e-05	268	46554	65	332	ok	9	19.9	96	yes
GCA_000243375.1_uniform_50k_r10	GCA_000243375.1	uniform		50000	10	2556938980	2.785537837086143e-05	232	51771	58	296	ok	9	19.1	96	yes
GCA_000243375.1_uniform_20k_r01	GCA_000243375.1	uniform		20000	1	85696036	8.015335994141183e-05	733	19715	151	797	ok	8	16.3	95	yes
GCA_000243375.1_uniform_20k_r02	GCA_000243375.1	uniform		20000	2	423592684	8.015335994141183e-05	766	18893	152	829	ok	9	20.2	95	yes
GCA_000243375.1_uniform_20k_r03	GCA_000243375.1	uniform		20000	3	281518917	8.015335994141183e-05	737	19859	155	801	ok	9	15.4	95	yes
GCA_000243375.1_uniform_20k_r04	GCA_000243375.1	uniform		20000	4	3357473401	8.015335994141183e-05	792	18347	169	856	ok	8	21.6	95	yes
GCA_000243375.1_uniform_20k_r05	GCA_000243375.1	uniform		20000	5	3969518410	8.015335994141183e-05	766	19059	152	830	ok	9	24.9	96	yes
GCA_000243375.1_uniform_20k_r06	GCA_000243375.1	uniform		20000	6	432651338	8.015335994141183e-05	735	19986	146	799	ok	9	27.1	95	yes
GCA_000243375.1_uniform_20k_r07	GCA_000243375.1	uniform		20000	7	3905242161	8.015335994141183e-05	673	21333	140	736	ok	9	16.5	96	yes
GCA_000243375.1_uniform_20k_r08	GCA_000243375.1	uniform		20000	8	1035013329	8.015335994141183e-05	767	18790	140	831	ok	9	20.1	95	yes
GCA_000243375.1_uniform_20k_r09	GCA_000243375.1	uniform		20000	9	1902442486	8.015335994141183e-05	794	18247	165	858	ok	8	21.0	95	yes
GCA_000243375.1_uniform_20k_r10	GCA_000243375.1	uniform		20000	10	2452619964	8.015335994141183e-05	744	19538	144	808	ok	9	20.1	95	yes
GCA_000243375.1_uniform_10k_r01	GCA_000243375.1	uniform		10000	1	2232625587	0.0001621963647692	1530	9889	284	1592	ok	9	17.1	95	yes
GCA_000243375.1_uniform_10k_r02	GCA_000243375.1	uniform		10000	2	3791748472	0.0001621963647692	1478	10089	289	1540	ok	6	20.4	96	yes
GCA_000243375.1_uniform_10k_r03	GCA_000243375.1	uniform		10000	3	101248757	0.0001621963647692	1550	9619	301	1614	ok	9	16.5	95	yes
GCA_000243375.1_uniform_10k_r04	GCA_000243375.1	uniform		10000	4	3234123512	0.0001621963647692	1514	9809	305	1577	ok	9	25.4	95	yes
GCA_000243375.1_uniform_10k_r05	GCA_000243375.1	uniform		10000	5	4259755577	0.0001621963647692	1516	10014	298	1580	ok	9	23.0	95	yes
GCA_000243375.1_uniform_10k_r06	GCA_000243375.1	uniform		10000	6	933508715	0.0001621963647692	1468	10307	283	1532	ok	9	26.6	95	yes
GCA_000243375.1_uniform_10k_r07	GCA_000243375.1	uniform		10000	7	3578927240	0.0001621963647692	1524	9999	292	1588	ok	9	19.6	95	yes
GCA_000243375.1_uniform_10k_r08	GCA_000243375.1	uniform		10000	8	2043044628	0.0001621963647692	1455	10038	286	1519	ok	9	21.0	95	yes
GCA_000243375.1_uniform_10k_r09	GCA_000243375.1	uniform		10000	9	742672374	0.0001621963647692	1446	10464	283	1509	ok	8	22.1	95	yes
GCA_000243375.1_uniform_10k_r10	GCA_000243375.1	uniform		10000	10	2140240611	0.0001621963647692	1455	10786	280	1519	ok	9	21.0	95	yes
GCA_000243375.1_uniform_5k_r01	GCA_000243375.1	uniform		5000	1	4264860996	0.000336	2978	5057	569	3041	ok	7	18.8	95	yes
GCA_000243375.1_uniform_5k_r02	GCA_000243375.1	uniform		5000	2	1506254672	0.000336	3183	4805	616	3247	ok	9	25.8	95	yes
GCA_000243375.1_uniform_5k_r03	GCA_000243375.1	uniform		5000	3	3742656793	0.000336	3132	4907	606	3196	ok	9	18.4	95	yes
GCA_000243375.1_uniform_5k_r04	GCA_000243375.1	uniform		5000	4	3502029778	0.000336	3070	4868	600	3133	ok	9	26.9	95	yes
GCA_000243375.1_uniform_5k_r05	GCA_000243375.1	uniform		5000	5	2963249629	0.000336	3145	4786	597	3207	ok	8	25.6	95	yes
GCA_000243375.1_uniform_5k_r06	GCA_000243375.1	uniform		5000	6	3308244359	0.000336	3172	4745	600	3236	ok	9	38.2	95	yes
GCA_000243375.1_uniform_5k_r07	GCA_000243375.1	uniform		5000	7	1499700052	0.000336	2994	5066	576	3057	ok	8	23.0	95	yes
GCA_000243375.1_uniform_5k_r08	GCA_000243375.1	uniform		5000	8	3959855532	0.000336	3147	4825	599	3210	ok	8	24.1	95	yes
GCA_000243375.1_uniform_5k_r09	GCA_000243375.1	uniform		5000	9	2153487691	0.000336	3082	5028	591	3146	ok	7	24.1	95	yes
GCA_000243375.1_uniform_5k_r10	GCA_000243375.1	uniform		5000	10	2252234468	0.000336	3075	4941	591	3139	ok	9	23.7	95	yes
GCA_000304475.1_at_weighted_1000k_r01	GCA_000304475.1	at_weighted	7.675283643313486	1000000	1	3359118434	0.0	0	925516	5	44	unperturbed				
GCA_000304475.1_at_weighted_1000k_r02	GCA_000304475.1	at_weighted	7.675283643313486	1000000	2	2125123794	0.0	0	925516	5	44	unperturbed				
GCA_000304475.1_at_weighted_1000k_r03	GCA_000304475.1	at_weighted	7.675283643313486	1000000	3	3536550703	0.0	0	925516	5	44	unperturbed				
GCA_000304475.1_at_weighted_1000k_r04	GCA_000304475.1	at_weighted	7.675283643313486	1000000	4	4249767693	0.0	0	925516	5	44	unperturbed				
GCA_000304475.1_at_weighted_1000k_r05	GCA_000304475.1	at_weighted	7.675283643313486	1000000	5	3809694039	0.0	0	925516	5	44	unperturbed				
GCA_000304475.1_at_weighted_1000k_r06	GCA_000304475.1	at_weighted	7.675283643313486	1000000	6	2077678705	0.0	0	925516	5	44	unperturbed				
GCA_000304475.1_at_weighted_1000k_r07	GCA_000304475.1	at_weighted	7.675283643313486	1000000	7	2548719904	0.0	0	925516	5	44	unperturbed				
GCA_000304475.1_at_weighted_1000k_r08	GCA_000304475.1	at_weighted	7.675283643313486	1000000	8	2107816894	0.0	0	925516	5	44	unperturbed				
GCA_000304475.1_at_weighted_1000k_r09	GCA_000304475.1	at_weighted	7.675283643313486	1000000	9	916490116	0.0	0	925516	5	44	unperturbed				
GCA_000304475.1_at_weighted_1000k_r10	GCA_000304475.1	at_weighted	7.675283643313486	1000000	10	4097091041	0.0	0	925516	5	44	unperturbed				
GCA_000304475.1_at_weighted_500k_r01	GCA_000304475.1	at_weighted	7.675283643313486	500000	1	4067173491	1.3157949056340446e-06	19	471145	8	63	ok	13	9.3	98	yes
GCA_000304475.1_at_weighted_500k_r02	GCA_000304475.1	at_weighted	7.675283643313486	500000	2	1142855124	1.3157949056340446e-06	22	379003	9	66	ok	13	14.2	101	yes
GCA_000304475.1_at_weighted_500k_r03	GCA_000304475.1	at_weighted	7.675283643313486	500000	3	2795388160	1.3157949056340446e-06	7	578118	6	51	ok	12	9.0	101	yes
GCA_000304475.1_at_weighted_500k_r04	GCA_000304475.1	at_weighted	7.675283643313486	500000	4	753479176	1.3157949056340446e-06	22	485904	9	66	ok	13	11.3	98	yes
GCA_000304475.1_at_weighted_500k_r05	GCA_000304475.1	at_weighted	7.675283643313486	500000	5	1116532274	1.3157949056340446e-06	14	428400	8	58	ok	12	12.7	101	yes
GCA_000304475.1_at_weighted_500k_r06	GCA_000304475.1	at_weighted	7.675283643313486	500000	6	1261483335	1.3157949056340446e-06	14	581033	7	58	ok	13	13.8	98	yes
GCA_000304475.1_at_weighted_500k_r07	GCA_000304475.1	at_weighted	7.675283643313486	500000	7	1074661351	1.3157949056340446e-06	25	380330	10	69	ok	12	17.9	97	yes
GCA_000304475.1_at_weighted_500k_r08	GCA_000304475.1	at_weighted	7.675283643313486	500000	8	3947858646	1.3157949056340446e-06	14	539274	7	58	ok	12	13.9	100	yes
GCA_000304475.1_at_weighted_500k_r09	GCA_000304475.1	at_weighted	7.675283643313486	500000	9	487639217	1.3157949056340446e-06	23	411895	10	67	ok	13	14.2	98	yes
GCA_000304475.1_at_weighted_500k_r10	GCA_000304475.1	at_weighted	7.675283643313486	500000	10	725371987	1.3157949056340446e-06	11	547686	7	55	ok	13	15.1	99	yes
GCA_000304475.1_at_weighted_200k_r01	GCA_000304475.1	at_weighted	7.675283643313486	200000	1	3623463228	6.340652656707656e-06	63	213287	17	107	ok	13	9.6	96	yes
GCA_000304475.1_at_weighted_200k_r02	GCA_000304475.1	at_weighted	7.675283643313486	200000	2	1588760752	6.340652656707656e-06	70	193276	17	114	ok	13	12.7	97	yes
GCA_000304475.1_at_weighted_200k_r03	GCA_000304475.1	at_weighted	7.675283643313486	200000	3	3476651007	6.340652656707656e-06	69	174739	21	113	ok	13	8.8	96	yes
GCA_000304475.1_at_weighted_200k_r04	GCA_000304475.1	at_weighted	7.675283643313486	200000	4	1601413169	6.340652656707656e-06	66	197699	16	110	ok	12	10.9	97	yes
GCA_000304475.1_at_weighted_200k_r05	GCA_000304475.1	at_weighted	7.675283643313486	200000	5	3853604468	6.340652656707656e-06	81	194265	15	125	ok	13	11.9	97	yes
GCA_000304475.1_at_weighted_200k_r06	GCA_000304475.1	at_weighted	7.675283643313486	200000	6	145968593	6.340652656707656e-06	76	200248	22	120	ok	13	13.3	96	yes
GCA_000304475.1_at_weighted_200k_r07	GCA_000304475.1	at_weighted	7.675283643313486	200000	7	479400363	6.340652656707656e-06	80	196692	20	124	ok	13	19.4	97	yes
GCA_000304475.1_at_weighted_200k_r08	GCA_000304475.1	at_weighted	7.675283643313486	200000	8	3057670336	6.340652656707656e-06	65	212331	15	109	ok	13	13.7	97	yes
GCA_000304475.1_at_weighted_200k_r09	GCA_000304475.1	at_weighted	7.675283643313486	200000	9	240586070	6.340652656707656e-06	62	273294	15	106	ok	13	14.6	97	yes
GCA_000304475.1_at_weighted_200k_r10	GCA_000304475.1	at_weighted	7.675283643313486	200000	10	719415201	6.340652656707656e-06	67	196674	17	111	ok	13	14.8	97	yes
GCA_000304475.1_at_weighted_100k_r01	GCA_000304475.1	at_weighted	7.675283643313486	100000	1	3702008072	1.4596092945215754e-05	166	104042	33	210	ok	13	9.1	96	yes
GCA_000304475.1_at_weighted_100k_r02	GCA_000304475.1	at_weighted	7.675283643313486	100000	2	3467000886	1.4596092945215754e-05	148	107489	34	192	ok	13	12.7	96	yes
GCA_000304475.1_at_weighted_100k_r03	GCA_000304475.1	at_weighted	7.675283643313486	100000	3	708895758	1.4596092945215754e-05	143	119974	32	187	ok	13	8.2	96	yes
GCA_000304475.1_at_weighted_100k_r04	GCA_000304475.1	at_weighted	7.675283643313486	100000	4	1297819636	1.4596092945215754e-05	174	85451	39	218	ok	13	11.5	96	yes
GCA_000304475.1_at_weighted_100k_r05	GCA_000304475.1	at_weighted	7.675283643313486	100000	5	1787451226	1.4596092945215754e-05	172	82869	43	215	ok	13	12.1	96	yes
GCA_000304475.1_at_weighted_100k_r06	GCA_000304475.1	at_weighted	7.675283643313486	100000	6	3419688772	1.4596092945215754e-05	146	100039	35	190	ok	13	13.0	96	yes
GCA_000304475.1_at_weighted_100k_r07	GCA_000304475.1	at_weighted	7.675283643313486	100000	7	2412582539	1.4596092945215754e-05	191	86120	45	234	ok	13	16.6	95	yes
GCA_000304475.1_at_weighted_100k_r08	GCA_000304475.1	at_weighted	7.675283643313486	100000	8	910358648	1.4596092945215754e-05	173	93584	37	217	ok	13	13.0	96	yes
GCA_000304475.1_at_weighted_100k_r09	GCA_000304475.1	at_weighted	7.675283643313486	100000	9	3745193609	1.4596092945215754e-05	160	104850	33	203	ok	13	14.0	96	yes
GCA_000304475.1_at_weighted_100k_r10	GCA_000304475.1	at_weighted	7.675283643313486	100000	10	2307259150	1.4596092945215754e-05	190	87491	45	234	ok	13	14.0	95	yes
GCA_000304475.1_at_weighted_50k_r01	GCA_000304475.1	at_weighted	7.675283643313486	50000	1	701433050	3.1318643743280105e-05	378	48331	74	422	ok	13	9.4	95	yes
GCA_000304475.1_at_weighted_50k_r02	GCA_000304475.1	at_weighted	7.675283643313486	50000	2	2600917043	3.1318643743280105e-05	362	45312	74	406	ok	13	14.1	95	yes
GCA_000304475.1_at_weighted_50k_r03	GCA_000304475.1	at_weighted	7.675283643313486	50000	3	1580903142	3.1318643743280105e-05	327	54070	63	371	ok	13	8.6	95	yes
GCA_000304475.1_at_weighted_50k_r04	GCA_000304475.1	at_weighted	7.675283643313486	50000	4	1564751614	3.1318643743280105e-05	342	53099	69	385	ok	13	11.4	95	yes
GCA_000304475.1_at_weighted_50k_r05	GCA_000304475.1	at_weighted	7.675283643313486	50000	5	392486658	3.1318643743280105e-05	346	50379	67	390	ok	13	13.0	95	yes
GCA_000304475.1_at_weighted_50k_r06	GCA_000304475.1	at_weighted	7.675283643313486	50000	6	608910066	3.1318643743280105e-05	363	44519	81	407	ok	13	13.8	95	yes
GCA_000304475.1_at_weighted_50k_r07	GCA_000304475.1	at_weighted	7.675283643313486	50000	7	2686505611	3.1318643743280105e-05	335	48329	66	378	ok	13	16.4	95	yes
GCA_000304475.1_at_weighted_50k_r08	GCA_000304475.1	at_weighted	7.675283643313486	50000	8	1449551831	3.1318643743280105e-05	317	51061	69	361	ok	13	13.0	95	yes
GCA_000304475.1_at_weighted_50k_r09	GCA_000304475.1	at_weighted	7.675283643313486	50000	9	3054288701	3.1318643743280105e-05	352	46248	71	396	ok	13	14.1	95	yes
GCA_000304475.1_at_weighted_50k_r10	GCA_000304475.1	at_weighted	7.675283643313486	50000	10	4092767217	3.1318643743280105e-05	368	46330	72	412	ok	13	14.7	95	yes
GCA_000304475.1_at_weighted_20k_r01	GCA_000304475.1	at_weighted	7.675283643313486	20000	1	603952631	8.205414209580523e-05	925	20127	180	969	ok	13	10.7	95	yes
GCA_000304475.1_at_weighted_20k_r02	GCA_000304475.1	at_weighted	7.675283643313486	20000	2	546281613	8.205414209580523e-05	942	19717	172	986	ok	13	13.5	95	yes
GCA_000304475.1_at_weighted_20k_r03	GCA_000304475.1	at_weighted	7.675283643313486	20000	3	477235147	8.205414209580523e-05	908	18987	175	952	ok	13	8.4	95	yes
GCA_000304475.1_at_weighted_20k_r04	GCA_000304475.1	at_weighted	7.675283643313486	20000	4	2749332668	8.205414209580523e-05	992	18749	193	1036	ok	12	12.5	95	yes
GCA_000304475.1_at_weighted_20k_r05	GCA_000304475.1	at_weighted	7.675283643313486	20000	5	3089567866	8.205414209580523e-05	908	19697	174	952	ok	13	14.1	95	yes
GCA_000304475.1_at_weighted_20k_r06	GCA_000304475.1	at_weighted	7.675283643313486	20000	6	3661961524	8.205414209580523e-05	881	19807	172	925	ok	13	13.2	95	yes
GCA_000304475.1_at_weighted_20k_r07	GCA_000304475.1	at_weighted	7.675283643313486	20000	7	2456037783	8.205414209580523e-05	915	19963	175	959	ok	12	17.0	95	yes
GCA_000304475.1_at_weighted_20k_r08	GCA_000304475.1	at_weighted	7.675283643313486	20000	8	3240348930	8.205414209580523e-05	929	19246	181	972	ok	13	13.9	95	yes
GCA_000304475.1_at_weighted_20k_r09	GCA_000304475.1	at_weighted	7.675283643313486	20000	9	3239612681	8.205414209580523e-05	916	20205	176	960	ok	12	14.5	95	yes
GCA_000304475.1_at_weighted_20k_r10	GCA_000304475.1	at_weighted	7.675283643313486	20000	10	794524995	8.205414209580523e-05	901	20589	170	945	ok	13	14.1	94	yes
GCA_000304475.1_at_weighted_10k_r01	GCA_000304475.1	at_weighted	7.675283643313486	10000	1	1702220631	0.000168	1904	9404	363	1946	ok	12	10.8	95	yes
GCA_000304475.1_at_weighted_10k_r02	GCA_000304475.1	at_weighted	7.675283643313486	10000	2	2893328578	0.000168	1865	9885	344	1908	ok	12	13.6	95	yes
GCA_000304475.1_at_weighted_10k_r03	GCA_000304475.1	at_weighted	7.675283643313486	10000	3	4181048087	0.000168	1908	9691	363	1952	ok	13	9.2	94	yes
GCA_000304475.1_at_weighted_10k_r04	GCA_000304475.1	at_weighted	7.675283643313486	10000	4	3464853602	0.000168	1893	9577	360	1936	ok	12	12.2	95	yes
GCA_000304475.1_at_weighted_10k_r05	GCA_000304475.1	at_weighted	7.675283643313486	10000	5	803141142	0.000168	1904	10010	353	1948	ok	13	15.3	95	yes
GCA_000304475.1_at_weighted_10k_r06	GCA_000304475.1	at_weighted	7.675283643313486	10000	6	3035798274	0.000168	1806	9989	345	1850	ok	13	13.7	95	yes
GCA_000304475.1_at_weighted_10k_r07	GCA_000304475.1	at_weighted	7.675283643313486	10000	7	3165377893	0.000168	1946	9350	357	1989	ok	13	20.5	95	yes
GCA_000304475.1_at_weighted_10k_r08	GCA_000304475.1	at_weighted	7.675283643313486	10000	8	31553353	0.000168	1868	9979	344	1911	ok	12	14.1	95	yes
GCA_000304475.1_at_weighted_10k_r09	GCA_000304475.1	at_weighted	7.675283643313486	10000	9	1180227424	0.000168	1819	10063	344	1862	ok	11	15.5	95	yes
GCA_000304475.1_at_weighted_10k_r10	GCA_000304475.1	at_weighted	7.675283643313486	10000	10	3720471733	0.000168	1912	9654	356	1956	ok	12	14.1	95	yes
GCA_000304475.1_at_weighted_5k_r01	GCA_000304475.1	at_weighted	7.675283643313486	5000	1	610694729	0.000336	3794	4838	708	3838	ok	12	11.2	95	yes
GCA_000304475.1_at_weighted_5k_r02	GCA_000304475.1	at_weighted	7.675283643313486	5000	2	2897476207	0.000336	3569	5227	654	3612	ok	11	13.7	95	yes
GCA_000304475.1_at_weighted_5k_r03	GCA_000304475.1	at_weighted	7.675283643313486	5000	3	4109934161	0.000336	3711	5063	670	3753	ok	13	9.1	95	yes
GCA_000304475.1_at_weighted_5k_r04	GCA_000304475.1	at_weighted	7.675283643313486	5000	4	4221402381	0.000336	3711	5137	669	3755	ok	10	12.5	95	yes
GCA_000304475.1_at_weighted_5k_r05	GCA_000304475.1	at_weighted	7.675283643313486	5000	5	1570316910	0.000336	3668	5239	677	3712	ok	13	15.7	95	yes
GCA_000304475.1_at_weighted_5k_r06	GCA_000304475.1	at_weighted	7.675283643313486	5000	6	1354759373	0.000336	3724	4932	694	3767	ok	13	14.6	95	yes
GCA_000304475.1_at_weighted_5k_r07	GCA_000304475.1	at_weighted	7.675283643313486	5000	7	384400968	0.000336	3790	4925	702	3834	ok	11	20.8	95	yes
GCA_000304475.1_at_weighted_5k_r08	GCA_000304475.1	at_weighted	7.675283643313486	5000	8	280460872	0.000336	3695	5218	673	3739	ok	11	14.4	95	yes
GCA_000304475.1_at_weighted_5k_r09	GCA_000304475.1	at_weighted	7.675283643313486	5000	9	842428401	0.000336	3771	4873	719	3814	ok	9	16.3	95	yes
GCA_000304475.1_at_weighted_5k_r10	GCA_000304475.1	at_weighted	7.675283643313486	5000	10	2073540806	0.000336	3785	4773	709	3828	ok	12	13.7	95	yes
GCA_000304475.1_at_weighted_g20_50k_r01	GCA_000304475.1	at_weighted_g20	9.98577424517997	50000	1	51778855	3.2061343976564704e-05	335	54770	60	379	ok	12	15.7	96	yes
GCA_000304475.1_at_weighted_g20_50k_r02	GCA_000304475.1	at_weighted_g20	9.98577424517997	50000	2	301223484	3.2061343976564704e-05	338	51978	66	382	ok	13	12.2	95	yes
GCA_000304475.1_at_weighted_g20_50k_r03	GCA_000304475.1	at_weighted_g20	9.98577424517997	50000	3	4051863215	3.2061343976564704e-05	367	45805	72	411	ok	13	12.1	95	yes
GCA_000304475.1_at_weighted_g20_50k_r04	GCA_000304475.1	at_weighted_g20	9.98577424517997	50000	4	3520664523	3.2061343976564704e-05	369	46958	80	413	ok	13	12.5	95	yes
GCA_000304475.1_at_weighted_g20_50k_r05	GCA_000304475.1	at_weighted_g20	9.98577424517997	50000	5	1692303585	3.2061343976564704e-05	354	50199	70	398	ok	13	14.0	95	yes
GCA_000304475.1_at_weighted_g20_20k_r01	GCA_000304475.1	at_weighted_g20	9.98577424517997	20000	1	1042834742	8.015335994141183e-05	941	18928	184	985	ok	13	14.6	95	yes
GCA_000304475.1_at_weighted_g20_20k_r02	GCA_000304475.1	at_weighted_g20	9.98577424517997	20000	2	4220230286	8.015335994141183e-05	838	21684	158	882	ok	13	13.7	94	yes
GCA_000304475.1_at_weighted_g20_20k_r03	GCA_000304475.1	at_weighted_g20	9.98577424517997	20000	3	2959227908	8.015335994141183e-05	912	20367	178	956	ok	13	12.5	95	yes
GCA_000304475.1_at_weighted_g20_20k_r04	GCA_000304475.1	at_weighted_g20	9.98577424517997	20000	4	327263643	8.015335994141183e-05	881	19914	179	925	ok	13	12.8	95	yes
GCA_000304475.1_at_weighted_g20_20k_r05	GCA_000304475.1	at_weighted_g20	9.98577424517997	20000	5	2341846919	8.015335994141183e-05	863	20895	170	907	ok	13	14.0	95	yes
GCA_000304475.1_at_weighted_g20_10k_r01	GCA_000304475.1	at_weighted_g20	9.98577424517997	10000	1	3285558032	0.000168	1853	9917	351	1896	ok	13	15.1	95	yes
GCA_000304475.1_at_weighted_g20_10k_r02	GCA_000304475.1	at_weighted_g20	9.98577424517997	10000	2	1627746456	0.000168	1855	9792	349	1899	ok	12	14.1	94	yes
GCA_000304475.1_at_weighted_g20_10k_r03	GCA_000304475.1	at_weighted_g20	9.98577424517997	10000	3	1687875413	0.000168	1987	9411	366	2030	ok	13	13.0	95	yes
GCA_000304475.1_at_weighted_g20_10k_r04	GCA_000304475.1	at_weighted_g20	9.98577424517997	10000	4	4001221955	0.000168	1908	9919	350	1952	ok	12	12.9	95	yes
GCA_000304475.1_at_weighted_g20_10k_r05	GCA_000304475.1	at_weighted_g20	9.98577424517997	10000	5	1316548081	0.000168	1917	9351	377	1960	ok	12	14.8	95	yes
GCA_000304475.1_at_weighted_g5_50k_r01	GCA_000304475.1	at_weighted_g5	5.364793041447001	50000	1	3146434682	3.1318643743280105e-05	339	48445	71	383	ok	13	12.6	95	yes
GCA_000304475.1_at_weighted_g5_50k_r02	GCA_000304475.1	at_weighted_g5	5.364793041447001	50000	2	1224302350	3.1318643743280105e-05	358	48524	71	402	ok	13	12.4	95	yes
GCA_000304475.1_at_weighted_g5_50k_r03	GCA_000304475.1	at_weighted_g5	5.364793041447001	50000	3	2289403542	3.1318643743280105e-05	361	48845	75	405	ok	13	12.3	95	yes
GCA_000304475.1_at_weighted_g5_50k_r04	GCA_000304475.1	at_weighted_g5	5.364793041447001	50000	4	623811698	3.1318643743280105e-05	348	51258	67	392	ok	13	12.3	95	yes
GCA_000304475.1_at_weighted_g5_50k_r05	GCA_000304475.1	at_weighted_g5	5.364793041447001	50000	5	303616565	3.1318643743280105e-05	326	50787	66	370	ok	12	16.0	95	yes
GCA_000304475.1_at_weighted_g5_20k_r01	GCA_000304475.1	at_weighted_g5	5.364793041447001	20000	1	3372591111	8.015335994141183e-05	860	21209	161	904	ok	12	13.2	95	yes
GCA_000304475.1_at_weighted_g5_20k_r02	GCA_000304475.1	at_weighted_g5	5.364793041447001	20000	2	483162467	8.015335994141183e-05	937	19091	182	981	ok	13	14.0	95	yes
GCA_000304475.1_at_weighted_g5_20k_r03	GCA_000304475.1	at_weighted_g5	5.364793041447001	20000	3	1053909874	8.015335994141183e-05	852	21344	165	896	ok	13	12.6	95	yes
GCA_000304475.1_at_weighted_g5_20k_r04	GCA_000304475.1	at_weighted_g5	5.364793041447001	20000	4	1058726746	8.015335994141183e-05	935	18729	183	979	ok	13	12.4	95	yes
GCA_000304475.1_at_weighted_g5_20k_r05	GCA_000304475.1	at_weighted_g5	5.364793041447001	20000	5	3630634692	8.015335994141183e-05	922	19928	173	966	ok	13	14.7	94	yes
GCA_000304475.1_at_weighted_g5_10k_r01	GCA_000304475.1	at_weighted_g5	5.364793041447001	10000	1	298760344	0.0001603067198828	1767	10159	349	1811	ok	12	14.2	95	yes
GCA_000304475.1_at_weighted_g5_10k_r02	GCA_000304475.1	at_weighted_g5	5.364793041447001	10000	2	123127008	0.0001603067198828	1863	9929	342	1907	ok	13	12.5	95	yes
GCA_000304475.1_at_weighted_g5_10k_r03	GCA_000304475.1	at_weighted_g5	5.364793041447001	10000	3	3344600083	0.0001603067198828	1812	10227	343	1856	ok	13	13.0	95	yes
GCA_000304475.1_at_weighted_g5_10k_r04	GCA_000304475.1	at_weighted_g5	5.364793041447001	10000	4	3337137879	0.0001603067198828	1820	9921	354	1864	ok	13	13.1	95	yes
GCA_000304475.1_at_weighted_g5_10k_r05	GCA_000304475.1	at_weighted_g5	5.364793041447001	10000	5	3105445067	0.0001603067198828	1809	10330	331	1852	ok	13	14.7	95	yes
GCA_000304475.1_uniform_1000k_r01	GCA_000304475.1	uniform		1000000	1	1186120466	0.0	0	925516	5	44	unperturbed				
GCA_000304475.1_uniform_1000k_r02	GCA_000304475.1	uniform		1000000	2	3102947485	0.0	0	925516	5	44	unperturbed				
GCA_000304475.1_uniform_1000k_r03	GCA_000304475.1	uniform		1000000	3	3089184633	0.0	0	925516	5	44	unperturbed				
GCA_000304475.1_uniform_1000k_r04	GCA_000304475.1	uniform		1000000	4	3766537724	0.0	0	925516	5	44	unperturbed				
GCA_000304475.1_uniform_1000k_r05	GCA_000304475.1	uniform		1000000	5	3013084562	0.0	0	925516	5	44	unperturbed				
GCA_000304475.1_uniform_1000k_r06	GCA_000304475.1	uniform		1000000	6	2587944191	0.0	0	925516	5	44	unperturbed				
GCA_000304475.1_uniform_1000k_r07	GCA_000304475.1	uniform		1000000	7	828671763	0.0	0	925516	5	44	unperturbed				
GCA_000304475.1_uniform_1000k_r08	GCA_000304475.1	uniform		1000000	8	605560615	0.0	0	925516	5	44	unperturbed				
GCA_000304475.1_uniform_1000k_r09	GCA_000304475.1	uniform		1000000	9	18084741	0.0	0	925516	5	44	unperturbed				
GCA_000304475.1_uniform_1000k_r10	GCA_000304475.1	uniform		1000000	10	2216916684	0.0	0	925516	5	44	unperturbed				
GCA_000304475.1_uniform_500k_r01	GCA_000304475.1	uniform		500000	1	1834426447	1.6247898331562672e-06	17	517568	8	61	ok	13	10.6	100	yes
GCA_000304475.1_uniform_500k_r02	GCA_000304475.1	uniform		500000	2	2915906528	1.6247898331562672e-06	21	547686	7	65	ok	13	15.1	101	yes
GCA_000304475.1_uniform_500k_r03	GCA_000304475.1	uniform		500000	3	127938435	1.6247898331562672e-06	16	547686	7	60	ok	13	8.7	99	yes
GCA_000304475.1_uniform_500k_r04	GCA_000304475.1	uniform		500000	4	1217310289	1.6247898331562672e-06	24	399451	9	68	ok	13	11.5	98	yes
GCA_000304475.1_uniform_500k_r05	GCA_000304475.1	uniform		500000	5	329414944	1.6247898331562672e-06	20	390799	9	64	ok	13	14.5	99	yes
GCA_000304475.1_uniform_500k_r06	GCA_000304475.1	uniform		500000	6	548610726	1.6247898331562672e-06	15	563483	8	59	ok	12	12.8	98	yes
GCA_000304475.1_uniform_500k_r07	GCA_000304475.1	uniform		500000	7	3164233938	1.6247898331562672e-06	26	414403	9	70	ok	12	18.6	99	yes
GCA_000304475.1_uniform_500k_r08	GCA_000304475.1	uniform		500000	8	3869426604	1.6247898331562672e-06	13	547686	7	57	ok	13	14.1	99	yes
GCA_000304475.1_uniform_500k_r09	GCA_000304475.1	uniform		500000	9	2271874622	1.6247898331562672e-06	17	483146	8	61	ok	12	13.6	98	yes
GCA_000304475.1_uniform_500k_r10	GCA_000304475.1	uniform		500000	10	3727248616	1.6247898331562672e-06	18	405646	8	62	ok	13	14.6	100	yes
GCA_000304475.1_uniform_200k_r01	GCA_000304475.1	uniform		200000	1	3190542192	6.050293031625689e-06	63	261042	15	107	ok	13	10.6	97	yes
GCA_000304475.1_uniform_200k_r02	GCA_000304475.1	uniform		200000	2	621315358	6.050293031625689e-06	68	213877	18	112	ok	13	15.9	97	yes
GCA_000304475.1_uniform_200k_r03	GCA_000304475.1	uniform		200000	3	636487931	6.050293031625689e-06	52	268063	13	96	ok	13	8.3	97	yes
GCA_000304475.1_uniform_200k_r04	GCA_000304475.1	uniform		200000	4	3955889565	6.050293031625689e-06	79	178283	21	123	ok	13	11.5	96	yes
GCA_000304475.1_uniform_200k_r05	GCA_000304475.1	uniform		200000	5	1915802080	6.050293031625689e-06	69	195329	18	113	ok	13	12.1	97	yes
GCA_000304475.1_uniform_200k_r06	GCA_000304475.1	uniform		200000	6	3468896015	6.050293031625689e-06	54	226096	16	98	ok	13	12.7	97	yes
GCA_000304475.1_uniform_200k_r07	GCA_000304475.1	uniform		200000	7	2926574746	6.050293031625689e-06	74	189610	16	118	ok	13	20.2	97	yes
GCA_000304475.1_uniform_200k_r08	GCA_000304475.1	uniform		200000	8	802662549	6.050293031625689e-06	62	261042	15	106	ok	13	13.3	97	yes
GCA_000304475.1_uniform_200k_r09	GCA_000304475.1	uniform		200000	9	4262975617	6.050293031625689e-06	65	194323	18	109	ok	13	12.6	97	yes
GCA_000304475.1_uniform_200k_r10	GCA_000304475.1	uniform		200000	10	3083654117	6.050293031625689e-06	60	213406	16	104	ok	13	13.1	97	yes
GCA_000304475.1_uniform_100k_r01	GCA_000304475.1	uniform		100000	1	3073085484	1.503003844144343e-05	174	81627	41	218	ok	13	10.1	96	yes
GCA_000304475.1_uniform_100k_r02	GCA_000304475.1	uniform		100000	2	3931634679	1.503003844144343e-05	162	111007	35	206	ok	13	16.6	95	yes
GCA_000304475.1_uniform_100k_r03	GCA_000304475.1	uniform		100000	3	4397488	1.503003844144343e-05	166	92113	38	210	ok	13	8.4	96	yes
GCA_000304475.1_uniform_100k_r04	GCA_000304475.1	uniform		100000	4	228234212	1.503003844144343e-05	195	81482	44	239	ok	13	11.0	95	yes
GCA_000304475.1_uniform_100k_r05	GCA_000304475.1	uniform		100000	5	566873544	1.503003844144343e-05	182	94268	39	226	ok	13	12.7	95	yes
GCA_000304475.1_uniform_100k_r06	GCA_000304475.1	uniform		100000	6	171700886	1.503003844144343e-05	161	109091	34	205	ok	13	12.6	96	yes
GCA_000304475.1_uniform_100k_r07	GCA_000304475.1	uniform		100000	7	3512289201	1.503003844144343e-05	169	93452	40	213	ok	13	17.0	95	yes
GCA_000304475.1_uniform_100k_r08	GCA_000304475.1	uniform		100000	8	111632704	1.503003844144343e-05	145	114142	34	189	ok	13	13.5	95	yes
GCA_000304475.1_uniform_100k_r09	GCA_000304475.1	uniform		100000	9	1212516102	1.503003844144343e-05	158	108630	34	202	ok	13	13.6	96	yes
GCA_000304475.1_uniform_100k_r10	GCA_000304475.1	uniform		100000	10	1967866570	1.503003844144343e-05	174	84186	40	218	ok	13	18.7	96	yes
GCA_000304475.1_uniform_50k_r01	GCA_000304475.1	uniform		50000	1	3191189125	3.1318643743280105e-05	342	46967	74	386	ok	13	10.3	95	yes
GCA_000304475.1_uniform_50k_r02	GCA_000304475.1	uniform		50000	2	710154382	3.1318643743280105e-05	388	45084	82	432	ok	13	18.9	96	yes
GCA_000304475.1_uniform_50k_r03	GCA_000304475.1	uniform		50000	3	2972937729	3.1318643743280105e-05	388	44117	73	431	ok	13	9.1	95	yes
GCA_000304475.1_uniform_50k_r04	GCA_000304475.1	uniform		50000	4	1199404036	3.1318643743280105e-05	331	57599	64	375	ok	13	11.4	95	yes
GCA_000304475.1_uniform_50k_r05	GCA_000304475.1	uniform		50000	5	1103180310	3.1318643743280105e-05	358	46800	70	402	ok	13	11.8	95	yes
GCA_000304475.1_uniform_50k_r06	GCA_000304475.1	uniform		50000	6	2648755927	3.1318643743280105e-05	358	45723	73	402	ok	13	12.6	95	yes
GCA_000304475.1_uniform_50k_r07	GCA_000304475.1	uniform		50000	7	1215940035	3.1318643743280105e-05	319	53087	65	363	ok	13	18.5	96	yes
GCA_000304475.1_uniform_50k_r08	GCA_000304475.1	uniform		50000	8	1453897810	3.1318643743280105e-05	353	48115	72	397	ok	13	13.3	95	yes
GCA_000304475.1_uniform_50k_r09	GCA_000304475.1	uniform		50000	9	3823017159	3.1318643743280105e-05	345	45144	67	389	ok	13	13.8	95	yes
GCA_000304475.1_uniform_50k_r10	GCA_000304475.1	uniform		50000	10	1300025229	3.1318643743280105e-05	361	44637	78	405	ok	13	13.7	95	yes
GCA_000304475.1_uniform_20k_r01	GCA_000304475.1	uniform		20000	1	3534113308	8.205414209580523e-05	855	20140	165	899	ok	13	10.4	95	yes
GCA_000304475.1_uniform_20k_r02	GCA_000304475.1	uniform		20000	2	490849920	8.205414209580523e-05	972	19102	181	1016	ok	13	14.9	95	yes
GCA_000304475.1_uniform_20k_r03	GCA_000304475.1	uniform		20000	3	2733144375	8.205414209580523e-05	891	19887	162	935	ok	13	9.2	95	yes
GCA_000304475.1_uniform_20k_r04	GCA_000304475.1	uniform		20000	4	1247993685	8.205414209580523e-05	943	20131	179	987	ok	13	11.4	95	yes
GCA_000304475.1_uniform_20k_r05	GCA_000304475.1	uniform		20000	5	3051585377	8.205414209580523e-05	986	19707	179	1030	ok	13	13.1	95	yes
GCA_000304475.1_uniform_20k_r06	GCA_000304475.1	uniform		20000	6	3452812153	8.205414209580523e-05	938	19484	169	982	ok	13	13.0	95	yes
GCA_000304475.1_uniform_20k_r07	GCA_000304475.1	uniform		20000	7	2210545384	8.205414209580523e-05	890	20133	179	934	ok	13	19.4	95	yes
GCA_000304475.1_uniform_20k_r08	GCA_000304475.1	uniform		20000	8	3847261895	8.205414209580523e-05	954	19006	191	998	ok	13	13.4	95	yes
GCA_000304475.1_uniform_20k_r09	GCA_000304475.1	uniform		20000	9	167800045	8.205414209580523e-05	926	19831	179	970	ok	13	14.5	95	yes
GCA_000304475.1_uniform_20k_r10	GCA_000304475.1	uniform		20000	10	1370345204	8.205414209580523e-05	953	19395	189	997	ok	12	14.2	95	yes
GCA_000304475.1_uniform_10k_r01	GCA_000304475.1	uniform		10000	1	3830810212	0.000168	1868	9897	363	1911	ok	13	10.0	95	yes
GCA_000304475.1_uniform_10k_r02	GCA_000304475.1	uniform		10000	2	2156781793	0.000168	1883	9512	368	1927	ok	13	15.2	95	yes
GCA_000304475.1_uniform_10k_r03	GCA_000304475.1	uniform		10000	3	3491162397	0.000168	1874	9577	361	1918	ok	13	9.4	95	yes
GCA_000304475.1_uniform_10k_r04	GCA_000304475.1	uniform		10000	4	2602321536	0.000168	1843	9389	368	1886	ok	13	11.7	94	yes
GCA_000304475.1_uniform_10k_r05	GCA_000304475.1	uniform		10000	5	2691782442	0.000168	1801	10617	334	1845	ok	13	13.2	95	yes
GCA_000304475.1_uniform_10k_r06	GCA_000304475.1	uniform		10000	6	1533996096	0.000168	1896	9394	364	1939	ok	13	13.8	95	yes
GCA_000304475.1_uniform_10k_r07	GCA_000304475.1	uniform		10000	7	1364293853	0.000168	1829	10081	343	1872	ok	13	18.8	95	yes
GCA_000304475.1_uniform_10k_r08	GCA_000304475.1	uniform		10000	8	151204105	0.000168	1845	9586	351	1888	ok	12	14.1	95	yes
GCA_000304475.1_uniform_10k_r09	GCA_000304475.1	uniform		10000	9	2477212136	0.000168	1861	9834	369	1904	ok	13	15.6	95	yes
GCA_000304475.1_uniform_10k_r10	GCA_000304475.1	uniform		10000	10	1056089902	0.000168	1924	9695	371	1968	ok	13	14.1	95	yes
GCA_000304475.1_uniform_5k_r01	GCA_000304475.1	uniform		5000	1	1406685160	0.000336	3769	4896	708	3811	ok	12	10.6	95	yes
GCA_000304475.1_uniform_5k_r02	GCA_000304475.1	uniform		5000	2	3380618885	0.000336	3708	4915	700	3751	ok	12	14.6	95	yes
GCA_000304475.1_uniform_5k_r03	GCA_000304475.1	uniform		5000	3	2798681069	0.000336	3805	4928	707	3849	ok	12	9.6	95	yes
GCA_000304475.1_uniform_5k_r04	GCA_000304475.1	uniform		5000	4	3172286258	0.000336	3707	5054	688	3750	ok	12	12.1	95	yes
GCA_000304475.1_uniform_5k_r05	GCA_000304475.1	uniform		5000	5	333929154	0.000336	3732	4836	707	3776	ok	13	14.2	95	yes
GCA_000304475.1_uniform_5k_r06	GCA_000304475.1	uniform		5000	6	129444172	0.000336	3821	4753	729	3863	ok	13	14.1	95	yes
GCA_000304475.1_uniform_5k_r07	GCA_000304475.1	uniform		5000	7	142498631	0.000336	3827	4868	731	3869	ok	12	19.7	95	yes
GCA_000304475.1_uniform_5k_r08	GCA_000304475.1	uniform		5000	8	112871671	0.000336	3773	4873	710	3817	ok	12	15.3	95	yes
GCA_000304475.1_uniform_5k_r09	GCA_000304475.1	uniform		5000	9	3681684154	0.000336	3842	4866	712	3884	ok	13	15.5	95	yes
GCA_000304475.1_uniform_5k_r10	GCA_000304475.1	uniform		5000	10	1680860630	0.000336	3729	4924	714	3771	ok	12	16.0	95	yes
GCA_000348985.1_at_weighted_1000k_r01	GCA_000348985.1	at_weighted	7.675283643313486	1000000	1	3468770577	0.0	0	196811	17	125	unperturbed				
GCA_000348985.1_at_weighted_1000k_r02	GCA_000348985.1	at_weighted	7.675283643313486	1000000	2	2509340369	0.0	0	196811	17	125	unperturbed				
GCA_000348985.1_at_weighted_1000k_r03	GCA_000348985.1	at_weighted	7.675283643313486	1000000	3	1501610181	0.0	0	196811	17	125	unperturbed				
GCA_000348985.1_at_weighted_1000k_r04	GCA_000348985.1	at_weighted	7.675283643313486	1000000	4	1124965532	0.0	0	196811	17	125	unperturbed				
GCA_000348985.1_at_weighted_1000k_r05	GCA_000348985.1	at_weighted	7.675283643313486	1000000	5	3131654255	0.0	0	196811	17	125	unperturbed				
GCA_000348985.1_at_weighted_1000k_r06	GCA_000348985.1	at_weighted	7.675283643313486	1000000	6	88327994	0.0	0	196811	17	125	unperturbed				
GCA_000348985.1_at_weighted_1000k_r07	GCA_000348985.1	at_weighted	7.675283643313486	1000000	7	2885403626	0.0	0	196811	17	125	unperturbed				
GCA_000348985.1_at_weighted_1000k_r08	GCA_000348985.1	at_weighted	7.675283643313486	1000000	8	2237741104	0.0	0	196811	17	125	unperturbed				
GCA_000348985.1_at_weighted_1000k_r09	GCA_000348985.1	at_weighted	7.675283643313486	1000000	9	4154166281	0.0	0	196811	17	125	unperturbed				
GCA_000348985.1_at_weighted_1000k_r10	GCA_000348985.1	at_weighted	7.675283643313486	1000000	10	987088414	0.0	0	196811	17	125	unperturbed				
GCA_000348985.1_at_weighted_500k_r01	GCA_000348985.1	at_weighted	7.675283643313486	500000	1	957212303	0.0	0	196811	17	125	unperturbed				
GCA_000348985.1_at_weighted_500k_r02	GCA_000348985.1	at_weighted	7.675283643313486	500000	2	2225328264	0.0	0	196811	17	125	unperturbed				
GCA_000348985.1_at_weighted_500k_r03	GCA_000348985.1	at_weighted	7.675283643313486	500000	3	4145735498	0.0	0	196811	17	125	unperturbed				
GCA_000348985.1_at_weighted_500k_r04	GCA_000348985.1	at_weighted	7.675283643313486	500000	4	2863868943	0.0	0	196811	17	125	unperturbed				
GCA_000348985.1_at_weighted_500k_r05	GCA_000348985.1	at_weighted	7.675283643313486	500000	5	780230674	0.0	0	196811	17	125	unperturbed				
GCA_000348985.1_at_weighted_500k_r06	GCA_000348985.1	at_weighted	7.675283643313486	500000	6	846294492	0.0	0	196811	17	125	unperturbed				
GCA_000348985.1_at_weighted_500k_r07	GCA_000348985.1	at_weighted	7.675283643313486	500000	7	822514095	0.0	0	196811	17	125	unperturbed				
GCA_000348985.1_at_weighted_500k_r08	GCA_000348985.1	at_weighted	7.675283643313486	500000	8	1077755565	0.0	0	196811	17	125	unperturbed				
GCA_000348985.1_at_weighted_500k_r09	GCA_000348985.1	at_weighted	7.675283643313486	500000	9	1351119181	0.0	0	196811	17	125	unperturbed				
GCA_000348985.1_at_weighted_500k_r10	GCA_000348985.1	at_weighted	7.675283643313486	500000	10	2949368116	0.0	0	196811	17	125	unperturbed				
GCA_000348985.1_at_weighted_200k_r01	GCA_000348985.1	at_weighted	7.675283643313486	200000	1	1232444375	0.0	0	196811	17	125	unperturbed				
GCA_000348985.1_at_weighted_200k_r02	GCA_000348985.1	at_weighted	7.675283643313486	200000	2	1321276982	0.0	0	196811	17	125	unperturbed				
GCA_000348985.1_at_weighted_200k_r03	GCA_000348985.1	at_weighted	7.675283643313486	200000	3	3146917593	0.0	0	196811	17	125	unperturbed				
GCA_000348985.1_at_weighted_200k_r04	GCA_000348985.1	at_weighted	7.675283643313486	200000	4	2655617990	0.0	0	196811	17	125	unperturbed				
GCA_000348985.1_at_weighted_200k_r05	GCA_000348985.1	at_weighted	7.675283643313486	200000	5	2424923294	0.0	0	196811	17	125	unperturbed				
GCA_000348985.1_at_weighted_200k_r06	GCA_000348985.1	at_weighted	7.675283643313486	200000	6	907604811	0.0	0	196811	17	125	unperturbed				
GCA_000348985.1_at_weighted_200k_r07	GCA_000348985.1	at_weighted	7.675283643313486	200000	7	277365854	0.0	0	196811	17	125	unperturbed				
GCA_000348985.1_at_weighted_200k_r08	GCA_000348985.1	at_weighted	7.675283643313486	200000	8	3160546601	0.0	0	196811	17	125	unperturbed				
GCA_000348985.1_at_weighted_200k_r09	GCA_000348985.1	at_weighted	7.675283643313486	200000	9	129854272	0.0	0	196811	17	125	unperturbed				
GCA_000348985.1_at_weighted_200k_r10	GCA_000348985.1	at_weighted	7.675283643313486	200000	10	4083677130	0.0	0	196811	17	125	unperturbed				
GCA_000348985.1_at_weighted_100k_r01	GCA_000348985.1	at_weighted	7.675283643313486	100000	1	2106438775	7.93575808604904e-06	75	105516	35	200	ok	13	29.5	99	yes
GCA_000348985.1_at_weighted_100k_r02	GCA_000348985.1	at_weighted	7.675283643313486	100000	2	2210669216	7.93575808604904e-06	72	112483	34	197	ok	13	43.3	100	yes
GCA_000348985.1_at_weighted_100k_r03	GCA_000348985.1	at_weighted	7.675283643313486	100000	3	1081971567	7.93575808604904e-06	96	96349	36	221	ok	13	20.7	99	yes
GCA_000348985.1_at_weighted_100k_r04	GCA_000348985.1	at_weighted	7.675283643313486	100000	4	2545410710	7.93575808604904e-06	86	92522	37	211	ok	13	32.0	98	yes
GCA_000348985.1_at_weighted_100k_r05	GCA_000348985.1	at_weighted	7.675283643313486	100000	5	3813229652	7.93575808604904e-06	94	95057	31	219	ok	13	46.8	98	yes
GCA_000348985.1_at_weighted_100k_r06	GCA_000348985.1	at_weighted	7.675283643313486	100000	6	2271682687	7.93575808604904e-06	89	103819	34	213	ok	13	38.4	98	yes
GCA_000348985.1_at_weighted_100k_r07	GCA_000348985.1	at_weighted	7.675283643313486	100000	7	3714662022	7.93575808604904e-06	93	88907	35	218	ok	13	50.9	99	yes
GCA_000348985.1_at_weighted_100k_r08	GCA_000348985.1	at_weighted	7.675283643313486	100000	8	1531185001	7.93575808604904e-06	86	101063	35	211	ok	13	46.6	98	yes
GCA_000348985.1_at_weighted_100k_r09	GCA_000348985.1	at_weighted	7.675283643313486	100000	9	1168033541	7.93575808604904e-06	89	108111	30	214	ok	13	35.0	98	yes
GCA_000348985.1_at_weighted_100k_r10	GCA_000348985.1	at_weighted	7.675283643313486	100000	10	2416360829	7.93575808604904e-06	105	92133	36	230	ok	12	41.8	98	yes
GCA_000348985.1_at_weighted_50k_r01	GCA_000348985.1	at_weighted	7.675283643313486	50000	1	3335273212	2.536261062683063e-05	249	51686	64	374	ok	13	31.3	97	yes
GCA_000348985.1_at_weighted_50k_r02	GCA_000348985.1	at_weighted	7.675283643313486	50000	2	1032757023	2.536261062683063e-05	266	50198	68	390	ok	13	45.4	97	yes
GCA_000348985.1_at_weighted_50k_r03	GCA_000348985.1	at_weighted	7.675283643313486	50000	3	2574177476	2.536261062683063e-05	275	50026	64	400	ok	13	20.5	97	yes
GCA_000348985.1_at_weighted_50k_r04	GCA_000348985.1	at_weighted	7.675283643313486	50000	4	1359658993	2.536261062683063e-05	315	48159	74	440	ok	14	32.8	97	yes
GCA_000348985.1_at_weighted_50k_r05	GCA_000348985.1	at_weighted	7.675283643313486	50000	5	624668277	2.536261062683063e-05	266	48562	73	391	ok	14	48.0	97	yes
GCA_000348985.1_at_weighted_50k_r06	GCA_000348985.1	at_weighted	7.675283643313486	50000	6	1603663586	2.536261062683063e-05	258	52479	62	382	ok	13	39.9	97	yes
GCA_000348985.1_at_weighted_50k_r07	GCA_000348985.1	at_weighted	7.675283643313486	50000	7	3460784940	2.536261062683063e-05	252	49158	64	376	ok	14	53.0	97	yes
GCA_000348985.1_at_weighted_50k_r08	GCA_000348985.1	at_weighted	7.675283643313486	50000	8	3520661118	2.536261062683063e-05	274	52950	64	399	ok	13	42.4	97	yes
GCA_000348985.1_at_weighted_50k_r09	GCA_000348985.1	at_weighted	7.675283643313486	50000	9	2737575895	2.536261062683063e-05	265	52072	68	390	ok	13	34.6	97	yes
GCA_000348985.1_at_weighted_50k_r10	GCA_000348985.1	at_weighted	7.675283643313486	50000	10	4234163941	2.536261062683063e-05	250	53880	67	375	ok	13	45.1	97	yes
GCA_000348985.1_at_weighted_20k_r01	GCA_000348985.1	at_weighted	7.675283643313486	20000	1	1211226283	7.648287035592289e-05	840	20885	166	965	ok	13	32.6	96	yes
GCA_000348985.1_at_weighted_20k_r02	GCA_000348985.1	at_weighted	7.675283643313486	20000	2	703462854	7.648287035592289e-05	803	20571	167	928	ok	13	50.7	96	yes
GCA_000348985.1_at_weighted_20k_r03	GCA_000348985.1	at_weighted	7.675283643313486	20000	3	3497639569	7.648287035592289e-05	840	18828	180	965	ok	13	23.4	96	yes
GCA_000348985.1_at_weighted_20k_r04	GCA_000348985.1	at_weighted	7.675283643313486	20000	4	2871178230	7.648287035592289e-05	795	20868	161	920	ok	13	33.9	96	yes
GCA_000348985.1_at_weighted_20k_r05	GCA_000348985.1	at_weighted	7.675283643313486	20000	5	3461207179	7.648287035592289e-05	830	18917	170	955	ok	14	48.7	96	yes
GCA_000348985.1_at_weighted_20k_r06	GCA_000348985.1	at_weighted	7.675283643313486	20000	6	3991623106	7.648287035592289e-05	776	21086	162	901	ok	12	41.3	97	yes
GCA_000348985.1_at_weighted_20k_r07	GCA_000348985.1	at_weighted	7.675283643313486	20000	7	718009753	7.648287035592289e-05	858	18955	177	983	ok	14	57.1	97	yes
GCA_000348985.1_at_weighted_20k_r08	GCA_000348985.1	at_weighted	7.675283643313486	20000	8	2379808274	7.648287035592289e-05	861	20075	168	985	ok	11	50.7	96	yes
GCA_000348985.1_at_weighted_20k_r09	GCA_000348985.1	at_weighted	7.675283643313486	20000	9	1684746666	7.648287035592289e-05	788	20504	171	913	ok	12	38.4	97	yes
GCA_000348985.1_at_weighted_20k_r10	GCA_000348985.1	at_weighted	7.675283643313486	20000	10	3855113709	7.648287035592289e-05	884	19036	173	1009	ok	13	45.6	96	yes
GCA_000348985.1_at_weighted_10k_r01	GCA_000348985.1	at_weighted	7.675283643313486	10000	1	3273956728	0.0001641082841916	1751	10310	333	1876	ok	12	34.9	96	yes
GCA_000348985.1_at_weighted_10k_r02	GCA_000348985.1	at_weighted	7.675283643313486	10000	2	741193031	0.0001641082841916	1847	9933	351	1972	ok	13	51.5	96	yes
GCA_000348985.1_at_weighted_10k_r03	GCA_000348985.1	at_weighted	7.675283643313486	10000	3	2068653458	0.0001641082841916	1807	9491	347	1932	ok	10	29.7	97	yes
GCA_000348985.1_at_weighted_10k_r04	GCA_000348985.1	at_weighted	7.675283643313486	10000	4	2477138236	0.0001641082841916	1864	9181	355	1988	ok	13	39.2	96	yes
GCA_000348985.1_at_weighted_10k_r05	GCA_000348985.1	at_weighted	7.675283643313486	10000	5	4195778781	0.0001641082841916	1760	10295	326	1884	ok	13	46.9	96	yes
GCA_000348985.1_at_weighted_10k_r06	GCA_000348985.1	at_weighted	7.675283643313486	10000	6	2652276486	0.0001641082841916	1840	9292	355	1965	ok	13	44.3	96	yes
GCA_000348985.1_at_weighted_10k_r07	GCA_000348985.1	at_weighted	7.675283643313486	10000	7	3727228015	0.0001641082841916	1744	10534	317	1868	ok	12	61.0	96	yes
GCA_000348985.1_at_weighted_10k_r08	GCA_000348985.1	at_weighted	7.675283643313486	10000	8	653426533	0.0001641082841916	1794	10095	344	1919	ok	12	47.3	96	yes
GCA_000348985.1_at_weighted_10k_r09	GCA_000348985.1	at_weighted	7.675283643313486	10000	9	1315261499	0.0001641082841916	1798	9616	348	1923	ok	13	52.5	96	yes
GCA_000348985.1_at_weighted_10k_r10	GCA_000348985.1	at_weighted	7.675283643313486	10000	10	58476573	0.0001641082841916	1782	10118	339	1907	ok	12	51.6	96	yes
GCA_000348985.1_at_weighted_5k_r01	GCA_000348985.1	at_weighted	7.675283643313486	5000	1	3293874990	0.0003439680103783	3713	5026	632	3838	ok	12	41.5	96	yes
GCA_000348985.1_at_weighted_5k_r02	GCA_000348985.1	at_weighted	7.675283643313486	5000	2	1741345425	0.0003439680103783	3713	4994	660	3834	ok	12	61.4	96	yes
GCA_000348985.1_at_weighted_5k_r03	GCA_000348985.1	at_weighted	7.675283643313486	5000	3	60729659	0.0003439680103783	3697	5026	657	3822	ok	8	34.8	96	yes
GCA_000348985.1_at_weighted_5k_r04	GCA_000348985.1	at_weighted	7.675283643313486	5000	4	1040491057	0.0003439680103783	3638	5066	639	3761	ok	11	45.0	96	yes
GCA_000348985.1_at_weighted_5k_r05	GCA_000348985.1	at_weighted	7.675283643313486	5000	5	261793745	0.0003439680103783	3683	4975	657	3808	ok	13	53.6	96	yes
GCA_000348985.1_at_weighted_5k_r06	GCA_000348985.1	at_weighted	7.675283643313486	5000	6	3118894785	0.0003439680103783	3647	4893	673	3770	ok	11	51.5	96	yes
GCA_000348985.1_at_weighted_5k_r07	GCA_000348985.1	at_weighted	7.675283643313486	5000	7	713332791	0.0003439680103783	3810	4866	690	3934	ok	10	76.0	96	yes
GCA_000348985.1_at_weighted_5k_r08	GCA_000348985.1	at_weighted	7.675283643313486	5000	8	192805178	0.0003439680103783	3789	4941	662	3912	ok	11	55.5	96	yes
GCA_000348985.1_at_weighted_5k_r09	GCA_000348985.1	at_weighted	7.675283643313486	5000	9	1075623233	0.0003439680103783	3682	5038	641	3804	ok	13	55.6	97	yes
GCA_000348985.1_at_weighted_5k_r10	GCA_000348985.1	at_weighted	7.675283643313486	5000	10	3426179314	0.0003439680103783	3784	4875	676	3909	ok	9	54.6	96	yes
GCA_000348985.1_at_weighted_g20_50k_r01	GCA_000348985.1	at_weighted_g20	9.98577424517997	50000	1	2039601971	2.536261062683063e-05	282	45720	73	407	ok	12	39.4	97	yes
GCA_000348985.1_at_weighted_g20_50k_r02	GCA_000348985.1	at_weighted_g20	9.98577424517997	50000	2	1915196344	2.536261062683063e-05	279	47646	70	404	ok	13	38.4	97	yes
GCA_000348985.1_at_weighted_g20_50k_r03	GCA_000348985.1	at_weighted_g20	9.98577424517997	50000	3	2298814588	2.536261062683063e-05	272	49875	64	397	ok	13	37.0	98	yes
GCA_000348985.1_at_weighted_g20_50k_r04	GCA_000348985.1	at_weighted_g20	9.98577424517997	50000	4	2482117425	2.536261062683063e-05	297	48051	73	422	ok	13	38.2	97	yes
GCA_000348985.1_at_weighted_g20_50k_r05	GCA_000348985.1	at_weighted_g20	9.98577424517997	50000	5	1046944456	2.536261062683063e-05	307	40033	75	432	ok	13	39.8	97	yes
GCA_000348985.1_at_weighted_g20_20k_r01	GCA_000348985.1	at_weighted_g20	9.98577424517997	20000	1	1519618763	7.648287035592289e-05	817	19677	166	942	ok	13	42.2	97	yes
GCA_000348985.1_at_weighted_g20_20k_r02	GCA_000348985.1	at_weighted_g20	9.98577424517997	20000	2	3221737581	7.648287035592289e-05	775	21534	165	899	ok	11	40.3	96	yes
GCA_000348985.1_at_weighted_g20_20k_r03	GCA_000348985.1	at_weighted_g20	9.98577424517997	20000	3	107084935	7.648287035592289e-05	833	20076	168	957	ok	14	38.7	97	yes
GCA_000348985.1_at_weighted_g20_20k_r04	GCA_000348985.1	at_weighted_g20	9.98577424517997	20000	4	829389973	7.648287035592289e-05	829	19320	179	954	ok	13	39.8	96	yes
GCA_000348985.1_at_weighted_g20_20k_r05	GCA_000348985.1	at_weighted_g20	9.98577424517997	20000	5	387628942	7.648287035592289e-05	788	20881	168	912	ok	13	45.3	96	yes
GCA_000348985.1_at_weighted_g20_10k_r01	GCA_000348985.1	at_weighted_g20	9.98577424517997	10000	1	3196953025	0.000168	1852	9984	336	1977	ok	12	57.0	96	yes
GCA_000348985.1_at_weighted_g20_10k_r02	GCA_000348985.1	at_weighted_g20	9.98577424517997	10000	2	1817863263	0.000168	1824	10404	329	1948	ok	12	43.8	96	yes
GCA_000348985.1_at_weighted_g20_10k_r03	GCA_000348985.1	at_weighted_g20	9.98577424517997	10000	3	1068850823	0.000168	1733	9924	332	1857	ok	12	42.7	97	yes
GCA_000348985.1_at_weighted_g20_10k_r04	GCA_000348985.1	at_weighted_g20	9.98577424517997	10000	4	1013942470	0.000168	1787	10405	325	1910	ok	10	43.2	96	yes
GCA_000348985.1_at_weighted_g20_10k_r05	GCA_000348985.1	at_weighted_g20	9.98577424517997	10000	5	740583158	0.000168	1895	9704	349	2019	ok	12	50.8	97	yes
GCA_000348985.1_at_weighted_g5_50k_r01	GCA_000348985.1	at_weighted_g5	5.364793041447001	50000	1	2535434575	2.420117212650276e-05	256	49734	71	381	ok	13	42.7	97	yes
GCA_000348985.1_at_weighted_g5_50k_r02	GCA_000348985.1	at_weighted_g5	5.364793041447001	50000	2	2891373576	2.420117212650276e-05	269	45435	73	394	ok	13	37.1	97	yes
GCA_000348985.1_at_weighted_g5_50k_r03	GCA_000348985.1	at_weighted_g5	5.364793041447001	50000	3	598631973	2.420117212650276e-05	276	46467	72	401	ok	13	37.3	97	yes
GCA_000348985.1_at_weighted_g5_50k_r04	GCA_000348985.1	at_weighted_g5	5.364793041447001	50000	4	1580465393	2.420117212650276e-05	258	50851	66	383	ok	12	38.1	97	yes
GCA_000348985.1_at_weighted_g5_50k_r05	GCA_000348985.1	at_weighted_g5	5.364793041447001	50000	5	518012336	2.420117212650276e-05	224	54896	62	349	ok	12	40.1	98	yes
GCA_000348985.1_at_weighted_g5_20k_r01	GCA_000348985.1	at_weighted_g5	5.364793041447001	20000	1	74194863	7.648287035592289e-05	848	19172	187	973	ok	14	49.8	96	yes
GCA_000348985.1_at_weighted_g5_20k_r02	GCA_000348985.1	at_weighted_g5	5.364793041447001	20000	2	3480879288	7.648287035592289e-05	879	17268	190	1004	ok	13	40.2	96	yes
GCA_000348985.1_at_weighted_g5_20k_r03	GCA_000348985.1	at_weighted_g5	5.364793041447001	20000	3	449246986	7.648287035592289e-05	834	19581	172	959	ok	13	38.5	96	yes
GCA_000348985.1_at_weighted_g5_20k_r04	GCA_000348985.1	at_weighted_g5	5.364793041447001	20000	4	2481254352	7.648287035592289e-05	819	19969	174	943	ok	13	41.8	96	yes
GCA_000348985.1_at_weighted_g5_20k_r05	GCA_000348985.1	at_weighted_g5	5.364793041447001	20000	5	2263565221	7.648287035592289e-05	853	19041	177	976	ok	14	50.6	96	yes
GCA_000348985.1_at_weighted_g5_10k_r01	GCA_000348985.1	at_weighted_g5	5.364793041447001	10000	1	4190680223	0.0001603067198828	1736	9503	353	1861	ok	12	52.1	96	yes
GCA_000348985.1_at_weighted_g5_10k_r02	GCA_000348985.1	at_weighted_g5	5.364793041447001	10000	2	4116744527	0.0001603067198828	1714	9987	336	1838	ok	13	43.6	96	yes
GCA_000348985.1_at_weighted_g5_10k_r03	GCA_000348985.1	at_weighted_g5	5.364793041447001	10000	3	2082200100	0.0001603067198828	1761	9875	344	1886	ok	12	42.4	96	yes
GCA_000348985.1_at_weighted_g5_10k_r04	GCA_000348985.1	at_weighted_g5	5.364793041447001	10000	4	347115977	0.0001603067198828	1729	10297	336	1853	ok	14	43.4	96	yes
GCA_000348985.1_at_weighted_g5_10k_r05	GCA_000348985.1	at_weighted_g5	5.364793041447001	10000	5	3002104416	0.0001603067198828	1697	10344	329	1821	ok	13	48.6	96	yes
GCA_000348985.1_uniform_1000k_r01	GCA_000348985.1	uniform		1000000	1	650519644	0.0	0	196811	17	125	unperturbed				
GCA_000348985.1_uniform_1000k_r02	GCA_000348985.1	uniform		1000000	2	3085052731	0.0	0	196811	17	125	unperturbed				
GCA_000348985.1_uniform_1000k_r03	GCA_000348985.1	uniform		1000000	3	2190567156	0.0	0	196811	17	125	unperturbed				
GCA_000348985.1_uniform_1000k_r04	GCA_000348985.1	uniform		1000000	4	2098789906	0.0	0	196811	17	125	unperturbed				
GCA_000348985.1_uniform_1000k_r05	GCA_000348985.1	uniform		1000000	5	4072560376	0.0	0	196811	17	125	unperturbed				
GCA_000348985.1_uniform_1000k_r06	GCA_000348985.1	uniform		1000000	6	2473070563	0.0	0	196811	17	125	unperturbed				
GCA_000348985.1_uniform_1000k_r07	GCA_000348985.1	uniform		1000000	7	199146837	0.0	0	196811	17	125	unperturbed				
GCA_000348985.1_uniform_1000k_r08	GCA_000348985.1	uniform		1000000	8	870972840	0.0	0	196811	17	125	unperturbed				
GCA_000348985.1_uniform_1000k_r09	GCA_000348985.1	uniform		1000000	9	483968015	0.0	0	196811	17	125	unperturbed				
GCA_000348985.1_uniform_1000k_r10	GCA_000348985.1	uniform		1000000	10	3607568709	0.0	0	196811	17	125	unperturbed				
GCA_000348985.1_uniform_500k_r01	GCA_000348985.1	uniform		500000	1	2715384751	0.0	0	196811	17	125	unperturbed				
GCA_000348985.1_uniform_500k_r02	GCA_000348985.1	uniform		500000	2	3889538268	0.0	0	196811	17	125	unperturbed				
GCA_000348985.1_uniform_500k_r03	GCA_000348985.1	uniform		500000	3	2013020549	0.0	0	196811	17	125	unperturbed				
GCA_000348985.1_uniform_500k_r04	GCA_000348985.1	uniform		500000	4	446033552	0.0	0	196811	17	125	unperturbed				
GCA_000348985.1_uniform_500k_r05	GCA_000348985.1	uniform		500000	5	418039869	0.0	0	196811	17	125	unperturbed				
GCA_000348985.1_uniform_500k_r06	GCA_000348985.1	uniform		500000	6	324375815	0.0	0	196811	17	125	unperturbed				
GCA_000348985.1_uniform_500k_r07	GCA_000348985.1	uniform		500000	7	2238969999	0.0	0	196811	17	125	unperturbed				
GCA_000348985.1_uniform_500k_r08	GCA_000348985.1	uniform		500000	8	3197877889	0.0	0	196811	17	125	unperturbed				
GCA_000348985.1_uniform_500k_r09	GCA_000348985.1	uniform		500000	9	3607143179	0.0	0	196811	17	125	unperturbed				
GCA_000348985.1_uniform_500k_r10	GCA_000348985.1	uniform		500000	10	2438895381	0.0	0	196811	17	125	unperturbed				
GCA_000348985.1_uniform_200k_r01	GCA_000348985.1	uniform		200000	1	3745975567	0.0	0	196811	17	125	unperturbed				
GCA_000348985.1_uniform_200k_r02	GCA_000348985.1	uniform		200000	2	2278996889	0.0	0	196811	17	125	unperturbed				
GCA_000348985.1_uniform_200k_r03	GCA_000348985.1	uniform		200000	3	843544344	0.0	0	196811	17	125	unperturbed				
GCA_000348985.1_uniform_200k_r04	GCA_000348985.1	uniform		200000	4	3606957326	0.0	0	196811	17	125	unperturbed				
GCA_000348985.1_uniform_200k_r05	GCA_000348985.1	uniform		200000	5	2194799546	0.0	0	196811	17	125	unperturbed				
GCA_000348985.1_uniform_200k_r06	GCA_000348985.1	uniform		200000	6	2300243428	0.0	0	196811	17	125	unperturbed				
GCA_000348985.1_uniform_200k_r07	GCA_000348985.1	uniform		200000	7	1345547972	0.0	0	196811	17	125	unperturbed				
GCA_000348985.1_uniform_200k_r08	GCA_000348985.1	uniform		200000	8	1989677158	0.0	0	196811	17	125	unperturbed				
GCA_000348985.1_uniform_200k_r09	GCA_000348985.1	uniform		200000	9	3484977775	0.0	0	196811	17	125	unperturbed				
GCA_000348985.1_uniform_200k_r10	GCA_000348985.1	uniform		200000	10	4152363650	0.0	0	196811	17	125	unperturbed				
GCA_000348985.1_uniform_100k_r01	GCA_000348985.1	uniform		100000	1	463147614	7.93575808604904e-06	112	85698	39	237	ok	14	29.7	97	yes
GCA_000348985.1_uniform_100k_r02	GCA_000348985.1	uniform		100000	2	4037114346	7.93575808604904e-06	100	92522	38	225	ok	13	48.1	98	yes
GCA_000348985.1_uniform_100k_r03	GCA_000348985.1	uniform		100000	3	3092149029	7.93575808604904e-06	98	93704	35	223	ok	13	21.5	98	yes
GCA_000348985.1_uniform_100k_r04	GCA_000348985.1	uniform		100000	4	3200044613	7.93575808604904e-06	88	103624	32	213	ok	13	31.4	98	yes
GCA_000348985.1_uniform_100k_r05	GCA_000348985.1	uniform		100000	5	4211007533	7.93575808604904e-06	73	99444	33	198	ok	13	45.6	98	yes
GCA_000348985.1_uniform_100k_r06	GCA_000348985.1	uniform		100000	6	1771281642	7.93575808604904e-06	106	86561	39	231	ok	13	40.7	98	yes
GCA_000348985.1_uniform_100k_r07	GCA_000348985.1	uniform		100000	7	2661098619	7.93575808604904e-06	84	92085	39	209	ok	13	51.7	98	yes
GCA_000348985.1_uniform_100k_r08	GCA_000348985.1	uniform		100000	8	1925776320	7.93575808604904e-06	87	96533	36	212	ok	13	40.8	98	yes
GCA_000348985.1_uniform_100k_r09	GCA_000348985.1	uniform		100000	9	4012907611	7.93575808604904e-06	97	86169	40	222	ok	13	34.9	98	yes
GCA_000348985.1_uniform_100k_r10	GCA_000348985.1	uniform		100000	10	3632610831	7.93575808604904e-06	87	97445	35	212	ok	13	44.3	98	yes
GCA_000348985.1_uniform_50k_r01	GCA_000348985.1	uniform		50000	1	1222122235	2.309291976737665e-05	233	57268	58	358	ok	14	29.6	97	yes
GCA_000348985.1_uniform_50k_r02	GCA_000348985.1	uniform		50000	2	1010667148	2.309291976737665e-05	241	52513	61	366	ok	13	43.5	97	yes
GCA_000348985.1_uniform_50k_r03	GCA_000348985.1	uniform		50000	3	963045767	2.309291976737665e-05	281	48102	74	406	ok	13	20.5	97	yes
GCA_000348985.1_uniform_50k_r04	GCA_000348985.1	uniform		50000	4	213153073	2.309291976737665e-05	225	54524	60	350	ok	13	32.0	97	yes
GCA_000348985.1_uniform_50k_r05	GCA_000348985.1	uniform		50000	5	2721259991	2.309291976737665e-05	295	48693	70	420	ok	14	51.2	97	yes
GCA_000348985.1_uniform_50k_r06	GCA_000348985.1	uniform		50000	6	2735697535	2.309291976737665e-05	262	50026	75	387	ok	13	40.5	97	yes
GCA_000348985.1_uniform_50k_r07	GCA_000348985.1	uniform		50000	7	2535924099	2.309291976737665e-05	242	54025	70	367	ok	13	49.5	97	yes
GCA_000348985.1_uniform_50k_r08	GCA_000348985.1	uniform		50000	8	953269398	2.309291976737665e-05	263	54739	60	388	ok	13	44.3	97	yes
GCA_000348985.1_uniform_50k_r09	GCA_000348985.1	uniform		50000	9	2778190511	2.309291976737665e-05	259	49922	66	384	ok	13	36.0	97	yes
GCA_000348985.1_uniform_50k_r10	GCA_000348985.1	uniform		50000	10	1750801712	2.309291976737665e-05	285	43344	80	410	ok	13	51.5	97	yes
GCA_000348985.1_uniform_20k_r01	GCA_000348985.1	uniform		20000	1	3417828171	7.298046472607884e-05	776	19759	169	901	ok	13	31.4	96	yes
GCA_000348985.1_uniform_20k_r02	GCA_000348985.1	uniform		20000	2	3831908678	7.298046472607884e-05	778	20325	165	903	ok	13	49.3	96	yes
GCA_000348985.1_uniform_20k_r03	GCA_000348985.1	uniform		20000	3	4205028280	7.298046472607884e-05	825	19100	180	950	ok	14	23.9	96	yes
GCA_000348985.1_uniform_20k_r04	GCA_000348985.1	uniform		20000	4	1389046224	7.298046472607884e-05	809	20370	171	934	ok	13	34.4	96	yes
GCA_000348985.1_uniform_20k_r05	GCA_000348985.1	uniform		20000	5	4174262640	7.298046472607884e-05	756	20284	172	881	ok	13	51.4	96	yes
GCA_000348985.1_uniform_20k_r06	GCA_000348985.1	uniform		20000	6	500458416	7.298046472607884e-05	788	20215	175	913	ok	13	42.9	96	yes
GCA_000348985.1_uniform_20k_r07	GCA_000348985.1	uniform		20000	7	2623220274	7.298046472607884e-05	805	19037	175	930	ok	13	58.5	96	yes
GCA_000348985.1_uniform_20k_r08	GCA_000348985.1	uniform		20000	8	3141913102	7.298046472607884e-05	766	20618	173	890	ok	13	45.5	97	yes
GCA_000348985.1_uniform_20k_r09	GCA_000348985.1	uniform		20000	9	1096171545	7.298046472607884e-05	811	19330	178	934	ok	13	38.2	96	yes
GCA_000348985.1_uniform_20k_r10	GCA_000348985.1	uniform		20000	10	228421599	7.298046472607884e-05	826	19916	172	951	ok	14	48.0	96	yes
GCA_000348985.1_uniform_10k_r01	GCA_000348985.1	uniform		10000	1	1505043597	0.0001529657407118	1630	10585	333	1755	ok	14	36.9	96	yes
GCA_000348985.1_uniform_10k_r02	GCA_000348985.1	uniform		10000	2	1539759541	0.0001529657407118	1671	10080	337	1796	ok	14	57.6	96	yes
GCA_000348985.1_uniform_10k_r03	GCA_000348985.1	uniform		10000	3	4027872755	0.0001529657407118	1690	10240	339	1815	ok	12	24.8	96	yes
GCA_000348985.1_uniform_10k_r04	GCA_000348985.1	uniform		10000	4	2809585664	0.0001529657407118	1704	10050	337	1827	ok	13	37.2	97	yes
GCA_000348985.1_uniform_10k_r05	GCA_000348985.1	uniform		10000	5	2646768153	0.0001529657407118	1684	10020	329	1809	ok	13	55.3	96	yes
GCA_000348985.1_uniform_10k_r06	GCA_000348985.1	uniform		10000	6	2545273531	0.0001529657407118	1671	10414	327	1795	ok	14	46.5	96	yes
GCA_000348985.1_uniform_10k_r07	GCA_000348985.1	uniform		10000	7	1013049519	0.0001529657407118	1623	10566	323	1747	ok	13	60.6	96	yes
GCA_000348985.1_uniform_10k_r08	GCA_000348985.1	uniform		10000	8	3835609348	0.0001529657407118	1712	9911	333	1837	ok	14	49.1	96	yes
GCA_000348985.1_uniform_10k_r09	GCA_000348985.1	uniform		10000	9	4004591233	0.0001529657407118	1597	11296	317	1721	ok	14	41.6	96	yes
GCA_000348985.1_uniform_10k_r10	GCA_000348985.1	uniform		10000	10	3150675680	0.0001529657407118	1633	10055	332	1758	ok	13	46.7	96	yes
GCA_000348985.1_uniform_5k_r01	GCA_000348985.1	uniform		5000	1	2649789234	0.0003282165683832	3614	4894	685	3737	ok	13	40.5	96	yes
GCA_000348985.1_uniform_5k_r02	GCA_000348985.1	uniform		5000	2	3684894007	0.0003282165683832	3598	4863	691	3723	ok	14	61.6	96	yes
GCA_000348985.1_uniform_5k_r03	GCA_000348985.1	uniform		5000	3	1537077266	0.0003282165683832	3556	5106	681	3680	ok	13	29.2	96	yes
GCA_000348985.1_uniform_5k_r04	GCA_000348985.1	uniform		5000	4	4247642282	0.0003282165683832	3555	4890	699	3679	ok	12	43.3	96	yes
GCA_000348985.1_uniform_5k_r05	GCA_000348985.1	uniform		5000	5	4244507462	0.0003282165683832	3494	4976	678	3618	ok	14	63.1	96	yes
GCA_000348985.1_uniform_5k_r06	GCA_000348985.1	uniform		5000	6	1003158080	0.0003282165683832	3610	4815	694	3735	ok	12	53.0	96	yes
GCA_000348985.1_uniform_5k_r07	GCA_000348985.1	uniform		5000	7	3363374782	0.0003282165683832	3627	4811	694	3752	ok	13	72.4	96	yes
GCA_000348985.1_uniform_5k_r08	GCA_000348985.1	uniform		5000	8	2527098555	0.0003282165683832	3655	4871	715	3776	ok	14	57.4	96	yes
GCA_000348985.1_uniform_5k_r09	GCA_000348985.1	uniform		5000	9	3157785561	0.0003282165683832	3662	4953	696	3785	ok	12	48.0	96	yes
GCA_000348985.1_uniform_5k_r10	GCA_000348985.1	uniform		5000	10	1739655629	0.0003282165683832	3614	4850	709	3735	ok	12	71.5	96	yes
GCA_000412225.2_at_weighted_1000k_r01	GCA_000412225.2	at_weighted	7.675283643313486	1000000	1	1270885775	6.578974528170222e-07	3	1019532	4	11	ok	7	6.5	102	yes
GCA_000412225.2_at_weighted_1000k_r02	GCA_000412225.2	at_weighted	7.675283643313486	1000000	2	3913782333	6.578974528170222e-07	10	756797	4	18	ok	7	9.8	100	yes
GCA_000412225.2_at_weighted_1000k_r03	GCA_000412225.2	at_weighted	7.675283643313486	1000000	3	2778685589	6.578974528170222e-07	4	1136582	4	12	ok	7	10.3	102	yes
GCA_000412225.2_at_weighted_1000k_r04	GCA_000412225.2	at_weighted	7.675283643313486	1000000	4	2850892340	6.578974528170222e-07	5	1099572	4	13	ok	7	7.1	101	yes
GCA_000412225.2_at_weighted_1000k_r05	GCA_000412225.2	at_weighted	7.675283643313486	1000000	5	3591939995	6.578974528170222e-07	4	1099572	4	12	ok	7	9.4	101	yes
GCA_000412225.2_at_weighted_1000k_r06	GCA_000412225.2	at_weighted	7.675283643313486	1000000	6	2589762741	6.578974528170222e-07	7	1085627	4	15	ok	7	10.2	100	yes
GCA_000412225.2_at_weighted_1000k_r07	GCA_000412225.2	at_weighted	7.675283643313486	1000000	7	3220772141	6.578974528170222e-07	11	947761	4	19	ok	7	14.1	101	yes
GCA_000412225.2_at_weighted_1000k_r08	GCA_000412225.2	at_weighted	7.675283643313486	1000000	8	2893552601	6.578974528170222e-07	7	1000906	4	15	ok	7	10.0	101	yes
GCA_000412225.2_at_weighted_1000k_r09	GCA_000412225.2	at_weighted	7.675283643313486	1000000	9	3335388335	6.578974528170222e-07	4	1099572	4	12	ok	7	9.2	100	yes
GCA_000412225.2_at_weighted_1000k_r10	GCA_000412225.2	at_weighted	7.675283643313486	1000000	10	4146930589	6.578974528170222e-07	4	1493473	3	12	ok	7	10.2	101	yes
GCA_000412225.2_at_weighted_500k_r01	GCA_000412225.2	at_weighted	7.675283643313486	500000	1	2747268130	3.284155903778351e-06	28	464879	7	36	ok	7	5.8	98	yes
GCA_000412225.2_at_weighted_500k_r02	GCA_000412225.2	at_weighted	7.675283643313486	500000	2	2086211560	3.284155903778351e-06	35	345757	8	43	ok	7	9.4	97	yes
GCA_000412225.2_at_weighted_500k_r03	GCA_000412225.2	at_weighted	7.675283643313486	500000	3	3965260725	3.284155903778351e-06	30	370143	9	38	ok	7	10.7	97	yes
GCA_000412225.2_at_weighted_500k_r04	GCA_000412225.2	at_weighted	7.675283643313486	500000	4	756528553	3.284155903778351e-06	18	746730	5	26	ok	7	6.9	101	yes
GCA_000412225.2_at_weighted_500k_r05	GCA_000412225.2	at_weighted	7.675283643313486	500000	5	1615945229	3.284155903778351e-06	27	531971	6	35	ok	7	9.6	99	yes
GCA_000412225.2_at_weighted_500k_r06	GCA_000412225.2	at_weighted	7.675283643313486	500000	6	3543696176	3.284155903778351e-06	22	414958	8	30	ok	7	10.4	97	yes
GCA_000412225.2_at_weighted_500k_r07	GCA_000412225.2	at_weighted	7.675283643313486	500000	7	366979717	3.284155903778351e-06	23	593103	6	31	ok	7	16.3	98	yes
GCA_000412225.2_at_weighted_500k_r08	GCA_000412225.2	at_weighted	7.675283643313486	500000	8	2029485546	3.284155903778351e-06	31	382287	10	39	ok	7	10.0	97	yes
GCA_000412225.2_at_weighted_500k_r09	GCA_000412225.2	at_weighted	7.675283643313486	500000	9	2214617628	3.284155903778351e-06	31	402397	7	39	ok	7	9.3	97	yes
GCA_000412225.2_at_weighted_500k_r10	GCA_000412225.2	at_weighted	7.675283643313486	500000	10	3560215263	3.284155903778351e-06	26	544615	6	34	ok	7	10.3	98	yes
GCA_000412225.2_at_weighted_200k_r01	GCA_000412225.2	at_weighted	7.675283643313486	200000	1	3182098451	7.648287035592279e-06	59	219745	13	67	ok	7	5.8	96	yes
GCA_000412225.2_at_weighted_200k_r02	GCA_000412225.2	at_weighted	7.675283643313486	200000	2	3281322097	7.648287035592279e-06	72	258090	13	80	ok	6	9.5	97	yes
GCA_000412225.2_at_weighted_200k_r03	GCA_000412225.2	at_weighted	7.675283643313486	200000	3	251625678	7.648287035592279e-06	73	199730	14	81	ok	7	10.1	96	yes
GCA_000412225.2_at_weighted_200k_r04	GCA_000412225.2	at_weighted	7.675283643313486	200000	4	926148988	7.648287035592279e-06	63	208720	15	71	ok	7	6.8	96	yes
GCA_000412225.2_at_weighted_200k_r05	GCA_000412225.2	at_weighted	7.675283643313486	200000	5	2212502710	7.648287035592279e-06	68	195738	16	76	ok	7	9.2	96	yes
GCA_000412225.2_at_weighted_200k_r06	GCA_000412225.2	at_weighted	7.675283643313486	200000	6	931130771	7.648287035592279e-06	51	320489	10	59	ok	7	10.3	96	yes
GCA_000412225.2_at_weighted_200k_r07	GCA_000412225.2	at_weighted	7.675283643313486	200000	7	2890815817	7.648287035592279e-06	77	192119	17	85	ok	7	14.8	95	yes
GCA_000412225.2_at_weighted_200k_r08	GCA_000412225.2	at_weighted	7.675283643313486	200000	8	675468515	7.648287035592279e-06	58	242355	13	66	ok	6	9.8	97	yes
GCA_000412225.2_at_weighted_200k_r09	GCA_000412225.2	at_weighted	7.675283643313486	200000	9	2086697017	7.648287035592279e-06	77	179475	15	85	ok	7	9.0	96	yes
GCA_000412225.2_at_weighted_200k_r10	GCA_000412225.2	at_weighted	7.675283643313486	200000	10	247823569	7.648287035592279e-06	60	260131	12	68	ok	7	9.2	96	yes
GCA_000412225.2_at_weighted_100k_r01	GCA_000412225.2	at_weighted	7.675283643313486	100000	1	2687013134	1.7606248833879416e-05	157	98037	29	165	ok	7	6.2	96	yes
GCA_000412225.2_at_weighted_100k_r02	GCA_000412225.2	at_weighted	7.675283643313486	100000	2	4166063793	1.7606248833879416e-05	180	85740	34	188	ok	7	9.9	95	yes
GCA_000412225.2_at_weighted_100k_r03	GCA_000412225.2	at_weighted	7.675283643313486	100000	3	3167372440	1.7606248833879416e-05	147	91271	31	155	ok	7	10.1	95	yes
GCA_000412225.2_at_weighted_100k_r04	GCA_000412225.2	at_weighted	7.675283643313486	100000	4	1555531253	1.7606248833879416e-05	157	94049	33	165	ok	7	6.8	96	yes
GCA_000412225.2_at_weighted_100k_r05	GCA_000412225.2	at_weighted	7.675283643313486	100000	5	875421976	1.7606248833879416e-05	136	109529	26	144	ok	7	9.6	96	yes
GCA_000412225.2_at_weighted_100k_r06	GCA_000412225.2	at_weighted	7.675283643313486	100000	6	2177421479	1.7606248833879416e-05	128	125121	27	136	ok	7	10.4	96	yes
GCA_000412225.2_at_weighted_100k_r07	GCA_000412225.2	at_weighted	7.675283643313486	100000	7	3513988858	1.7606248833879416e-05	144	92080	29	152	ok	7	15.0	96	yes
GCA_000412225.2_at_weighted_100k_r08	GCA_000412225.2	at_weighted	7.675283643313486	100000	8	48485354	1.7606248833879416e-05	152	106259	26	160	ok	6	9.5	96	yes
GCA_000412225.2_at_weighted_100k_r09	GCA_000412225.2	at_weighted	7.675283643313486	100000	9	1837851572	1.7606248833879416e-05	165	90816	32	173	ok	6	9.3	96	yes
GCA_000412225.2_at_weighted_100k_r10	GCA_000412225.2	at_weighted	7.675283643313486	100000	10	583970598	1.7606248833879416e-05	172	84365	34	180	ok	7	9.5	96	yes
GCA_000412225.2_at_weighted_50k_r01	GCA_000412225.2	at_weighted	7.675283643313486	50000	1	1989950639	3.43968010378392e-05	304	47814	59	312	ok	7	6.3	95	yes
GCA_000412225.2_at_weighted_50k_r02	GCA_000412225.2	at_weighted	7.675283643313486	50000	2	3692577918	3.43968010378392e-05	293	50809	59	301	ok	7	9.7	95	yes
GCA_000412225.2_at_weighted_50k_r03	GCA_000412225.2	at_weighted	7.675283643313486	50000	3	2160321767	3.43968010378392e-05	314	51782	52	322	ok	5	10.2	95	yes
GCA_000412225.2_at_weighted_50k_r04	GCA_000412225.2	at_weighted	7.675283643313486	50000	4	2706777280	3.43968010378392e-05	297	51035	56	305	ok	7	7.6	95	yes
GCA_000412225.2_at_weighted_50k_r05	GCA_000412225.2	at_weighted	7.675283643313486	50000	5	3800373823	3.43968010378392e-05	305	48494	59	313	ok	5	10.5	95	yes
GCA_000412225.2_at_weighted_50k_r06	GCA_000412225.2	at_weighted	7.675283643313486	50000	6	4023845692	3.43968010378392e-05	289	57048	48	297	ok	6	10.9	95	yes
GCA_000412225.2_at_weighted_50k_r07	GCA_000412225.2	at_weighted	7.675283643313486	50000	7	2442700655	3.43968010378392e-05	302	58446	54	310	ok	7	12.4	95	yes
GCA_000412225.2_at_weighted_50k_r08	GCA_000412225.2	at_weighted	7.675283643313486	50000	8	1072357301	3.43968010378392e-05	302	49208	56	310	ok	7	9.7	95	yes
GCA_000412225.2_at_weighted_50k_r09	GCA_000412225.2	at_weighted	7.675283643313486	50000	9	2656626574	3.43968010378392e-05	301	47821	58	309	ok	6	9.5	95	yes
GCA_000412225.2_at_weighted_50k_r10	GCA_000412225.2	at_weighted	7.675283643313486	50000	10	2083689061	3.43968010378392e-05	316	51143	59	324	ok	6	9.6	95	yes
GCA_000412225.2_at_weighted_20k_r01	GCA_000412225.2	at_weighted	7.675283643313486	20000	1	3317446955	9.011884496452972e-05	815	19874	145	823	ok	7	6.6	95	yes
GCA_000412225.2_at_weighted_20k_r02	GCA_000412225.2	at_weighted	7.675283643313486	20000	2	3400723485	9.011884496452972e-05	811	19749	144	819	ok	4	10.1	95	yes
GCA_000412225.2_at_weighted_20k_r03	GCA_000412225.2	at_weighted	7.675283643313486	20000	3	2347300774	9.011884496452972e-05	803	20101	135	811	ok	7	10.9	95	yes
GCA_000412225.2_at_weighted_20k_r04	GCA_000412225.2	at_weighted	7.675283643313486	20000	4	1900798786	9.011884496452972e-05	824	19196	143	832	ok	6	8.2	95	yes
GCA_000412225.2_at_weighted_20k_r05	GCA_000412225.2	at_weighted	7.675283643313486	20000	5	165653861	9.011884496452972e-05	806	19539	140	814	ok	7	10.8	95	yes
GCA_000412225.2_at_weighted_20k_r06	GCA_000412225.2	at_weighted	7.675283643313486	20000	6	3072151998	9.011884496452972e-05	772	21716	129	780	ok	6	11.9	95	yes
GCA_000412225.2_at_weighted_20k_r07	GCA_000412225.2	at_weighted	7.675283643313486	20000	7	3973869723	9.011884496452972e-05	824	18894	154	832	ok	7	14.1	95	yes
GCA_000412225.2_at_weighted_20k_r08	GCA_000412225.2	at_weighted	7.675283643313486	20000	8	504566071	9.011884496452972e-05	827	20036	146	835	ok	6	9.9	95	yes
GCA_000412225.2_at_weighted_20k_r09	GCA_000412225.2	at_weighted	7.675283643313486	20000	9	207313599	9.011884496452972e-05	771	20614	134	779	ok	6	10.1	95	yes
GCA_000412225.2_at_weighted_20k_r10	GCA_000412225.2	at_weighted	7.675283643313486	20000	10	4235546658	9.011884496452972e-05	806	19257	145	814	ok	7	10.6	95	yes
GCA_000412225.2_at_weighted_10k_r01	GCA_000412225.2	at_weighted	7.675283643313486	10000	1	2490115099	0.0001760624883387	1608	9920	275	1616	ok	5	6.3	95	yes
GCA_000412225.2_at_weighted_10k_r02	GCA_000412225.2	at_weighted	7.675283643313486	10000	2	3064376845	0.0001760624883387	1603	10014	282	1611	ok	6	9.7	94	yes
GCA_000412225.2_at_weighted_10k_r03	GCA_000412225.2	at_weighted	7.675283643313486	10000	3	1857084838	0.0001760624883387	1572	10502	271	1580	ok	5	12.6	95	yes
GCA_000412225.2_at_weighted_10k_r04	GCA_000412225.2	at_weighted	7.675283643313486	10000	4	4270834521	0.0001760624883387	1607	9733	272	1615	ok	5	7.8	95	yes
GCA_000412225.2_at_weighted_10k_r05	GCA_000412225.2	at_weighted	7.675283643313486	10000	5	1951081307	0.0001760624883387	1647	9090	282	1655	ok	6	11.6	95	yes
GCA_000412225.2_at_weighted_10k_r06	GCA_000412225.2	at_weighted	7.675283643313486	10000	6	4106039813	0.0001760624883387	1591	10131	269	1599	ok	5	11.1	95	yes
GCA_000412225.2_at_weighted_10k_r07	GCA_000412225.2	at_weighted	7.675283643313486	10000	7	1144751132	0.0001760624883387	1588	10043	264	1596	ok	5	18.2	95	yes
GCA_000412225.2_at_weighted_10k_r08	GCA_000412225.2	at_weighted	7.675283643313486	10000	8	852493488	0.0001760624883387	1566	10699	254	1574	ok	5	9.5	95	yes
GCA_000412225.2_at_weighted_10k_r09	GCA_000412225.2	at_weighted	7.675283643313486	10000	9	4023683586	0.0001760624883387	1559	11064	252	1567	ok	5	10.1	95	yes
GCA_000412225.2_at_weighted_10k_r10	GCA_000412225.2	at_weighted	7.675283643313486	10000	10	1858138550	0.0001760624883387	1549	10236	273	1557	ok	5	10.6	95	yes
GCA_000412225.2_at_weighted_5k_r01	GCA_000412225.2	at_weighted	7.675283643313486	5000	1	2244135312	0.0003777749545398	3332	5019	541	3340	ok	5	6.5	95	yes
GCA_000412225.2_at_weighted_5k_r02	GCA_000412225.2	at_weighted	7.675283643313486	5000	2	707209354	0.0003777749545398	3399	4898	552	3407	ok	4	9.5	95	yes
GCA_000412225.2_at_weighted_5k_r03	GCA_000412225.2	at_weighted	7.675283643313486	5000	3	688640022	0.0003777749545398	3309	5101	548	3317	ok	5	12.0	95	yes
GCA_000412225.2_at_weighted_5k_r04	GCA_000412225.2	at_weighted	7.675283643313486	5000	4	905019517	0.0003777749545398	3316	4915	547	3324	ok	3	8.1	95	yes
GCA_000412225.2_at_weighted_5k_r05	GCA_000412225.2	at_weighted	7.675283643313486	5000	5	3976758881	0.0003777749545398	3341	4882	569	3349	ok	5	12.4	95	yes
GCA_000412225.2_at_weighted_5k_r06	GCA_000412225.2	at_weighted	7.675283643313486	5000	6	990076508	0.0003777749545398	3492	4846	574	3500	ok	5	11.2	95	yes
GCA_000412225.2_at_weighted_5k_r07	GCA_000412225.2	at_weighted	7.675283643313486	5000	7	892320575	0.0003777749545398	3342	4999	550	3350	ok	5	19.3	94	yes
GCA_000412225.2_at_weighted_5k_r08	GCA_000412225.2	at_weighted	7.675283643313486	5000	8	242690350	0.0003777749545398	3208	5269	524	3216	ok	4	9.6	95	yes
GCA_000412225.2_at_weighted_5k_r09	GCA_000412225.2	at_weighted	7.675283643313486	5000	9	1383352143	0.0003777749545398	3400	4884	555	3408	ok	6	10.1	95	yes
GCA_000412225.2_at_weighted_5k_r10	GCA_000412225.2	at_weighted	7.675283643313486	5000	10	2208942078	0.0003777749545398	3324	5046	540	3332	ok	5	10.3	95	yes
GCA_000412225.2_at_weighted_g20_50k_r01	GCA_000412225.2	at_weighted_g20	9.98577424517997	50000	1	2992376590	3.702420786795851e-05	360	42260	70	368	ok	7	9.9	95	yes
GCA_000412225.2_at_weighted_g20_50k_r02	GCA_000412225.2	at_weighted_g20	9.98577424517997	50000	2	195334726	3.702420786795851e-05	362	41677	62	370	ok	7	9.7	95	yes
GCA_000412225.2_at_weighted_g20_50k_r03	GCA_000412225.2	at_weighted_g20	9.98577424517997	50000	3	3154124667	3.702420786795851e-05	333	46750	58	341	ok	7	9.9	95	yes
GCA_000412225.2_at_weighted_g20_50k_r04	GCA_000412225.2	at_weighted_g20	9.98577424517997	50000	4	3598756517	3.702420786795851e-05	326	51515	58	334	ok	7	10.9	95	yes
GCA_000412225.2_at_weighted_g20_50k_r05	GCA_000412225.2	at_weighted_g20	9.98577424517997	50000	5	1449041349	3.702420786795851e-05	302	53240	55	310	ok	7	11.2	95	yes
GCA_000412225.2_at_weighted_g20_20k_r01	GCA_000412225.2	at_weighted_g20	9.98577424517997	20000	1	3192588099	9.668340735405885e-05	889	18455	145	897	ok	5	10.7	95	yes
GCA_000412225.2_at_weighted_g20_20k_r02	GCA_000412225.2	at_weighted_g20	9.98577424517997	20000	2	881044651	9.668340735405885e-05	897	18778	145	905	ok	6	9.8	95	yes
GCA_000412225.2_at_weighted_g20_20k_r03	GCA_000412225.2	at_weighted_g20	9.98577424517997	20000	3	904603655	9.668340735405885e-05	921	18648	149	929	ok	4	9.6	95	yes
GCA_000412225.2_at_weighted_g20_20k_r04	GCA_000412225.2	at_weighted_g20	9.98577424517997	20000	4	1129510087	9.668340735405885e-05	858	18776	142	866	ok	5	11.8	95	yes
GCA_000412225.2_at_weighted_g20_20k_r05	GCA_000412225.2	at_weighted_g20	9.98577424517997	20000	5	1283033211	9.668340735405885e-05	868	18953	141	876	ok	6	11.6	95	yes
GCA_000412225.2_at_weighted_g20_10k_r01	GCA_000412225.2	at_weighted_g20	9.98577424517997	10000	1	3553489145	0.0001979523765724	1705	10465	264	1713	ok	0	10.9	95	yes
GCA_000412225.2_at_weighted_g20_10k_r02	GCA_000412225.2	at_weighted_g20	9.98577424517997	10000	2	2739901970	0.0001979523765724	1726	10091	273	1734	ok	4	9.8	95	yes
GCA_000412225.2_at_weighted_g20_10k_r03	GCA_000412225.2	at_weighted_g20	9.98577424517997	10000	3	1747365487	0.0001979523765724	1754	9906	282	1762	ok	2	9.9	95	yes
GCA_000412225.2_at_weighted_g20_10k_r04	GCA_000412225.2	at_weighted_g20	9.98577424517997	10000	4	3660818527	0.0001979523765724	1693	10392	262	1701	ok	4	10.6	95	yes
GCA_000412225.2_at_weighted_g20_10k_r05	GCA_000412225.2	at_weighted_g20	9.98577424517997	10000	5	3381771883	0.0001979523765724	1717	10118	261	1725	ok	4	12.1	95	yes
GCA_000412225.2_at_weighted_g5_50k_r01	GCA_000412225.2	at_weighted_g5	5.364793041447001	50000	1	1203754581	3.3599999999999976e-05	278	56040	53	286	ok	7	9.4	95	yes
GCA_000412225.2_at_weighted_g5_50k_r02	GCA_000412225.2	at_weighted_g5	5.364793041447001	50000	2	3181799613	3.3599999999999976e-05	275	55710	52	283	ok	7	10.5	95	yes
GCA_000412225.2_at_weighted_g5_50k_r03	GCA_000412225.2	at_weighted_g5	5.364793041447001	50000	3	2805228488	3.3599999999999976e-05	334	43144	60	342	ok	7	9.9	95	yes
GCA_000412225.2_at_weighted_g5_50k_r04	GCA_000412225.2	at_weighted_g5	5.364793041447001	50000	4	3987892721	3.3599999999999976e-05	317	45190	61	325	ok	7	10.2	95	yes
GCA_000412225.2_at_weighted_g5_50k_r05	GCA_000412225.2	at_weighted_g5	5.364793041447001	50000	5	852515450	3.3599999999999976e-05	333	45985	63	341	ok	7	10.0	95	yes
GCA_000412225.2_at_weighted_g5_20k_r01	GCA_000412225.2	at_weighted_g5	5.364793041447001	20000	1	438081443	8.400000000000002e-05	757	21232	136	765	ok	7	10.3	95	yes
GCA_000412225.2_at_weighted_g5_20k_r02	GCA_000412225.2	at_weighted_g5	5.364793041447001	20000	2	1806583523	8.400000000000002e-05	763	20677	137	771	ok	6	10.9	95	yes
GCA_000412225.2_at_weighted_g5_20k_r03	GCA_000412225.2	at_weighted_g5	5.364793041447001	20000	3	124379157	8.400000000000002e-05	749	20068	136	757	ok	7	9.9	95	yes
GCA_000412225.2_at_weighted_g5_20k_r04	GCA_000412225.2	at_weighted_g5	5.364793041447001	20000	4	2951417980	8.400000000000002e-05	782	20373	145	790	ok	6	10.5	95	yes
GCA_000412225.2_at_weighted_g5_20k_r05	GCA_000412225.2	at_weighted_g5	5.364793041447001	20000	5	30929881	8.400000000000002e-05	740	20449	132	748	ok	7	10.2	95	yes
GCA_000412225.2_at_weighted_g5_10k_r01	GCA_000412225.2	at_weighted_g5	5.364793041447001	10000	1	3906845721	0.0001719840051891	1455	10816	264	1463	ok	7	10.4	95	yes
GCA_000412225.2_at_weighted_g5_10k_r02	GCA_000412225.2	at_weighted_g5	5.364793041447001	10000	2	3052171061	0.0001719840051891	1570	9524	286	1578	ok	6	10.3	95	yes
GCA_000412225.2_at_weighted_g5_10k_r03	GCA_000412225.2	at_weighted_g5	5.364793041447001	10000	3	346160765	0.0001719840051891	1566	9674	287	1574	ok	7	10.3	95	yes
GCA_000412225.2_at_weighted_g5_10k_r04	GCA_000412225.2	at_weighted_g5	5.364793041447001	10000	4	1634547563	0.0001719840051891	1543	9901	274	1551	ok	6	11.3	95	yes
GCA_000412225.2_at_weighted_g5_10k_r05	GCA_000412225.2	at_weighted_g5	5.364793041447001	10000	5	1641653457	0.0001719840051891	1506	10296	279	1514	ok	6	11.1	95	yes
GCA_000412225.2_uniform_1000k_r01	GCA_000412225.2	uniform		1000000	1	3198565107	6.578974528170222e-07	7	809179	5	15	ok	7	11.5	99	yes
GCA_000412225.2_uniform_1000k_r02	GCA_000412225.2	uniform		1000000	2	2481477986	6.578974528170222e-07	5	809179	5	13	ok	7	9.9	101	yes
GCA_000412225.2_uniform_1000k_r03	GCA_000412225.2	uniform		1000000	3	29279739	6.578974528170222e-07	1	1099572	4	9	ok	7	12.8	101	yes
GCA_000412225.2_uniform_1000k_r04	GCA_000412225.2	uniform		1000000	4	1599609740	6.578974528170222e-07	3	1073289	4	11	ok	7	7.1	100	yes
GCA_000412225.2_uniform_1000k_r05	GCA_000412225.2	uniform		1000000	5	2091629090	6.578974528170222e-07	7	962272	4	15	ok	7	12.0	100	yes
GCA_000412225.2_uniform_1000k_r06	GCA_000412225.2	uniform		1000000	6	3932308860	6.578974528170222e-07	4	1019532	4	12	ok	7	10.1	100	yes
GCA_000412225.2_uniform_1000k_r07	GCA_000412225.2	uniform		1000000	7	2892658563	6.578974528170222e-07	7	809179	5	15	ok	7	13.1	99	yes
GCA_000412225.2_uniform_1000k_r08	GCA_000412225.2	uniform		1000000	8	114173858	6.578974528170222e-07	4	1099572	4	12	ok	7	10.1	100	yes
GCA_000412225.2_uniform_1000k_r09	GCA_000412225.2	uniform		1000000	9	3242449481	6.578974528170222e-07	9	704748	4	17	ok	7	10.1	102	yes
GCA_000412225.2_uniform_1000k_r10	GCA_000412225.2	uniform		1000000	10	2777377312	6.578974528170222e-07	6	1099572	4	14	ok	7	13.9	98	yes
GCA_000412225.2_uniform_500k_r01	GCA_000412225.2	uniform		500000	1	2391792444	2.477508638445882e-06	25	488803	6	33	ok	7	11.3	97	yes
GCA_000412225.2_uniform_500k_r02	GCA_000412225.2	uniform		500000	2	1272736575	2.477508638445882e-06	21	490920	7	29	ok	7	10.9	97	yes
GCA_000412225.2_uniform_500k_r03	GCA_000412225.2	uniform		500000	3	2397237905	2.477508638445882e-06	13	890955	4	21	ok	7	12.5	100	yes
GCA_000412225.2_uniform_500k_r04	GCA_000412225.2	uniform		500000	4	3929514919	2.477508638445882e-06	20	507635	6	28	ok	7	6.7	97	yes
GCA_000412225.2_uniform_500k_r05	GCA_000412225.2	uniform		500000	5	302577819	2.477508638445882e-06	23	573612	7	31	ok	7	11.2	97	yes
GCA_000412225.2_uniform_500k_r06	GCA_000412225.2	uniform		500000	6	2228907227	2.477508638445882e-06	17	534902	6	25	ok	7	10.1	98	yes
GCA_000412225.2_uniform_500k_r07	GCA_000412225.2	uniform		500000	7	3931401998	2.477508638445882e-06	17	698775	5	25	ok	7	13.4	100	yes
GCA_000412225.2_uniform_500k_r08	GCA_000412225.2	uniform		500000	8	2254689955	2.477508638445882e-06	30	382701	7	38	ok	7	9.5	98	yes
GCA_000412225.2_uniform_500k_r09	GCA_000412225.2	uniform		500000	9	4092515054	2.477508638445882e-06	25	809179	5	33	ok	7	9.7	98	yes
GCA_000412225.2_uniform_500k_r10	GCA_000412225.2	uniform		500000	10	2110032933	2.477508638445882e-06	18	528619	6	26	ok	7	16.4	98	yes
GCA_000412225.2_uniform_200k_r01	GCA_000412225.2	uniform		200000	1	3602244013	7.298046472607876e-06	56	257076	11	64	ok	7	11.4	97	yes
GCA_000412225.2_uniform_200k_r02	GCA_000412225.2	uniform		200000	2	3715866909	7.298046472607876e-06	58	195627	13	66	ok	7	8.5	96	yes
GCA_000412225.2_uniform_200k_r03	GCA_000412225.2	uniform		200000	3	1771775738	7.298046472607876e-06	86	153090	18	94	ok	7	12.9	96	yes
GCA_000412225.2_uniform_200k_r04	GCA_000412225.2	uniform		200000	4	1823934105	7.298046472607876e-06	64	224776	13	72	ok	7	6.6	96	yes
GCA_000412225.2_uniform_200k_r05	GCA_000412225.2	uniform		200000	5	2561681064	7.298046472607876e-06	70	221507	12	78	ok	7	11.2	97	yes
GCA_000412225.2_uniform_200k_r06	GCA_000412225.2	uniform		200000	6	3075716684	7.298046472607876e-06	64	184241	16	72	ok	7	10.6	96	yes
GCA_000412225.2_uniform_200k_r07	GCA_000412225.2	uniform		200000	7	798840368	7.298046472607876e-06	52	278064	11	60	ok	7	14.4	97	yes
GCA_000412225.2_uniform_200k_r08	GCA_000412225.2	uniform		200000	8	1391451121	7.298046472607876e-06	48	266201	11	56	ok	7	9.4	97	yes
GCA_000412225.2_uniform_200k_r09	GCA_000412225.2	uniform		200000	9	1581899671	7.298046472607876e-06	53	243850	12	61	ok	7	9.7	97	yes
GCA_000412225.2_uniform_200k_r10	GCA_000412225.2	uniform		200000	10	716331148	7.298046472607876e-06	60	222571	16	68	ok	7	10.6	96	yes
GCA_000412225.2_uniform_100k_r01	GCA_000412225.2	uniform		100000	1	2764612787	1.6030671988282352e-05	148	96311	32	156	ok	7	11.4	95	yes
GCA_000412225.2_uniform_100k_r02	GCA_000412225.2	uniform		100000	2	2787489583	1.6030671988282352e-05	146	98555	29	154	ok	7	9.8	96	yes
GCA_000412225.2_uniform_100k_r03	GCA_000412225.2	uniform		100000	3	893365243	1.6030671988282352e-05	146	97533	28	154	ok	7	11.8	95	yes
GCA_000412225.2_uniform_100k_r04	GCA_000412225.2	uniform		100000	4	3532408455	1.6030671988282352e-05	119	120067	22	127	ok	7	6.9	96	yes
GCA_000412225.2_uniform_100k_r05	GCA_000412225.2	uniform		100000	5	4001965069	1.6030671988282352e-05	173	81165	34	181	ok	7	10.6	96	yes
GCA_000412225.2_uniform_100k_r06	GCA_000412225.2	uniform		100000	6	4005073436	1.6030671988282352e-05	152	89253	32	160	ok	7	10.4	95	yes
GCA_000412225.2_uniform_100k_r07	GCA_000412225.2	uniform		100000	7	1571982926	1.6030671988282352e-05	121	120706	24	129	ok	7	12.2	96	yes
GCA_000412225.2_uniform_100k_r08	GCA_000412225.2	uniform		100000	8	453687183	1.6030671988282352e-05	137	118066	26	145	ok	7	9.4	96	yes
GCA_000412225.2_uniform_100k_r09	GCA_000412225.2	uniform		100000	9	3505030709	1.6030671988282352e-05	151	104069	27	159	ok	7	9.5	96	yes
GCA_000412225.2_uniform_100k_r10	GCA_000412225.2	uniform		100000	10	2805530638	1.6030671988282352e-05	143	102371	29	151	ok	6	11.0	95	yes
GCA_000412225.2_uniform_50k_r01	GCA_000412225.2	uniform		50000	1	802885899	3.2061343976564704e-05	254	53574	51	262	ok	7	11.3	95	yes
GCA_000412225.2_uniform_50k_r02	GCA_000412225.2	uniform		50000	2	3268821167	3.2061343976564704e-05	312	46583	63	320	ok	7	9.3	94	yes
GCA_000412225.2_uniform_50k_r03	GCA_000412225.2	uniform		50000	3	4263830195	3.2061343976564704e-05	299	52950	52	307	ok	7	11.7	95	yes
GCA_000412225.2_uniform_50k_r04	GCA_000412225.2	uniform		50000	4	830423560	3.2061343976564704e-05	271	57343	47	279	ok	7	7.0	95	yes
GCA_000412225.2_uniform_50k_r05	GCA_000412225.2	uniform		50000	5	3487580307	3.2061343976564704e-05	271	54751	53	279	ok	7	9.2	95	yes
GCA_000412225.2_uniform_50k_r06	GCA_000412225.2	uniform		50000	6	125674155	3.2061343976564704e-05	247	60644	50	255	ok	7	10.4	95	yes
GCA_000412225.2_uniform_50k_r07	GCA_000412225.2	uniform		50000	7	3267455977	3.2061343976564704e-05	298	48109	57	306	ok	7	13.4	96	yes
GCA_000412225.2_uniform_50k_r08	GCA_000412225.2	uniform		50000	8	761639698	3.2061343976564704e-05	313	47189	59	321	ok	7	9.4	95	yes
GCA_000412225.2_uniform_50k_r09	GCA_000412225.2	uniform		50000	9	1892768592	3.2061343976564704e-05	259	57406	54	267	ok	7	9.8	95	yes
GCA_000412225.2_uniform_50k_r10	GCA_000412225.2	uniform		50000	10	3907065706	3.2061343976564704e-05	272	54223	48	280	ok	7	10.1	95	yes
GCA_000412225.2_uniform_20k_r01	GCA_000412225.2	uniform		20000	1	292330828	8.400000000000002e-05	762	19584	143	770	ok	7	11.2	94	yes
GCA_000412225.2_uniform_20k_r02	GCA_000412225.2	uniform		20000	2	2777506669	8.400000000000002e-05	693	20700	129	701	ok	6	9.7	95	yes
GCA_000412225.2_uniform_20k_r03	GCA_000412225.2	uniform		20000	3	3540570414	8.400000000000002e-05	735	19210	141	743	ok	7	10.4	95	yes
GCA_000412225.2_uniform_20k_r04	GCA_000412225.2	uniform		20000	4	2381005257	8.400000000000002e-05	776	20162	139	784	ok	7	7.1	95	yes
GCA_000412225.2_uniform_20k_r05	GCA_000412225.2	uniform		20000	5	2102693826	8.400000000000002e-05	733	20689	141	741	ok	7	9.3	95	yes
GCA_000412225.2_uniform_20k_r06	GCA_000412225.2	uniform		20000	6	1248842054	8.400000000000002e-05	711	21249	131	719	ok	7	10.6	95	yes
GCA_000412225.2_uniform_20k_r07	GCA_000412225.2	uniform		20000	7	3130270309	8.400000000000002e-05	715	20202	131	723	ok	7	14.5	95	yes
GCA_000412225.2_uniform_20k_r08	GCA_000412225.2	uniform		20000	8	4215855214	8.400000000000002e-05	749	19858	136	757	ok	7	9.8	95	yes
GCA_000412225.2_uniform_20k_r09	GCA_000412225.2	uniform		20000	9	1603958025	8.400000000000002e-05	717	19553	138	725	ok	7	9.5	95	yes
GCA_000412225.2_uniform_20k_r10	GCA_000412225.2	uniform		20000	10	1398101773	8.400000000000002e-05	766	20458	144	774	ok	6	10.5	95	yes
GCA_000412225.2_uniform_10k_r01	GCA_000412225.2	uniform		10000	1	106955997	0.000168	1522	9846	294	1530	ok	7	11.6	95	yes
GCA_000412225.2_uniform_10k_r02	GCA_000412225.2	uniform		10000	2	726297358	0.000168	1465	10196	272	1473	ok	7	9.9	95	yes
GCA_000412225.2_uniform_10k_r03	GCA_000412225.2	uniform		10000	3	3358674253	0.000168	1546	10062	285	1554	ok	5	10.8	95	yes
GCA_000412225.2_uniform_10k_r04	GCA_000412225.2	uniform		10000	4	4156668636	0.000168	1468	9997	267	1476	ok	6	7.2	94	yes
GCA_000412225.2_uniform_10k_r05	GCA_000412225.2	uniform		10000	5	3145849279	0.000168	1529	9497	295	1537	ok	7	9.4	95	yes
GCA_000412225.2_uniform_10k_r06	GCA_000412225.2	uniform		10000	6	3837231158	0.000168	1431	10772	263	1439	ok	6	10.6	94	yes
GCA_000412225.2_uniform_10k_r07	GCA_000412225.2	uniform		10000	7	3208633653	0.000168	1453	10127	276	1461	ok	6	14.0	95	yes
GCA_000412225.2_uniform_10k_r08	GCA_000412225.2	uniform		10000	8	3913384135	0.000168	1445	9769	276	1453	ok	7	10.2	95	yes
GCA_000412225.2_uniform_10k_r09	GCA_000412225.2	uniform		10000	9	4028242651	0.000168	1474	10179	258	1482	ok	6	9.3	95	yes
GCA_000412225.2_uniform_10k_r10	GCA_000412225.2	uniform		10000	10	4178633688	0.000168	1517	9866	293	1525	ok	7	11.6	95	yes
GCA_000412225.2_uniform_5k_r01	GCA_000412225.2	uniform		5000	1	1316616745	0.000336	3025	4882	574	3033	ok	7	11.7	95	yes
GCA_000412225.2_uniform_5k_r02	GCA_000412225.2	uniform		5000	2	3206705084	0.000336	3108	4961	567	3116	ok	7	10.1	95	yes
GCA_000412225.2_uniform_5k_r03	GCA_000412225.2	uniform		5000	3	134518960	0.000336	2987	5017	545	2995	ok	7	10.8	95	yes
GCA_000412225.2_uniform_5k_r04	GCA_000412225.2	uniform		5000	4	1371994237	0.000336	2990	4893	565	2998	ok	7	7.3	95	yes
GCA_000412225.2_uniform_5k_r05	GCA_000412225.2	uniform		5000	5	506461977	0.000336	3018	4899	585	3026	ok	6	9.7	95	yes
GCA_000412225.2_uniform_5k_r06	GCA_000412225.2	uniform		5000	6	3807289827	0.000336	2990	4916	568	2998	ok	7	10.7	95	yes
GCA_000412225.2_uniform_5k_r07	GCA_000412225.2	uniform		5000	7	1710160519	0.000336	2970	5159	542	2978	ok	6	16.2	95	yes
GCA_000412225.2_uniform_5k_r08	GCA_000412225.2	uniform		5000	8	1784502951	0.000336	3026	5020	552	3034	ok	5	10.3	95	yes
GCA_000412225.2_uniform_5k_r09	GCA_000412225.2	uniform		5000	9	2113663017	0.000336	2906	5071	554	2914	ok	5	9.3	94	yes
GCA_000412225.2_uniform_5k_r10	GCA_000412225.2	uniform		5000	10	374751572	0.000336	3066	4913	577	3074	ok	6	10.0	95	yes
