replicate_id	accession	model	target_n50	realised_n50	n_truth	retained	retained_exact	lost_geometric	lost_pipeline	predicted_lost	window_cut	synteny_checkable	recall	exact_recall	geometric_expectation	synteny_checkable_fraction	gained	realised_l50	n_contigs
GCA_000002515.1_at_weighted_1000k_r01	GCA_000002515.1	at_weighted	1000000	641327	6	6	6	0	0	0	0	3	1.0	1.0	1.0	0.5	0	7	40
GCA_000002515.1_at_weighted_1000k_r02	GCA_000002515.1	at_weighted	1000000	905548	6	6	6	0	0	0	0	6	1.0	1.0	1.0	1.0	0	4	35
GCA_000002515.1_at_weighted_1000k_r03	GCA_000002515.1	at_weighted	1000000	1463028	6	6	6	0	0	0	0	6	1.0	1.0	1.0	1.0	0	3	29
GCA_000002515.1_at_weighted_1000k_r04	GCA_000002515.1	at_weighted	1000000	1320834	6	6	6	0	0	0	0	6	1.0	1.0	1.0	1.0	0	3	29
GCA_000002515.1_at_weighted_1000k_r05	GCA_000002515.1	at_weighted	1000000	996905	6	6	6	0	0	0	0	6	1.0	1.0	1.0	1.0	0	4	34
GCA_000002515.1_at_weighted_1000k_r06	GCA_000002515.1	at_weighted	1000000	1062590	6	6	6	0	0	0	0	6	1.0	1.0	1.0	1.0	0	4	32
GCA_000002515.1_at_weighted_1000k_r07	GCA_000002515.1	at_weighted	1000000	1344772	6	6	6	0	0	0	0	6	1.0	1.0	1.0	1.0	0	4	30
GCA_000002515.1_at_weighted_1000k_r08	GCA_000002515.1	at_weighted	1000000	623230	6	6	6	0	0	0	0	6	1.0	1.0	1.0	1.0	0	5	39
GCA_000002515.1_at_weighted_1000k_r09	GCA_000002515.1	at_weighted	1000000	1062590	6	6	6	0	0	0	0	6	1.0	1.0	1.0	1.0	0	4	32
GCA_000002515.1_at_weighted_1000k_r10	GCA_000002515.1	at_weighted	1000000	1122109	6	6	6	0	0	0	0	6	1.0	1.0	1.0	1.0	0	4	30
GCA_000002515.1_at_weighted_100k_r01	GCA_000002515.1	at_weighted	100000	89563	6	6	6	0	0	0	0	3	1.0	1.0	1.0	0.5	0	37	204
GCA_000002515.1_at_weighted_100k_r02	GCA_000002515.1	at_weighted	100000	101556	6	6	6	0	0	0	0	4	1.0	1.0	1.0	0.6666666666666666	0	31	189
GCA_000002515.1_at_weighted_100k_r03	GCA_000002515.1	at_weighted	100000	101991	6	6	6	0	0	0	0	5	1.0	1.0	1.0	0.8333333333333334	0	33	202
GCA_000002515.1_at_weighted_100k_r04	GCA_000002515.1	at_weighted	100000	106078	6	6	6	0	0	0	0	2	1.0	1.0	1.0	0.3333333333333333	0	33	178
GCA_000002515.1_at_weighted_100k_r05	GCA_000002515.1	at_weighted	100000	90131	6	6	6	0	0	0	0	3	1.0	1.0	1.0	0.5	0	34	196
GCA_000002515.1_at_weighted_100k_r06	GCA_000002515.1	at_weighted	100000	100614	6	6	6	0	0	0	0	6	1.0	1.0	1.0	1.0	0	35	200
GCA_000002515.1_at_weighted_100k_r07	GCA_000002515.1	at_weighted	100000	99334	6	6	6	0	0	0	0	4	1.0	1.0	1.0	0.6666666666666666	0	32	199
GCA_000002515.1_at_weighted_100k_r08	GCA_000002515.1	at_weighted	100000	115367	6	6	6	0	0	0	0	3	1.0	1.0	1.0	0.5	0	30	192
GCA_000002515.1_at_weighted_100k_r09	GCA_000002515.1	at_weighted	100000	92344	6	6	6	0	0	0	0	4	1.0	1.0	1.0	0.6666666666666666	0	38	218
GCA_000002515.1_at_weighted_100k_r10	GCA_000002515.1	at_weighted	100000	105391	6	6	6	0	0	0	0	2	1.0	1.0	1.0	0.3333333333333333	0	29	172
GCA_000002515.1_at_weighted_10k_r01	GCA_000002515.1	at_weighted	10000	9939	6	4	4	2	0	2	2	0	0.6666666666666666	0.6666666666666666	0.6666666666666667	0.0	0	344	1874
GCA_000002515.1_at_weighted_10k_r02	GCA_000002515.1	at_weighted	10000	10211	6	4	4	2	0	2	2	0	0.6666666666666666	0.6666666666666666	0.6666666666666667	0.0	0	327	1762
GCA_000002515.1_at_weighted_10k_r03	GCA_000002515.1	at_weighted	10000	9961	6	5	5	1	0	1	1	0	0.8333333333333334	0.8333333333333334	0.8333333333333334	0.0	0	341	1857
GCA_000002515.1_at_weighted_10k_r04	GCA_000002515.1	at_weighted	10000	9501	6	3	3	3	0	3	3	0	0.5	0.5	0.5	0.0	0	355	1930
GCA_000002515.1_at_weighted_10k_r05	GCA_000002515.1	at_weighted	10000	9531	6	5	5	1	0	1	1	0	0.8333333333333334	0.8333333333333334	0.8333333333333334	0.0	0	343	1852
GCA_000002515.1_at_weighted_10k_r06	GCA_000002515.1	at_weighted	10000	10028	6	6	6	0	0	0	0	0	1.0	1.0	1.0	0.0	0	330	1836
GCA_000002515.1_at_weighted_10k_r07	GCA_000002515.1	at_weighted	10000	10335	6	5	5	1	0	1	1	0	0.8333333333333334	0.8333333333333334	0.8333333333333334	0.0	0	334	1848
GCA_000002515.1_at_weighted_10k_r08	GCA_000002515.1	at_weighted	10000	10106	6	5	5	1	0	1	1	0	0.8333333333333334	0.8333333333333334	0.8333333333333334	0.0	0	319	1782
GCA_000002515.1_at_weighted_10k_r09	GCA_000002515.1	at_weighted	10000	10406	6	5	5	1	0	1	1	0	0.8333333333333334	0.8333333333333334	0.8333333333333334	0.0	0	318	1771
GCA_000002515.1_at_weighted_10k_r10	GCA_000002515.1	at_weighted	10000	10183	6	4	4	2	0	2	2	0	0.6666666666666666	0.6666666666666666	0.6666666666666667	0.0	0	333	1775
GCA_000002515.1_at_weighted_200k_r01	GCA_000002515.1	at_weighted	200000	172989	6	6	6	0	0	0	0	5	1.0	1.0	1.0	0.8333333333333334	0	17	112
GCA_000002515.1_at_weighted_200k_r02	GCA_000002515.1	at_weighted	200000	182844	6	6	6	0	0	0	0	4	1.0	1.0	1.0	0.6666666666666666	0	17	108
GCA_000002515.1_at_weighted_200k_r03	GCA_000002515.1	at_weighted	200000	182709	6	6	6	0	0	0	0	5	1.0	1.0	1.0	0.8333333333333334	0	19	109
GCA_000002515.1_at_weighted_200k_r04	GCA_000002515.1	at_weighted	200000	326284	6	6	6	0	0	0	0	6	1.0	1.0	1.0	1.0	0	11	100
GCA_000002515.1_at_weighted_200k_r05	GCA_000002515.1	at_weighted	200000	262071	6	6	6	0	0	0	0	5	1.0	1.0	1.0	0.8333333333333334	0	13	89
GCA_000002515.1_at_weighted_200k_r06	GCA_000002515.1	at_weighted	200000	199941	6	6	6	0	0	0	0	4	1.0	1.0	1.0	0.6666666666666666	0	16	111
GCA_000002515.1_at_weighted_200k_r07	GCA_000002515.1	at_weighted	200000	170880	6	6	6	0	0	0	0	6	1.0	1.0	1.0	1.0	0	22	107
GCA_000002515.1_at_weighted_200k_r08	GCA_000002515.1	at_weighted	200000	215114	6	5	5	1	0	1	1	4	0.8333333333333334	0.8333333333333334	0.8333333333333334	0.6666666666666666	0	17	96
GCA_000002515.1_at_weighted_200k_r09	GCA_000002515.1	at_weighted	200000	181001	6	6	6	0	0	0	0	4	1.0	1.0	1.0	0.6666666666666666	0	16	106
GCA_000002515.1_at_weighted_200k_r10	GCA_000002515.1	at_weighted	200000	211059	6	6	6	0	0	0	0	5	1.0	1.0	1.0	0.8333333333333334	0	17	105
GCA_000002515.1_at_weighted_20k_r01	GCA_000002515.1	at_weighted	20000	20757	6	5	5	1	0	1	1	1	0.8333333333333334	0.8333333333333334	0.8333333333333334	0.16666666666666666	0	165	871
GCA_000002515.1_at_weighted_20k_r02	GCA_000002515.1	at_weighted	20000	19716	6	6	6	0	0	0	0	1	1.0	1.0	1.0	0.16666666666666666	0	164	913
GCA_000002515.1_at_weighted_20k_r03	GCA_000002515.1	at_weighted	20000	18889	6	5	5	1	0	1	1	2	0.8333333333333334	0.8333333333333334	0.8333333333333334	0.3333333333333333	0	169	925
GCA_000002515.1_at_weighted_20k_r04	GCA_000002515.1	at_weighted	20000	18931	6	5	5	1	0	1	1	0	0.8333333333333334	0.8333333333333334	0.8333333333333334	0.0	0	181	917
GCA_000002515.1_at_weighted_20k_r05	GCA_000002515.1	at_weighted	20000	21993	6	6	6	0	0	0	0	2	1.0	1.0	1.0	0.3333333333333333	0	162	905
GCA_000002515.1_at_weighted_20k_r06	GCA_000002515.1	at_weighted	20000	19429	6	5	5	1	0	1	1	0	0.8333333333333334	0.8333333333333334	0.8333333333333334	0.0	0	177	946
GCA_000002515.1_at_weighted_20k_r07	GCA_000002515.1	at_weighted	20000	19838	6	6	6	0	0	0	0	1	1.0	1.0	1.0	0.16666666666666666	0	165	933
GCA_000002515.1_at_weighted_20k_r08	GCA_000002515.1	at_weighted	20000	18953	6	5	5	1	0	1	1	1	0.8333333333333334	0.8333333333333334	0.8333333333333334	0.16666666666666666	0	170	934
GCA_000002515.1_at_weighted_20k_r09	GCA_000002515.1	at_weighted	20000	20054	6	6	6	0	0	0	0	1	1.0	1.0	1.0	0.16666666666666666	0	164	931
GCA_000002515.1_at_weighted_20k_r10	GCA_000002515.1	at_weighted	20000	19211	6	6	6	0	0	0	0	1	1.0	1.0	1.0	0.16666666666666666	0	171	947
GCA_000002515.1_at_weighted_500k_r01	GCA_000002515.1	at_weighted	500000	391598	6	6	6	0	0	0	0	6	1.0	1.0	1.0	1.0	0	9	53
GCA_000002515.1_at_weighted_500k_r02	GCA_000002515.1	at_weighted	500000	667637	6	6	6	0	0	0	0	6	1.0	1.0	1.0	1.0	0	5	49
GCA_000002515.1_at_weighted_500k_r03	GCA_000002515.1	at_weighted	500000	307459	6	6	6	0	0	0	0	5	1.0	1.0	1.0	0.8333333333333334	0	11	70
GCA_000002515.1_at_weighted_500k_r04	GCA_000002515.1	at_weighted	500000	399846	6	6	6	0	0	0	0	6	1.0	1.0	1.0	1.0	0	10	56
GCA_000002515.1_at_weighted_500k_r05	GCA_000002515.1	at_weighted	500000	397603	6	6	6	0	0	0	0	6	1.0	1.0	1.0	1.0	0	10	54
GCA_000002515.1_at_weighted_500k_r06	GCA_000002515.1	at_weighted	500000	349788	6	6	6	0	0	0	0	6	1.0	1.0	1.0	1.0	0	10	55
GCA_000002515.1_at_weighted_500k_r07	GCA_000002515.1	at_weighted	500000	546849	6	6	6	0	0	0	0	5	1.0	1.0	1.0	0.8333333333333334	0	8	55
GCA_000002515.1_at_weighted_500k_r08	GCA_000002515.1	at_weighted	500000	559496	6	6	6	0	0	0	0	6	1.0	1.0	1.0	1.0	0	6	48
GCA_000002515.1_at_weighted_500k_r09	GCA_000002515.1	at_weighted	500000	355890	6	6	6	0	0	0	0	5	1.0	1.0	1.0	0.8333333333333334	0	10	63
GCA_000002515.1_at_weighted_500k_r10	GCA_000002515.1	at_weighted	500000	601727	6	6	6	0	0	0	0	5	1.0	1.0	1.0	0.8333333333333334	0	7	53
GCA_000002515.1_at_weighted_50k_r01	GCA_000002515.1	at_weighted	50000	50069	6	6	6	0	0	0	0	3	1.0	1.0	1.0	0.5	0	65	385
GCA_000002515.1_at_weighted_50k_r02	GCA_000002515.1	at_weighted	50000	51781	6	5	5	1	0	1	1	3	0.8333333333333334	0.8333333333333334	0.8333333333333334	0.5	0	67	379
GCA_000002515.1_at_weighted_50k_r03	GCA_000002515.1	at_weighted	50000	47636	6	6	6	0	0	0	0	2	1.0	1.0	1.0	0.3333333333333333	0	71	376
GCA_000002515.1_at_weighted_50k_r04	GCA_000002515.1	at_weighted	50000	47489	6	6	6	0	0	0	0	3	1.0	1.0	1.0	0.5	0	69	407
GCA_000002515.1_at_weighted_50k_r05	GCA_000002515.1	at_weighted	50000	45617	6	6	6	0	0	0	0	1	1.0	1.0	1.0	0.16666666666666666	0	78	418
GCA_000002515.1_at_weighted_50k_r06	GCA_000002515.1	at_weighted	50000	54388	6	6	6	0	0	0	0	2	1.0	1.0	1.0	0.3333333333333333	0	64	352
GCA_000002515.1_at_weighted_50k_r07	GCA_000002515.1	at_weighted	50000	45098	6	6	6	0	0	0	0	1	1.0	1.0	1.0	0.16666666666666666	0	73	403
GCA_000002515.1_at_weighted_50k_r08	GCA_000002515.1	at_weighted	50000	53112	6	6	6	0	0	0	0	4	1.0	1.0	1.0	0.6666666666666666	0	63	366
GCA_000002515.1_at_weighted_50k_r09	GCA_000002515.1	at_weighted	50000	49344	6	6	6	0	0	0	0	6	1.0	1.0	1.0	1.0	0	71	358
GCA_000002515.1_at_weighted_50k_r10	GCA_000002515.1	at_weighted	50000	53821	6	6	6	0	0	0	0	2	1.0	1.0	1.0	0.3333333333333333	0	64	361
GCA_000002515.1_at_weighted_5k_r01	GCA_000002515.1	at_weighted	5000	5152	6	6	6	0	0	0	0	0	1.0	1.0	1.0	0.0	0	658	3717
GCA_000002515.1_at_weighted_5k_r02	GCA_000002515.1	at_weighted	5000	5031	6	5	5	1	0	1	1	0	0.8333333333333334	0.8333333333333334	0.8333333333333334	0.0	0	661	3611
GCA_000002515.1_at_weighted_5k_r03	GCA_000002515.1	at_weighted	5000	4985	6	4	4	2	0	2	2	0	0.6666666666666666	0.6666666666666666	0.6666666666666667	0.0	0	673	3616
GCA_000002515.1_at_weighted_5k_r04	GCA_000002515.1	at_weighted	5000	4922	6	2	2	4	0	4	4	0	0.3333333333333333	0.3333333333333333	0.33333333333333337	0.0	0	684	3668
GCA_000002515.1_at_weighted_5k_r05	GCA_000002515.1	at_weighted	5000	4784	6	6	6	0	0	0	0	0	1.0	1.0	1.0	0.0	0	695	3712
GCA_000002515.1_at_weighted_5k_r06	GCA_000002515.1	at_weighted	5000	4956	6	2	2	4	0	4	4	0	0.3333333333333333	0.3333333333333333	0.33333333333333337	0.0	0	687	3707
GCA_000002515.1_at_weighted_5k_r07	GCA_000002515.1	at_weighted	5000	5105	6	4	4	2	0	2	2	0	0.6666666666666666	0.6666666666666666	0.6666666666666667	0.0	0	655	3622
GCA_000002515.1_at_weighted_5k_r08	GCA_000002515.1	at_weighted	5000	5112	6	5	5	1	0	1	1	0	0.8333333333333334	0.8333333333333334	0.8333333333333334	0.0	0	651	3527
GCA_000002515.1_at_weighted_5k_r09	GCA_000002515.1	at_weighted	5000	4962	6	4	4	2	0	2	2	0	0.6666666666666666	0.6666666666666666	0.6666666666666667	0.0	0	670	3685
GCA_000002515.1_at_weighted_5k_r10	GCA_000002515.1	at_weighted	5000	5084	6	4	4	2	0	2	2	0	0.6666666666666666	0.6666666666666666	0.6666666666666667	0.0	0	656	3644
GCA_000002515.1_uniform_1000k_r01	GCA_000002515.1	uniform	1000000	964715	6	6	6	0	0	0	0	6	1.0	1.0	1.0	1.0	0	4	39
GCA_000002515.1_uniform_1000k_r02	GCA_000002515.1	uniform	1000000	1062590	6	6	6	0	0	0	0	5	1.0	1.0	1.0	0.8333333333333334	0	4	33
GCA_000002515.1_uniform_1000k_r03	GCA_000002515.1	uniform	1000000	693514	6	6	6	0	0	0	0	6	1.0	1.0	1.0	1.0	0	6	42
GCA_000002515.1_uniform_1000k_r04	GCA_000002515.1	uniform	1000000	809849	6	6	6	0	0	0	0	5	1.0	1.0	1.0	0.8333333333333334	0	5	34
GCA_000002515.1_uniform_1000k_r05	GCA_000002515.1	uniform	1000000	1246954	6	6	6	0	0	0	0	6	1.0	1.0	1.0	1.0	0	4	35
GCA_000002515.1_uniform_1000k_r06	GCA_000002515.1	uniform	1000000	776053	6	6	6	0	0	0	0	6	1.0	1.0	1.0	1.0	0	5	37
GCA_000002515.1_uniform_1000k_r07	GCA_000002515.1	uniform	1000000	763917	6	6	6	0	0	0	0	6	1.0	1.0	1.0	1.0	0	5	39
GCA_000002515.1_uniform_1000k_r08	GCA_000002515.1	uniform	1000000	1091818	6	6	6	0	0	0	0	6	1.0	1.0	1.0	1.0	0	4	32
GCA_000002515.1_uniform_1000k_r09	GCA_000002515.1	uniform	1000000	774312	6	6	6	0	0	0	0	5	1.0	1.0	1.0	0.8333333333333334	0	6	41
GCA_000002515.1_uniform_1000k_r10	GCA_000002515.1	uniform	1000000	964740	6	6	6	0	0	0	0	6	1.0	1.0	1.0	1.0	0	4	36
GCA_000002515.1_uniform_100k_r01	GCA_000002515.1	uniform	100000	127907	6	6	6	0	0	0	0	5	1.0	1.0	1.0	0.8333333333333334	0	28	154
GCA_000002515.1_uniform_100k_r02	GCA_000002515.1	uniform	100000	86348	6	6	6	0	0	0	0	4	1.0	1.0	1.0	0.6666666666666666	0	37	202
GCA_000002515.1_uniform_100k_r03	GCA_000002515.1	uniform	100000	93032	6	6	6	0	0	0	0	4	1.0	1.0	1.0	0.6666666666666666	0	37	210
GCA_000002515.1_uniform_100k_r04	GCA_000002515.1	uniform	100000	82933	6	6	6	0	0	0	0	4	1.0	1.0	1.0	0.6666666666666666	0	41	217
GCA_000002515.1_uniform_100k_r05	GCA_000002515.1	uniform	100000	97664	6	6	6	0	0	0	0	5	1.0	1.0	1.0	0.8333333333333334	0	33	193
GCA_000002515.1_uniform_100k_r06	GCA_000002515.1	uniform	100000	121648	6	6	6	0	0	0	0	4	1.0	1.0	1.0	0.6666666666666666	0	30	196
GCA_000002515.1_uniform_100k_r07	GCA_000002515.1	uniform	100000	96386	6	6	6	0	0	0	0	5	1.0	1.0	1.0	0.8333333333333334	0	40	214
GCA_000002515.1_uniform_100k_r08	GCA_000002515.1	uniform	100000	92773	6	6	6	0	0	0	0	3	1.0	1.0	1.0	0.5	0	39	209
GCA_000002515.1_uniform_100k_r09	GCA_000002515.1	uniform	100000	91422	6	6	6	0	0	0	0	5	1.0	1.0	1.0	0.8333333333333334	0	38	204
GCA_000002515.1_uniform_100k_r10	GCA_000002515.1	uniform	100000	98426	6	6	6	0	0	0	0	5	1.0	1.0	1.0	0.8333333333333334	0	37	197
GCA_000002515.1_uniform_10k_r01	GCA_000002515.1	uniform	10000	10248	6	6	6	0	0	0	0	1	1.0	1.0	1.0	0.16666666666666666	0	331	1781
GCA_000002515.1_uniform_10k_r02	GCA_000002515.1	uniform	10000	9896	6	6	6	0	0	0	0	0	1.0	1.0	1.0	0.0	0	334	1833
GCA_000002515.1_uniform_10k_r03	GCA_000002515.1	uniform	10000	9895	6	6	6	0	0	0	0	0	1.0	1.0	1.0	0.0	0	340	1840
GCA_000002515.1_uniform_10k_r04	GCA_000002515.1	uniform	10000	10087	6	6	6	0	0	0	0	1	1.0	1.0	1.0	0.16666666666666666	0	329	1817
GCA_000002515.1_uniform_10k_r05	GCA_000002515.1	uniform	10000	10330	6	6	6	0	0	0	0	0	1.0	1.0	1.0	0.0	0	332	1855
GCA_000002515.1_uniform_10k_r06	GCA_000002515.1	uniform	10000	9528	6	6	6	0	0	0	0	0	1.0	1.0	1.0	0.0	0	349	1854
GCA_000002515.1_uniform_10k_r07	GCA_000002515.1	uniform	10000	10792	6	6	6	0	0	0	0	0	1.0	1.0	1.0	0.0	0	303	1729
GCA_000002515.1_uniform_10k_r08	GCA_000002515.1	uniform	10000	10187	6	6	6	0	0	0	0	0	1.0	1.0	1.0	0.0	0	331	1847
GCA_000002515.1_uniform_10k_r09	GCA_000002515.1	uniform	10000	10321	6	6	6	0	0	0	0	0	1.0	1.0	1.0	0.0	0	322	1786
GCA_000002515.1_uniform_10k_r10	GCA_000002515.1	uniform	10000	9434	6	6	6	0	0	0	0	0	1.0	1.0	1.0	0.0	0	355	1905
GCA_000002515.1_uniform_200k_r01	GCA_000002515.1	uniform	200000	202391	6	6	6	0	0	0	0	5	1.0	1.0	1.0	0.8333333333333334	0	18	108
GCA_000002515.1_uniform_200k_r02	GCA_000002515.1	uniform	200000	189147	6	6	6	0	0	0	0	6	1.0	1.0	1.0	1.0	0	19	107
GCA_000002515.1_uniform_200k_r03	GCA_000002515.1	uniform	200000	177670	6	6	6	0	0	0	0	6	1.0	1.0	1.0	1.0	0	17	101
GCA_000002515.1_uniform_200k_r04	GCA_000002515.1	uniform	200000	197018	6	6	6	0	0	0	0	5	1.0	1.0	1.0	0.8333333333333334	0	17	102
GCA_000002515.1_uniform_200k_r05	GCA_000002515.1	uniform	200000	193015	6	6	6	0	0	0	0	3	1.0	1.0	1.0	0.5	0	18	106
GCA_000002515.1_uniform_200k_r06	GCA_000002515.1	uniform	200000	161060	6	6	6	0	0	0	0	5	1.0	1.0	1.0	0.8333333333333334	0	20	115
GCA_000002515.1_uniform_200k_r07	GCA_000002515.1	uniform	200000	176364	6	6	6	0	0	0	0	5	1.0	1.0	1.0	0.8333333333333334	0	20	113
GCA_000002515.1_uniform_200k_r08	GCA_000002515.1	uniform	200000	167759	6	6	6	0	0	0	0	6	1.0	1.0	1.0	1.0	0	18	102
GCA_000002515.1_uniform_200k_r09	GCA_000002515.1	uniform	200000	202185	6	6	6	0	0	0	0	6	1.0	1.0	1.0	1.0	0	17	112
GCA_000002515.1_uniform_200k_r10	GCA_000002515.1	uniform	200000	210419	6	6	6	0	0	0	0	5	1.0	1.0	1.0	0.8333333333333334	0	18	117
GCA_000002515.1_uniform_20k_r01	GCA_000002515.1	uniform	20000	19228	6	6	6	0	0	0	0	2	1.0	1.0	1.0	0.3333333333333333	0	179	936
GCA_000002515.1_uniform_20k_r02	GCA_000002515.1	uniform	20000	19386	6	6	6	0	0	0	0	1	1.0	1.0	1.0	0.16666666666666666	0	176	925
GCA_000002515.1_uniform_20k_r03	GCA_000002515.1	uniform	20000	20633	6	6	6	0	0	0	0	0	1.0	1.0	1.0	0.0	0	167	927
GCA_000002515.1_uniform_20k_r04	GCA_000002515.1	uniform	20000	20075	6	6	6	0	0	0	0	1	1.0	1.0	1.0	0.16666666666666666	0	169	943
GCA_000002515.1_uniform_20k_r05	GCA_000002515.1	uniform	20000	19854	6	5	5	1	0	1	1	1	0.8333333333333334	0.8333333333333334	0.8333333333333334	0.16666666666666666	0	177	931
GCA_000002515.1_uniform_20k_r06	GCA_000002515.1	uniform	20000	19550	6	6	6	0	0	0	0	0	1.0	1.0	1.0	0.0	0	176	940
GCA_000002515.1_uniform_20k_r07	GCA_000002515.1	uniform	20000	19814	6	6	6	0	0	0	0	1	1.0	1.0	1.0	0.16666666666666666	0	168	918
GCA_000002515.1_uniform_20k_r08	GCA_000002515.1	uniform	20000	17606	6	6	6	0	0	0	0	2	1.0	1.0	1.0	0.3333333333333333	0	188	966
GCA_000002515.1_uniform_20k_r09	GCA_000002515.1	uniform	20000	20216	6	6	6	0	0	0	0	2	1.0	1.0	1.0	0.3333333333333333	0	170	899
GCA_000002515.1_uniform_20k_r10	GCA_000002515.1	uniform	20000	19532	6	6	6	0	0	0	0	0	1.0	1.0	1.0	0.0	0	170	915
GCA_000002515.1_uniform_500k_r01	GCA_000002515.1	uniform	500000	492294	6	6	6	0	0	0	0	6	1.0	1.0	1.0	1.0	0	7	53
GCA_000002515.1_uniform_500k_r02	GCA_000002515.1	uniform	500000	495569	6	6	6	0	0	0	0	6	1.0	1.0	1.0	1.0	0	6	48
GCA_000002515.1_uniform_500k_r03	GCA_000002515.1	uniform	500000	889996	6	6	6	0	0	0	0	6	1.0	1.0	1.0	1.0	0	5	47
GCA_000002515.1_uniform_500k_r04	GCA_000002515.1	uniform	500000	418932	6	6	6	0	0	0	0	6	1.0	1.0	1.0	1.0	0	9	53
GCA_000002515.1_uniform_500k_r05	GCA_000002515.1	uniform	500000	544652	6	6	6	0	0	0	0	6	1.0	1.0	1.0	1.0	0	7	49
GCA_000002515.1_uniform_500k_r06	GCA_000002515.1	uniform	500000	715711	6	6	6	0	0	0	0	5	1.0	1.0	1.0	0.8333333333333334	0	6	46
GCA_000002515.1_uniform_500k_r07	GCA_000002515.1	uniform	500000	531204	6	6	6	0	0	0	0	6	1.0	1.0	1.0	1.0	0	7	50
GCA_000002515.1_uniform_500k_r08	GCA_000002515.1	uniform	500000	552700	6	6	6	0	0	0	0	6	1.0	1.0	1.0	1.0	0	7	49
GCA_000002515.1_uniform_500k_r09	GCA_000002515.1	uniform	500000	560087	6	6	6	0	0	0	0	6	1.0	1.0	1.0	1.0	0	6	46
GCA_000002515.1_uniform_500k_r10	GCA_000002515.1	uniform	500000	494918	6	6	6	0	0	0	0	6	1.0	1.0	1.0	1.0	0	8	51
GCA_000002515.1_uniform_50k_r01	GCA_000002515.1	uniform	50000	54082	6	6	6	0	0	0	0	0	1.0	1.0	1.0	0.0	0	64	374
GCA_000002515.1_uniform_50k_r02	GCA_000002515.1	uniform	50000	57021	6	6	6	0	0	0	0	5	1.0	1.0	1.0	0.8333333333333334	0	57	332
GCA_000002515.1_uniform_50k_r03	GCA_000002515.1	uniform	50000	49083	6	6	6	0	0	0	0	3	1.0	1.0	1.0	0.5	0	69	392
GCA_000002515.1_uniform_50k_r04	GCA_000002515.1	uniform	50000	45609	6	6	6	0	0	0	0	2	1.0	1.0	1.0	0.3333333333333333	0	73	399
GCA_000002515.1_uniform_50k_r05	GCA_000002515.1	uniform	50000	49000	6	6	6	0	0	0	0	3	1.0	1.0	1.0	0.5	0	68	375
GCA_000002515.1_uniform_50k_r06	GCA_000002515.1	uniform	50000	49748	6	6	6	0	0	0	0	2	1.0	1.0	1.0	0.3333333333333333	0	65	378
GCA_000002515.1_uniform_50k_r07	GCA_000002515.1	uniform	50000	47812	6	6	6	0	0	0	0	2	1.0	1.0	1.0	0.3333333333333333	0	63	411
GCA_000002515.1_uniform_50k_r08	GCA_000002515.1	uniform	50000	49200	6	6	6	0	0	0	0	3	1.0	1.0	1.0	0.5	0	67	348
GCA_000002515.1_uniform_50k_r09	GCA_000002515.1	uniform	50000	50863	6	6	6	0	0	0	0	4	1.0	1.0	1.0	0.6666666666666666	0	68	372
GCA_000002515.1_uniform_50k_r10	GCA_000002515.1	uniform	50000	48054	6	6	6	0	0	0	0	2	1.0	1.0	1.0	0.3333333333333333	0	72	402
GCA_000002515.1_uniform_5k_r01	GCA_000002515.1	uniform	5000	4984	6	6	6	0	0	0	0	0	1.0	1.0	1.0	0.0	0	674	3645
GCA_000002515.1_uniform_5k_r02	GCA_000002515.1	uniform	5000	5093	6	5	5	1	0	1	1	0	0.8333333333333334	0.8333333333333334	0.8333333333333334	0.0	0	669	3660
GCA_000002515.1_uniform_5k_r03	GCA_000002515.1	uniform	5000	4717	6	4	4	2	0	2	2	0	0.6666666666666666	0.6666666666666666	0.6666666666666667	0.0	0	699	3668
GCA_000002515.1_uniform_5k_r04	GCA_000002515.1	uniform	5000	4830	6	5	5	1	0	1	1	0	0.8333333333333334	0.8333333333333334	0.8333333333333334	0.0	0	698	3709
GCA_000002515.1_uniform_5k_r05	GCA_000002515.1	uniform	5000	4975	6	5	5	1	0	1	1	0	0.8333333333333334	0.8333333333333334	0.8333333333333334	0.0	0	667	3658
GCA_000002515.1_uniform_5k_r06	GCA_000002515.1	uniform	5000	5048	6	5	5	1	0	1	1	0	0.8333333333333334	0.8333333333333334	0.8333333333333334	0.0	0	662	3559
GCA_000002515.1_uniform_5k_r07	GCA_000002515.1	uniform	5000	5154	6	6	6	0	0	0	0	0	1.0	1.0	1.0	0.0	0	665	3532
GCA_000002515.1_uniform_5k_r08	GCA_000002515.1	uniform	5000	4925	6	4	4	2	0	2	2	0	0.6666666666666666	0.6666666666666666	0.6666666666666667	0.0	0	682	3661
GCA_000002515.1_uniform_5k_r09	GCA_000002515.1	uniform	5000	5026	6	5	5	1	0	1	1	0	0.8333333333333334	0.8333333333333334	0.8333333333333334	0.0	0	675	3630
GCA_000002515.1_uniform_5k_r10	GCA_000002515.1	uniform	5000	5442	6	5	5	1	0	1	1	0	0.8333333333333334	0.8333333333333334	0.8333333333333334	0.0	0	627	3428
GCA_000002545.2_at_weighted_1000k_r01	GCA_000002545.2	at_weighted	1000000	957019	13	13	13	0	0	0	0	13	1.0	1.0	1.0	1.0	0	6	20
GCA_000002545.2_at_weighted_1000k_r02	GCA_000002545.2	at_weighted	1000000	992211	13	13	13	0	0	0	0	13	1.0	1.0	1.0	1.0	0	5	21
GCA_000002545.2_at_weighted_1000k_r03	GCA_000002545.2	at_weighted	1000000	927101	13	13	13	0	0	0	0	13	1.0	1.0	1.0	1.0	0	6	23
GCA_000002545.2_at_weighted_1000k_r04	GCA_000002545.2	at_weighted	1000000	832039	13	13	13	0	0	0	0	13	1.0	1.0	1.0	1.0	0	6	23
GCA_000002545.2_at_weighted_1000k_r05	GCA_000002545.2	at_weighted	1000000	836484	13	13	13	0	0	0	0	13	1.0	1.0	1.0	1.0	0	6	19
GCA_000002545.2_at_weighted_1000k_r06	GCA_000002545.2	at_weighted	1000000	1050361	13	13	13	0	0	0	0	13	1.0	1.0	1.0	1.0	0	5	21
GCA_000002545.2_at_weighted_1000k_r07	GCA_000002545.2	at_weighted	1000000	1050361	13	13	13	0	0	0	0	13	1.0	1.0	1.0	1.0	0	5	19
GCA_000002545.2_at_weighted_1000k_r08	GCA_000002545.2	at_weighted	1000000	778753	13	13	13	0	0	0	0	13	1.0	1.0	1.0	1.0	0	6	22
GCA_000002545.2_at_weighted_1000k_r09	GCA_000002545.2	at_weighted	1000000	911952	13	13	13	0	0	0	0	13	1.0	1.0	1.0	1.0	0	6	21
GCA_000002545.2_at_weighted_1000k_r10	GCA_000002545.2	at_weighted	1000000	992211	13	13	13	0	0	0	0	13	1.0	1.0	1.0	1.0	0	5	18
GCA_000002545.2_at_weighted_100k_r01	GCA_000002545.2	at_weighted	100000	89397	13	12	12	1	0	1	1	8	0.9230769230769231	0.9230769230769231	0.9230769230769231	0.6153846153846154	0	40	224
GCA_000002545.2_at_weighted_100k_r02	GCA_000002545.2	at_weighted	100000	95995	13	13	13	0	0	0	0	10	1.0	1.0	1.0	0.7692307692307693	0	39	221
GCA_000002545.2_at_weighted_100k_r03	GCA_000002545.2	at_weighted	100000	99347	13	13	13	0	0	0	0	8	1.0	1.0	1.0	0.6153846153846154	0	39	206
GCA_000002545.2_at_weighted_100k_r04	GCA_000002545.2	at_weighted	100000	104240	13	13	13	0	0	0	0	9	1.0	1.0	1.0	0.6923076923076923	0	39	201
GCA_000002545.2_at_weighted_100k_r05	GCA_000002545.2	at_weighted	100000	89111	13	13	13	0	0	0	0	12	1.0	1.0	1.0	0.9230769230769231	0	41	221
GCA_000002545.2_at_weighted_100k_r06	GCA_000002545.2	at_weighted	100000	107665	13	12	12	1	0	1	1	8	0.9230769230769231	0.9230769230769231	0.9230769230769231	0.6153846153846154	0	37	202
GCA_000002545.2_at_weighted_100k_r07	GCA_000002545.2	at_weighted	100000	103767	13	13	13	0	0	0	0	10	1.0	1.0	1.0	0.7692307692307693	0	37	207
GCA_000002545.2_at_weighted_100k_r08	GCA_000002545.2	at_weighted	100000	103439	13	13	13	0	0	0	0	6	1.0	1.0	1.0	0.46153846153846156	0	38	206
GCA_000002545.2_at_weighted_100k_r09	GCA_000002545.2	at_weighted	100000	83170	13	13	13	0	0	0	0	10	1.0	1.0	1.0	0.7692307692307693	0	45	238
GCA_000002545.2_at_weighted_100k_r10	GCA_000002545.2	at_weighted	100000	98029	13	13	13	0	0	0	0	10	1.0	1.0	1.0	0.7692307692307693	0	38	220
GCA_000002545.2_at_weighted_10k_r01	GCA_000002545.2	at_weighted	10000	10007	13	13	13	0	0	0	0	0	1.0	1.0	1.0	0.0	0	375	2103
GCA_000002545.2_at_weighted_10k_r02	GCA_000002545.2	at_weighted	10000	10432	13	12	12	1	0	1	2	0	0.9230769230769231	0.9230769230769231	0.9230769230769231	0.0	0	360	2024
GCA_000002545.2_at_weighted_10k_r03	GCA_000002545.2	at_weighted	10000	9629	13	13	13	0	0	0	0	0	1.0	1.0	1.0	0.0	0	400	2145
GCA_000002545.2_at_weighted_10k_r04	GCA_000002545.2	at_weighted	10000	10092	13	13	13	0	0	0	0	0	1.0	1.0	1.0	0.0	0	368	2068
GCA_000002545.2_at_weighted_10k_r05	GCA_000002545.2	at_weighted	10000	9712	13	13	13	0	0	0	1	0	1.0	1.0	1.0	0.0	0	385	2153
GCA_000002545.2_at_weighted_10k_r06	GCA_000002545.2	at_weighted	10000	10390	13	13	13	0	0	0	0	0	1.0	1.0	1.0	0.0	0	367	2038
GCA_000002545.2_at_weighted_10k_r07	GCA_000002545.2	at_weighted	10000	9846	13	12	12	1	0	1	1	0	0.9230769230769231	0.9230769230769231	0.9230769230769231	0.0	0	389	2121
GCA_000002545.2_at_weighted_10k_r08	GCA_000002545.2	at_weighted	10000	10306	13	13	13	0	0	0	1	0	1.0	1.0	1.0	0.0	0	373	2001
GCA_000002545.2_at_weighted_10k_r09	GCA_000002545.2	at_weighted	10000	10356	13	12	12	1	0	1	1	0	0.9230769230769231	0.9230769230769231	0.9230769230769231	0.0	0	358	2081
GCA_000002545.2_at_weighted_10k_r10	GCA_000002545.2	at_weighted	10000	10151	13	11	11	2	0	2	2	0	0.8461538461538461	0.8461538461538461	0.8461538461538461	0.0	0	375	2110
GCA_000002545.2_at_weighted_200k_r01	GCA_000002545.2	at_weighted	200000	158868	13	13	13	0	0	0	0	9	1.0	1.0	1.0	0.6923076923076923	0	23	119
GCA_000002545.2_at_weighted_200k_r02	GCA_000002545.2	at_weighted	200000	189677	13	13	13	0	0	0	0	12	1.0	1.0	1.0	0.9230769230769231	0	21	111
GCA_000002545.2_at_weighted_200k_r03	GCA_000002545.2	at_weighted	200000	194541	13	13	13	0	0	0	0	10	1.0	1.0	1.0	0.7692307692307693	0	23	117
GCA_000002545.2_at_weighted_200k_r04	GCA_000002545.2	at_weighted	200000	144356	13	13	13	0	0	0	0	8	1.0	1.0	1.0	0.6153846153846154	0	28	134
GCA_000002545.2_at_weighted_200k_r05	GCA_000002545.2	at_weighted	200000	201579	13	13	13	0	0	0	0	10	1.0	1.0	1.0	0.7692307692307693	0	22	112
GCA_000002545.2_at_weighted_200k_r06	GCA_000002545.2	at_weighted	200000	174831	13	13	13	0	0	0	0	9	1.0	1.0	1.0	0.6923076923076923	0	24	114
GCA_000002545.2_at_weighted_200k_r07	GCA_000002545.2	at_weighted	200000	175318	13	13	13	0	0	0	0	9	1.0	1.0	1.0	0.6923076923076923	0	25	121
GCA_000002545.2_at_weighted_200k_r08	GCA_000002545.2	at_weighted	200000	203456	13	13	13	0	0	0	0	13	1.0	1.0	1.0	1.0	0	19	106
GCA_000002545.2_at_weighted_200k_r09	GCA_000002545.2	at_weighted	200000	149509	13	13	13	0	0	0	0	11	1.0	1.0	1.0	0.8461538461538461	0	27	122
GCA_000002545.2_at_weighted_200k_r10	GCA_000002545.2	at_weighted	200000	187698	13	13	13	0	0	0	0	9	1.0	1.0	1.0	0.6923076923076923	0	23	115
GCA_000002545.2_at_weighted_20k_r01	GCA_000002545.2	at_weighted	20000	20170	13	13	13	0	0	0	0	0	1.0	1.0	1.0	0.0	0	186	1041
GCA_000002545.2_at_weighted_20k_r02	GCA_000002545.2	at_weighted	20000	21323	13	13	13	0	0	0	0	2	1.0	1.0	1.0	0.15384615384615385	0	176	1021
GCA_000002545.2_at_weighted_20k_r03	GCA_000002545.2	at_weighted	20000	19376	13	13	13	0	0	0	0	2	1.0	1.0	1.0	0.15384615384615385	0	198	1082
GCA_000002545.2_at_weighted_20k_r04	GCA_000002545.2	at_weighted	20000	19783	13	13	13	0	0	0	0	0	1.0	1.0	1.0	0.0	0	191	1047
GCA_000002545.2_at_weighted_20k_r05	GCA_000002545.2	at_weighted	20000	22013	13	13	13	0	0	0	0	1	1.0	1.0	1.0	0.07692307692307693	0	179	1014
GCA_000002545.2_at_weighted_20k_r06	GCA_000002545.2	at_weighted	20000	19646	13	11	11	2	0	2	3	3	0.8461538461538461	0.8461538461538461	0.8461538461538461	0.23076923076923078	0	189	1060
GCA_000002545.2_at_weighted_20k_r07	GCA_000002545.2	at_weighted	20000	19217	13	12	12	1	0	1	1	4	0.9230769230769231	0.9230769230769231	0.9230769230769231	0.3076923076923077	0	194	1034
GCA_000002545.2_at_weighted_20k_r08	GCA_000002545.2	at_weighted	20000	18992	13	12	12	1	0	1	1	3	0.9230769230769231	0.9230769230769231	0.9230769230769231	0.23076923076923078	0	194	1059
GCA_000002545.2_at_weighted_20k_r09	GCA_000002545.2	at_weighted	20000	19176	13	13	13	0	0	0	0	0	1.0	1.0	1.0	0.0	0	199	1063
GCA_000002545.2_at_weighted_20k_r10	GCA_000002545.2	at_weighted	20000	20989	13	12	12	1	0	1	2	2	0.9230769230769231	0.9230769230769231	0.9230769230769231	0.15384615384615385	0	184	1019
GCA_000002545.2_at_weighted_500k_r01	GCA_000002545.2	at_weighted	500000	650957	13	13	13	0	0	0	0	13	1.0	1.0	1.0	1.0	0	8	40
GCA_000002545.2_at_weighted_500k_r02	GCA_000002545.2	at_weighted	500000	519869	13	13	13	0	0	0	0	13	1.0	1.0	1.0	1.0	0	7	35
GCA_000002545.2_at_weighted_500k_r03	GCA_000002545.2	at_weighted	500000	505223	13	13	13	0	0	0	0	12	1.0	1.0	1.0	0.9230769230769231	0	9	43
GCA_000002545.2_at_weighted_500k_r04	GCA_000002545.2	at_weighted	500000	584596	13	13	13	0	0	0	0	12	1.0	1.0	1.0	0.9230769230769231	0	8	37
GCA_000002545.2_at_weighted_500k_r05	GCA_000002545.2	at_weighted	500000	464545	13	13	13	0	0	0	0	12	1.0	1.0	1.0	0.9230769230769231	0	9	45
GCA_000002545.2_at_weighted_500k_r06	GCA_000002545.2	at_weighted	500000	580125	13	13	13	0	0	0	0	13	1.0	1.0	1.0	1.0	0	8	33
GCA_000002545.2_at_weighted_500k_r07	GCA_000002545.2	at_weighted	500000	651701	13	13	13	0	0	0	0	13	1.0	1.0	1.0	1.0	0	7	38
GCA_000002545.2_at_weighted_500k_r08	GCA_000002545.2	at_weighted	500000	491328	13	13	13	0	0	0	0	13	1.0	1.0	1.0	1.0	0	9	46
GCA_000002545.2_at_weighted_500k_r09	GCA_000002545.2	at_weighted	500000	465841	13	13	13	0	0	0	0	12	1.0	1.0	1.0	0.9230769230769231	0	9	43
GCA_000002545.2_at_weighted_500k_r10	GCA_000002545.2	at_weighted	500000	651701	13	13	13	0	0	0	0	13	1.0	1.0	1.0	1.0	0	7	36
GCA_000002545.2_at_weighted_50k_r01	GCA_000002545.2	at_weighted	50000	50672	13	13	13	0	0	0	0	4	1.0	1.0	1.0	0.3076923076923077	0	77	414
GCA_000002545.2_at_weighted_50k_r02	GCA_000002545.2	at_weighted	50000	44787	13	12	12	1	0	1	1	7	0.9230769230769231	0.9230769230769231	0.9230769230769231	0.5384615384615384	0	84	463
GCA_000002545.2_at_weighted_50k_r03	GCA_000002545.2	at_weighted	50000	55705	13	13	13	0	0	0	0	6	1.0	1.0	1.0	0.46153846153846156	0	71	395
GCA_000002545.2_at_weighted_50k_r04	GCA_000002545.2	at_weighted	50000	51628	13	13	13	0	0	0	0	7	1.0	1.0	1.0	0.5384615384615384	0	74	419
GCA_000002545.2_at_weighted_50k_r05	GCA_000002545.2	at_weighted	50000	50010	13	13	13	0	0	0	0	6	1.0	1.0	1.0	0.46153846153846156	0	77	412
GCA_000002545.2_at_weighted_50k_r06	GCA_000002545.2	at_weighted	50000	47872	13	13	13	0	0	0	1	7	1.0	1.0	1.0	0.5384615384615384	0	84	440
GCA_000002545.2_at_weighted_50k_r07	GCA_000002545.2	at_weighted	50000	46596	13	13	13	0	0	0	0	7	1.0	1.0	1.0	0.5384615384615384	0	84	467
GCA_000002545.2_at_weighted_50k_r08	GCA_000002545.2	at_weighted	50000	52660	13	13	13	0	0	0	0	7	1.0	1.0	1.0	0.5384615384615384	0	74	411
GCA_000002545.2_at_weighted_50k_r09	GCA_000002545.2	at_weighted	50000	52739	13	12	12	1	0	1	1	7	0.9230769230769231	0.9230769230769231	0.9230769230769231	0.5384615384615384	0	72	412
GCA_000002545.2_at_weighted_50k_r10	GCA_000002545.2	at_weighted	50000	51053	13	13	13	0	0	0	0	9	1.0	1.0	1.0	0.6923076923076923	0	76	394
GCA_000002545.2_at_weighted_5k_r01	GCA_000002545.2	at_weighted	5000	5087	13	12	12	1	0	1	2	0	0.9230769230769231	0.9230769230769231	0.9230769230769231	0.0	0	766	4288
GCA_000002545.2_at_weighted_5k_r02	GCA_000002545.2	at_weighted	5000	4940	13	11	11	2	0	2	4	0	0.8461538461538461	0.8461538461538461	0.8461538461538461	0.0	0	785	4389
GCA_000002545.2_at_weighted_5k_r03	GCA_000002545.2	at_weighted	5000	4951	13	11	11	2	0	2	3	0	0.8461538461538461	0.8461538461538461	0.8461538461538461	0.0	0	783	4392
GCA_000002545.2_at_weighted_5k_r04	GCA_000002545.2	at_weighted	5000	5016	13	12	12	1	0	1	2	0	0.9230769230769231	0.9230769230769231	0.9230769230769231	0.0	0	772	4334
GCA_000002545.2_at_weighted_5k_r05	GCA_000002545.2	at_weighted	5000	4813	13	10	10	3	0	3	3	0	0.7692307692307693	0.7692307692307693	0.7692307692307692	0.0	0	774	4364
GCA_000002545.2_at_weighted_5k_r06	GCA_000002545.2	at_weighted	5000	5040	13	13	13	0	0	0	0	0	1.0	1.0	1.0	0.0	0	760	4283
GCA_000002545.2_at_weighted_5k_r07	GCA_000002545.2	at_weighted	5000	4772	13	12	12	1	0	1	2	0	0.9230769230769231	0.9230769230769231	0.9230769230769231	0.0	0	784	4349
GCA_000002545.2_at_weighted_5k_r08	GCA_000002545.2	at_weighted	5000	5060	13	10	10	3	0	3	3	0	0.7692307692307693	0.7692307692307693	0.7692307692307692	0.0	0	763	4270
GCA_000002545.2_at_weighted_5k_r09	GCA_000002545.2	at_weighted	5000	4905	13	13	13	0	0	0	0	0	1.0	1.0	1.0	0.0	0	774	4397
GCA_000002545.2_at_weighted_5k_r10	GCA_000002545.2	at_weighted	5000	4850	13	12	12	1	0	1	1	0	0.9230769230769231	0.9230769230769231	0.9230769230769231	0.0	0	786	4409
GCA_000002545.2_uniform_1000k_r01	GCA_000002545.2	uniform	1000000	927101	13	13	13	0	0	0	0	13	1.0	1.0	1.0	1.0	0	6	19
GCA_000002545.2_uniform_1000k_r02	GCA_000002545.2	uniform	1000000	992211	13	13	13	0	0	0	0	13	1.0	1.0	1.0	1.0	0	6	17
GCA_000002545.2_uniform_1000k_r03	GCA_000002545.2	uniform	1000000	927101	13	13	13	0	0	0	0	13	1.0	1.0	1.0	1.0	0	6	20
GCA_000002545.2_uniform_1000k_r04	GCA_000002545.2	uniform	1000000	927101	13	13	13	0	0	0	0	13	1.0	1.0	1.0	1.0	0	6	19
GCA_000002545.2_uniform_1000k_r05	GCA_000002545.2	uniform	1000000	1100349	13	13	13	0	0	0	0	13	1.0	1.0	1.0	1.0	0	5	17
GCA_000002545.2_uniform_1000k_r06	GCA_000002545.2	uniform	1000000	1100349	13	13	13	0	0	0	0	12	1.0	1.0	1.0	0.9230769230769231	0	5	20
GCA_000002545.2_uniform_1000k_r07	GCA_000002545.2	uniform	1000000	1021665	13	13	13	0	0	0	0	13	1.0	1.0	1.0	1.0	0	5	18
GCA_000002545.2_uniform_1000k_r08	GCA_000002545.2	uniform	1000000	992211	13	13	13	0	0	0	0	13	1.0	1.0	1.0	1.0	0	6	18
GCA_000002545.2_uniform_1000k_r09	GCA_000002545.2	uniform	1000000	1100349	13	13	13	0	0	0	0	13	1.0	1.0	1.0	1.0	0	5	20
GCA_000002545.2_uniform_1000k_r10	GCA_000002545.2	uniform	1000000	1100349	13	13	13	0	0	0	0	13	1.0	1.0	1.0	1.0	0	5	17
GCA_000002545.2_uniform_100k_r01	GCA_000002545.2	uniform	100000	123214	13	13	13	0	0	0	0	8	1.0	1.0	1.0	0.6153846153846154	0	35	205
GCA_000002545.2_uniform_100k_r02	GCA_000002545.2	uniform	100000	125509	13	13	13	0	0	0	0	11	1.0	1.0	1.0	0.8461538461538461	0	32	191
GCA_000002545.2_uniform_100k_r03	GCA_000002545.2	uniform	100000	104543	13	13	13	0	0	0	0	8	1.0	1.0	1.0	0.6153846153846154	0	37	188
GCA_000002545.2_uniform_100k_r04	GCA_000002545.2	uniform	100000	92636	13	13	13	0	0	0	0	8	1.0	1.0	1.0	0.6153846153846154	0	37	205
GCA_000002545.2_uniform_100k_r05	GCA_000002545.2	uniform	100000	95794	13	13	13	0	0	0	0	9	1.0	1.0	1.0	0.6923076923076923	0	40	208
GCA_000002545.2_uniform_100k_r06	GCA_000002545.2	uniform	100000	98614	13	13	13	0	0	0	0	11	1.0	1.0	1.0	0.8461538461538461	0	40	220
GCA_000002545.2_uniform_100k_r07	GCA_000002545.2	uniform	100000	92163	13	13	13	0	0	0	0	8	1.0	1.0	1.0	0.6153846153846154	0	36	202
GCA_000002545.2_uniform_100k_r08	GCA_000002545.2	uniform	100000	96228	13	13	13	0	0	0	0	11	1.0	1.0	1.0	0.8461538461538461	0	37	205
GCA_000002545.2_uniform_100k_r09	GCA_000002545.2	uniform	100000	119161	13	13	13	0	0	0	0	10	1.0	1.0	1.0	0.7692307692307693	0	35	187
GCA_000002545.2_uniform_100k_r10	GCA_000002545.2	uniform	100000	93074	13	13	13	0	0	0	0	9	1.0	1.0	1.0	0.6923076923076923	0	43	209
GCA_000002545.2_uniform_10k_r01	GCA_000002545.2	uniform	10000	9893	13	12	12	1	0	1	1	0	0.9230769230769231	0.9230769230769231	0.9230769230769231	0.0	0	387	2059
GCA_000002545.2_uniform_10k_r02	GCA_000002545.2	uniform	10000	10001	13	13	13	0	0	0	0	1	1.0	1.0	1.0	0.07692307692307693	0	390	2138
GCA_000002545.2_uniform_10k_r03	GCA_000002545.2	uniform	10000	10844	13	13	13	0	0	0	0	0	1.0	1.0	1.0	0.0	0	369	1992
GCA_000002545.2_uniform_10k_r04	GCA_000002545.2	uniform	10000	9887	13	13	13	0	0	0	0	0	1.0	1.0	1.0	0.0	0	380	2046
GCA_000002545.2_uniform_10k_r05	GCA_000002545.2	uniform	10000	9716	13	13	13	0	0	0	0	0	1.0	1.0	1.0	0.0	0	392	2134
GCA_000002545.2_uniform_10k_r06	GCA_000002545.2	uniform	10000	10050	13	13	13	0	0	0	0	1	1.0	1.0	1.0	0.07692307692307693	0	381	2042
GCA_000002545.2_uniform_10k_r07	GCA_000002545.2	uniform	10000	9609	13	13	13	0	0	0	0	0	1.0	1.0	1.0	0.0	0	406	2130
GCA_000002545.2_uniform_10k_r08	GCA_000002545.2	uniform	10000	9389	13	12	12	1	0	1	1	0	0.9230769230769231	0.9230769230769231	0.9230769230769231	0.0	0	395	2105
GCA_000002545.2_uniform_10k_r09	GCA_000002545.2	uniform	10000	9713	13	13	13	0	0	0	0	0	1.0	1.0	1.0	0.0	0	412	2111
GCA_000002545.2_uniform_10k_r10	GCA_000002545.2	uniform	10000	9714	13	13	13	0	0	0	0	0	1.0	1.0	1.0	0.0	0	390	2101
GCA_000002545.2_uniform_200k_r01	GCA_000002545.2	uniform	200000	228281	13	13	13	0	0	0	0	12	1.0	1.0	1.0	0.9230769230769231	0	18	114
GCA_000002545.2_uniform_200k_r02	GCA_000002545.2	uniform	200000	224422	13	13	13	0	0	0	0	11	1.0	1.0	1.0	0.8461538461538461	0	19	92
GCA_000002545.2_uniform_200k_r03	GCA_000002545.2	uniform	200000	172295	13	13	13	0	0	0	0	13	1.0	1.0	1.0	1.0	0	23	111
GCA_000002545.2_uniform_200k_r04	GCA_000002545.2	uniform	200000	223750	13	13	13	0	0	0	0	12	1.0	1.0	1.0	0.9230769230769231	0	19	110
GCA_000002545.2_uniform_200k_r05	GCA_000002545.2	uniform	200000	191985	13	13	13	0	0	0	0	10	1.0	1.0	1.0	0.7692307692307693	0	19	110
GCA_000002545.2_uniform_200k_r06	GCA_000002545.2	uniform	200000	191060	13	13	13	0	0	0	0	12	1.0	1.0	1.0	0.9230769230769231	0	18	98
GCA_000002545.2_uniform_200k_r07	GCA_000002545.2	uniform	200000	222161	13	13	13	0	0	0	0	11	1.0	1.0	1.0	0.8461538461538461	0	20	119
GCA_000002545.2_uniform_200k_r08	GCA_000002545.2	uniform	200000	175231	13	13	13	0	0	0	0	12	1.0	1.0	1.0	0.9230769230769231	0	22	113
GCA_000002545.2_uniform_200k_r09	GCA_000002545.2	uniform	200000	216738	13	13	13	0	0	0	0	11	1.0	1.0	1.0	0.8461538461538461	0	20	100
GCA_000002545.2_uniform_200k_r10	GCA_000002545.2	uniform	200000	183079	13	13	13	0	0	0	0	12	1.0	1.0	1.0	0.9230769230769231	0	21	108
GCA_000002545.2_uniform_20k_r01	GCA_000002545.2	uniform	20000	20694	13	13	13	0	0	0	0	3	1.0	1.0	1.0	0.23076923076923078	0	186	1013
GCA_000002545.2_uniform_20k_r02	GCA_000002545.2	uniform	20000	21113	13	13	13	0	0	0	0	5	1.0	1.0	1.0	0.38461538461538464	0	187	1033
GCA_000002545.2_uniform_20k_r03	GCA_000002545.2	uniform	20000	20423	13	12	12	1	0	1	1	3	0.9230769230769231	0.9230769230769231	0.9230769230769231	0.23076923076923078	0	199	1027
GCA_000002545.2_uniform_20k_r04	GCA_000002545.2	uniform	20000	19792	13	13	13	0	0	0	0	4	1.0	1.0	1.0	0.3076923076923077	0	189	1018
GCA_000002545.2_uniform_20k_r05	GCA_000002545.2	uniform	20000	18869	13	13	13	0	0	0	0	3	1.0	1.0	1.0	0.23076923076923078	0	193	1077
GCA_000002545.2_uniform_20k_r06	GCA_000002545.2	uniform	20000	19345	13	13	13	0	0	0	0	2	1.0	1.0	1.0	0.15384615384615385	0	202	1032
GCA_000002545.2_uniform_20k_r07	GCA_000002545.2	uniform	20000	18287	13	11	11	2	0	2	2	3	0.8461538461538461	0.8461538461538461	0.8461538461538461	0.23076923076923078	0	211	1121
GCA_000002545.2_uniform_20k_r08	GCA_000002545.2	uniform	20000	18712	13	12	12	1	0	1	1	0	0.9230769230769231	0.9230769230769231	0.9230769230769231	0.0	0	202	1036
GCA_000002545.2_uniform_20k_r09	GCA_000002545.2	uniform	20000	20362	13	13	13	0	0	0	0	2	1.0	1.0	1.0	0.15384615384615385	0	193	1040
GCA_000002545.2_uniform_20k_r10	GCA_000002545.2	uniform	20000	19187	13	13	13	0	0	0	0	5	1.0	1.0	1.0	0.38461538461538464	0	200	1067
GCA_000002545.2_uniform_500k_r01	GCA_000002545.2	uniform	500000	502101	13	13	13	0	0	0	0	13	1.0	1.0	1.0	1.0	0	8	36
GCA_000002545.2_uniform_500k_r02	GCA_000002545.2	uniform	500000	414950	13	13	13	0	0	0	0	10	1.0	1.0	1.0	0.7692307692307693	0	12	52
GCA_000002545.2_uniform_500k_r03	GCA_000002545.2	uniform	500000	502101	13	13	13	0	0	0	0	12	1.0	1.0	1.0	0.9230769230769231	0	10	38
GCA_000002545.2_uniform_500k_r04	GCA_000002545.2	uniform	500000	494039	13	13	13	0	0	0	0	13	1.0	1.0	1.0	1.0	0	8	42
GCA_000002545.2_uniform_500k_r05	GCA_000002545.2	uniform	500000	632512	13	13	13	0	0	0	0	13	1.0	1.0	1.0	1.0	0	7	38
GCA_000002545.2_uniform_500k_r06	GCA_000002545.2	uniform	500000	501562	13	13	13	0	0	0	0	13	1.0	1.0	1.0	1.0	0	9	42
GCA_000002545.2_uniform_500k_r07	GCA_000002545.2	uniform	500000	546988	13	13	13	0	0	0	0	12	1.0	1.0	1.0	0.9230769230769231	0	7	36
GCA_000002545.2_uniform_500k_r08	GCA_000002545.2	uniform	500000	564382	13	13	13	0	0	0	0	13	1.0	1.0	1.0	1.0	0	8	41
GCA_000002545.2_uniform_500k_r09	GCA_000002545.2	uniform	500000	560066	13	13	13	0	0	0	0	12	1.0	1.0	1.0	0.9230769230769231	0	8	38
GCA_000002545.2_uniform_500k_r10	GCA_000002545.2	uniform	500000	491328	13	13	13	0	0	0	0	13	1.0	1.0	1.0	1.0	0	7	38
GCA_000002545.2_uniform_50k_r01	GCA_000002545.2	uniform	50000	46929	13	13	13	0	0	0	0	6	1.0	1.0	1.0	0.46153846153846156	0	91	437
GCA_000002545.2_uniform_50k_r02	GCA_000002545.2	uniform	50000	54835	13	12	12	1	0	1	1	7	0.9230769230769231	0.9230769230769231	0.9230769230769231	0.5384615384615384	0	74	381
GCA_000002545.2_uniform_50k_r03	GCA_000002545.2	uniform	50000	47164	13	13	13	0	0	0	0	1	1.0	1.0	1.0	0.07692307692307693	0	82	438
GCA_000002545.2_uniform_50k_r04	GCA_000002545.2	uniform	50000	56366	13	13	13	0	0	0	0	7	1.0	1.0	1.0	0.5384615384615384	0	70	410
GCA_000002545.2_uniform_50k_r05	GCA_000002545.2	uniform	50000	48654	13	13	13	0	0	0	0	7	1.0	1.0	1.0	0.5384615384615384	0	81	417
GCA_000002545.2_uniform_50k_r06	GCA_000002545.2	uniform	50000	50628	13	13	13	0	0	0	0	10	1.0	1.0	1.0	0.7692307692307693	0	77	419
GCA_000002545.2_uniform_50k_r07	GCA_000002545.2	uniform	50000	50828	13	13	13	0	0	0	0	4	1.0	1.0	1.0	0.3076923076923077	0	72	395
GCA_000002545.2_uniform_50k_r08	GCA_000002545.2	uniform	50000	52985	13	13	13	0	0	0	0	9	1.0	1.0	1.0	0.6923076923076923	0	75	402
GCA_000002545.2_uniform_50k_r09	GCA_000002545.2	uniform	50000	48187	13	13	13	0	0	0	0	6	1.0	1.0	1.0	0.46153846153846156	0	87	436
GCA_000002545.2_uniform_50k_r10	GCA_000002545.2	uniform	50000	47193	13	13	13	0	0	0	0	9	1.0	1.0	1.0	0.6923076923076923	0	84	420
GCA_000002545.2_uniform_5k_r01	GCA_000002545.2	uniform	5000	5217	13	13	13	0	0	0	0	0	1.0	1.0	1.0	0.0	0	757	3974
GCA_000002545.2_uniform_5k_r02	GCA_000002545.2	uniform	5000	5039	13	13	13	0	0	0	1	0	1.0	1.0	1.0	0.0	0	770	4228
GCA_000002545.2_uniform_5k_r03	GCA_000002545.2	uniform	5000	5086	13	13	13	0	0	0	0	0	1.0	1.0	1.0	0.0	0	772	4041
GCA_000002545.2_uniform_5k_r04	GCA_000002545.2	uniform	5000	4814	13	12	12	1	0	1	1	0	0.9230769230769231	0.9230769230769231	0.9230769230769231	0.0	0	800	4221
GCA_000002545.2_uniform_5k_r05	GCA_000002545.2	uniform	5000	5066	13	13	13	0	0	0	0	0	1.0	1.0	1.0	0.0	0	770	4083
GCA_000002545.2_uniform_5k_r06	GCA_000002545.2	uniform	5000	4952	13	11	11	2	0	2	4	0	0.8461538461538461	0.8461538461538461	0.8461538461538461	0.0	0	781	4121
GCA_000002545.2_uniform_5k_r07	GCA_000002545.2	uniform	5000	4944	13	12	12	1	0	1	1	0	0.9230769230769231	0.9230769230769231	0.9230769230769231	0.0	0	770	4229
GCA_000002545.2_uniform_5k_r08	GCA_000002545.2	uniform	5000	5045	13	12	12	1	0	1	1	0	0.9230769230769231	0.9230769230769231	0.9230769230769231	0.0	0	772	4235
GCA_000002545.2_uniform_5k_r09	GCA_000002545.2	uniform	5000	4836	13	11	11	2	0	2	3	0	0.8461538461538461	0.8461538461538461	0.8461538461538461	0.0	0	797	4236
GCA_000002545.2_uniform_5k_r10	GCA_000002545.2	uniform	5000	4924	13	12	12	1	0	1	1	0	0.9230769230769231	0.9230769230769231	0.9230769230769231	0.0	0	781	4170
GCA_000026365.1_at_weighted_1000k_r01	GCA_000026365.1	at_weighted	1000000	1114666	7	7	7	0	0	0	0	7	1.0	1.0	1.0	1.0	0	4	13
GCA_000026365.1_at_weighted_1000k_r02	GCA_000026365.1	at_weighted	1000000	818074	7	7	7	0	0	0	0	7	1.0	1.0	1.0	1.0	0	5	19
GCA_000026365.1_at_weighted_1000k_r03	GCA_000026365.1	at_weighted	1000000	1114666	7	7	7	0	0	0	0	7	1.0	1.0	1.0	1.0	0	4	18
GCA_000026365.1_at_weighted_1000k_r04	GCA_000026365.1	at_weighted	1000000	910455	7	7	7	0	0	0	0	7	1.0	1.0	1.0	1.0	0	4	17
GCA_000026365.1_at_weighted_1000k_r05	GCA_000026365.1	at_weighted	1000000	657408	7	7	7	0	0	0	0	7	1.0	1.0	1.0	1.0	0	5	22
GCA_000026365.1_at_weighted_1000k_r06	GCA_000026365.1	at_weighted	1000000	831006	7	7	7	0	0	0	0	7	1.0	1.0	1.0	1.0	0	5	17
GCA_000026365.1_at_weighted_1000k_r07	GCA_000026365.1	at_weighted	1000000	1126043	7	7	7	0	0	0	0	7	1.0	1.0	1.0	1.0	0	4	15
GCA_000026365.1_at_weighted_1000k_r08	GCA_000026365.1	at_weighted	1000000	1085025	7	7	7	0	0	0	0	7	1.0	1.0	1.0	1.0	0	4	16
GCA_000026365.1_at_weighted_1000k_r09	GCA_000026365.1	at_weighted	1000000	1114666	7	7	7	0	0	0	0	7	1.0	1.0	1.0	1.0	0	4	16
GCA_000026365.1_at_weighted_1000k_r10	GCA_000026365.1	at_weighted	1000000	861006	7	7	7	0	0	0	0	7	1.0	1.0	1.0	1.0	0	5	19
GCA_000026365.1_at_weighted_100k_r01	GCA_000026365.1	at_weighted	100000	89868	7	7	7	0	0	0	0	3	1.0	1.0	1.0	0.42857142857142855	0	35	181
GCA_000026365.1_at_weighted_100k_r02	GCA_000026365.1	at_weighted	100000	89627	7	7	7	0	0	0	0	4	1.0	1.0	1.0	0.5714285714285714	0	37	184
GCA_000026365.1_at_weighted_100k_r03	GCA_000026365.1	at_weighted	100000	89942	7	7	7	0	0	0	0	7	1.0	1.0	1.0	1.0	0	32	177
GCA_000026365.1_at_weighted_100k_r04	GCA_000026365.1	at_weighted	100000	85271	7	7	7	0	0	0	0	3	1.0	1.0	1.0	0.42857142857142855	0	38	184
GCA_000026365.1_at_weighted_100k_r05	GCA_000026365.1	at_weighted	100000	99903	7	7	7	0	0	0	0	5	1.0	1.0	1.0	0.7142857142857143	0	31	170
GCA_000026365.1_at_weighted_100k_r06	GCA_000026365.1	at_weighted	100000	96043	7	7	7	0	0	0	0	4	1.0	1.0	1.0	0.5714285714285714	0	36	191
GCA_000026365.1_at_weighted_100k_r07	GCA_000026365.1	at_weighted	100000	82280	7	7	7	0	0	0	1	4	1.0	1.0	1.0	0.5714285714285714	0	35	185
GCA_000026365.1_at_weighted_100k_r08	GCA_000026365.1	at_weighted	100000	114926	7	7	7	0	0	0	0	6	1.0	1.0	1.0	0.8571428571428571	0	26	152
GCA_000026365.1_at_weighted_100k_r09	GCA_000026365.1	at_weighted	100000	104889	7	6	6	1	0	1	1	5	0.8571428571428571	0.8571428571428571	0.8571428571428572	0.7142857142857143	0	34	163
GCA_000026365.1_at_weighted_100k_r10	GCA_000026365.1	at_weighted	100000	113093	7	7	7	0	0	0	0	7	1.0	1.0	1.0	1.0	0	29	162
GCA_000026365.1_at_weighted_10k_r01	GCA_000026365.1	at_weighted	10000	9410	7	7	7	0	0	0	0	0	1.0	1.0	1.0	0.0	0	328	1683
GCA_000026365.1_at_weighted_10k_r02	GCA_000026365.1	at_weighted	10000	9671	7	4	4	3	0	3	3	0	0.5714285714285714	0.5714285714285714	0.5714285714285714	0.0	0	317	1677
GCA_000026365.1_at_weighted_10k_r03	GCA_000026365.1	at_weighted	10000	9468	7	7	7	0	0	0	0	1	1.0	1.0	1.0	0.14285714285714285	0	314	1676
GCA_000026365.1_at_weighted_10k_r04	GCA_000026365.1	at_weighted	10000	10258	7	6	6	1	0	1	1	2	0.8571428571428571	0.8571428571428571	0.8571428571428572	0.2857142857142857	0	305	1677
GCA_000026365.1_at_weighted_10k_r05	GCA_000026365.1	at_weighted	10000	10493	7	7	7	0	0	0	0	0	1.0	1.0	1.0	0.0	0	298	1601
GCA_000026365.1_at_weighted_10k_r06	GCA_000026365.1	at_weighted	10000	9689	7	7	7	0	0	0	0	0	1.0	1.0	1.0	0.0	0	318	1673
GCA_000026365.1_at_weighted_10k_r07	GCA_000026365.1	at_weighted	10000	10530	7	7	7	0	0	0	0	0	1.0	1.0	1.0	0.0	0	282	1618
GCA_000026365.1_at_weighted_10k_r08	GCA_000026365.1	at_weighted	10000	10165	7	7	7	0	0	0	0	0	1.0	1.0	1.0	0.0	0	295	1634
GCA_000026365.1_at_weighted_10k_r09	GCA_000026365.1	at_weighted	10000	9586	7	7	7	0	0	0	0	0	1.0	1.0	1.0	0.0	0	316	1707
GCA_000026365.1_at_weighted_10k_r10	GCA_000026365.1	at_weighted	10000	9148	7	7	7	0	0	0	0	0	1.0	1.0	1.0	0.0	0	327	1738
GCA_000026365.1_at_weighted_200k_r01	GCA_000026365.1	at_weighted	200000	212651	7	7	7	0	0	0	0	7	1.0	1.0	1.0	1.0	0	17	97
GCA_000026365.1_at_weighted_200k_r02	GCA_000026365.1	at_weighted	200000	199123	7	7	7	0	0	0	0	6	1.0	1.0	1.0	0.8571428571428571	0	16	84
GCA_000026365.1_at_weighted_200k_r03	GCA_000026365.1	at_weighted	200000	170230	7	7	7	0	0	0	0	6	1.0	1.0	1.0	0.8571428571428571	0	18	86
GCA_000026365.1_at_weighted_200k_r04	GCA_000026365.1	at_weighted	200000	252938	7	7	7	0	0	0	0	7	1.0	1.0	1.0	1.0	0	12	87
GCA_000026365.1_at_weighted_200k_r05	GCA_000026365.1	at_weighted	200000	230518	7	7	7	0	0	0	0	5	1.0	1.0	1.0	0.7142857142857143	0	14	75
GCA_000026365.1_at_weighted_200k_r06	GCA_000026365.1	at_weighted	200000	158100	7	7	7	0	0	0	0	7	1.0	1.0	1.0	1.0	0	16	85
GCA_000026365.1_at_weighted_200k_r07	GCA_000026365.1	at_weighted	200000	234357	7	7	7	0	0	0	0	7	1.0	1.0	1.0	1.0	0	14	81
GCA_000026365.1_at_weighted_200k_r08	GCA_000026365.1	at_weighted	200000	143514	7	7	7	0	0	0	0	6	1.0	1.0	1.0	0.8571428571428571	0	20	100
GCA_000026365.1_at_weighted_200k_r09	GCA_000026365.1	at_weighted	200000	213086	7	7	7	0	0	0	0	5	1.0	1.0	1.0	0.7142857142857143	0	15	79
GCA_000026365.1_at_weighted_200k_r10	GCA_000026365.1	at_weighted	200000	241599	7	7	7	0	0	0	0	6	1.0	1.0	1.0	0.8571428571428571	0	14	80
GCA_000026365.1_at_weighted_20k_r01	GCA_000026365.1	at_weighted	20000	19075	7	7	7	0	0	0	0	0	1.0	1.0	1.0	0.0	0	154	851
GCA_000026365.1_at_weighted_20k_r02	GCA_000026365.1	at_weighted	20000	21465	7	7	7	0	0	0	0	1	1.0	1.0	1.0	0.14285714285714285	0	143	795
GCA_000026365.1_at_weighted_20k_r03	GCA_000026365.1	at_weighted	20000	20602	7	7	7	0	0	0	0	1	1.0	1.0	1.0	0.14285714285714285	0	151	838
GCA_000026365.1_at_weighted_20k_r04	GCA_000026365.1	at_weighted	20000	20346	7	6	6	1	0	1	1	2	0.8571428571428571	0.8571428571428571	0.8571428571428572	0.2857142857142857	0	144	819
GCA_000026365.1_at_weighted_20k_r05	GCA_000026365.1	at_weighted	20000	20356	7	6	6	1	0	1	1	1	0.8571428571428571	0.8571428571428571	0.8571428571428572	0.14285714285714285	0	155	813
GCA_000026365.1_at_weighted_20k_r06	GCA_000026365.1	at_weighted	20000	20160	7	6	6	1	0	1	1	0	0.8571428571428571	0.8571428571428571	0.8571428571428572	0.0	0	154	785
GCA_000026365.1_at_weighted_20k_r07	GCA_000026365.1	at_weighted	20000	21345	7	6	6	1	0	1	1	3	0.8571428571428571	0.8571428571428571	0.8571428571428572	0.42857142857142855	0	148	794
GCA_000026365.1_at_weighted_20k_r08	GCA_000026365.1	at_weighted	20000	20606	7	7	7	0	0	0	0	0	1.0	1.0	1.0	0.0	0	149	776
GCA_000026365.1_at_weighted_20k_r09	GCA_000026365.1	at_weighted	20000	20371	7	7	7	0	0	0	1	0	1.0	1.0	1.0	0.0	0	151	823
GCA_000026365.1_at_weighted_20k_r10	GCA_000026365.1	at_weighted	20000	19742	7	6	6	1	0	1	2	1	0.8571428571428571	0.8571428571428571	0.8571428571428572	0.14285714285714285	0	165	842
GCA_000026365.1_at_weighted_500k_r01	GCA_000026365.1	at_weighted	500000	465792	7	7	7	0	0	0	0	7	1.0	1.0	1.0	1.0	0	8	32
GCA_000026365.1_at_weighted_500k_r02	GCA_000026365.1	at_weighted	500000	537679	7	7	7	0	0	0	0	7	1.0	1.0	1.0	1.0	0	6	30
GCA_000026365.1_at_weighted_500k_r03	GCA_000026365.1	at_weighted	500000	486297	7	7	7	0	0	0	0	7	1.0	1.0	1.0	1.0	0	7	34
GCA_000026365.1_at_weighted_500k_r04	GCA_000026365.1	at_weighted	500000	611254	7	7	7	0	0	0	0	6	1.0	1.0	1.0	0.8571428571428571	0	6	26
GCA_000026365.1_at_weighted_500k_r05	GCA_000026365.1	at_weighted	500000	614231	7	7	7	0	0	0	0	7	1.0	1.0	1.0	1.0	0	6	29
GCA_000026365.1_at_weighted_500k_r06	GCA_000026365.1	at_weighted	500000	407950	7	7	7	0	0	0	0	7	1.0	1.0	1.0	1.0	0	9	33
GCA_000026365.1_at_weighted_500k_r07	GCA_000026365.1	at_weighted	500000	538404	7	7	7	0	0	0	0	7	1.0	1.0	1.0	1.0	0	6	28
GCA_000026365.1_at_weighted_500k_r08	GCA_000026365.1	at_weighted	500000	475085	7	7	7	0	0	0	0	7	1.0	1.0	1.0	1.0	0	8	37
GCA_000026365.1_at_weighted_500k_r09	GCA_000026365.1	at_weighted	500000	716062	7	7	7	0	0	0	0	7	1.0	1.0	1.0	1.0	0	6	40
GCA_000026365.1_at_weighted_500k_r10	GCA_000026365.1	at_weighted	500000	444398	7	7	7	0	0	0	0	5	1.0	1.0	1.0	0.7142857142857143	0	7	30
GCA_000026365.1_at_weighted_50k_r01	GCA_000026365.1	at_weighted	50000	51532	7	7	7	0	0	0	0	6	1.0	1.0	1.0	0.8571428571428571	0	62	305
GCA_000026365.1_at_weighted_50k_r02	GCA_000026365.1	at_weighted	50000	44700	7	7	7	0	0	0	0	4	1.0	1.0	1.0	0.5714285714285714	0	62	337
GCA_000026365.1_at_weighted_50k_r03	GCA_000026365.1	at_weighted	50000	55990	7	7	7	0	0	0	0	3	1.0	1.0	1.0	0.42857142857142855	0	57	319
GCA_000026365.1_at_weighted_50k_r04	GCA_000026365.1	at_weighted	50000	43174	7	7	7	0	0	0	0	2	1.0	1.0	1.0	0.2857142857142857	0	73	349
GCA_000026365.1_at_weighted_50k_r05	GCA_000026365.1	at_weighted	50000	51344	7	7	7	0	0	0	0	4	1.0	1.0	1.0	0.5714285714285714	0	61	318
GCA_000026365.1_at_weighted_50k_r06	GCA_000026365.1	at_weighted	50000	49567	7	7	7	0	0	0	0	5	1.0	1.0	1.0	0.7142857142857143	0	65	337
GCA_000026365.1_at_weighted_50k_r07	GCA_000026365.1	at_weighted	50000	47823	7	7	7	0	0	0	0	3	1.0	1.0	1.0	0.42857142857142855	0	60	315
GCA_000026365.1_at_weighted_50k_r08	GCA_000026365.1	at_weighted	50000	51928	7	6	6	1	0	1	1	2	0.8571428571428571	0.8571428571428571	0.8571428571428572	0.2857142857142857	0	63	320
GCA_000026365.1_at_weighted_50k_r09	GCA_000026365.1	at_weighted	50000	47410	7	7	7	0	0	0	0	3	1.0	1.0	1.0	0.42857142857142855	0	66	334
GCA_000026365.1_at_weighted_50k_r10	GCA_000026365.1	at_weighted	50000	52485	7	7	7	0	0	0	0	3	1.0	1.0	1.0	0.42857142857142855	0	58	325
GCA_000026365.1_at_weighted_5k_r01	GCA_000026365.1	at_weighted	5000	5157	7	6	6	1	0	1	1	0	0.8571428571428571	0.8571428571428571	0.8571428571428572	0.0	0	592	3246
GCA_000026365.1_at_weighted_5k_r02	GCA_000026365.1	at_weighted	5000	5145	7	7	7	0	0	0	1	0	1.0	1.0	1.0	0.0	0	590	3323
GCA_000026365.1_at_weighted_5k_r03	GCA_000026365.1	at_weighted	5000	5062	7	6	6	1	0	1	1	0	0.8571428571428571	0.8571428571428571	0.8571428571428572	0.0	0	609	3309
GCA_000026365.1_at_weighted_5k_r04	GCA_000026365.1	at_weighted	5000	5156	7	6	6	1	0	1	1	0	0.8571428571428571	0.8571428571428571	0.8571428571428572	0.0	0	588	3239
GCA_000026365.1_at_weighted_5k_r05	GCA_000026365.1	at_weighted	5000	5047	7	7	7	0	0	0	1	0	1.0	1.0	1.0	0.0	0	616	3345
GCA_000026365.1_at_weighted_5k_r06	GCA_000026365.1	at_weighted	5000	5028	7	6	6	1	0	1	1	0	0.8571428571428571	0.8571428571428571	0.8571428571428572	0.0	0	595	3249
GCA_000026365.1_at_weighted_5k_r07	GCA_000026365.1	at_weighted	5000	5126	7	6	6	1	0	1	1	0	0.8571428571428571	0.8571428571428571	0.8571428571428572	0.0	0	602	3241
GCA_000026365.1_at_weighted_5k_r08	GCA_000026365.1	at_weighted	5000	4836	7	7	7	0	0	0	0	0	1.0	1.0	1.0	0.0	0	648	3346
GCA_000026365.1_at_weighted_5k_r09	GCA_000026365.1	at_weighted	5000	5089	7	7	7	0	0	0	0	0	1.0	1.0	1.0	0.0	0	617	3215
GCA_000026365.1_at_weighted_5k_r10	GCA_000026365.1	at_weighted	5000	5065	7	7	7	0	0	0	0	0	1.0	1.0	1.0	0.0	0	603	3266
GCA_000026365.1_uniform_1000k_r01	GCA_000026365.1	uniform	1000000	818074	7	7	7	0	0	0	0	7	1.0	1.0	1.0	1.0	0	5	18
GCA_000026365.1_uniform_1000k_r02	GCA_000026365.1	uniform	1000000	899683	7	7	7	0	0	0	0	7	1.0	1.0	1.0	1.0	0	5	20
GCA_000026365.1_uniform_1000k_r03	GCA_000026365.1	uniform	1000000	991600	7	7	7	0	0	0	0	7	1.0	1.0	1.0	1.0	0	4	16
GCA_000026365.1_uniform_1000k_r04	GCA_000026365.1	uniform	1000000	1125211	7	7	7	0	0	0	0	7	1.0	1.0	1.0	1.0	0	4	18
GCA_000026365.1_uniform_1000k_r05	GCA_000026365.1	uniform	1000000	818074	7	7	7	0	0	0	0	7	1.0	1.0	1.0	1.0	0	5	18
GCA_000026365.1_uniform_1000k_r06	GCA_000026365.1	uniform	1000000	927396	7	7	7	0	0	0	0	7	1.0	1.0	1.0	1.0	0	5	15
GCA_000026365.1_uniform_1000k_r07	GCA_000026365.1	uniform	1000000	867823	7	7	7	0	0	0	0	7	1.0	1.0	1.0	1.0	0	5	18
GCA_000026365.1_uniform_1000k_r08	GCA_000026365.1	uniform	1000000	718654	7	7	7	0	0	0	0	7	1.0	1.0	1.0	1.0	0	5	24
GCA_000026365.1_uniform_1000k_r09	GCA_000026365.1	uniform	1000000	792700	7	7	7	0	0	0	0	6	1.0	1.0	1.0	0.8571428571428571	0	5	21
GCA_000026365.1_uniform_1000k_r10	GCA_000026365.1	uniform	1000000	723066	7	7	7	0	0	0	0	7	1.0	1.0	1.0	1.0	0	5	20
GCA_000026365.1_uniform_100k_r01	GCA_000026365.1	uniform	100000	111530	7	7	7	0	0	0	0	4	1.0	1.0	1.0	0.5714285714285714	0	26	158
GCA_000026365.1_uniform_100k_r02	GCA_000026365.1	uniform	100000	114769	7	7	7	0	0	0	0	4	1.0	1.0	1.0	0.5714285714285714	0	26	146
GCA_000026365.1_uniform_100k_r03	GCA_000026365.1	uniform	100000	93156	7	7	7	0	0	0	0	6	1.0	1.0	1.0	0.8571428571428571	0	32	168
GCA_000026365.1_uniform_100k_r04	GCA_000026365.1	uniform	100000	91720	7	6	6	1	0	1	1	3	0.8571428571428571	0.8571428571428571	0.8571428571428572	0.42857142857142855	0	35	175
GCA_000026365.1_uniform_100k_r05	GCA_000026365.1	uniform	100000	88434	7	7	7	0	0	0	0	5	1.0	1.0	1.0	0.7142857142857143	0	37	180
GCA_000026365.1_uniform_100k_r06	GCA_000026365.1	uniform	100000	94183	7	7	7	0	0	0	0	4	1.0	1.0	1.0	0.5714285714285714	0	36	157
GCA_000026365.1_uniform_100k_r07	GCA_000026365.1	uniform	100000	118345	7	7	7	0	0	0	0	3	1.0	1.0	1.0	0.42857142857142855	0	27	148
GCA_000026365.1_uniform_100k_r08	GCA_000026365.1	uniform	100000	88448	7	7	7	0	0	0	0	5	1.0	1.0	1.0	0.7142857142857143	0	40	183
GCA_000026365.1_uniform_100k_r09	GCA_000026365.1	uniform	100000	117512	7	7	7	0	0	0	0	4	1.0	1.0	1.0	0.5714285714285714	0	27	161
GCA_000026365.1_uniform_100k_r10	GCA_000026365.1	uniform	100000	103667	7	7	7	0	0	0	0	6	1.0	1.0	1.0	0.8571428571428571	0	34	172
GCA_000026365.1_uniform_10k_r01	GCA_000026365.1	uniform	10000	9616	7	7	7	0	0	0	0	0	1.0	1.0	1.0	0.0	0	314	1671
GCA_000026365.1_uniform_10k_r02	GCA_000026365.1	uniform	10000	9826	7	6	6	1	0	1	1	0	0.8571428571428571	0.8571428571428571	0.8571428571428572	0.0	0	316	1657
GCA_000026365.1_uniform_10k_r03	GCA_000026365.1	uniform	10000	9529	7	6	6	1	0	1	1	0	0.8571428571428571	0.8571428571428571	0.8571428571428572	0.0	0	310	1679
GCA_000026365.1_uniform_10k_r04	GCA_000026365.1	uniform	10000	9821	7	6	6	1	0	1	1	0	0.8571428571428571	0.8571428571428571	0.8571428571428572	0.0	0	317	1654
GCA_000026365.1_uniform_10k_r05	GCA_000026365.1	uniform	10000	9840	7	7	7	0	0	0	0	1	1.0	1.0	1.0	0.14285714285714285	0	311	1662
GCA_000026365.1_uniform_10k_r06	GCA_000026365.1	uniform	10000	10302	7	7	7	0	0	0	0	0	1.0	1.0	1.0	0.0	0	305	1638
GCA_000026365.1_uniform_10k_r07	GCA_000026365.1	uniform	10000	10109	7	7	7	0	0	0	0	0	1.0	1.0	1.0	0.0	0	312	1642
GCA_000026365.1_uniform_10k_r08	GCA_000026365.1	uniform	10000	9941	7	7	7	0	0	0	0	0	1.0	1.0	1.0	0.0	0	300	1641
GCA_000026365.1_uniform_10k_r09	GCA_000026365.1	uniform	10000	9922	7	7	7	0	0	0	0	0	1.0	1.0	1.0	0.0	0	307	1612
GCA_000026365.1_uniform_10k_r10	GCA_000026365.1	uniform	10000	9930	7	7	7	0	0	0	0	1	1.0	1.0	1.0	0.14285714285714285	0	316	1649
GCA_000026365.1_uniform_200k_r01	GCA_000026365.1	uniform	200000	252455	7	7	7	0	0	0	0	6	1.0	1.0	1.0	0.8571428571428571	0	13	70
GCA_000026365.1_uniform_200k_r02	GCA_000026365.1	uniform	200000	179598	7	7	7	0	0	0	0	6	1.0	1.0	1.0	0.8571428571428571	0	17	96
GCA_000026365.1_uniform_200k_r03	GCA_000026365.1	uniform	200000	266677	7	7	7	0	0	0	0	6	1.0	1.0	1.0	0.8571428571428571	0	13	68
GCA_000026365.1_uniform_200k_r04	GCA_000026365.1	uniform	200000	209314	7	7	7	0	0	0	0	5	1.0	1.0	1.0	0.7142857142857143	0	14	82
GCA_000026365.1_uniform_200k_r05	GCA_000026365.1	uniform	200000	186423	7	7	7	0	0	0	0	7	1.0	1.0	1.0	1.0	0	18	86
GCA_000026365.1_uniform_200k_r06	GCA_000026365.1	uniform	200000	256310	7	7	7	0	0	0	0	7	1.0	1.0	1.0	1.0	0	13	74
GCA_000026365.1_uniform_200k_r07	GCA_000026365.1	uniform	200000	154336	7	7	7	0	0	0	0	6	1.0	1.0	1.0	0.8571428571428571	0	19	85
GCA_000026365.1_uniform_200k_r08	GCA_000026365.1	uniform	200000	168793	7	7	7	0	0	0	0	6	1.0	1.0	1.0	0.8571428571428571	0	19	86
GCA_000026365.1_uniform_200k_r09	GCA_000026365.1	uniform	200000	227384	7	7	7	0	0	0	0	6	1.0	1.0	1.0	0.8571428571428571	0	15	74
GCA_000026365.1_uniform_200k_r10	GCA_000026365.1	uniform	200000	204107	7	7	7	0	0	0	0	7	1.0	1.0	1.0	1.0	0	15	74
GCA_000026365.1_uniform_20k_r01	GCA_000026365.1	uniform	20000	17887	7	7	7	0	0	0	0	1	1.0	1.0	1.0	0.14285714285714285	0	178	884
GCA_000026365.1_uniform_20k_r02	GCA_000026365.1	uniform	20000	19885	7	7	7	0	0	0	0	1	1.0	1.0	1.0	0.14285714285714285	0	149	825
GCA_000026365.1_uniform_20k_r03	GCA_000026365.1	uniform	20000	18932	7	7	7	0	0	0	0	1	1.0	1.0	1.0	0.14285714285714285	0	156	838
GCA_000026365.1_uniform_20k_r04	GCA_000026365.1	uniform	20000	19117	7	7	7	0	0	0	0	2	1.0	1.0	1.0	0.2857142857142857	0	160	855
GCA_000026365.1_uniform_20k_r05	GCA_000026365.1	uniform	20000	18881	7	7	7	0	0	0	0	1	1.0	1.0	1.0	0.14285714285714285	0	161	828
GCA_000026365.1_uniform_20k_r06	GCA_000026365.1	uniform	20000	20284	7	7	7	0	0	0	0	2	1.0	1.0	1.0	0.2857142857142857	0	152	818
GCA_000026365.1_uniform_20k_r07	GCA_000026365.1	uniform	20000	19554	7	7	7	0	0	0	0	1	1.0	1.0	1.0	0.14285714285714285	0	155	815
GCA_000026365.1_uniform_20k_r08	GCA_000026365.1	uniform	20000	21205	7	7	7	0	0	0	0	1	1.0	1.0	1.0	0.14285714285714285	0	148	829
GCA_000026365.1_uniform_20k_r09	GCA_000026365.1	uniform	20000	19009	7	7	7	0	0	0	0	1	1.0	1.0	1.0	0.14285714285714285	0	158	829
GCA_000026365.1_uniform_20k_r10	GCA_000026365.1	uniform	20000	19263	7	6	6	1	0	1	1	0	0.8571428571428571	0.8571428571428571	0.8571428571428572	0.0	0	157	872
GCA_000026365.1_uniform_500k_r01	GCA_000026365.1	uniform	500000	447443	7	7	7	0	0	0	0	7	1.0	1.0	1.0	1.0	0	8	37
GCA_000026365.1_uniform_500k_r02	GCA_000026365.1	uniform	500000	373370	7	7	7	0	0	0	0	6	1.0	1.0	1.0	0.8571428571428571	0	8	45
GCA_000026365.1_uniform_500k_r03	GCA_000026365.1	uniform	500000	511546	7	7	7	0	0	0	0	7	1.0	1.0	1.0	1.0	0	6	34
GCA_000026365.1_uniform_500k_r04	GCA_000026365.1	uniform	500000	400997	7	7	7	0	0	0	0	6	1.0	1.0	1.0	0.8571428571428571	0	8	39
GCA_000026365.1_uniform_500k_r05	GCA_000026365.1	uniform	500000	559280	7	7	7	0	0	0	0	7	1.0	1.0	1.0	1.0	0	6	35
GCA_000026365.1_uniform_500k_r06	GCA_000026365.1	uniform	500000	475777	7	7	7	0	0	0	0	7	1.0	1.0	1.0	1.0	0	8	31
GCA_000026365.1_uniform_500k_r07	GCA_000026365.1	uniform	500000	337229	7	7	7	0	0	0	0	7	1.0	1.0	1.0	1.0	0	9	46
GCA_000026365.1_uniform_500k_r08	GCA_000026365.1	uniform	500000	506878	7	7	7	0	0	0	0	7	1.0	1.0	1.0	1.0	0	7	37
GCA_000026365.1_uniform_500k_r09	GCA_000026365.1	uniform	500000	474308	7	7	7	0	0	0	0	7	1.0	1.0	1.0	1.0	0	8	35
GCA_000026365.1_uniform_500k_r10	GCA_000026365.1	uniform	500000	396505	7	7	7	0	0	0	0	6	1.0	1.0	1.0	0.8571428571428571	0	8	39
GCA_000026365.1_uniform_50k_r01	GCA_000026365.1	uniform	50000	47455	7	7	7	0	0	0	0	4	1.0	1.0	1.0	0.5714285714285714	0	64	332
GCA_000026365.1_uniform_50k_r02	GCA_000026365.1	uniform	50000	48587	7	7	7	0	0	0	0	4	1.0	1.0	1.0	0.5714285714285714	0	64	358
GCA_000026365.1_uniform_50k_r03	GCA_000026365.1	uniform	50000	51357	7	7	7	0	0	0	0	3	1.0	1.0	1.0	0.42857142857142855	0	68	336
GCA_000026365.1_uniform_50k_r04	GCA_000026365.1	uniform	50000	49171	7	7	7	0	0	0	0	3	1.0	1.0	1.0	0.42857142857142855	0	65	351
GCA_000026365.1_uniform_50k_r05	GCA_000026365.1	uniform	50000	45971	7	7	7	0	0	0	0	6	1.0	1.0	1.0	0.8571428571428571	0	70	358
GCA_000026365.1_uniform_50k_r06	GCA_000026365.1	uniform	50000	48841	7	7	7	0	0	0	0	4	1.0	1.0	1.0	0.5714285714285714	0	65	325
GCA_000026365.1_uniform_50k_r07	GCA_000026365.1	uniform	50000	42464	7	7	7	0	0	0	0	4	1.0	1.0	1.0	0.5714285714285714	0	72	359
GCA_000026365.1_uniform_50k_r08	GCA_000026365.1	uniform	50000	48806	7	7	7	0	0	0	0	3	1.0	1.0	1.0	0.42857142857142855	0	57	323
GCA_000026365.1_uniform_50k_r09	GCA_000026365.1	uniform	50000	47153	7	6	6	1	0	1	1	3	0.8571428571428571	0.8571428571428571	0.8571428571428572	0.42857142857142855	0	68	343
GCA_000026365.1_uniform_50k_r10	GCA_000026365.1	uniform	50000	49053	7	7	7	0	0	0	0	2	1.0	1.0	1.0	0.2857142857142857	0	63	329
GCA_000026365.1_uniform_5k_r01	GCA_000026365.1	uniform	5000	4878	7	7	7	0	0	0	0	0	1.0	1.0	1.0	0.0	0	607	3242
GCA_000026365.1_uniform_5k_r02	GCA_000026365.1	uniform	5000	4945	7	7	7	0	0	0	0	0	1.0	1.0	1.0	0.0	0	611	3293
GCA_000026365.1_uniform_5k_r03	GCA_000026365.1	uniform	5000	4957	7	7	7	0	0	0	0	0	1.0	1.0	1.0	0.0	0	621	3368
GCA_000026365.1_uniform_5k_r04	GCA_000026365.1	uniform	5000	5038	7	5	5	2	0	2	2	0	0.7142857142857143	0.7142857142857143	0.7142857142857143	0.0	0	615	3254
GCA_000026365.1_uniform_5k_r05	GCA_000026365.1	uniform	5000	5063	7	7	7	0	0	0	0	0	1.0	1.0	1.0	0.0	0	612	3218
GCA_000026365.1_uniform_5k_r06	GCA_000026365.1	uniform	5000	5099	7	6	6	1	0	1	1	0	0.8571428571428571	0.8571428571428571	0.8571428571428572	0.0	0	605	3247
GCA_000026365.1_uniform_5k_r07	GCA_000026365.1	uniform	5000	4755	7	6	6	1	0	1	1	0	0.8571428571428571	0.8571428571428571	0.8571428571428572	0.0	0	637	3320
GCA_000026365.1_uniform_5k_r08	GCA_000026365.1	uniform	5000	4842	7	6	6	1	0	1	1	0	0.8571428571428571	0.8571428571428571	0.8571428571428572	0.0	0	623	3351
GCA_000026365.1_uniform_5k_r09	GCA_000026365.1	uniform	5000	4900	7	7	7	0	0	0	0	0	1.0	1.0	1.0	0.0	0	628	3306
GCA_000026365.1_uniform_5k_r10	GCA_000026365.1	uniform	5000	4888	7	7	7	0	0	0	1	0	1.0	1.0	1.0	0.0	0	635	3424
GCA_000091025.4_at_weighted_1000k_r01	GCA_000091025.4	at_weighted	1000000	907494	7	7	7	0	0	0	0	7	1.0	1.0	1.0	1.0	0	5	16
GCA_000091025.4_at_weighted_1000k_r02	GCA_000091025.4	at_weighted	1000000	815525	7	7	7	0	0	0	0	7	1.0	1.0	1.0	1.0	0	5	18
GCA_000091025.4_at_weighted_1000k_r03	GCA_000091025.4	at_weighted	1000000	907494	7	7	7	0	0	0	0	7	1.0	1.0	1.0	1.0	0	4	14
GCA_000091025.4_at_weighted_1000k_r04	GCA_000091025.4	at_weighted	1000000	882112	7	7	7	0	0	0	0	7	1.0	1.0	1.0	1.0	0	4	17
GCA_000091025.4_at_weighted_1000k_r05	GCA_000091025.4	at_weighted	1000000	1047034	7	7	7	0	0	0	0	6	1.0	1.0	1.0	0.8571428571428571	0	4	17
GCA_000091025.4_at_weighted_1000k_r06	GCA_000091025.4	at_weighted	1000000	1296288	7	7	7	0	0	0	0	7	1.0	1.0	1.0	1.0	0	4	12
GCA_000091025.4_at_weighted_1000k_r07	GCA_000091025.4	at_weighted	1000000	1018036	7	7	7	0	0	0	0	7	1.0	1.0	1.0	1.0	0	4	15
GCA_000091025.4_at_weighted_1000k_r08	GCA_000091025.4	at_weighted	1000000	1467287	7	7	7	0	0	0	0	7	1.0	1.0	1.0	1.0	0	3	13
GCA_000091025.4_at_weighted_1000k_r09	GCA_000091025.4	at_weighted	1000000	722196	7	7	7	0	0	0	0	7	1.0	1.0	1.0	1.0	0	5	19
GCA_000091025.4_at_weighted_1000k_r10	GCA_000091025.4	at_weighted	1000000	1519140	7	7	7	0	0	0	0	7	1.0	1.0	1.0	1.0	0	3	14
GCA_000091025.4_at_weighted_100k_r01	GCA_000091025.4	at_weighted	100000	104385	7	7	7	0	0	0	0	6	1.0	1.0	1.0	0.8571428571428571	0	26	136
GCA_000091025.4_at_weighted_100k_r02	GCA_000091025.4	at_weighted	100000	93870	7	6	6	1	0	1	1	6	0.8571428571428571	0.8571428571428571	0.8571428571428572	0.8571428571428571	0	29	163
GCA_000091025.4_at_weighted_100k_r03	GCA_000091025.4	at_weighted	100000	104110	7	7	7	0	0	0	0	3	1.0	1.0	1.0	0.42857142857142855	0	31	170
GCA_000091025.4_at_weighted_100k_r04	GCA_000091025.4	at_weighted	100000	102321	7	7	7	0	0	0	0	5	1.0	1.0	1.0	0.7142857142857143	0	30	162
GCA_000091025.4_at_weighted_100k_r05	GCA_000091025.4	at_weighted	100000	83003	7	7	7	0	0	0	0	6	1.0	1.0	1.0	0.8571428571428571	0	32	196
GCA_000091025.4_at_weighted_100k_r06	GCA_000091025.4	at_weighted	100000	82728	7	7	7	0	0	0	0	2	1.0	1.0	1.0	0.2857142857142857	0	34	183
GCA_000091025.4_at_weighted_100k_r07	GCA_000091025.4	at_weighted	100000	98165	7	6	6	1	0	1	1	2	0.8571428571428571	0.8571428571428571	0.8571428571428572	0.2857142857142857	0	31	153
GCA_000091025.4_at_weighted_100k_r08	GCA_000091025.4	at_weighted	100000	93743	7	7	7	0	0	0	0	4	1.0	1.0	1.0	0.5714285714285714	0	34	172
GCA_000091025.4_at_weighted_100k_r09	GCA_000091025.4	at_weighted	100000	99728	7	7	7	0	0	0	0	3	1.0	1.0	1.0	0.42857142857142855	0	29	160
GCA_000091025.4_at_weighted_100k_r10	GCA_000091025.4	at_weighted	100000	90757	7	7	7	0	0	0	0	4	1.0	1.0	1.0	0.5714285714285714	0	31	183
GCA_000091025.4_at_weighted_10k_r01	GCA_000091025.4	at_weighted	10000	9651	7	6	6	1	0	1	1	0	0.8571428571428571	0.8571428571428571	0.8571428571428572	0.0	0	296	1694
GCA_000091025.4_at_weighted_10k_r02	GCA_000091025.4	at_weighted	10000	9836	7	5	5	2	0	2	2	0	0.7142857142857143	0.7142857142857143	0.7142857142857143	0.0	0	287	1689
GCA_000091025.4_at_weighted_10k_r03	GCA_000091025.4	at_weighted	10000	10186	7	6	6	1	0	1	1	0	0.8571428571428571	0.8571428571428571	0.8571428571428572	0.0	0	273	1709
GCA_000091025.4_at_weighted_10k_r04	GCA_000091025.4	at_weighted	10000	10333	7	5	5	2	0	2	2	0	0.7142857142857143	0.7142857142857143	0.7142857142857143	0.0	0	282	1683
GCA_000091025.4_at_weighted_10k_r05	GCA_000091025.4	at_weighted	10000	9746	7	2	2	5	0	5	5	0	0.2857142857142857	0.2857142857142857	0.2857142857142857	0.0	0	289	1697
GCA_000091025.4_at_weighted_10k_r06	GCA_000091025.4	at_weighted	10000	9991	7	3	3	4	0	4	4	0	0.42857142857142855	0.42857142857142855	0.4285714285714286	0.0	0	277	1669
GCA_000091025.4_at_weighted_10k_r07	GCA_000091025.4	at_weighted	10000	9442	7	5	5	2	0	2	2	0	0.7142857142857143	0.7142857142857143	0.7142857142857143	0.0	0	297	1708
GCA_000091025.4_at_weighted_10k_r08	GCA_000091025.4	at_weighted	10000	10082	7	3	3	4	0	4	4	0	0.42857142857142855	0.42857142857142855	0.4285714285714286	0.0	0	281	1694
GCA_000091025.4_at_weighted_10k_r09	GCA_000091025.4	at_weighted	10000	9662	7	5	5	2	0	2	2	0	0.7142857142857143	0.7142857142857143	0.7142857142857143	0.0	0	288	1674
GCA_000091025.4_at_weighted_10k_r10	GCA_000091025.4	at_weighted	10000	9602	7	5	5	2	0	2	2	0	0.7142857142857143	0.7142857142857143	0.7142857142857143	0.0	0	297	1741
GCA_000091025.4_at_weighted_200k_r01	GCA_000091025.4	at_weighted	200000	198304	7	7	7	0	0	0	0	4	1.0	1.0	1.0	0.5714285714285714	0	16	80
GCA_000091025.4_at_weighted_200k_r02	GCA_000091025.4	at_weighted	200000	194957	7	7	7	0	0	0	0	4	1.0	1.0	1.0	0.5714285714285714	0	14	86
GCA_000091025.4_at_weighted_200k_r03	GCA_000091025.4	at_weighted	200000	188215	7	7	7	0	0	0	0	5	1.0	1.0	1.0	0.7142857142857143	0	15	87
GCA_000091025.4_at_weighted_200k_r04	GCA_000091025.4	at_weighted	200000	227642	7	7	7	0	0	0	0	5	1.0	1.0	1.0	0.7142857142857143	0	14	79
GCA_000091025.4_at_weighted_200k_r05	GCA_000091025.4	at_weighted	200000	201201	7	7	7	0	0	0	0	5	1.0	1.0	1.0	0.7142857142857143	0	15	70
GCA_000091025.4_at_weighted_200k_r06	GCA_000091025.4	at_weighted	200000	199829	7	7	7	0	0	0	0	6	1.0	1.0	1.0	0.8571428571428571	0	15	71
GCA_000091025.4_at_weighted_200k_r07	GCA_000091025.4	at_weighted	200000	193169	7	7	7	0	0	0	0	5	1.0	1.0	1.0	0.7142857142857143	0	14	76
GCA_000091025.4_at_weighted_200k_r08	GCA_000091025.4	at_weighted	200000	225693	7	7	7	0	0	0	0	5	1.0	1.0	1.0	0.7142857142857143	0	13	73
GCA_000091025.4_at_weighted_200k_r09	GCA_000091025.4	at_weighted	200000	212035	7	7	7	0	0	0	0	7	1.0	1.0	1.0	1.0	0	12	74
GCA_000091025.4_at_weighted_200k_r10	GCA_000091025.4	at_weighted	200000	197056	7	7	7	0	0	0	0	6	1.0	1.0	1.0	0.8571428571428571	0	15	74
GCA_000091025.4_at_weighted_20k_r01	GCA_000091025.4	at_weighted	20000	20733	7	7	7	0	0	0	0	1	1.0	1.0	1.0	0.14285714285714285	0	132	808
GCA_000091025.4_at_weighted_20k_r02	GCA_000091025.4	at_weighted	20000	18914	7	5	5	2	0	2	2	0	0.7142857142857143	0.7142857142857143	0.7142857142857143	0.0	0	150	849
GCA_000091025.4_at_weighted_20k_r03	GCA_000091025.4	at_weighted	20000	19221	7	5	5	2	0	2	2	0	0.7142857142857143	0.7142857142857143	0.7142857142857143	0.0	0	151	855
GCA_000091025.4_at_weighted_20k_r04	GCA_000091025.4	at_weighted	20000	18159	7	6	6	1	0	1	1	1	0.8571428571428571	0.8571428571428571	0.8571428571428572	0.14285714285714285	0	159	881
GCA_000091025.4_at_weighted_20k_r05	GCA_000091025.4	at_weighted	20000	21490	7	6	6	1	0	1	1	1	0.8571428571428571	0.8571428571428571	0.8571428571428572	0.14285714285714285	0	136	800
GCA_000091025.4_at_weighted_20k_r06	GCA_000091025.4	at_weighted	20000	20122	7	4	4	3	0	3	3	1	0.5714285714285714	0.5714285714285714	0.5714285714285714	0.14285714285714285	0	142	793
GCA_000091025.4_at_weighted_20k_r07	GCA_000091025.4	at_weighted	20000	19741	7	6	6	1	0	1	1	1	0.8571428571428571	0.8571428571428571	0.8571428571428572	0.14285714285714285	0	138	846
GCA_000091025.4_at_weighted_20k_r08	GCA_000091025.4	at_weighted	20000	19698	7	7	7	0	0	0	0	0	1.0	1.0	1.0	0.0	0	143	835
GCA_000091025.4_at_weighted_20k_r09	GCA_000091025.4	at_weighted	20000	22496	7	7	7	0	0	0	0	0	1.0	1.0	1.0	0.0	0	132	775
GCA_000091025.4_at_weighted_20k_r10	GCA_000091025.4	at_weighted	20000	18991	7	6	6	1	0	1	1	0	0.8571428571428571	0.8571428571428571	0.8571428571428572	0.0	0	148	843
GCA_000091025.4_at_weighted_500k_r01	GCA_000091025.4	at_weighted	500000	499338	7	7	7	0	0	0	0	7	1.0	1.0	1.0	1.0	0	6	30
GCA_000091025.4_at_weighted_500k_r02	GCA_000091025.4	at_weighted	500000	514464	7	6	6	1	0	1	1	5	0.8571428571428571	0.8571428571428571	0.8571428571428572	0.7142857142857143	0	8	38
GCA_000091025.4_at_weighted_500k_r03	GCA_000091025.4	at_weighted	500000	433625	7	7	7	0	0	0	0	7	1.0	1.0	1.0	1.0	0	8	34
GCA_000091025.4_at_weighted_500k_r04	GCA_000091025.4	at_weighted	500000	523757	7	7	7	0	0	0	0	7	1.0	1.0	1.0	1.0	0	6	29
GCA_000091025.4_at_weighted_500k_r05	GCA_000091025.4	at_weighted	500000	560023	7	7	7	0	0	0	0	6	1.0	1.0	1.0	0.8571428571428571	0	6	30
GCA_000091025.4_at_weighted_500k_r06	GCA_000091025.4	at_weighted	500000	1110707	7	7	7	0	0	0	0	6	1.0	1.0	1.0	0.8571428571428571	0	4	26
GCA_000091025.4_at_weighted_500k_r07	GCA_000091025.4	at_weighted	500000	469475	7	7	7	0	0	0	0	6	1.0	1.0	1.0	0.8571428571428571	0	7	26
GCA_000091025.4_at_weighted_500k_r08	GCA_000091025.4	at_weighted	500000	505349	7	7	7	0	0	0	0	5	1.0	1.0	1.0	0.7142857142857143	0	6	29
GCA_000091025.4_at_weighted_500k_r09	GCA_000091025.4	at_weighted	500000	475481	7	7	7	0	0	0	0	6	1.0	1.0	1.0	0.8571428571428571	0	7	29
GCA_000091025.4_at_weighted_500k_r10	GCA_000091025.4	at_weighted	500000	569290	7	7	7	0	0	0	0	6	1.0	1.0	1.0	0.8571428571428571	0	7	34
GCA_000091025.4_at_weighted_50k_r01	GCA_000091025.4	at_weighted	50000	56001	7	7	7	0	0	0	0	3	1.0	1.0	1.0	0.42857142857142855	0	53	301
GCA_000091025.4_at_weighted_50k_r02	GCA_000091025.4	at_weighted	50000	49532	7	6	6	1	0	1	1	1	0.8571428571428571	0.8571428571428571	0.8571428571428572	0.14285714285714285	0	62	348
GCA_000091025.4_at_weighted_50k_r03	GCA_000091025.4	at_weighted	50000	53768	7	6	6	1	0	1	1	1	0.8571428571428571	0.8571428571428571	0.8571428571428572	0.14285714285714285	0	60	318
GCA_000091025.4_at_weighted_50k_r04	GCA_000091025.4	at_weighted	50000	45998	7	6	6	1	0	1	1	1	0.8571428571428571	0.8571428571428571	0.8571428571428572	0.14285714285714285	0	61	332
GCA_000091025.4_at_weighted_50k_r05	GCA_000091025.4	at_weighted	50000	46497	7	6	6	1	0	1	1	1	0.8571428571428571	0.8571428571428571	0.8571428571428572	0.14285714285714285	0	62	335
GCA_000091025.4_at_weighted_50k_r06	GCA_000091025.4	at_weighted	50000	54069	7	7	7	0	0	0	0	2	1.0	1.0	1.0	0.2857142857142857	0	53	301
GCA_000091025.4_at_weighted_50k_r07	GCA_000091025.4	at_weighted	50000	49649	7	7	7	0	0	0	0	3	1.0	1.0	1.0	0.42857142857142855	0	55	320
GCA_000091025.4_at_weighted_50k_r08	GCA_000091025.4	at_weighted	50000	45062	7	7	7	0	0	0	0	3	1.0	1.0	1.0	0.42857142857142855	0	63	349
GCA_000091025.4_at_weighted_50k_r09	GCA_000091025.4	at_weighted	50000	51735	7	7	7	0	0	0	0	3	1.0	1.0	1.0	0.42857142857142855	0	57	310
GCA_000091025.4_at_weighted_50k_r10	GCA_000091025.4	at_weighted	50000	50118	7	6	6	1	0	1	1	1	0.8571428571428571	0.8571428571428571	0.8571428571428572	0.14285714285714285	0	56	300
GCA_000091025.4_at_weighted_5k_r01	GCA_000091025.4	at_weighted	5000	4873	7	3	3	4	0	4	4	0	0.42857142857142855	0.42857142857142855	0.4285714285714286	0.0	0	574	3544
GCA_000091025.4_at_weighted_5k_r02	GCA_000091025.4	at_weighted	5000	4852	7	3	3	4	0	4	4	0	0.42857142857142855	0.42857142857142855	0.4285714285714286	0.0	0	573	3507
GCA_000091025.4_at_weighted_5k_r03	GCA_000091025.4	at_weighted	5000	5041	7	2	2	5	0	5	5	0	0.2857142857142857	0.2857142857142857	0.2857142857142857	0.0	0	555	3558
GCA_000091025.4_at_weighted_5k_r04	GCA_000091025.4	at_weighted	5000	4846	7	6	6	1	0	1	1	0	0.8571428571428571	0.8571428571428571	0.8571428571428572	0.0	0	577	3556
GCA_000091025.4_at_weighted_5k_r05	GCA_000091025.4	at_weighted	5000	4989	7	3	3	4	0	4	4	0	0.42857142857142855	0.42857142857142855	0.4285714285714286	0.0	0	564	3486
GCA_000091025.4_at_weighted_5k_r06	GCA_000091025.4	at_weighted	5000	4895	7	3	3	4	0	4	4	0	0.42857142857142855	0.42857142857142855	0.4285714285714286	0.0	0	566	3606
GCA_000091025.4_at_weighted_5k_r07	GCA_000091025.4	at_weighted	5000	4911	7	2	2	5	0	5	5	0	0.2857142857142857	0.2857142857142857	0.2857142857142857	0.0	0	574	3581
GCA_000091025.4_at_weighted_5k_r08	GCA_000091025.4	at_weighted	5000	4692	7	3	3	4	0	4	4	0	0.42857142857142855	0.42857142857142855	0.4285714285714286	0.0	0	597	3601
GCA_000091025.4_at_weighted_5k_r09	GCA_000091025.4	at_weighted	5000	4746	7	5	5	2	0	2	2	0	0.7142857142857143	0.7142857142857143	0.7142857142857143	0.0	0	596	3617
GCA_000091025.4_at_weighted_5k_r10	GCA_000091025.4	at_weighted	5000	5000	7	2	2	5	0	5	5	0	0.2857142857142857	0.2857142857142857	0.2857142857142857	0.0	0	576	3498
GCA_000091025.4_uniform_1000k_r01	GCA_000091025.4	uniform	1000000	1467287	7	7	7	0	0	0	0	7	1.0	1.0	1.0	1.0	0	3	12
GCA_000091025.4_uniform_1000k_r02	GCA_000091025.4	uniform	1000000	1467287	7	7	7	0	0	0	0	7	1.0	1.0	1.0	1.0	0	3	15
GCA_000091025.4_uniform_1000k_r03	GCA_000091025.4	uniform	1000000	1196391	7	7	7	0	0	0	0	7	1.0	1.0	1.0	1.0	0	4	13
GCA_000091025.4_uniform_1000k_r04	GCA_000091025.4	uniform	1000000	870771	7	7	7	0	0	0	0	7	1.0	1.0	1.0	1.0	0	5	18
GCA_000091025.4_uniform_1000k_r05	GCA_000091025.4	uniform	1000000	1519140	7	7	7	0	0	0	0	7	1.0	1.0	1.0	1.0	0	3	11
GCA_000091025.4_uniform_1000k_r06	GCA_000091025.4	uniform	1000000	907494	7	7	7	0	0	0	0	7	1.0	1.0	1.0	1.0	0	5	15
GCA_000091025.4_uniform_1000k_r07	GCA_000091025.4	uniform	1000000	882507	7	7	7	0	0	0	0	6	1.0	1.0	1.0	0.8571428571428571	0	5	15
GCA_000091025.4_uniform_1000k_r08	GCA_000091025.4	uniform	1000000	1169486	7	7	7	0	0	0	0	7	1.0	1.0	1.0	1.0	0	4	14
GCA_000091025.4_uniform_1000k_r09	GCA_000091025.4	uniform	1000000	907494	7	7	7	0	0	0	0	7	1.0	1.0	1.0	1.0	0	4	14
GCA_000091025.4_uniform_1000k_r10	GCA_000091025.4	uniform	1000000	870771	7	7	7	0	0	0	0	7	1.0	1.0	1.0	1.0	0	5	16
GCA_000091025.4_uniform_100k_r01	GCA_000091025.4	uniform	100000	93649	7	7	7	0	0	0	0	5	1.0	1.0	1.0	0.7142857142857143	0	31	166
GCA_000091025.4_uniform_100k_r02	GCA_000091025.4	uniform	100000	80074	7	7	7	0	0	0	0	4	1.0	1.0	1.0	0.5714285714285714	0	37	185
GCA_000091025.4_uniform_100k_r03	GCA_000091025.4	uniform	100000	95638	7	7	7	0	0	0	0	6	1.0	1.0	1.0	0.8571428571428571	0	29	158
GCA_000091025.4_uniform_100k_r04	GCA_000091025.4	uniform	100000	112678	7	7	7	0	0	0	0	4	1.0	1.0	1.0	0.5714285714285714	0	26	160
GCA_000091025.4_uniform_100k_r05	GCA_000091025.4	uniform	100000	90803	7	7	7	0	0	0	0	5	1.0	1.0	1.0	0.7142857142857143	0	34	162
GCA_000091025.4_uniform_100k_r06	GCA_000091025.4	uniform	100000	98958	7	7	7	0	0	0	0	4	1.0	1.0	1.0	0.5714285714285714	0	31	174
GCA_000091025.4_uniform_100k_r07	GCA_000091025.4	uniform	100000	98411	7	7	7	0	0	0	0	6	1.0	1.0	1.0	0.8571428571428571	0	29	147
GCA_000091025.4_uniform_100k_r08	GCA_000091025.4	uniform	100000	94642	7	7	7	0	0	0	0	5	1.0	1.0	1.0	0.7142857142857143	0	34	165
GCA_000091025.4_uniform_100k_r09	GCA_000091025.4	uniform	100000	94828	7	7	7	0	0	0	0	6	1.0	1.0	1.0	0.8571428571428571	0	30	165
GCA_000091025.4_uniform_100k_r10	GCA_000091025.4	uniform	100000	115177	7	7	7	0	0	0	0	3	1.0	1.0	1.0	0.42857142857142855	0	25	143
GCA_000091025.4_uniform_10k_r01	GCA_000091025.4	uniform	10000	10261	7	7	7	0	0	0	0	0	1.0	1.0	1.0	0.0	0	276	1500
GCA_000091025.4_uniform_10k_r02	GCA_000091025.4	uniform	10000	9734	7	7	7	0	0	0	0	0	1.0	1.0	1.0	0.0	0	301	1584
GCA_000091025.4_uniform_10k_r03	GCA_000091025.4	uniform	10000	9465	7	5	5	2	0	2	2	0	0.7142857142857143	0.7142857142857143	0.7142857142857143	0.0	0	301	1516
GCA_000091025.4_uniform_10k_r04	GCA_000091025.4	uniform	10000	9690	7	7	7	0	0	0	0	0	1.0	1.0	1.0	0.0	0	311	1570
GCA_000091025.4_uniform_10k_r05	GCA_000091025.4	uniform	10000	9702	7	7	7	0	0	0	0	0	1.0	1.0	1.0	0.0	0	291	1519
GCA_000091025.4_uniform_10k_r06	GCA_000091025.4	uniform	10000	10839	7	7	7	0	0	0	0	0	1.0	1.0	1.0	0.0	0	283	1506
GCA_000091025.4_uniform_10k_r07	GCA_000091025.4	uniform	10000	9915	7	7	7	0	0	0	0	0	1.0	1.0	1.0	0.0	0	295	1538
GCA_000091025.4_uniform_10k_r08	GCA_000091025.4	uniform	10000	9315	7	7	7	0	0	0	0	0	1.0	1.0	1.0	0.0	0	314	1633
GCA_000091025.4_uniform_10k_r09	GCA_000091025.4	uniform	10000	10237	7	7	7	0	0	0	0	0	1.0	1.0	1.0	0.0	0	289	1523
GCA_000091025.4_uniform_10k_r10	GCA_000091025.4	uniform	10000	9511	7	7	7	0	0	0	0	0	1.0	1.0	1.0	0.0	0	297	1558
GCA_000091025.4_uniform_200k_r01	GCA_000091025.4	uniform	200000	160584	7	7	7	0	0	0	0	7	1.0	1.0	1.0	1.0	0	19	93
GCA_000091025.4_uniform_200k_r02	GCA_000091025.4	uniform	200000	199963	7	7	7	0	0	0	0	5	1.0	1.0	1.0	0.7142857142857143	0	16	72
GCA_000091025.4_uniform_200k_r03	GCA_000091025.4	uniform	200000	225115	7	7	7	0	0	0	0	6	1.0	1.0	1.0	0.8571428571428571	0	14	64
GCA_000091025.4_uniform_200k_r04	GCA_000091025.4	uniform	200000	219777	7	7	7	0	0	0	0	7	1.0	1.0	1.0	1.0	0	13	68
GCA_000091025.4_uniform_200k_r05	GCA_000091025.4	uniform	200000	166746	7	7	7	0	0	0	0	5	1.0	1.0	1.0	0.7142857142857143	0	18	90
GCA_000091025.4_uniform_200k_r06	GCA_000091025.4	uniform	200000	230552	7	7	7	0	0	0	0	7	1.0	1.0	1.0	1.0	0	14	76
GCA_000091025.4_uniform_200k_r07	GCA_000091025.4	uniform	200000	184562	7	7	7	0	0	0	0	6	1.0	1.0	1.0	0.8571428571428571	0	14	75
GCA_000091025.4_uniform_200k_r08	GCA_000091025.4	uniform	200000	179438	7	7	7	0	0	0	0	7	1.0	1.0	1.0	1.0	0	16	85
GCA_000091025.4_uniform_200k_r09	GCA_000091025.4	uniform	200000	201227	7	7	7	0	0	0	0	5	1.0	1.0	1.0	0.7142857142857143	0	13	80
GCA_000091025.4_uniform_200k_r10	GCA_000091025.4	uniform	200000	187668	7	7	7	0	0	0	0	6	1.0	1.0	1.0	0.8571428571428571	0	14	76
GCA_000091025.4_uniform_20k_r01	GCA_000091025.4	uniform	20000	19489	7	7	7	0	0	0	0	3	1.0	1.0	1.0	0.42857142857142855	0	150	789
GCA_000091025.4_uniform_20k_r02	GCA_000091025.4	uniform	20000	20571	7	7	7	0	0	0	0	3	1.0	1.0	1.0	0.42857142857142855	0	141	788
GCA_000091025.4_uniform_20k_r03	GCA_000091025.4	uniform	20000	18831	7	6	6	1	0	1	1	0	0.8571428571428571	0.8571428571428571	0.8571428571428572	0.0	0	155	792
GCA_000091025.4_uniform_20k_r04	GCA_000091025.4	uniform	20000	20888	7	7	7	0	0	0	0	1	1.0	1.0	1.0	0.14285714285714285	0	141	764
GCA_000091025.4_uniform_20k_r05	GCA_000091025.4	uniform	20000	19656	7	7	7	0	0	0	0	2	1.0	1.0	1.0	0.2857142857142857	0	142	765
GCA_000091025.4_uniform_20k_r06	GCA_000091025.4	uniform	20000	19914	7	7	7	0	0	0	0	1	1.0	1.0	1.0	0.14285714285714285	0	138	754
GCA_000091025.4_uniform_20k_r07	GCA_000091025.4	uniform	20000	19129	7	7	7	0	0	0	0	3	1.0	1.0	1.0	0.42857142857142855	0	147	801
GCA_000091025.4_uniform_20k_r08	GCA_000091025.4	uniform	20000	20011	7	7	7	0	0	0	0	0	1.0	1.0	1.0	0.0	0	146	792
GCA_000091025.4_uniform_20k_r09	GCA_000091025.4	uniform	20000	21759	7	7	7	0	0	0	0	2	1.0	1.0	1.0	0.2857142857142857	0	135	736
GCA_000091025.4_uniform_20k_r10	GCA_000091025.4	uniform	20000	20247	7	7	7	0	0	0	0	1	1.0	1.0	1.0	0.14285714285714285	0	148	752
GCA_000091025.4_uniform_500k_r01	GCA_000091025.4	uniform	500000	333675	7	7	7	0	0	0	0	7	1.0	1.0	1.0	1.0	0	9	43
GCA_000091025.4_uniform_500k_r02	GCA_000091025.4	uniform	500000	392588	7	7	7	0	0	0	0	7	1.0	1.0	1.0	1.0	0	9	37
GCA_000091025.4_uniform_500k_r03	GCA_000091025.4	uniform	500000	487588	7	7	7	0	0	0	0	6	1.0	1.0	1.0	0.8571428571428571	0	7	29
GCA_000091025.4_uniform_500k_r04	GCA_000091025.4	uniform	500000	476251	7	7	7	0	0	0	0	7	1.0	1.0	1.0	1.0	0	7	33
GCA_000091025.4_uniform_500k_r05	GCA_000091025.4	uniform	500000	550708	7	7	7	0	0	0	0	7	1.0	1.0	1.0	1.0	0	6	31
GCA_000091025.4_uniform_500k_r06	GCA_000091025.4	uniform	500000	505673	7	7	7	0	0	0	0	7	1.0	1.0	1.0	1.0	0	6	32
GCA_000091025.4_uniform_500k_r07	GCA_000091025.4	uniform	500000	425214	7	7	7	0	0	0	0	5	1.0	1.0	1.0	0.7142857142857143	0	8	35
GCA_000091025.4_uniform_500k_r08	GCA_000091025.4	uniform	500000	436771	7	7	7	0	0	0	0	7	1.0	1.0	1.0	1.0	0	7	46
GCA_000091025.4_uniform_500k_r09	GCA_000091025.4	uniform	500000	434551	7	7	7	0	0	0	0	6	1.0	1.0	1.0	0.8571428571428571	0	8	34
GCA_000091025.4_uniform_500k_r10	GCA_000091025.4	uniform	500000	585075	7	7	7	0	0	0	0	7	1.0	1.0	1.0	1.0	0	7	35
GCA_000091025.4_uniform_50k_r01	GCA_000091025.4	uniform	50000	44069	7	7	7	0	0	0	0	2	1.0	1.0	1.0	0.2857142857142857	0	68	350
GCA_000091025.4_uniform_50k_r02	GCA_000091025.4	uniform	50000	46657	7	7	7	0	0	0	0	3	1.0	1.0	1.0	0.42857142857142855	0	61	340
GCA_000091025.4_uniform_50k_r03	GCA_000091025.4	uniform	50000	47003	7	7	7	0	0	0	0	4	1.0	1.0	1.0	0.5714285714285714	0	61	323
GCA_000091025.4_uniform_50k_r04	GCA_000091025.4	uniform	50000	52095	7	6	6	1	0	1	1	3	0.8571428571428571	0.8571428571428571	0.8571428571428572	0.42857142857142855	0	56	312
GCA_000091025.4_uniform_50k_r05	GCA_000091025.4	uniform	50000	53174	7	7	7	0	0	0	0	5	1.0	1.0	1.0	0.7142857142857143	0	55	336
GCA_000091025.4_uniform_50k_r06	GCA_000091025.4	uniform	50000	50070	7	7	7	0	0	0	0	3	1.0	1.0	1.0	0.42857142857142855	0	55	317
GCA_000091025.4_uniform_50k_r07	GCA_000091025.4	uniform	50000	52553	7	7	7	0	0	0	0	3	1.0	1.0	1.0	0.42857142857142855	0	52	304
GCA_000091025.4_uniform_50k_r08	GCA_000091025.4	uniform	50000	43083	7	7	7	0	0	0	0	2	1.0	1.0	1.0	0.2857142857142857	0	64	344
GCA_000091025.4_uniform_50k_r09	GCA_000091025.4	uniform	50000	42057	7	7	7	0	0	0	0	3	1.0	1.0	1.0	0.42857142857142855	0	68	334
GCA_000091025.4_uniform_50k_r10	GCA_000091025.4	uniform	50000	48801	7	7	7	0	0	0	0	3	1.0	1.0	1.0	0.42857142857142855	0	58	304
GCA_000091025.4_uniform_5k_r01	GCA_000091025.4	uniform	5000	5146	7	7	7	0	0	0	0	0	1.0	1.0	1.0	0.0	0	558	2972
GCA_000091025.4_uniform_5k_r02	GCA_000091025.4	uniform	5000	4758	7	7	7	0	0	0	0	0	1.0	1.0	1.0	0.0	0	593	3130
GCA_000091025.4_uniform_5k_r03	GCA_000091025.4	uniform	5000	5060	7	6	6	1	0	1	1	0	0.8571428571428571	0.8571428571428571	0.8571428571428572	0.0	0	559	3034
GCA_000091025.4_uniform_5k_r04	GCA_000091025.4	uniform	5000	5025	7	5	5	2	0	2	2	0	0.7142857142857143	0.7142857142857143	0.7142857142857143	0.0	0	558	3052
GCA_000091025.4_uniform_5k_r05	GCA_000091025.4	uniform	5000	4819	7	6	6	1	0	1	1	0	0.8571428571428571	0.8571428571428571	0.8571428571428572	0.0	0	586	3059
GCA_000091025.4_uniform_5k_r06	GCA_000091025.4	uniform	5000	4940	7	7	7	0	0	0	0	0	1.0	1.0	1.0	0.0	0	575	3093
GCA_000091025.4_uniform_5k_r07	GCA_000091025.4	uniform	5000	4920	7	7	7	0	0	0	0	0	1.0	1.0	1.0	0.0	0	595	3121
GCA_000091025.4_uniform_5k_r08	GCA_000091025.4	uniform	5000	5042	7	7	7	0	0	0	0	0	1.0	1.0	1.0	0.0	0	571	3048
GCA_000091025.4_uniform_5k_r09	GCA_000091025.4	uniform	5000	5021	7	7	7	0	0	0	0	0	1.0	1.0	1.0	0.0	0	567	3044
GCA_000091025.4_uniform_5k_r10	GCA_000091025.4	uniform	5000	4847	7	6	6	1	0	1	1	0	0.8571428571428571	0.8571428571428571	0.8571428571428572	0.0	0	577	3119
GCA_000142805.1_at_weighted_1000k_r01	GCA_000142805.1	at_weighted	1000000	1132853	8	8	8	0	0	0	0	8	1.0	1.0	1.0	1.0	0	4	16
GCA_000142805.1_at_weighted_1000k_r02	GCA_000142805.1	at_weighted	1000000	999246	8	8	8	0	0	0	0	8	1.0	1.0	1.0	1.0	0	4	19
GCA_000142805.1_at_weighted_1000k_r03	GCA_000142805.1	at_weighted	1000000	893706	8	8	8	0	0	0	0	8	1.0	1.0	1.0	1.0	0	4	20
GCA_000142805.1_at_weighted_1000k_r04	GCA_000142805.1	at_weighted	1000000	1010956	8	8	8	0	0	0	0	8	1.0	1.0	1.0	1.0	0	4	18
GCA_000142805.1_at_weighted_1000k_r05	GCA_000142805.1	at_weighted	1000000	999246	8	8	8	0	0	0	0	8	1.0	1.0	1.0	1.0	0	4	18
GCA_000142805.1_at_weighted_1000k_r06	GCA_000142805.1	at_weighted	1000000	841833	8	8	8	0	0	0	0	8	1.0	1.0	1.0	1.0	0	5	20
GCA_000142805.1_at_weighted_1000k_r07	GCA_000142805.1	at_weighted	1000000	893706	8	8	8	0	0	0	0	8	1.0	1.0	1.0	1.0	0	5	17
GCA_000142805.1_at_weighted_1000k_r08	GCA_000142805.1	at_weighted	1000000	836858	8	8	8	0	0	0	0	8	1.0	1.0	1.0	1.0	0	5	17
GCA_000142805.1_at_weighted_1000k_r09	GCA_000142805.1	at_weighted	1000000	999246	8	8	8	0	0	0	0	8	1.0	1.0	1.0	1.0	0	4	22
GCA_000142805.1_at_weighted_1000k_r10	GCA_000142805.1	at_weighted	1000000	987217	8	8	8	0	0	0	0	8	1.0	1.0	1.0	1.0	0	4	22
GCA_000142805.1_at_weighted_100k_r01	GCA_000142805.1	at_weighted	100000	94230	8	8	8	0	0	0	0	3	1.0	1.0	1.0	0.375	0	35	187
GCA_000142805.1_at_weighted_100k_r02	GCA_000142805.1	at_weighted	100000	97115	8	8	8	0	0	0	0	7	1.0	1.0	1.0	0.875	0	34	180
GCA_000142805.1_at_weighted_100k_r03	GCA_000142805.1	at_weighted	100000	121708	8	8	8	0	0	0	0	4	1.0	1.0	1.0	0.5	0	28	147
GCA_000142805.1_at_weighted_100k_r04	GCA_000142805.1	at_weighted	100000	96591	8	8	8	0	0	0	0	3	1.0	1.0	1.0	0.375	0	30	192
GCA_000142805.1_at_weighted_100k_r05	GCA_000142805.1	at_weighted	100000	89036	8	8	8	0	0	0	0	3	1.0	1.0	1.0	0.375	0	38	202
GCA_000142805.1_at_weighted_100k_r06	GCA_000142805.1	at_weighted	100000	108432	8	8	8	0	0	0	0	4	1.0	1.0	1.0	0.5	0	31	172
GCA_000142805.1_at_weighted_100k_r07	GCA_000142805.1	at_weighted	100000	105922	8	8	8	0	0	0	0	4	1.0	1.0	1.0	0.5	0	35	175
GCA_000142805.1_at_weighted_100k_r08	GCA_000142805.1	at_weighted	100000	93485	8	7	7	1	0	1	1	3	0.875	0.875	0.875	0.375	0	35	176
GCA_000142805.1_at_weighted_100k_r09	GCA_000142805.1	at_weighted	100000	98752	8	8	8	0	0	0	0	7	1.0	1.0	1.0	0.875	0	34	174
GCA_000142805.1_at_weighted_100k_r10	GCA_000142805.1	at_weighted	100000	109722	8	8	8	0	0	0	0	6	1.0	1.0	1.0	0.75	0	31	180
GCA_000142805.1_at_weighted_10k_r01	GCA_000142805.1	at_weighted	10000	9658	8	7	7	1	0	1	1	0	0.875	0.875	0.875	0.0	0	324	1827
GCA_000142805.1_at_weighted_10k_r02	GCA_000142805.1	at_weighted	10000	9857	8	6	6	2	0	2	2	0	0.75	0.75	0.75	0.0	0	325	1830
GCA_000142805.1_at_weighted_10k_r03	GCA_000142805.1	at_weighted	10000	9817	8	7	7	1	0	1	1	0	0.875	0.875	0.875	0.0	0	335	1910
GCA_000142805.1_at_weighted_10k_r04	GCA_000142805.1	at_weighted	10000	9878	8	7	7	1	0	1	1	0	0.875	0.875	0.875	0.0	0	329	1831
GCA_000142805.1_at_weighted_10k_r05	GCA_000142805.1	at_weighted	10000	9852	8	7	7	1	0	1	2	0	0.875	0.875	0.875	0.0	0	334	1916
GCA_000142805.1_at_weighted_10k_r06	GCA_000142805.1	at_weighted	10000	10031	8	7	7	1	0	1	1	0	0.875	0.875	0.875	0.0	0	316	1889
GCA_000142805.1_at_weighted_10k_r07	GCA_000142805.1	at_weighted	10000	9599	8	8	8	0	0	0	0	0	1.0	1.0	1.0	0.0	0	343	1886
GCA_000142805.1_at_weighted_10k_r08	GCA_000142805.1	at_weighted	10000	9865	8	8	8	0	0	0	0	0	1.0	1.0	1.0	0.0	0	316	1790
GCA_000142805.1_at_weighted_10k_r09	GCA_000142805.1	at_weighted	10000	10220	8	7	7	1	0	1	1	0	0.875	0.875	0.875	0.0	0	323	1808
GCA_000142805.1_at_weighted_10k_r10	GCA_000142805.1	at_weighted	10000	9539	8	7	7	1	0	1	2	0	0.875	0.875	0.875	0.0	0	342	1888
GCA_000142805.1_at_weighted_200k_r01	GCA_000142805.1	at_weighted	200000	180568	8	8	8	0	0	0	0	4	1.0	1.0	1.0	0.5	0	19	91
GCA_000142805.1_at_weighted_200k_r02	GCA_000142805.1	at_weighted	200000	178606	8	8	8	0	0	0	0	6	1.0	1.0	1.0	0.75	0	15	89
GCA_000142805.1_at_weighted_200k_r03	GCA_000142805.1	at_weighted	200000	155541	8	8	8	0	0	0	0	6	1.0	1.0	1.0	0.75	0	18	110
GCA_000142805.1_at_weighted_200k_r04	GCA_000142805.1	at_weighted	200000	172742	8	8	8	0	0	0	0	8	1.0	1.0	1.0	1.0	0	18	93
GCA_000142805.1_at_weighted_200k_r05	GCA_000142805.1	at_weighted	200000	199847	8	8	8	0	0	0	0	8	1.0	1.0	1.0	1.0	0	20	105
GCA_000142805.1_at_weighted_200k_r06	GCA_000142805.1	at_weighted	200000	232667	8	8	8	0	0	0	0	5	1.0	1.0	1.0	0.625	0	17	99
GCA_000142805.1_at_weighted_200k_r07	GCA_000142805.1	at_weighted	200000	176679	8	8	8	0	0	0	0	6	1.0	1.0	1.0	0.75	0	18	101
GCA_000142805.1_at_weighted_200k_r08	GCA_000142805.1	at_weighted	200000	189763	8	8	8	0	0	0	0	8	1.0	1.0	1.0	1.0	0	17	94
GCA_000142805.1_at_weighted_200k_r09	GCA_000142805.1	at_weighted	200000	209784	8	8	8	0	0	0	0	8	1.0	1.0	1.0	1.0	0	14	84
GCA_000142805.1_at_weighted_200k_r10	GCA_000142805.1	at_weighted	200000	209570	8	8	8	0	0	0	0	8	1.0	1.0	1.0	1.0	0	15	86
GCA_000142805.1_at_weighted_20k_r01	GCA_000142805.1	at_weighted	20000	21567	8	8	8	0	0	0	0	0	1.0	1.0	1.0	0.0	0	162	913
GCA_000142805.1_at_weighted_20k_r02	GCA_000142805.1	at_weighted	20000	21009	8	7	7	1	0	1	1	1	0.875	0.875	0.875	0.125	0	155	873
GCA_000142805.1_at_weighted_20k_r03	GCA_000142805.1	at_weighted	20000	20042	8	7	7	1	0	1	1	0	0.875	0.875	0.875	0.0	0	155	886
GCA_000142805.1_at_weighted_20k_r04	GCA_000142805.1	at_weighted	20000	20279	8	8	8	0	0	0	0	0	1.0	1.0	1.0	0.0	0	158	889
GCA_000142805.1_at_weighted_20k_r05	GCA_000142805.1	at_weighted	20000	19448	8	8	8	0	0	0	0	0	1.0	1.0	1.0	0.0	0	172	914
GCA_000142805.1_at_weighted_20k_r06	GCA_000142805.1	at_weighted	20000	20728	8	8	8	0	0	0	0	1	1.0	1.0	1.0	0.125	0	159	865
GCA_000142805.1_at_weighted_20k_r07	GCA_000142805.1	at_weighted	20000	20217	8	8	8	0	0	0	0	1	1.0	1.0	1.0	0.125	0	162	912
GCA_000142805.1_at_weighted_20k_r08	GCA_000142805.1	at_weighted	20000	20659	8	8	8	0	0	0	1	1	1.0	1.0	1.0	0.125	0	168	908
GCA_000142805.1_at_weighted_20k_r09	GCA_000142805.1	at_weighted	20000	20201	8	7	7	1	0	1	2	0	0.875	0.875	0.875	0.0	0	158	886
GCA_000142805.1_at_weighted_20k_r10	GCA_000142805.1	at_weighted	20000	21144	8	8	8	0	0	0	0	2	1.0	1.0	1.0	0.25	0	155	865
GCA_000142805.1_at_weighted_500k_r01	GCA_000142805.1	at_weighted	500000	545576	8	8	8	0	0	0	0	7	1.0	1.0	1.0	0.875	0	7	39
GCA_000142805.1_at_weighted_500k_r02	GCA_000142805.1	at_weighted	500000	413775	8	8	8	0	0	0	0	7	1.0	1.0	1.0	0.875	0	10	42
GCA_000142805.1_at_weighted_500k_r03	GCA_000142805.1	at_weighted	500000	521178	8	8	8	0	0	0	0	6	1.0	1.0	1.0	0.75	0	9	36
GCA_000142805.1_at_weighted_500k_r04	GCA_000142805.1	at_weighted	500000	403973	8	8	8	0	0	0	0	7	1.0	1.0	1.0	0.875	0	10	42
GCA_000142805.1_at_weighted_500k_r05	GCA_000142805.1	at_weighted	500000	536286	8	8	8	0	0	0	0	8	1.0	1.0	1.0	1.0	0	7	38
GCA_000142805.1_at_weighted_500k_r06	GCA_000142805.1	at_weighted	500000	360061	8	8	8	0	0	0	0	8	1.0	1.0	1.0	1.0	0	10	51
GCA_000142805.1_at_weighted_500k_r07	GCA_000142805.1	at_weighted	500000	357534	8	8	8	0	0	0	0	7	1.0	1.0	1.0	0.875	0	8	40
GCA_000142805.1_at_weighted_500k_r08	GCA_000142805.1	at_weighted	500000	523989	8	8	8	0	0	0	0	6	1.0	1.0	1.0	0.75	0	7	38
GCA_000142805.1_at_weighted_500k_r09	GCA_000142805.1	at_weighted	500000	601313	8	8	8	0	0	0	0	5	1.0	1.0	1.0	0.625	0	6	42
GCA_000142805.1_at_weighted_500k_r10	GCA_000142805.1	at_weighted	500000	744182	8	8	8	0	0	0	0	8	1.0	1.0	1.0	1.0	0	5	31
GCA_000142805.1_at_weighted_50k_r01	GCA_000142805.1	at_weighted	50000	52767	8	7	7	1	0	1	1	2	0.875	0.875	0.875	0.25	0	62	355
GCA_000142805.1_at_weighted_50k_r02	GCA_000142805.1	at_weighted	50000	50673	8	8	8	0	0	0	0	4	1.0	1.0	1.0	0.5	0	63	362
GCA_000142805.1_at_weighted_50k_r03	GCA_000142805.1	at_weighted	50000	46648	8	8	8	0	0	0	0	2	1.0	1.0	1.0	0.25	0	70	366
GCA_000142805.1_at_weighted_50k_r04	GCA_000142805.1	at_weighted	50000	51993	8	8	8	0	0	0	0	3	1.0	1.0	1.0	0.375	0	64	354
GCA_000142805.1_at_weighted_50k_r05	GCA_000142805.1	at_weighted	50000	53063	8	8	8	0	0	0	0	1	1.0	1.0	1.0	0.125	0	66	344
GCA_000142805.1_at_weighted_50k_r06	GCA_000142805.1	at_weighted	50000	52972	8	8	8	0	0	0	0	3	1.0	1.0	1.0	0.375	0	63	376
GCA_000142805.1_at_weighted_50k_r07	GCA_000142805.1	at_weighted	50000	49855	8	8	8	0	0	0	0	4	1.0	1.0	1.0	0.5	0	66	367
GCA_000142805.1_at_weighted_50k_r08	GCA_000142805.1	at_weighted	50000	56329	8	8	8	0	0	0	0	5	1.0	1.0	1.0	0.625	0	58	319
GCA_000142805.1_at_weighted_50k_r09	GCA_000142805.1	at_weighted	50000	46041	8	7	7	1	0	1	1	4	0.875	0.875	0.875	0.5	0	67	363
GCA_000142805.1_at_weighted_50k_r10	GCA_000142805.1	at_weighted	50000	51593	8	8	8	0	0	0	0	4	1.0	1.0	1.0	0.5	0	61	363
GCA_000142805.1_at_weighted_5k_r01	GCA_000142805.1	at_weighted	5000	4975	8	7	7	1	0	1	2	0	0.875	0.875	0.875	0.0	0	636	3701
GCA_000142805.1_at_weighted_5k_r02	GCA_000142805.1	at_weighted	5000	4867	8	7	7	1	0	1	2	0	0.875	0.875	0.875	0.0	0	647	3733
GCA_000142805.1_at_weighted_5k_r03	GCA_000142805.1	at_weighted	5000	4916	8	7	7	1	0	1	1	0	0.875	0.875	0.875	0.0	0	656	3691
GCA_000142805.1_at_weighted_5k_r04	GCA_000142805.1	at_weighted	5000	5084	8	7	7	1	0	1	1	0	0.875	0.875	0.875	0.0	0	629	3672
GCA_000142805.1_at_weighted_5k_r05	GCA_000142805.1	at_weighted	5000	4865	8	6	6	2	0	2	3	0	0.75	0.75	0.75	0.0	0	646	3704
GCA_000142805.1_at_weighted_5k_r06	GCA_000142805.1	at_weighted	5000	5187	8	7	7	1	0	1	1	0	0.875	0.875	0.875	0.0	0	596	3547
GCA_000142805.1_at_weighted_5k_r07	GCA_000142805.1	at_weighted	5000	4886	8	7	7	1	0	1	1	0	0.875	0.875	0.875	0.0	0	647	3691
GCA_000142805.1_at_weighted_5k_r08	GCA_000142805.1	at_weighted	5000	5028	8	7	7	1	0	1	2	0	0.875	0.875	0.875	0.0	0	628	3628
GCA_000142805.1_at_weighted_5k_r09	GCA_000142805.1	at_weighted	5000	5114	8	7	7	1	0	1	1	0	0.875	0.875	0.875	0.0	0	615	3640
GCA_000142805.1_at_weighted_5k_r10	GCA_000142805.1	at_weighted	5000	4851	8	6	6	2	0	2	2	0	0.75	0.75	0.75	0.0	0	654	3603
GCA_000142805.1_uniform_1000k_r01	GCA_000142805.1	uniform	1000000	1132853	8	8	8	0	0	0	0	8	1.0	1.0	1.0	1.0	0	4	13
GCA_000142805.1_uniform_1000k_r02	GCA_000142805.1	uniform	1000000	1451265	8	8	8	0	0	0	0	8	1.0	1.0	1.0	1.0	0	4	15
GCA_000142805.1_uniform_1000k_r03	GCA_000142805.1	uniform	1000000	929130	8	8	8	0	0	0	0	8	1.0	1.0	1.0	1.0	0	4	18
GCA_000142805.1_uniform_1000k_r04	GCA_000142805.1	uniform	1000000	1438748	8	8	8	0	0	0	0	8	1.0	1.0	1.0	1.0	0	4	14
GCA_000142805.1_uniform_1000k_r05	GCA_000142805.1	uniform	1000000	956359	8	8	8	0	0	0	0	8	1.0	1.0	1.0	1.0	0	5	16
GCA_000142805.1_uniform_1000k_r06	GCA_000142805.1	uniform	1000000	1513537	8	8	8	0	0	0	0	8	1.0	1.0	1.0	1.0	0	4	13
GCA_000142805.1_uniform_1000k_r07	GCA_000142805.1	uniform	1000000	999246	8	8	8	0	0	0	0	8	1.0	1.0	1.0	1.0	0	5	19
GCA_000142805.1_uniform_1000k_r08	GCA_000142805.1	uniform	1000000	999246	8	8	8	0	0	0	0	8	1.0	1.0	1.0	1.0	0	4	14
GCA_000142805.1_uniform_1000k_r09	GCA_000142805.1	uniform	1000000	897410	8	8	8	0	0	0	0	8	1.0	1.0	1.0	1.0	0	5	14
GCA_000142805.1_uniform_1000k_r10	GCA_000142805.1	uniform	1000000	1132853	8	8	8	0	0	0	0	8	1.0	1.0	1.0	1.0	0	4	18
GCA_000142805.1_uniform_100k_r01	GCA_000142805.1	uniform	100000	71019	8	8	8	0	0	0	0	8	1.0	1.0	1.0	1.0	0	42	228
GCA_000142805.1_uniform_100k_r02	GCA_000142805.1	uniform	100000	96135	8	8	8	0	0	0	0	7	1.0	1.0	1.0	0.875	0	38	181
GCA_000142805.1_uniform_100k_r03	GCA_000142805.1	uniform	100000	97613	8	8	8	0	0	0	0	6	1.0	1.0	1.0	0.75	0	32	174
GCA_000142805.1_uniform_100k_r04	GCA_000142805.1	uniform	100000	80444	8	8	8	0	0	0	0	5	1.0	1.0	1.0	0.625	0	39	207
GCA_000142805.1_uniform_100k_r05	GCA_000142805.1	uniform	100000	111516	8	7	7	1	0	1	1	4	0.875	0.875	0.875	0.5	0	31	164
GCA_000142805.1_uniform_100k_r06	GCA_000142805.1	uniform	100000	100686	8	7	7	1	0	1	1	7	0.875	0.875	0.875	0.875	0	33	177
GCA_000142805.1_uniform_100k_r07	GCA_000142805.1	uniform	100000	101525	8	8	8	0	0	0	0	4	1.0	1.0	1.0	0.5	0	32	197
GCA_000142805.1_uniform_100k_r08	GCA_000142805.1	uniform	100000	87124	8	8	8	0	0	0	0	7	1.0	1.0	1.0	0.875	0	38	196
GCA_000142805.1_uniform_100k_r09	GCA_000142805.1	uniform	100000	93576	8	8	8	0	0	0	0	7	1.0	1.0	1.0	0.875	0	34	186
GCA_000142805.1_uniform_100k_r10	GCA_000142805.1	uniform	100000	95796	8	8	8	0	0	0	0	6	1.0	1.0	1.0	0.75	0	36	195
GCA_000142805.1_uniform_10k_r01	GCA_000142805.1	uniform	10000	9793	8	8	8	0	0	0	0	0	1.0	1.0	1.0	0.0	0	334	1772
GCA_000142805.1_uniform_10k_r02	GCA_000142805.1	uniform	10000	9984	8	7	7	1	0	1	1	0	0.875	0.875	0.875	0.0	0	319	1735
GCA_000142805.1_uniform_10k_r03	GCA_000142805.1	uniform	10000	9906	8	8	8	0	0	0	0	0	1.0	1.0	1.0	0.0	0	335	1770
GCA_000142805.1_uniform_10k_r04	GCA_000142805.1	uniform	10000	10376	8	8	8	0	0	0	0	0	1.0	1.0	1.0	0.0	0	323	1705
GCA_000142805.1_uniform_10k_r05	GCA_000142805.1	uniform	10000	10700	8	7	7	1	0	1	1	0	0.875	0.875	0.875	0.0	0	309	1680
GCA_000142805.1_uniform_10k_r06	GCA_000142805.1	uniform	10000	10538	8	7	7	1	0	1	1	1	0.875	0.875	0.875	0.125	0	304	1721
GCA_000142805.1_uniform_10k_r07	GCA_000142805.1	uniform	10000	9472	8	8	8	0	0	0	0	0	1.0	1.0	1.0	0.0	0	346	1783
GCA_000142805.1_uniform_10k_r08	GCA_000142805.1	uniform	10000	10327	8	8	8	0	0	0	0	0	1.0	1.0	1.0	0.0	0	315	1720
GCA_000142805.1_uniform_10k_r09	GCA_000142805.1	uniform	10000	9954	8	8	8	0	0	0	0	0	1.0	1.0	1.0	0.0	0	327	1763
GCA_000142805.1_uniform_10k_r10	GCA_000142805.1	uniform	10000	9903	8	7	7	1	0	1	1	1	0.875	0.875	0.875	0.125	0	327	1720
GCA_000142805.1_uniform_200k_r01	GCA_000142805.1	uniform	200000	207173	8	8	8	0	0	0	0	5	1.0	1.0	1.0	0.625	0	19	89
GCA_000142805.1_uniform_200k_r02	GCA_000142805.1	uniform	200000	244548	8	8	8	0	0	0	0	7	1.0	1.0	1.0	0.875	0	15	87
GCA_000142805.1_uniform_200k_r03	GCA_000142805.1	uniform	200000	264968	8	8	8	0	0	0	0	7	1.0	1.0	1.0	0.875	0	12	78
GCA_000142805.1_uniform_200k_r04	GCA_000142805.1	uniform	200000	237550	8	8	8	0	0	0	0	7	1.0	1.0	1.0	0.875	0	15	80
GCA_000142805.1_uniform_200k_r05	GCA_000142805.1	uniform	200000	233959	8	8	8	0	0	0	0	8	1.0	1.0	1.0	1.0	0	16	80
GCA_000142805.1_uniform_200k_r06	GCA_000142805.1	uniform	200000	254066	8	8	8	0	0	0	0	8	1.0	1.0	1.0	1.0	0	13	80
GCA_000142805.1_uniform_200k_r07	GCA_000142805.1	uniform	200000	188895	8	8	8	0	0	0	0	7	1.0	1.0	1.0	0.875	0	18	92
GCA_000142805.1_uniform_200k_r08	GCA_000142805.1	uniform	200000	211324	8	8	8	0	0	0	0	5	1.0	1.0	1.0	0.625	0	16	81
GCA_000142805.1_uniform_200k_r09	GCA_000142805.1	uniform	200000	240524	8	8	8	0	0	0	0	7	1.0	1.0	1.0	0.875	0	15	77
GCA_000142805.1_uniform_200k_r10	GCA_000142805.1	uniform	200000	191933	8	8	8	0	0	0	0	8	1.0	1.0	1.0	1.0	0	18	88
GCA_000142805.1_uniform_20k_r01	GCA_000142805.1	uniform	20000	19321	8	8	8	0	0	0	0	1	1.0	1.0	1.0	0.125	0	168	887
GCA_000142805.1_uniform_20k_r02	GCA_000142805.1	uniform	20000	18705	8	7	7	1	0	1	1	3	0.875	0.875	0.875	0.375	0	184	921
GCA_000142805.1_uniform_20k_r03	GCA_000142805.1	uniform	20000	19721	8	8	8	0	0	0	0	1	1.0	1.0	1.0	0.125	0	174	930
GCA_000142805.1_uniform_20k_r04	GCA_000142805.1	uniform	20000	19827	8	8	8	0	0	0	0	0	1.0	1.0	1.0	0.0	0	168	885
GCA_000142805.1_uniform_20k_r05	GCA_000142805.1	uniform	20000	19502	8	8	8	0	0	0	0	3	1.0	1.0	1.0	0.375	0	171	897
GCA_000142805.1_uniform_20k_r06	GCA_000142805.1	uniform	20000	19287	8	8	8	0	0	0	0	0	1.0	1.0	1.0	0.0	0	169	867
GCA_000142805.1_uniform_20k_r07	GCA_000142805.1	uniform	20000	20743	8	7	7	1	0	1	1	1	0.875	0.875	0.875	0.125	0	158	878
GCA_000142805.1_uniform_20k_r08	GCA_000142805.1	uniform	20000	19713	8	8	8	0	0	0	0	1	1.0	1.0	1.0	0.125	0	166	884
GCA_000142805.1_uniform_20k_r09	GCA_000142805.1	uniform	20000	18707	8	8	8	0	0	0	0	0	1.0	1.0	1.0	0.0	0	167	907
GCA_000142805.1_uniform_20k_r10	GCA_000142805.1	uniform	20000	20336	8	8	8	0	0	0	0	1	1.0	1.0	1.0	0.125	0	165	889
GCA_000142805.1_uniform_500k_r01	GCA_000142805.1	uniform	500000	634042	8	8	8	0	0	0	0	8	1.0	1.0	1.0	1.0	0	6	30
GCA_000142805.1_uniform_500k_r02	GCA_000142805.1	uniform	500000	409532	8	8	8	0	0	0	0	8	1.0	1.0	1.0	1.0	0	9	41
GCA_000142805.1_uniform_500k_r03	GCA_000142805.1	uniform	500000	676992	8	8	8	0	0	0	0	7	1.0	1.0	1.0	0.875	0	6	31
GCA_000142805.1_uniform_500k_r04	GCA_000142805.1	uniform	500000	440835	8	8	8	0	0	0	0	7	1.0	1.0	1.0	0.875	0	9	36
GCA_000142805.1_uniform_500k_r05	GCA_000142805.1	uniform	500000	438399	8	8	8	0	0	0	0	8	1.0	1.0	1.0	1.0	0	8	37
GCA_000142805.1_uniform_500k_r06	GCA_000142805.1	uniform	500000	613490	8	8	8	0	0	0	0	8	1.0	1.0	1.0	1.0	0	7	35
GCA_000142805.1_uniform_500k_r07	GCA_000142805.1	uniform	500000	612619	8	8	8	0	0	0	0	8	1.0	1.0	1.0	1.0	0	6	28
GCA_000142805.1_uniform_500k_r08	GCA_000142805.1	uniform	500000	550857	8	8	8	0	0	0	0	8	1.0	1.0	1.0	1.0	0	7	34
GCA_000142805.1_uniform_500k_r09	GCA_000142805.1	uniform	500000	381840	8	8	8	0	0	0	0	7	1.0	1.0	1.0	0.875	0	10	44
GCA_000142805.1_uniform_500k_r10	GCA_000142805.1	uniform	500000	582068	8	8	8	0	0	0	0	8	1.0	1.0	1.0	1.0	0	6	29
GCA_000142805.1_uniform_50k_r01	GCA_000142805.1	uniform	50000	49213	8	8	8	0	0	0	0	5	1.0	1.0	1.0	0.625	0	74	369
GCA_000142805.1_uniform_50k_r02	GCA_000142805.1	uniform	50000	50968	8	8	8	0	0	0	0	3	1.0	1.0	1.0	0.375	0	65	323
GCA_000142805.1_uniform_50k_r03	GCA_000142805.1	uniform	50000	48815	8	8	8	0	0	0	0	2	1.0	1.0	1.0	0.25	0	69	382
GCA_000142805.1_uniform_50k_r04	GCA_000142805.1	uniform	50000	48387	8	8	8	0	0	0	0	4	1.0	1.0	1.0	0.5	0	70	370
GCA_000142805.1_uniform_50k_r05	GCA_000142805.1	uniform	50000	48608	8	8	8	0	0	0	0	4	1.0	1.0	1.0	0.5	0	68	369
GCA_000142805.1_uniform_50k_r06	GCA_000142805.1	uniform	50000	60797	8	8	8	0	0	0	0	5	1.0	1.0	1.0	0.625	0	55	315
GCA_000142805.1_uniform_50k_r07	GCA_000142805.1	uniform	50000	47501	8	8	8	0	0	0	0	4	1.0	1.0	1.0	0.5	0	71	353
GCA_000142805.1_uniform_50k_r08	GCA_000142805.1	uniform	50000	59530	8	8	8	0	0	0	0	5	1.0	1.0	1.0	0.625	0	56	311
GCA_000142805.1_uniform_50k_r09	GCA_000142805.1	uniform	50000	46898	8	8	8	0	0	0	0	5	1.0	1.0	1.0	0.625	0	70	351
GCA_000142805.1_uniform_50k_r10	GCA_000142805.1	uniform	50000	47558	8	8	8	0	0	0	0	1	1.0	1.0	1.0	0.125	0	73	369
GCA_000142805.1_uniform_5k_r01	GCA_000142805.1	uniform	5000	4801	8	7	7	1	0	1	1	0	0.875	0.875	0.875	0.0	0	670	3535
GCA_000142805.1_uniform_5k_r02	GCA_000142805.1	uniform	5000	4789	8	8	8	0	0	0	1	0	1.0	1.0	1.0	0.0	0	661	3576
GCA_000142805.1_uniform_5k_r03	GCA_000142805.1	uniform	5000	4824	8	8	8	0	0	0	0	0	1.0	1.0	1.0	0.0	0	662	3573
GCA_000142805.1_uniform_5k_r04	GCA_000142805.1	uniform	5000	4992	8	8	8	0	0	0	0	0	1.0	1.0	1.0	0.0	0	645	3549
GCA_000142805.1_uniform_5k_r05	GCA_000142805.1	uniform	5000	5028	8	7	7	1	0	1	1	0	0.875	0.875	0.875	0.0	0	649	3534
GCA_000142805.1_uniform_5k_r06	GCA_000142805.1	uniform	5000	4917	8	8	8	0	0	0	0	0	1.0	1.0	1.0	0.0	0	670	3583
GCA_000142805.1_uniform_5k_r07	GCA_000142805.1	uniform	5000	4851	8	8	8	0	0	0	0	0	1.0	1.0	1.0	0.0	0	651	3471
GCA_000142805.1_uniform_5k_r08	GCA_000142805.1	uniform	5000	4863	8	8	8	0	0	0	1	0	1.0	1.0	1.0	0.0	0	688	3579
GCA_000142805.1_uniform_5k_r09	GCA_000142805.1	uniform	5000	4990	8	8	8	0	0	0	0	0	1.0	1.0	1.0	0.0	0	664	3449
GCA_000142805.1_uniform_5k_r10	GCA_000142805.1	uniform	5000	4935	8	8	8	0	0	0	0	0	1.0	1.0	1.0	0.0	0	656	3493
GCA_000146045.2_at_weighted_1000k_r01	GCA_000146045.2	at_weighted	1000000	924431	16	16	16	0	0	0	0	16	1.0	1.0	1.0	1.0	0	6	16
GCA_000146045.2_at_weighted_1000k_r02	GCA_000146045.2	at_weighted	1000000	924431	16	16	16	0	0	0	0	16	1.0	1.0	1.0	1.0	0	6	16
GCA_000146045.2_at_weighted_1000k_r03	GCA_000146045.2	at_weighted	1000000	924431	16	16	16	0	0	0	0	16	1.0	1.0	1.0	1.0	0	6	16
GCA_000146045.2_at_weighted_1000k_r04	GCA_000146045.2	at_weighted	1000000	924431	16	16	16	0	0	0	0	16	1.0	1.0	1.0	1.0	0	6	16
GCA_000146045.2_at_weighted_1000k_r05	GCA_000146045.2	at_weighted	1000000	924431	16	16	16	0	0	0	0	16	1.0	1.0	1.0	1.0	0	6	16
GCA_000146045.2_at_weighted_1000k_r06	GCA_000146045.2	at_weighted	1000000	924431	16	16	16	0	0	0	0	16	1.0	1.0	1.0	1.0	0	6	16
GCA_000146045.2_at_weighted_1000k_r07	GCA_000146045.2	at_weighted	1000000	924431	16	16	16	0	0	0	0	16	1.0	1.0	1.0	1.0	0	6	16
GCA_000146045.2_at_weighted_1000k_r08	GCA_000146045.2	at_weighted	1000000	924431	16	16	16	0	0	0	0	16	1.0	1.0	1.0	1.0	0	6	16
GCA_000146045.2_at_weighted_1000k_r09	GCA_000146045.2	at_weighted	1000000	924431	16	16	16	0	0	0	0	16	1.0	1.0	1.0	1.0	0	6	16
GCA_000146045.2_at_weighted_1000k_r10	GCA_000146045.2	at_weighted	1000000	924431	16	16	16	0	0	0	0	16	1.0	1.0	1.0	1.0	0	6	16
GCA_000146045.2_at_weighted_100k_r01	GCA_000146045.2	at_weighted	100000	119308	16	16	16	0	0	0	0	13	1.0	1.0	1.0	0.8125	0	33	173
GCA_000146045.2_at_weighted_100k_r02	GCA_000146045.2	at_weighted	100000	106405	16	16	16	0	0	0	0	11	1.0	1.0	1.0	0.6875	1	38	182
GCA_000146045.2_at_weighted_100k_r03	GCA_000146045.2	at_weighted	100000	95470	16	16	16	0	0	0	0	13	1.0	1.0	1.0	0.8125	1	39	204
GCA_000146045.2_at_weighted_100k_r04	GCA_000146045.2	at_weighted	100000	93632	16	16	16	0	0	0	0	12	1.0	1.0	1.0	0.75	0	44	213
GCA_000146045.2_at_weighted_100k_r05	GCA_000146045.2	at_weighted	100000	103544	16	16	16	0	0	0	0	10	1.0	1.0	1.0	0.625	1	38	201
GCA_000146045.2_at_weighted_100k_r06	GCA_000146045.2	at_weighted	100000	104185	16	16	16	0	0	0	0	10	1.0	1.0	1.0	0.625	0	38	197
GCA_000146045.2_at_weighted_100k_r07	GCA_000146045.2	at_weighted	100000	89554	16	16	16	0	0	0	0	11	1.0	1.0	1.0	0.6875	1	38	201
GCA_000146045.2_at_weighted_100k_r08	GCA_000146045.2	at_weighted	100000	95995	16	16	16	0	0	0	0	11	1.0	1.0	1.0	0.6875	1	40	213
GCA_000146045.2_at_weighted_100k_r09	GCA_000146045.2	at_weighted	100000	82192	16	15	15	1	0	1	1	9	0.9375	0.9375	0.9375	0.5625	1	44	217
GCA_000146045.2_at_weighted_100k_r10	GCA_000146045.2	at_weighted	100000	103018	16	16	16	0	0	0	0	13	1.0	1.0	1.0	0.8125	0	41	175
GCA_000146045.2_at_weighted_10k_r01	GCA_000146045.2	at_weighted	10000	9942	16	14	14	2	0	2	2	0	0.875	0.875	0.875	0.0	1	385	1980
GCA_000146045.2_at_weighted_10k_r02	GCA_000146045.2	at_weighted	10000	10032	16	15	15	1	0	1	1	0	0.9375	0.9375	0.9375	0.0	1	386	2055
GCA_000146045.2_at_weighted_10k_r03	GCA_000146045.2	at_weighted	10000	9854	16	14	14	2	0	2	2	1	0.875	0.875	0.875	0.0625	1	384	2042
GCA_000146045.2_at_weighted_10k_r04	GCA_000146045.2	at_weighted	10000	10074	16	15	15	1	0	1	1	0	0.9375	0.9375	0.9375	0.0	1	381	2029
GCA_000146045.2_at_weighted_10k_r05	GCA_000146045.2	at_weighted	10000	10525	16	15	15	1	0	1	1	0	0.9375	0.9375	0.9375	0.0	1	364	2011
GCA_000146045.2_at_weighted_10k_r06	GCA_000146045.2	at_weighted	10000	9895	16	15	15	1	0	1	1	1	0.9375	0.9375	0.9375	0.0625	1	381	2060
GCA_000146045.2_at_weighted_10k_r07	GCA_000146045.2	at_weighted	10000	10459	16	16	16	0	0	0	0	1	1.0	1.0	1.0	0.0625	1	368	2010
GCA_000146045.2_at_weighted_10k_r08	GCA_000146045.2	at_weighted	10000	10507	16	15	15	1	0	1	1	0	0.9375	0.9375	0.9375	0.0	1	357	1967
GCA_000146045.2_at_weighted_10k_r09	GCA_000146045.2	at_weighted	10000	9845	16	15	15	1	0	1	1	0	0.9375	0.9375	0.9375	0.0	1	387	2103
GCA_000146045.2_at_weighted_10k_r10	GCA_000146045.2	at_weighted	10000	9916	16	14	14	2	0	2	3	1	0.875	0.875	0.875	0.0625	1	378	2054
GCA_000146045.2_at_weighted_200k_r01	GCA_000146045.2	at_weighted	200000	211229	16	16	16	0	0	0	0	14	1.0	1.0	1.0	0.875	0	20	101
GCA_000146045.2_at_weighted_200k_r02	GCA_000146045.2	at_weighted	200000	180239	16	15	15	1	0	1	1	13	0.9375	0.9375	0.9375	0.8125	1	21	101
GCA_000146045.2_at_weighted_200k_r03	GCA_000146045.2	at_weighted	200000	222118	16	16	16	0	0	0	0	15	1.0	1.0	1.0	0.9375	1	18	93
GCA_000146045.2_at_weighted_200k_r04	GCA_000146045.2	at_weighted	200000	220894	16	16	16	0	0	0	0	13	1.0	1.0	1.0	0.8125	1	18	99
GCA_000146045.2_at_weighted_200k_r05	GCA_000146045.2	at_weighted	200000	211570	16	16	16	0	0	0	0	12	1.0	1.0	1.0	0.75	0	19	96
GCA_000146045.2_at_weighted_200k_r06	GCA_000146045.2	at_weighted	200000	242933	16	16	16	0	0	0	0	12	1.0	1.0	1.0	0.75	1	16	83
GCA_000146045.2_at_weighted_200k_r07	GCA_000146045.2	at_weighted	200000	226923	16	16	16	0	0	0	0	11	1.0	1.0	1.0	0.6875	0	17	83
GCA_000146045.2_at_weighted_200k_r08	GCA_000146045.2	at_weighted	200000	255924	16	16	16	0	0	0	0	14	1.0	1.0	1.0	0.875	1	16	72
GCA_000146045.2_at_weighted_200k_r09	GCA_000146045.2	at_weighted	200000	214729	16	16	16	0	0	0	0	14	1.0	1.0	1.0	0.875	1	18	82
GCA_000146045.2_at_weighted_200k_r10	GCA_000146045.2	at_weighted	200000	174956	16	16	16	0	0	0	0	14	1.0	1.0	1.0	0.875	1	22	108
GCA_000146045.2_at_weighted_20k_r01	GCA_000146045.2	at_weighted	20000	19793	16	14	14	2	0	2	3	3	0.875	0.875	0.875	0.1875	1	188	1029
GCA_000146045.2_at_weighted_20k_r02	GCA_000146045.2	at_weighted	20000	19010	16	16	16	0	0	0	0	0	1.0	1.0	1.0	0.0	1	198	1053
GCA_000146045.2_at_weighted_20k_r03	GCA_000146045.2	at_weighted	20000	20204	16	15	15	1	0	1	1	4	0.9375	0.9375	0.9375	0.25	1	191	1048
GCA_000146045.2_at_weighted_20k_r04	GCA_000146045.2	at_weighted	20000	20168	16	15	15	1	0	1	1	3	0.9375	0.9375	0.9375	0.1875	1	194	1012
GCA_000146045.2_at_weighted_20k_r05	GCA_000146045.2	at_weighted	20000	19848	16	15	15	1	0	1	1	2	0.9375	0.9375	0.9375	0.125	1	191	1016
GCA_000146045.2_at_weighted_20k_r06	GCA_000146045.2	at_weighted	20000	21640	16	16	16	0	0	0	0	1	1.0	1.0	1.0	0.0625	1	183	1004
GCA_000146045.2_at_weighted_20k_r07	GCA_000146045.2	at_weighted	20000	20932	16	15	15	1	0	1	1	4	0.9375	0.9375	0.9375	0.25	1	176	973
GCA_000146045.2_at_weighted_20k_r08	GCA_000146045.2	at_weighted	20000	18169	16	14	14	2	0	2	2	5	0.875	0.875	0.875	0.3125	1	197	1068
GCA_000146045.2_at_weighted_20k_r09	GCA_000146045.2	at_weighted	20000	20230	16	16	16	0	0	0	0	2	1.0	1.0	1.0	0.125	1	192	1014
GCA_000146045.2_at_weighted_20k_r10	GCA_000146045.2	at_weighted	20000	20819	16	16	16	0	0	0	0	1	1.0	1.0	1.0	0.0625	1	188	1020
GCA_000146045.2_at_weighted_500k_r01	GCA_000146045.2	at_weighted	500000	583416	16	16	16	0	0	0	0	16	1.0	1.0	1.0	1.0	0	8	40
GCA_000146045.2_at_weighted_500k_r02	GCA_000146045.2	at_weighted	500000	576874	16	16	16	0	0	0	0	16	1.0	1.0	1.0	1.0	0	8	36
GCA_000146045.2_at_weighted_500k_r03	GCA_000146045.2	at_weighted	500000	330454	16	16	16	0	0	0	0	16	1.0	1.0	1.0	1.0	0	12	49
GCA_000146045.2_at_weighted_500k_r04	GCA_000146045.2	at_weighted	500000	444888	16	16	16	0	0	0	0	12	1.0	1.0	1.0	0.75	0	10	50
GCA_000146045.2_at_weighted_500k_r05	GCA_000146045.2	at_weighted	500000	550239	16	15	15	1	0	1	1	15	0.9375	0.9375	0.9375	0.9375	0	9	47
GCA_000146045.2_at_weighted_500k_r06	GCA_000146045.2	at_weighted	500000	412139	16	16	16	0	0	0	0	16	1.0	1.0	1.0	1.0	1	11	44
GCA_000146045.2_at_weighted_500k_r07	GCA_000146045.2	at_weighted	500000	415795	16	16	16	0	0	0	0	15	1.0	1.0	1.0	0.9375	1	9	52
GCA_000146045.2_at_weighted_500k_r08	GCA_000146045.2	at_weighted	500000	432471	16	16	16	0	0	0	0	16	1.0	1.0	1.0	1.0	0	8	35
GCA_000146045.2_at_weighted_500k_r09	GCA_000146045.2	at_weighted	500000	365824	16	16	16	0	0	0	0	14	1.0	1.0	1.0	0.875	0	10	39
GCA_000146045.2_at_weighted_500k_r10	GCA_000146045.2	at_weighted	500000	495450	16	16	16	0	0	0	0	16	1.0	1.0	1.0	1.0	0	8	36
GCA_000146045.2_at_weighted_50k_r01	GCA_000146045.2	at_weighted	50000	49163	16	15	15	1	0	1	1	7	0.9375	0.9375	0.9375	0.4375	1	82	424
GCA_000146045.2_at_weighted_50k_r02	GCA_000146045.2	at_weighted	50000	53790	16	15	15	1	0	1	1	11	0.9375	0.9375	0.9375	0.6875	1	73	378
GCA_000146045.2_at_weighted_50k_r03	GCA_000146045.2	at_weighted	50000	53864	16	16	16	0	0	0	0	6	1.0	1.0	1.0	0.375	1	74	435
GCA_000146045.2_at_weighted_50k_r04	GCA_000146045.2	at_weighted	50000	51662	16	15	15	1	0	1	1	10	0.9375	0.9375	0.9375	0.625	1	72	385
GCA_000146045.2_at_weighted_50k_r05	GCA_000146045.2	at_weighted	50000	49159	16	16	16	0	0	0	0	7	1.0	1.0	1.0	0.4375	1	76	417
GCA_000146045.2_at_weighted_50k_r06	GCA_000146045.2	at_weighted	50000	47524	16	16	16	0	0	0	0	3	1.0	1.0	1.0	0.1875	1	77	407
GCA_000146045.2_at_weighted_50k_r07	GCA_000146045.2	at_weighted	50000	57395	16	16	16	0	0	0	0	9	1.0	1.0	1.0	0.5625	1	70	374
GCA_000146045.2_at_weighted_50k_r08	GCA_000146045.2	at_weighted	50000	46526	16	16	16	0	0	0	0	11	1.0	1.0	1.0	0.6875	1	79	427
GCA_000146045.2_at_weighted_50k_r09	GCA_000146045.2	at_weighted	50000	51462	16	16	16	0	0	0	0	6	1.0	1.0	1.0	0.375	1	76	408
GCA_000146045.2_at_weighted_50k_r10	GCA_000146045.2	at_weighted	50000	48972	16	16	16	0	0	0	0	8	1.0	1.0	1.0	0.5	0	80	389
GCA_000146045.2_at_weighted_5k_r01	GCA_000146045.2	at_weighted	5000	5095	16	12	12	4	0	4	5	0	0.75	0.75	0.75	0.0	1	735	4058
GCA_000146045.2_at_weighted_5k_r02	GCA_000146045.2	at_weighted	5000	5100	16	13	13	3	0	3	4	0	0.8125	0.8125	0.8125	0.0	1	722	4013
GCA_000146045.2_at_weighted_5k_r03	GCA_000146045.2	at_weighted	5000	5119	16	14	14	2	0	2	2	0	0.875	0.875	0.875	0.0	1	744	4066
GCA_000146045.2_at_weighted_5k_r04	GCA_000146045.2	at_weighted	5000	5002	16	14	14	2	0	2	2	0	0.875	0.875	0.875	0.0	1	764	4094
GCA_000146045.2_at_weighted_5k_r05	GCA_000146045.2	at_weighted	5000	5014	16	13	13	3	0	3	3	0	0.8125	0.8125	0.8125	0.0	1	750	4040
GCA_000146045.2_at_weighted_5k_r06	GCA_000146045.2	at_weighted	5000	5040	16	15	15	1	0	1	2	0	0.9375	0.9375	0.9375	0.0	1	747	3988
GCA_000146045.2_at_weighted_5k_r07	GCA_000146045.2	at_weighted	5000	5234	16	15	15	1	0	1	2	0	0.9375	0.9375	0.9375	0.0	0	732	4079
GCA_000146045.2_at_weighted_5k_r08	GCA_000146045.2	at_weighted	5000	5036	16	15	15	1	0	1	1	0	0.9375	0.9375	0.9375	0.0	0	742	4059
GCA_000146045.2_at_weighted_5k_r09	GCA_000146045.2	at_weighted	5000	5228	16	13	13	3	0	3	3	0	0.8125	0.8125	0.8125	0.0	1	723	4007
GCA_000146045.2_at_weighted_5k_r10	GCA_000146045.2	at_weighted	5000	5158	16	14	14	2	0	2	2	1	0.875	0.875	0.875	0.0625	1	743	4009
GCA_000146045.2_uniform_1000k_r01	GCA_000146045.2	uniform	1000000	924431	16	16	16	0	0	0	0	16	1.0	1.0	1.0	1.0	0	6	16
GCA_000146045.2_uniform_1000k_r02	GCA_000146045.2	uniform	1000000	924431	16	16	16	0	0	0	0	16	1.0	1.0	1.0	1.0	0	6	16
GCA_000146045.2_uniform_1000k_r03	GCA_000146045.2	uniform	1000000	924431	16	16	16	0	0	0	0	16	1.0	1.0	1.0	1.0	0	6	16
GCA_000146045.2_uniform_1000k_r04	GCA_000146045.2	uniform	1000000	924431	16	16	16	0	0	0	0	16	1.0	1.0	1.0	1.0	0	6	16
GCA_000146045.2_uniform_1000k_r05	GCA_000146045.2	uniform	1000000	924431	16	16	16	0	0	0	0	16	1.0	1.0	1.0	1.0	0	6	16
GCA_000146045.2_uniform_1000k_r06	GCA_000146045.2	uniform	1000000	924431	16	16	16	0	0	0	0	16	1.0	1.0	1.0	1.0	0	6	16
GCA_000146045.2_uniform_1000k_r07	GCA_000146045.2	uniform	1000000	924431	16	16	16	0	0	0	0	16	1.0	1.0	1.0	1.0	0	6	16
GCA_000146045.2_uniform_1000k_r08	GCA_000146045.2	uniform	1000000	924431	16	16	16	0	0	0	0	16	1.0	1.0	1.0	1.0	0	6	16
GCA_000146045.2_uniform_1000k_r09	GCA_000146045.2	uniform	1000000	924431	16	16	16	0	0	0	0	16	1.0	1.0	1.0	1.0	0	6	16
GCA_000146045.2_uniform_1000k_r10	GCA_000146045.2	uniform	1000000	924431	16	16	16	0	0	0	0	16	1.0	1.0	1.0	1.0	0	6	16
GCA_000146045.2_uniform_100k_r01	GCA_000146045.2	uniform	100000	84348	16	16	16	0	0	0	0	13	1.0	1.0	1.0	0.8125	1	43	215
GCA_000146045.2_uniform_100k_r02	GCA_000146045.2	uniform	100000	118074	16	16	16	0	0	0	0	14	1.0	1.0	1.0	0.875	1	34	189
GCA_000146045.2_uniform_100k_r03	GCA_000146045.2	uniform	100000	108358	16	16	16	0	0	0	0	12	1.0	1.0	1.0	0.75	0	34	181
GCA_000146045.2_uniform_100k_r04	GCA_000146045.2	uniform	100000	89960	16	16	16	0	0	0	0	11	1.0	1.0	1.0	0.6875	1	42	222
GCA_000146045.2_uniform_100k_r05	GCA_000146045.2	uniform	100000	132273	16	16	16	0	0	0	0	11	1.0	1.0	1.0	0.6875	0	29	176
GCA_000146045.2_uniform_100k_r06	GCA_000146045.2	uniform	100000	114236	16	16	16	0	0	0	0	11	1.0	1.0	1.0	0.6875	0	38	182
GCA_000146045.2_uniform_100k_r07	GCA_000146045.2	uniform	100000	88173	16	16	16	0	0	0	0	12	1.0	1.0	1.0	0.75	0	38	223
GCA_000146045.2_uniform_100k_r08	GCA_000146045.2	uniform	100000	78002	16	15	15	1	0	1	1	11	0.9375	0.9375	0.9375	0.6875	1	45	236
GCA_000146045.2_uniform_100k_r09	GCA_000146045.2	uniform	100000	101761	16	16	16	0	0	0	0	12	1.0	1.0	1.0	0.75	1	42	222
GCA_000146045.2_uniform_100k_r10	GCA_000146045.2	uniform	100000	96482	16	16	16	0	0	0	0	15	1.0	1.0	1.0	0.9375	1	38	201
GCA_000146045.2_uniform_10k_r01	GCA_000146045.2	uniform	10000	9628	16	15	15	1	0	1	1	1	0.9375	0.9375	0.9375	0.0625	1	387	2101
GCA_000146045.2_uniform_10k_r02	GCA_000146045.2	uniform	10000	9881	16	16	16	0	0	0	0	0	1.0	1.0	1.0	0.0	1	381	2036
GCA_000146045.2_uniform_10k_r03	GCA_000146045.2	uniform	10000	10316	16	14	14	2	0	2	2	1	0.875	0.875	0.875	0.0625	0	350	1963
GCA_000146045.2_uniform_10k_r04	GCA_000146045.2	uniform	10000	10400	16	16	16	0	0	0	0	3	1.0	1.0	1.0	0.1875	1	368	1990
GCA_000146045.2_uniform_10k_r05	GCA_000146045.2	uniform	10000	9720	16	16	16	0	0	0	0	0	1.0	1.0	1.0	0.0	1	394	2057
GCA_000146045.2_uniform_10k_r06	GCA_000146045.2	uniform	10000	10276	16	16	16	0	0	0	0	0	1.0	1.0	1.0	0.0	1	377	2045
GCA_000146045.2_uniform_10k_r07	GCA_000146045.2	uniform	10000	9831	16	15	15	1	0	1	1	0	0.9375	0.9375	0.9375	0.0	1	388	2028
GCA_000146045.2_uniform_10k_r08	GCA_000146045.2	uniform	10000	9507	16	16	16	0	0	0	0	0	1.0	1.0	1.0	0.0	1	402	2129
GCA_000146045.2_uniform_10k_r09	GCA_000146045.2	uniform	10000	9852	16	15	15	1	0	1	1	0	0.9375	0.9375	0.9375	0.0	1	390	2037
GCA_000146045.2_uniform_10k_r10	GCA_000146045.2	uniform	10000	9865	16	16	16	0	0	0	0	1	1.0	1.0	1.0	0.0625	1	386	2016
GCA_000146045.2_uniform_200k_r01	GCA_000146045.2	uniform	200000	207396	16	16	16	0	0	0	0	14	1.0	1.0	1.0	0.875	0	19	100
GCA_000146045.2_uniform_200k_r02	GCA_000146045.2	uniform	200000	228216	16	16	16	0	0	0	0	16	1.0	1.0	1.0	1.0	1	17	88
GCA_000146045.2_uniform_200k_r03	GCA_000146045.2	uniform	200000	202871	16	16	16	0	0	0	0	15	1.0	1.0	1.0	0.9375	1	21	104
GCA_000146045.2_uniform_200k_r04	GCA_000146045.2	uniform	200000	230218	16	16	16	0	0	0	0	14	1.0	1.0	1.0	0.875	0	19	83
GCA_000146045.2_uniform_200k_r05	GCA_000146045.2	uniform	200000	207112	16	16	16	0	0	0	0	15	1.0	1.0	1.0	0.9375	1	20	98
GCA_000146045.2_uniform_200k_r06	GCA_000146045.2	uniform	200000	191339	16	16	16	0	0	0	0	15	1.0	1.0	1.0	0.9375	1	22	106
GCA_000146045.2_uniform_200k_r07	GCA_000146045.2	uniform	200000	210333	16	16	16	0	0	0	0	15	1.0	1.0	1.0	0.9375	1	18	95
GCA_000146045.2_uniform_200k_r08	GCA_000146045.2	uniform	200000	233716	16	16	16	0	0	0	0	14	1.0	1.0	1.0	0.875	0	17	83
GCA_000146045.2_uniform_200k_r09	GCA_000146045.2	uniform	200000	270159	16	16	16	0	0	0	0	14	1.0	1.0	1.0	0.875	0	14	85
GCA_000146045.2_uniform_200k_r10	GCA_000146045.2	uniform	200000	193564	16	16	16	0	0	0	0	14	1.0	1.0	1.0	0.875	0	22	91
GCA_000146045.2_uniform_20k_r01	GCA_000146045.2	uniform	20000	19763	16	16	16	0	0	0	0	3	1.0	1.0	1.0	0.1875	1	193	998
GCA_000146045.2_uniform_20k_r02	GCA_000146045.2	uniform	20000	19958	16	15	15	1	0	1	1	6	0.9375	0.9375	0.9375	0.375	1	198	1028
GCA_000146045.2_uniform_20k_r03	GCA_000146045.2	uniform	20000	18232	16	15	15	1	0	1	1	3	0.9375	0.9375	0.9375	0.1875	1	203	1055
GCA_000146045.2_uniform_20k_r04	GCA_000146045.2	uniform	20000	19928	16	14	14	2	0	2	3	2	0.875	0.875	0.875	0.125	1	188	1038
GCA_000146045.2_uniform_20k_r05	GCA_000146045.2	uniform	20000	18423	16	16	16	0	0	0	0	1	1.0	1.0	1.0	0.0625	1	207	1060
GCA_000146045.2_uniform_20k_r06	GCA_000146045.2	uniform	20000	20102	16	16	16	0	0	0	0	2	1.0	1.0	1.0	0.125	1	182	982
GCA_000146045.2_uniform_20k_r07	GCA_000146045.2	uniform	20000	22070	16	15	15	1	0	1	2	3	0.9375	0.9375	0.9375	0.1875	1	172	980
GCA_000146045.2_uniform_20k_r08	GCA_000146045.2	uniform	20000	19170	16	16	16	0	0	0	1	2	1.0	1.0	1.0	0.125	1	200	1035
GCA_000146045.2_uniform_20k_r09	GCA_000146045.2	uniform	20000	18784	16	16	16	0	0	0	1	4	1.0	1.0	1.0	0.25	1	191	1059
GCA_000146045.2_uniform_20k_r10	GCA_000146045.2	uniform	20000	18735	16	16	16	0	0	0	0	4	1.0	1.0	1.0	0.25	1	195	1062
GCA_000146045.2_uniform_500k_r01	GCA_000146045.2	uniform	500000	452184	16	16	16	0	0	0	0	16	1.0	1.0	1.0	1.0	0	10	39
GCA_000146045.2_uniform_500k_r02	GCA_000146045.2	uniform	500000	440292	16	16	16	0	0	0	0	15	1.0	1.0	1.0	0.9375	1	9	36
GCA_000146045.2_uniform_500k_r03	GCA_000146045.2	uniform	500000	448821	16	16	16	0	0	0	0	14	1.0	1.0	1.0	0.875	0	11	42
GCA_000146045.2_uniform_500k_r04	GCA_000146045.2	uniform	500000	562643	16	16	16	0	0	0	0	16	1.0	1.0	1.0	1.0	1	8	33
GCA_000146045.2_uniform_500k_r05	GCA_000146045.2	uniform	500000	576715	16	16	16	0	0	0	0	16	1.0	1.0	1.0	1.0	0	7	33
GCA_000146045.2_uniform_500k_r06	GCA_000146045.2	uniform	500000	475137	16	16	16	0	0	0	0	16	1.0	1.0	1.0	1.0	0	10	42
GCA_000146045.2_uniform_500k_r07	GCA_000146045.2	uniform	500000	587274	16	16	16	0	0	0	0	16	1.0	1.0	1.0	1.0	1	8	33
GCA_000146045.2_uniform_500k_r08	GCA_000146045.2	uniform	500000	784333	16	16	16	0	0	0	0	15	1.0	1.0	1.0	0.9375	0	7	37
GCA_000146045.2_uniform_500k_r09	GCA_000146045.2	uniform	500000	484592	16	16	16	0	0	0	0	16	1.0	1.0	1.0	1.0	0	10	38
GCA_000146045.2_uniform_500k_r10	GCA_000146045.2	uniform	500000	527184	16	16	16	0	0	0	0	16	1.0	1.0	1.0	1.0	0	10	32
GCA_000146045.2_uniform_50k_r01	GCA_000146045.2	uniform	50000	50640	16	16	16	0	0	0	0	6	1.0	1.0	1.0	0.375	1	75	420
GCA_000146045.2_uniform_50k_r02	GCA_000146045.2	uniform	50000	45255	16	15	15	1	0	1	1	8	0.9375	0.9375	0.9375	0.5	1	76	402
GCA_000146045.2_uniform_50k_r03	GCA_000146045.2	uniform	50000	43688	16	16	16	0	0	0	0	6	1.0	1.0	1.0	0.375	1	87	430
GCA_000146045.2_uniform_50k_r04	GCA_000146045.2	uniform	50000	50696	16	16	16	0	0	0	0	9	1.0	1.0	1.0	0.5625	1	77	401
GCA_000146045.2_uniform_50k_r05	GCA_000146045.2	uniform	50000	49060	16	16	16	0	0	0	0	10	1.0	1.0	1.0	0.625	1	77	416
GCA_000146045.2_uniform_50k_r06	GCA_000146045.2	uniform	50000	49163	16	16	16	0	0	0	0	8	1.0	1.0	1.0	0.5	1	81	424
GCA_000146045.2_uniform_50k_r07	GCA_000146045.2	uniform	50000	53020	16	16	16	0	0	0	0	7	1.0	1.0	1.0	0.4375	1	73	385
GCA_000146045.2_uniform_50k_r08	GCA_000146045.2	uniform	50000	52755	16	16	16	0	0	0	0	9	1.0	1.0	1.0	0.5625	1	75	364
GCA_000146045.2_uniform_50k_r09	GCA_000146045.2	uniform	50000	51018	16	16	16	0	0	0	0	9	1.0	1.0	1.0	0.5625	1	75	402
GCA_000146045.2_uniform_50k_r10	GCA_000146045.2	uniform	50000	52576	16	16	16	0	0	0	0	8	1.0	1.0	1.0	0.5	1	73	402
GCA_000146045.2_uniform_5k_r01	GCA_000146045.2	uniform	5000	5187	16	14	14	2	0	2	2	0	0.875	0.875	0.875	0.0	1	742	3988
GCA_000146045.2_uniform_5k_r02	GCA_000146045.2	uniform	5000	5018	16	16	16	0	0	0	0	0	1.0	1.0	1.0	0.0	1	758	4052
GCA_000146045.2_uniform_5k_r03	GCA_000146045.2	uniform	5000	4908	16	15	15	1	0	1	1	0	0.9375	0.9375	0.9375	0.0	1	758	4072
GCA_000146045.2_uniform_5k_r04	GCA_000146045.2	uniform	5000	5069	16	16	16	0	0	0	0	0	1.0	1.0	1.0	0.0	1	754	4044
GCA_000146045.2_uniform_5k_r05	GCA_000146045.2	uniform	5000	5014	16	15	15	1	0	1	1	0	0.9375	0.9375	0.9375	0.0	1	760	4060
GCA_000146045.2_uniform_5k_r06	GCA_000146045.2	uniform	5000	4940	16	16	16	0	0	0	0	0	1.0	1.0	1.0	0.0	1	770	4084
GCA_000146045.2_uniform_5k_r07	GCA_000146045.2	uniform	5000	5036	16	15	15	1	0	1	1	0	0.9375	0.9375	0.9375	0.0	0	767	4004
GCA_000146045.2_uniform_5k_r08	GCA_000146045.2	uniform	5000	5048	16	16	16	0	0	0	0	0	1.0	1.0	1.0	0.0	1	737	3963
GCA_000146045.2_uniform_5k_r09	GCA_000146045.2	uniform	5000	4795	16	16	16	0	0	0	0	0	1.0	1.0	1.0	0.0	1	778	4133
GCA_000146045.2_uniform_5k_r10	GCA_000146045.2	uniform	5000	5033	16	15	15	1	0	1	1	0	0.9375	0.9375	0.9375	0.0	1	769	4063
GCA_000243375.1_at_weighted_1000k_r01	GCA_000243375.1	at_weighted	1000000	312204	8	8	8	0	0	0	0	8	1.0	1.0	1.0	1.0	0	9	64
GCA_000243375.1_at_weighted_1000k_r02	GCA_000243375.1	at_weighted	1000000	312204	8	8	8	0	0	0	0	8	1.0	1.0	1.0	1.0	0	9	64
GCA_000243375.1_at_weighted_1000k_r03	GCA_000243375.1	at_weighted	1000000	312204	8	8	8	0	0	0	0	8	1.0	1.0	1.0	1.0	0	9	64
GCA_000243375.1_at_weighted_1000k_r04	GCA_000243375.1	at_weighted	1000000	312204	8	8	8	0	0	0	0	8	1.0	1.0	1.0	1.0	0	9	64
GCA_000243375.1_at_weighted_1000k_r05	GCA_000243375.1	at_weighted	1000000	312204	8	8	8	0	0	0	0	8	1.0	1.0	1.0	1.0	0	9	64
GCA_000243375.1_at_weighted_1000k_r06	GCA_000243375.1	at_weighted	1000000	312204	8	8	8	0	0	0	0	8	1.0	1.0	1.0	1.0	0	9	64
GCA_000243375.1_at_weighted_1000k_r07	GCA_000243375.1	at_weighted	1000000	312204	8	8	8	0	0	0	0	8	1.0	1.0	1.0	1.0	0	9	64
GCA_000243375.1_at_weighted_1000k_r08	GCA_000243375.1	at_weighted	1000000	312204	8	8	8	0	0	0	0	8	1.0	1.0	1.0	1.0	0	9	64
GCA_000243375.1_at_weighted_1000k_r09	GCA_000243375.1	at_weighted	1000000	312204	8	8	8	0	0	0	0	8	1.0	1.0	1.0	1.0	0	9	64
GCA_000243375.1_at_weighted_1000k_r10	GCA_000243375.1	at_weighted	1000000	312204	8	8	8	0	0	0	0	8	1.0	1.0	1.0	1.0	0	9	64
GCA_000243375.1_at_weighted_100k_r01	GCA_000243375.1	at_weighted	100000	109002	8	8	8	0	0	0	0	3	1.0	1.0	1.0	0.375	1	31	181
GCA_000243375.1_at_weighted_100k_r02	GCA_000243375.1	at_weighted	100000	94176	8	8	8	0	0	0	0	7	1.0	1.0	1.0	0.875	1	35	189
GCA_000243375.1_at_weighted_100k_r03	GCA_000243375.1	at_weighted	100000	90532	8	8	8	0	0	0	0	8	1.0	1.0	1.0	1.0	1	31	177
GCA_000243375.1_at_weighted_100k_r04	GCA_000243375.1	at_weighted	100000	96828	8	8	8	0	0	0	0	7	1.0	1.0	1.0	0.875	1	31	168
GCA_000243375.1_at_weighted_100k_r05	GCA_000243375.1	at_weighted	100000	94271	8	7	7	1	0	1	1	3	0.875	0.875	0.875	0.375	1	33	199
GCA_000243375.1_at_weighted_100k_r06	GCA_000243375.1	at_weighted	100000	84982	8	8	8	0	0	0	0	7	1.0	1.0	1.0	0.875	1	32	183
GCA_000243375.1_at_weighted_100k_r07	GCA_000243375.1	at_weighted	100000	87047	8	8	8	0	0	0	0	7	1.0	1.0	1.0	0.875	1	36	176
GCA_000243375.1_at_weighted_100k_r08	GCA_000243375.1	at_weighted	100000	104147	8	8	8	0	0	0	0	6	1.0	1.0	1.0	0.75	1	31	176
GCA_000243375.1_at_weighted_100k_r09	GCA_000243375.1	at_weighted	100000	80167	8	8	8	0	0	0	0	6	1.0	1.0	1.0	0.75	1	35	188
GCA_000243375.1_at_weighted_100k_r10	GCA_000243375.1	at_weighted	100000	85483	8	8	8	0	0	0	0	7	1.0	1.0	1.0	0.875	1	33	194
GCA_000243375.1_at_weighted_10k_r01	GCA_000243375.1	at_weighted	10000	10004	8	8	8	0	0	0	1	0	1.0	1.0	1.0	0.0	1	293	1586
GCA_000243375.1_at_weighted_10k_r02	GCA_000243375.1	at_weighted	10000	10779	8	8	8	0	0	0	0	0	1.0	1.0	1.0	0.0	1	274	1478
GCA_000243375.1_at_weighted_10k_r03	GCA_000243375.1	at_weighted	10000	10245	8	7	7	1	0	1	1	0	0.875	0.875	0.875	0.0	1	286	1602
GCA_000243375.1_at_weighted_10k_r04	GCA_000243375.1	at_weighted	10000	10608	8	8	8	0	0	0	0	0	1.0	1.0	1.0	0.0	1	279	1537
GCA_000243375.1_at_weighted_10k_r05	GCA_000243375.1	at_weighted	10000	10529	8	8	8	0	0	0	0	0	1.0	1.0	1.0	0.0	1	268	1482
GCA_000243375.1_at_weighted_10k_r06	GCA_000243375.1	at_weighted	10000	9956	8	8	8	0	0	0	0	0	1.0	1.0	1.0	0.0	1	286	1548
GCA_000243375.1_at_weighted_10k_r07	GCA_000243375.1	at_weighted	10000	10393	8	7	7	1	0	1	1	0	0.875	0.875	0.875	0.0	1	286	1570
GCA_000243375.1_at_weighted_10k_r08	GCA_000243375.1	at_weighted	10000	10339	8	7	7	1	0	1	1	1	0.875	0.875	0.875	0.125	1	270	1556
GCA_000243375.1_at_weighted_10k_r09	GCA_000243375.1	at_weighted	10000	10244	8	8	8	0	0	0	0	0	1.0	1.0	1.0	0.0	1	283	1554
GCA_000243375.1_at_weighted_10k_r10	GCA_000243375.1	at_weighted	10000	10106	8	7	7	1	0	1	1	0	0.875	0.875	0.875	0.0	1	280	1541
GCA_000243375.1_at_weighted_200k_r01	GCA_000243375.1	at_weighted	200000	228432	8	8	8	0	0	0	0	8	1.0	1.0	1.0	1.0	1	14	92
GCA_000243375.1_at_weighted_200k_r02	GCA_000243375.1	at_weighted	200000	187463	8	8	8	0	0	0	0	7	1.0	1.0	1.0	0.875	1	14	99
GCA_000243375.1_at_weighted_200k_r03	GCA_000243375.1	at_weighted	200000	187463	8	8	8	0	0	0	0	8	1.0	1.0	1.0	1.0	1	14	94
GCA_000243375.1_at_weighted_200k_r04	GCA_000243375.1	at_weighted	200000	174427	8	8	8	0	0	0	0	8	1.0	1.0	1.0	1.0	1	15	98
GCA_000243375.1_at_weighted_200k_r05	GCA_000243375.1	at_weighted	200000	184075	8	8	8	0	0	0	0	7	1.0	1.0	1.0	0.875	1	16	103
GCA_000243375.1_at_weighted_200k_r06	GCA_000243375.1	at_weighted	200000	122485	8	8	8	0	0	0	0	8	1.0	1.0	1.0	1.0	1	18	112
GCA_000243375.1_at_weighted_200k_r07	GCA_000243375.1	at_weighted	200000	195877	8	8	8	0	0	0	0	7	1.0	1.0	1.0	0.875	1	14	96
GCA_000243375.1_at_weighted_200k_r08	GCA_000243375.1	at_weighted	200000	187463	8	8	8	0	0	0	0	8	1.0	1.0	1.0	1.0	0	13	93
GCA_000243375.1_at_weighted_200k_r09	GCA_000243375.1	at_weighted	200000	191215	8	8	8	0	0	0	0	8	1.0	1.0	1.0	1.0	1	17	95
GCA_000243375.1_at_weighted_200k_r10	GCA_000243375.1	at_weighted	200000	187665	8	8	8	0	0	0	0	7	1.0	1.0	1.0	0.875	1	16	94
GCA_000243375.1_at_weighted_20k_r01	GCA_000243375.1	at_weighted	20000	20017	8	8	8	0	0	0	0	0	1.0	1.0	1.0	0.0	1	147	796
GCA_000243375.1_at_weighted_20k_r02	GCA_000243375.1	at_weighted	20000	18759	8	8	8	0	0	0	0	1	1.0	1.0	1.0	0.125	1	156	839
GCA_000243375.1_at_weighted_20k_r03	GCA_000243375.1	at_weighted	20000	20484	8	8	8	0	0	0	0	3	1.0	1.0	1.0	0.375	1	148	820
GCA_000243375.1_at_weighted_20k_r04	GCA_000243375.1	at_weighted	20000	18820	8	8	8	0	0	0	0	1	1.0	1.0	1.0	0.125	1	148	829
GCA_000243375.1_at_weighted_20k_r05	GCA_000243375.1	at_weighted	20000	20402	8	8	8	0	0	0	0	2	1.0	1.0	1.0	0.25	1	146	803
GCA_000243375.1_at_weighted_20k_r06	GCA_000243375.1	at_weighted	20000	19366	8	8	8	0	0	0	0	4	1.0	1.0	1.0	0.5	1	151	789
GCA_000243375.1_at_weighted_20k_r07	GCA_000243375.1	at_weighted	20000	18760	8	8	8	0	0	0	0	1	1.0	1.0	1.0	0.125	1	162	812
GCA_000243375.1_at_weighted_20k_r08	GCA_000243375.1	at_weighted	20000	19150	8	8	8	0	0	0	0	0	1.0	1.0	1.0	0.0	1	157	827
GCA_000243375.1_at_weighted_20k_r09	GCA_000243375.1	at_weighted	20000	20098	8	8	8	0	0	0	0	3	1.0	1.0	1.0	0.375	1	141	769
GCA_000243375.1_at_weighted_20k_r10	GCA_000243375.1	at_weighted	20000	18618	8	8	8	0	0	0	0	0	1.0	1.0	1.0	0.0	1	146	805
GCA_000243375.1_at_weighted_500k_r01	GCA_000243375.1	at_weighted	500000	312204	8	8	8	0	0	0	0	8	1.0	1.0	1.0	1.0	0	9	64
GCA_000243375.1_at_weighted_500k_r02	GCA_000243375.1	at_weighted	500000	312204	8	8	8	0	0	0	0	8	1.0	1.0	1.0	1.0	0	9	64
GCA_000243375.1_at_weighted_500k_r03	GCA_000243375.1	at_weighted	500000	312204	8	8	8	0	0	0	0	8	1.0	1.0	1.0	1.0	0	9	64
GCA_000243375.1_at_weighted_500k_r04	GCA_000243375.1	at_weighted	500000	312204	8	8	8	0	0	0	0	8	1.0	1.0	1.0	1.0	0	9	64
GCA_000243375.1_at_weighted_500k_r05	GCA_000243375.1	at_weighted	500000	312204	8	8	8	0	0	0	0	8	1.0	1.0	1.0	1.0	0	9	64
GCA_000243375.1_at_weighted_500k_r06	GCA_000243375.1	at_weighted	500000	312204	8	8	8	0	0	0	0	8	1.0	1.0	1.0	1.0	0	9	64
GCA_000243375.1_at_weighted_500k_r07	GCA_000243375.1	at_weighted	500000	312204	8	8	8	0	0	0	0	8	1.0	1.0	1.0	1.0	0	9	64
GCA_000243375.1_at_weighted_500k_r08	GCA_000243375.1	at_weighted	500000	312204	8	8	8	0	0	0	0	8	1.0	1.0	1.0	1.0	0	9	64
GCA_000243375.1_at_weighted_500k_r09	GCA_000243375.1	at_weighted	500000	312204	8	8	8	0	0	0	0	8	1.0	1.0	1.0	1.0	0	9	64
GCA_000243375.1_at_weighted_500k_r10	GCA_000243375.1	at_weighted	500000	312204	8	8	8	0	0	0	0	8	1.0	1.0	1.0	1.0	0	9	64
GCA_000243375.1_at_weighted_50k_r01	GCA_000243375.1	at_weighted	50000	54850	8	8	8	0	0	0	0	4	1.0	1.0	1.0	0.5	1	54	307
GCA_000243375.1_at_weighted_50k_r02	GCA_000243375.1	at_weighted	50000	51759	8	8	8	0	0	0	0	3	1.0	1.0	1.0	0.375	1	60	328
GCA_000243375.1_at_weighted_50k_r03	GCA_000243375.1	at_weighted	50000	51422	8	8	8	0	0	0	0	5	1.0	1.0	1.0	0.625	1	54	320
GCA_000243375.1_at_weighted_50k_r04	GCA_000243375.1	at_weighted	50000	61438	8	7	7	1	0	1	1	5	0.875	0.875	0.875	0.625	1	49	297
GCA_000243375.1_at_weighted_50k_r05	GCA_000243375.1	at_weighted	50000	52497	8	8	8	0	0	0	0	5	1.0	1.0	1.0	0.625	1	57	308
GCA_000243375.1_at_weighted_50k_r06	GCA_000243375.1	at_weighted	50000	61000	8	8	8	0	0	0	0	6	1.0	1.0	1.0	0.75	1	50	299
GCA_000243375.1_at_weighted_50k_r07	GCA_000243375.1	at_weighted	50000	42491	8	8	8	0	0	0	0	5	1.0	1.0	1.0	0.625	1	71	355
GCA_000243375.1_at_weighted_50k_r08	GCA_000243375.1	at_weighted	50000	45291	8	8	8	0	0	0	0	3	1.0	1.0	1.0	0.375	1	64	331
GCA_000243375.1_at_weighted_50k_r09	GCA_000243375.1	at_weighted	50000	50923	8	8	8	0	0	0	0	1	1.0	1.0	1.0	0.125	1	54	334
GCA_000243375.1_at_weighted_50k_r10	GCA_000243375.1	at_weighted	50000	49581	8	8	8	0	0	0	0	5	1.0	1.0	1.0	0.625	1	59	332
GCA_000243375.1_at_weighted_5k_r01	GCA_000243375.1	at_weighted	5000	4897	8	6	6	2	0	2	2	0	0.75	0.75	0.75	0.0	1	602	3132
GCA_000243375.1_at_weighted_5k_r02	GCA_000243375.1	at_weighted	5000	4962	8	8	8	0	0	0	0	0	1.0	1.0	1.0	0.0	1	578	3199
GCA_000243375.1_at_weighted_5k_r03	GCA_000243375.1	at_weighted	5000	4753	8	6	6	2	0	2	2	0	0.75	0.75	0.75	0.0	1	605	3234
GCA_000243375.1_at_weighted_5k_r04	GCA_000243375.1	at_weighted	5000	4948	8	6	6	2	0	2	2	0	0.75	0.75	0.75	0.0	1	581	3143
GCA_000243375.1_at_weighted_5k_r05	GCA_000243375.1	at_weighted	5000	4961	8	7	7	1	0	1	1	0	0.875	0.875	0.875	0.0	0	582	3150
GCA_000243375.1_at_weighted_5k_r06	GCA_000243375.1	at_weighted	5000	4875	8	7	7	1	0	1	1	0	0.875	0.875	0.875	0.0	1	606	3230
GCA_000243375.1_at_weighted_5k_r07	GCA_000243375.1	at_weighted	5000	4911	8	7	7	1	0	1	1	0	0.875	0.875	0.875	0.0	1	592	3186
GCA_000243375.1_at_weighted_5k_r08	GCA_000243375.1	at_weighted	5000	4998	8	6	6	2	0	2	2	0	0.75	0.75	0.75	0.0	1	584	3201
GCA_000243375.1_at_weighted_5k_r09	GCA_000243375.1	at_weighted	5000	4981	8	6	6	2	0	2	2	0	0.75	0.75	0.75	0.0	1	580	3086
GCA_000243375.1_at_weighted_5k_r10	GCA_000243375.1	at_weighted	5000	4906	8	5	5	3	0	3	3	0	0.625	0.625	0.625	0.0	1	594	3191
GCA_000243375.1_uniform_1000k_r01	GCA_000243375.1	uniform	1000000	312204	8	8	8	0	0	0	0	8	1.0	1.0	1.0	1.0	0	9	64
GCA_000243375.1_uniform_1000k_r02	GCA_000243375.1	uniform	1000000	312204	8	8	8	0	0	0	0	8	1.0	1.0	1.0	1.0	0	9	64
GCA_000243375.1_uniform_1000k_r03	GCA_000243375.1	uniform	1000000	312204	8	8	8	0	0	0	0	8	1.0	1.0	1.0	1.0	0	9	64
GCA_000243375.1_uniform_1000k_r04	GCA_000243375.1	uniform	1000000	312204	8	8	8	0	0	0	0	8	1.0	1.0	1.0	1.0	0	9	64
GCA_000243375.1_uniform_1000k_r05	GCA_000243375.1	uniform	1000000	312204	8	8	8	0	0	0	0	8	1.0	1.0	1.0	1.0	0	9	64
GCA_000243375.1_uniform_1000k_r06	GCA_000243375.1	uniform	1000000	312204	8	8	8	0	0	0	0	8	1.0	1.0	1.0	1.0	0	9	64
GCA_000243375.1_uniform_1000k_r07	GCA_000243375.1	uniform	1000000	312204	8	8	8	0	0	0	0	8	1.0	1.0	1.0	1.0	0	9	64
GCA_000243375.1_uniform_1000k_r08	GCA_000243375.1	uniform	1000000	312204	8	8	8	0	0	0	0	8	1.0	1.0	1.0	1.0	0	9	64
GCA_000243375.1_uniform_1000k_r09	GCA_000243375.1	uniform	1000000	312204	8	8	8	0	0	0	0	8	1.0	1.0	1.0	1.0	0	9	64
GCA_000243375.1_uniform_1000k_r10	GCA_000243375.1	uniform	1000000	312204	8	8	8	0	0	0	0	8	1.0	1.0	1.0	1.0	0	9	64
GCA_000243375.1_uniform_100k_r01	GCA_000243375.1	uniform	100000	89714	8	8	8	0	0	0	0	5	1.0	1.0	1.0	0.625	1	32	187
GCA_000243375.1_uniform_100k_r02	GCA_000243375.1	uniform	100000	80275	8	8	8	0	0	0	0	7	1.0	1.0	1.0	0.875	1	39	196
GCA_000243375.1_uniform_100k_r03	GCA_000243375.1	uniform	100000	98076	8	7	7	1	0	1	1	6	0.875	0.875	0.875	0.75	1	33	171
GCA_000243375.1_uniform_100k_r04	GCA_000243375.1	uniform	100000	88782	8	8	8	0	0	0	0	6	1.0	1.0	1.0	0.75	1	28	182
GCA_000243375.1_uniform_100k_r05	GCA_000243375.1	uniform	100000	99147	8	8	8	0	0	0	0	7	1.0	1.0	1.0	0.875	1	30	174
GCA_000243375.1_uniform_100k_r06	GCA_000243375.1	uniform	100000	87387	8	8	8	0	0	0	0	6	1.0	1.0	1.0	0.75	1	34	179
GCA_000243375.1_uniform_100k_r07	GCA_000243375.1	uniform	100000	90929	8	8	8	0	0	0	0	7	1.0	1.0	1.0	0.875	1	36	193
GCA_000243375.1_uniform_100k_r08	GCA_000243375.1	uniform	100000	93584	8	8	8	0	0	0	0	5	1.0	1.0	1.0	0.625	1	29	188
GCA_000243375.1_uniform_100k_r09	GCA_000243375.1	uniform	100000	96188	8	8	8	0	0	0	0	6	1.0	1.0	1.0	0.75	1	33	186
GCA_000243375.1_uniform_100k_r10	GCA_000243375.1	uniform	100000	75795	8	8	8	0	0	0	0	7	1.0	1.0	1.0	0.875	1	38	202
GCA_000243375.1_uniform_10k_r01	GCA_000243375.1	uniform	10000	9889	8	8	8	0	0	0	0	0	1.0	1.0	1.0	0.0	1	284	1592
GCA_000243375.1_uniform_10k_r02	GCA_000243375.1	uniform	10000	10089	8	6	6	2	0	2	2	1	0.75	0.75	0.75	0.125	0	289	1540
GCA_000243375.1_uniform_10k_r03	GCA_000243375.1	uniform	10000	9619	8	8	8	0	0	0	0	0	1.0	1.0	1.0	0.0	1	301	1614
GCA_000243375.1_uniform_10k_r04	GCA_000243375.1	uniform	10000	9809	8	8	8	0	0	0	0	0	1.0	1.0	1.0	0.0	1	305	1577
GCA_000243375.1_uniform_10k_r05	GCA_000243375.1	uniform	10000	10014	8	8	8	0	0	0	0	0	1.0	1.0	1.0	0.0	1	298	1580
GCA_000243375.1_uniform_10k_r06	GCA_000243375.1	uniform	10000	10307	8	8	8	0	0	0	0	0	1.0	1.0	1.0	0.0	1	283	1532
GCA_000243375.1_uniform_10k_r07	GCA_000243375.1	uniform	10000	9999	8	8	8	0	0	0	0	0	1.0	1.0	1.0	0.0	1	292	1588
GCA_000243375.1_uniform_10k_r08	GCA_000243375.1	uniform	10000	10038	8	8	8	0	0	0	0	0	1.0	1.0	1.0	0.0	1	286	1519
GCA_000243375.1_uniform_10k_r09	GCA_000243375.1	uniform	10000	10464	8	7	7	1	0	1	2	0	0.875	0.875	0.875	0.0	1	283	1509
GCA_000243375.1_uniform_10k_r10	GCA_000243375.1	uniform	10000	10786	8	8	8	0	0	0	0	0	1.0	1.0	1.0	0.0	1	280	1519
GCA_000243375.1_uniform_200k_r01	GCA_000243375.1	uniform	200000	203940	8	8	8	0	0	0	0	8	1.0	1.0	1.0	1.0	1	14	101
GCA_000243375.1_uniform_200k_r02	GCA_000243375.1	uniform	200000	185662	8	8	8	0	0	0	0	8	1.0	1.0	1.0	1.0	1	16	96
GCA_000243375.1_uniform_200k_r03	GCA_000243375.1	uniform	200000	193598	8	8	8	0	0	0	0	7	1.0	1.0	1.0	0.875	1	15	101
GCA_000243375.1_uniform_200k_r04	GCA_000243375.1	uniform	200000	208645	8	8	8	0	0	0	0	7	1.0	1.0	1.0	0.875	1	14	102
GCA_000243375.1_uniform_200k_r05	GCA_000243375.1	uniform	200000	191215	8	8	8	0	0	0	0	8	1.0	1.0	1.0	1.0	1	15	93
GCA_000243375.1_uniform_200k_r06	GCA_000243375.1	uniform	200000	191215	8	8	8	0	0	0	0	7	1.0	1.0	1.0	0.875	1	15	99
GCA_000243375.1_uniform_200k_r07	GCA_000243375.1	uniform	200000	222686	8	8	8	0	0	0	0	8	1.0	1.0	1.0	1.0	1	14	93
GCA_000243375.1_uniform_200k_r08	GCA_000243375.1	uniform	200000	184221	8	8	8	0	0	0	0	7	1.0	1.0	1.0	0.875	0	15	96
GCA_000243375.1_uniform_200k_r09	GCA_000243375.1	uniform	200000	172259	8	8	8	0	0	0	0	8	1.0	1.0	1.0	1.0	0	16	92
GCA_000243375.1_uniform_200k_r10	GCA_000243375.1	uniform	200000	158038	8	8	8	0	0	0	0	8	1.0	1.0	1.0	1.0	1	19	108
GCA_000243375.1_uniform_20k_r01	GCA_000243375.1	uniform	20000	19715	8	7	7	1	0	1	1	2	0.875	0.875	0.875	0.25	1	151	797
GCA_000243375.1_uniform_20k_r02	GCA_000243375.1	uniform	20000	18893	8	8	8	0	0	0	0	0	1.0	1.0	1.0	0.0	1	152	829
GCA_000243375.1_uniform_20k_r03	GCA_000243375.1	uniform	20000	19859	8	8	8	0	0	0	0	2	1.0	1.0	1.0	0.25	1	155	801
GCA_000243375.1_uniform_20k_r04	GCA_000243375.1	uniform	20000	18347	8	7	7	1	0	1	1	0	0.875	0.875	0.875	0.0	1	169	856
GCA_000243375.1_uniform_20k_r05	GCA_000243375.1	uniform	20000	19059	8	8	8	0	0	0	0	2	1.0	1.0	1.0	0.25	1	152	830
GCA_000243375.1_uniform_20k_r06	GCA_000243375.1	uniform	20000	19986	8	8	8	0	0	0	1	0	1.0	1.0	1.0	0.0	1	146	799
GCA_000243375.1_uniform_20k_r07	GCA_000243375.1	uniform	20000	21333	8	8	8	0	0	0	0	3	1.0	1.0	1.0	0.375	1	140	736
GCA_000243375.1_uniform_20k_r08	GCA_000243375.1	uniform	20000	18790	8	8	8	0	0	0	0	1	1.0	1.0	1.0	0.125	1	140	831
GCA_000243375.1_uniform_20k_r09	GCA_000243375.1	uniform	20000	18247	8	7	7	1	0	1	1	2	0.875	0.875	0.875	0.25	1	165	858
GCA_000243375.1_uniform_20k_r10	GCA_000243375.1	uniform	20000	19538	8	8	8	0	0	0	0	0	1.0	1.0	1.0	0.0	1	144	808
GCA_000243375.1_uniform_500k_r01	GCA_000243375.1	uniform	500000	312204	8	8	8	0	0	0	0	8	1.0	1.0	1.0	1.0	0	9	64
GCA_000243375.1_uniform_500k_r02	GCA_000243375.1	uniform	500000	312204	8	8	8	0	0	0	0	8	1.0	1.0	1.0	1.0	0	9	64
GCA_000243375.1_uniform_500k_r03	GCA_000243375.1	uniform	500000	312204	8	8	8	0	0	0	0	8	1.0	1.0	1.0	1.0	0	9	64
GCA_000243375.1_uniform_500k_r04	GCA_000243375.1	uniform	500000	312204	8	8	8	0	0	0	0	8	1.0	1.0	1.0	1.0	0	9	64
GCA_000243375.1_uniform_500k_r05	GCA_000243375.1	uniform	500000	312204	8	8	8	0	0	0	0	8	1.0	1.0	1.0	1.0	0	9	64
GCA_000243375.1_uniform_500k_r06	GCA_000243375.1	uniform	500000	312204	8	8	8	0	0	0	0	8	1.0	1.0	1.0	1.0	0	9	64
GCA_000243375.1_uniform_500k_r07	GCA_000243375.1	uniform	500000	312204	8	8	8	0	0	0	0	8	1.0	1.0	1.0	1.0	0	9	64
GCA_000243375.1_uniform_500k_r08	GCA_000243375.1	uniform	500000	312204	8	8	8	0	0	0	0	8	1.0	1.0	1.0	1.0	0	9	64
GCA_000243375.1_uniform_500k_r09	GCA_000243375.1	uniform	500000	312204	8	8	8	0	0	0	0	8	1.0	1.0	1.0	1.0	0	9	64
GCA_000243375.1_uniform_500k_r10	GCA_000243375.1	uniform	500000	312204	8	8	8	0	0	0	0	8	1.0	1.0	1.0	1.0	0	9	64
GCA_000243375.1_uniform_50k_r01	GCA_000243375.1	uniform	50000	55889	8	8	8	0	0	0	0	4	1.0	1.0	1.0	0.5	1	51	292
GCA_000243375.1_uniform_50k_r02	GCA_000243375.1	uniform	50000	56082	8	8	8	0	0	0	0	7	1.0	1.0	1.0	0.875	1	51	283
GCA_000243375.1_uniform_50k_r03	GCA_000243375.1	uniform	50000	50152	8	8	8	0	0	0	0	4	1.0	1.0	1.0	0.5	1	54	300
GCA_000243375.1_uniform_50k_r04	GCA_000243375.1	uniform	50000	52760	8	8	8	0	0	0	0	5	1.0	1.0	1.0	0.625	1	54	296
GCA_000243375.1_uniform_50k_r05	GCA_000243375.1	uniform	50000	53814	8	8	8	0	0	0	0	5	1.0	1.0	1.0	0.625	1	59	321
GCA_000243375.1_uniform_50k_r06	GCA_000243375.1	uniform	50000	47621	8	8	8	0	0	0	0	4	1.0	1.0	1.0	0.5	1	58	327
GCA_000243375.1_uniform_50k_r07	GCA_000243375.1	uniform	50000	56354	8	8	8	0	0	0	0	4	1.0	1.0	1.0	0.5	1	55	296
GCA_000243375.1_uniform_50k_r08	GCA_000243375.1	uniform	50000	51298	8	8	8	0	0	0	0	3	1.0	1.0	1.0	0.375	1	54	322
GCA_000243375.1_uniform_50k_r09	GCA_000243375.1	uniform	50000	46554	8	8	8	0	0	0	0	5	1.0	1.0	1.0	0.625	1	65	332
GCA_000243375.1_uniform_50k_r10	GCA_000243375.1	uniform	50000	51771	8	8	8	0	0	0	0	4	1.0	1.0	1.0	0.5	1	58	296
GCA_000243375.1_uniform_5k_r01	GCA_000243375.1	uniform	5000	5057	8	6	6	2	0	2	2	0	0.75	0.75	0.75	0.0	1	569	3041
GCA_000243375.1_uniform_5k_r02	GCA_000243375.1	uniform	5000	4805	8	8	8	0	0	0	0	0	1.0	1.0	1.0	0.0	1	616	3247
GCA_000243375.1_uniform_5k_r03	GCA_000243375.1	uniform	5000	4907	8	8	8	0	0	0	0	0	1.0	1.0	1.0	0.0	1	606	3196
GCA_000243375.1_uniform_5k_r04	GCA_000243375.1	uniform	5000	4868	8	8	8	0	0	0	0	0	1.0	1.0	1.0	0.0	1	600	3133
GCA_000243375.1_uniform_5k_r05	GCA_000243375.1	uniform	5000	4786	8	7	7	1	0	1	1	0	0.875	0.875	0.875	0.0	1	597	3207
GCA_000243375.1_uniform_5k_r06	GCA_000243375.1	uniform	5000	4745	8	8	8	0	0	0	0	0	1.0	1.0	1.0	0.0	1	600	3236
GCA_000243375.1_uniform_5k_r07	GCA_000243375.1	uniform	5000	5066	8	7	7	1	0	1	1	0	0.875	0.875	0.875	0.0	1	576	3057
GCA_000243375.1_uniform_5k_r08	GCA_000243375.1	uniform	5000	4825	8	7	7	1	0	1	1	0	0.875	0.875	0.875	0.0	1	599	3210
GCA_000243375.1_uniform_5k_r09	GCA_000243375.1	uniform	5000	5028	8	6	6	2	0	2	2	0	0.75	0.75	0.75	0.0	1	591	3146
GCA_000243375.1_uniform_5k_r10	GCA_000243375.1	uniform	5000	4941	8	8	8	0	0	0	0	0	1.0	1.0	1.0	0.0	1	591	3139
GCA_000304475.1_at_weighted_1000k_r01	GCA_000304475.1	at_weighted	1000000	925516	12	12	12	0	0	0	0	12	1.0	1.0	1.0	1.0	0	5	44
GCA_000304475.1_at_weighted_1000k_r02	GCA_000304475.1	at_weighted	1000000	925516	12	12	12	0	0	0	0	12	1.0	1.0	1.0	1.0	0	5	44
GCA_000304475.1_at_weighted_1000k_r03	GCA_000304475.1	at_weighted	1000000	925516	12	12	12	0	0	0	0	12	1.0	1.0	1.0	1.0	0	5	44
GCA_000304475.1_at_weighted_1000k_r04	GCA_000304475.1	at_weighted	1000000	925516	12	12	12	0	0	0	0	12	1.0	1.0	1.0	1.0	0	5	44
GCA_000304475.1_at_weighted_1000k_r05	GCA_000304475.1	at_weighted	1000000	925516	12	12	12	0	0	0	0	12	1.0	1.0	1.0	1.0	0	5	44
GCA_000304475.1_at_weighted_1000k_r06	GCA_000304475.1	at_weighted	1000000	925516	12	12	12	0	0	0	0	12	1.0	1.0	1.0	1.0	0	5	44
GCA_000304475.1_at_weighted_1000k_r07	GCA_000304475.1	at_weighted	1000000	925516	12	12	12	0	0	0	0	12	1.0	1.0	1.0	1.0	0	5	44
GCA_000304475.1_at_weighted_1000k_r08	GCA_000304475.1	at_weighted	1000000	925516	12	12	12	0	0	0	0	12	1.0	1.0	1.0	1.0	0	5	44
GCA_000304475.1_at_weighted_1000k_r09	GCA_000304475.1	at_weighted	1000000	925516	12	12	12	0	0	0	0	12	1.0	1.0	1.0	1.0	0	5	44
GCA_000304475.1_at_weighted_1000k_r10	GCA_000304475.1	at_weighted	1000000	925516	12	12	12	0	0	0	0	12	1.0	1.0	1.0	1.0	0	5	44
GCA_000304475.1_at_weighted_100k_r01	GCA_000304475.1	at_weighted	100000	104042	12	12	12	0	0	0	0	8	1.0	1.0	1.0	0.6666666666666666	1	33	210
GCA_000304475.1_at_weighted_100k_r02	GCA_000304475.1	at_weighted	100000	107489	12	12	12	0	0	0	0	11	1.0	1.0	1.0	0.9166666666666666	1	34	192
GCA_000304475.1_at_weighted_100k_r03	GCA_000304475.1	at_weighted	100000	119974	12	12	12	0	0	0	0	8	1.0	1.0	1.0	0.6666666666666666	1	32	187
GCA_000304475.1_at_weighted_100k_r04	GCA_000304475.1	at_weighted	100000	85451	12	12	12	0	0	0	0	8	1.0	1.0	1.0	0.6666666666666666	1	39	218
GCA_000304475.1_at_weighted_100k_r05	GCA_000304475.1	at_weighted	100000	82869	12	12	12	0	0	0	0	10	1.0	1.0	1.0	0.8333333333333334	1	43	215
GCA_000304475.1_at_weighted_100k_r06	GCA_000304475.1	at_weighted	100000	100039	12	12	12	0	0	0	0	8	1.0	1.0	1.0	0.6666666666666666	1	35	190
GCA_000304475.1_at_weighted_100k_r07	GCA_000304475.1	at_weighted	100000	86120	12	12	12	0	0	0	0	8	1.0	1.0	1.0	0.6666666666666666	1	45	234
GCA_000304475.1_at_weighted_100k_r08	GCA_000304475.1	at_weighted	100000	93584	12	12	12	0	0	0	0	10	1.0	1.0	1.0	0.8333333333333334	1	37	217
GCA_000304475.1_at_weighted_100k_r09	GCA_000304475.1	at_weighted	100000	104850	12	12	12	0	0	0	0	8	1.0	1.0	1.0	0.6666666666666666	1	33	203
GCA_000304475.1_at_weighted_100k_r10	GCA_000304475.1	at_weighted	100000	87491	12	12	12	0	0	0	0	6	1.0	1.0	1.0	0.5	1	45	234
GCA_000304475.1_at_weighted_10k_r01	GCA_000304475.1	at_weighted	10000	9404	12	11	11	1	0	1	1	2	0.9166666666666666	0.9166666666666666	0.9166666666666666	0.16666666666666666	1	363	1946
GCA_000304475.1_at_weighted_10k_r02	GCA_000304475.1	at_weighted	10000	9885	12	11	11	1	0	1	1	1	0.9166666666666666	0.9166666666666666	0.9166666666666666	0.08333333333333333	1	344	1908
GCA_000304475.1_at_weighted_10k_r03	GCA_000304475.1	at_weighted	10000	9691	12	12	12	0	0	0	0	1	1.0	1.0	1.0	0.08333333333333333	1	363	1952
GCA_000304475.1_at_weighted_10k_r04	GCA_000304475.1	at_weighted	10000	9577	12	11	11	1	0	1	1	0	0.9166666666666666	0.9166666666666666	0.9166666666666666	0.0	1	360	1936
GCA_000304475.1_at_weighted_10k_r05	GCA_000304475.1	at_weighted	10000	10010	12	12	12	0	0	0	0	0	1.0	1.0	1.0	0.0	1	353	1948
GCA_000304475.1_at_weighted_10k_r06	GCA_000304475.1	at_weighted	10000	9989	12	12	12	0	0	0	0	0	1.0	1.0	1.0	0.0	1	345	1850
GCA_000304475.1_at_weighted_10k_r07	GCA_000304475.1	at_weighted	10000	9350	12	12	12	0	0	0	0	0	1.0	1.0	1.0	0.0	1	357	1989
GCA_000304475.1_at_weighted_10k_r08	GCA_000304475.1	at_weighted	10000	9979	12	11	11	1	0	1	1	1	0.9166666666666666	0.9166666666666666	0.9166666666666666	0.08333333333333333	1	344	1911
GCA_000304475.1_at_weighted_10k_r09	GCA_000304475.1	at_weighted	10000	10063	12	10	10	2	0	2	3	0	0.8333333333333334	0.8333333333333334	0.8333333333333334	0.0	1	344	1862
GCA_000304475.1_at_weighted_10k_r10	GCA_000304475.1	at_weighted	10000	9654	12	11	11	1	0	1	2	0	0.9166666666666666	0.9166666666666666	0.9166666666666666	0.0	1	356	1956
GCA_000304475.1_at_weighted_200k_r01	GCA_000304475.1	at_weighted	200000	213287	12	12	12	0	0	0	0	12	1.0	1.0	1.0	1.0	1	17	107
GCA_000304475.1_at_weighted_200k_r02	GCA_000304475.1	at_weighted	200000	193276	12	12	12	0	0	0	0	10	1.0	1.0	1.0	0.8333333333333334	1	17	114
GCA_000304475.1_at_weighted_200k_r03	GCA_000304475.1	at_weighted	200000	174739	12	12	12	0	0	0	0	8	1.0	1.0	1.0	0.6666666666666666	1	21	113
GCA_000304475.1_at_weighted_200k_r04	GCA_000304475.1	at_weighted	200000	197699	12	11	11	1	0	1	1	10	0.9166666666666666	0.9166666666666666	0.9166666666666666	0.8333333333333334	1	16	110
GCA_000304475.1_at_weighted_200k_r05	GCA_000304475.1	at_weighted	200000	194265	12	12	12	0	0	0	0	10	1.0	1.0	1.0	0.8333333333333334	1	15	125
GCA_000304475.1_at_weighted_200k_r06	GCA_000304475.1	at_weighted	200000	200248	12	12	12	0	0	0	0	6	1.0	1.0	1.0	0.5	1	22	120
GCA_000304475.1_at_weighted_200k_r07	GCA_000304475.1	at_weighted	200000	196692	12	12	12	0	0	0	0	12	1.0	1.0	1.0	1.0	1	20	124
GCA_000304475.1_at_weighted_200k_r08	GCA_000304475.1	at_weighted	200000	212331	12	12	12	0	0	0	0	10	1.0	1.0	1.0	0.8333333333333334	1	15	109
GCA_000304475.1_at_weighted_200k_r09	GCA_000304475.1	at_weighted	200000	273294	12	12	12	0	0	0	0	12	1.0	1.0	1.0	1.0	1	15	106
GCA_000304475.1_at_weighted_200k_r10	GCA_000304475.1	at_weighted	200000	196674	12	12	12	0	0	0	0	12	1.0	1.0	1.0	1.0	1	17	111
GCA_000304475.1_at_weighted_20k_r01	GCA_000304475.1	at_weighted	20000	20127	12	12	12	0	0	0	1	3	1.0	1.0	1.0	0.25	1	180	969
GCA_000304475.1_at_weighted_20k_r02	GCA_000304475.1	at_weighted	20000	19717	12	12	12	0	0	0	0	2	1.0	1.0	1.0	0.16666666666666666	1	172	986
GCA_000304475.1_at_weighted_20k_r03	GCA_000304475.1	at_weighted	20000	18987	12	12	12	0	0	0	0	0	1.0	1.0	1.0	0.0	1	175	952
GCA_000304475.1_at_weighted_20k_r04	GCA_000304475.1	at_weighted	20000	18749	12	11	11	1	0	1	1	1	0.9166666666666666	0.9166666666666666	0.9166666666666666	0.08333333333333333	1	193	1036
GCA_000304475.1_at_weighted_20k_r05	GCA_000304475.1	at_weighted	20000	19697	12	12	12	0	0	0	0	1	1.0	1.0	1.0	0.08333333333333333	1	174	952
GCA_000304475.1_at_weighted_20k_r06	GCA_000304475.1	at_weighted	20000	19807	12	12	12	0	0	0	0	3	1.0	1.0	1.0	0.25	1	172	925
GCA_000304475.1_at_weighted_20k_r07	GCA_000304475.1	at_weighted	20000	19963	12	11	11	1	0	1	1	5	0.9166666666666666	0.9166666666666666	0.9166666666666666	0.4166666666666667	1	175	959
GCA_000304475.1_at_weighted_20k_r08	GCA_000304475.1	at_weighted	20000	19246	12	12	12	0	0	0	1	1	1.0	1.0	1.0	0.08333333333333333	1	181	972
GCA_000304475.1_at_weighted_20k_r09	GCA_000304475.1	at_weighted	20000	20205	12	12	12	0	0	0	0	4	1.0	1.0	1.0	0.3333333333333333	0	176	960
GCA_000304475.1_at_weighted_20k_r10	GCA_000304475.1	at_weighted	20000	20589	12	12	12	0	0	0	0	0	1.0	1.0	1.0	0.0	1	170	945
GCA_000304475.1_at_weighted_500k_r01	GCA_000304475.1	at_weighted	500000	471145	12	12	12	0	0	0	0	12	1.0	1.0	1.0	1.0	1	8	63
GCA_000304475.1_at_weighted_500k_r02	GCA_000304475.1	at_weighted	500000	379003	12	12	12	0	0	0	0	11	1.0	1.0	1.0	0.9166666666666666	1	9	66
GCA_000304475.1_at_weighted_500k_r03	GCA_000304475.1	at_weighted	500000	578118	12	12	12	0	0	0	0	12	1.0	1.0	1.0	1.0	0	6	51
GCA_000304475.1_at_weighted_500k_r04	GCA_000304475.1	at_weighted	500000	485904	12	12	12	0	0	0	0	12	1.0	1.0	1.0	1.0	1	9	66
GCA_000304475.1_at_weighted_500k_r05	GCA_000304475.1	at_weighted	500000	428400	12	12	12	0	0	0	0	11	1.0	1.0	1.0	0.9166666666666666	0	8	58
GCA_000304475.1_at_weighted_500k_r06	GCA_000304475.1	at_weighted	500000	581033	12	12	12	0	0	0	0	11	1.0	1.0	1.0	0.9166666666666666	1	7	58
GCA_000304475.1_at_weighted_500k_r07	GCA_000304475.1	at_weighted	500000	380330	12	12	12	0	0	0	0	12	1.0	1.0	1.0	1.0	0	10	69
GCA_000304475.1_at_weighted_500k_r08	GCA_000304475.1	at_weighted	500000	539274	12	12	12	0	0	0	0	12	1.0	1.0	1.0	1.0	0	7	58
GCA_000304475.1_at_weighted_500k_r09	GCA_000304475.1	at_weighted	500000	411895	12	12	12	0	0	0	0	11	1.0	1.0	1.0	0.9166666666666666	1	10	67
GCA_000304475.1_at_weighted_500k_r10	GCA_000304475.1	at_weighted	500000	547686	12	12	12	0	0	0	0	12	1.0	1.0	1.0	1.0	1	7	55
GCA_000304475.1_at_weighted_50k_r01	GCA_000304475.1	at_weighted	50000	48331	12	12	12	0	0	0	0	4	1.0	1.0	1.0	0.3333333333333333	1	74	422
GCA_000304475.1_at_weighted_50k_r02	GCA_000304475.1	at_weighted	50000	45312	12	12	12	0	0	0	0	5	1.0	1.0	1.0	0.4166666666666667	1	74	406
GCA_000304475.1_at_weighted_50k_r03	GCA_000304475.1	at_weighted	50000	54070	12	12	12	0	0	0	0	9	1.0	1.0	1.0	0.75	1	63	371
GCA_000304475.1_at_weighted_50k_r04	GCA_000304475.1	at_weighted	50000	53099	12	12	12	0	0	0	0	8	1.0	1.0	1.0	0.6666666666666666	1	69	385
GCA_000304475.1_at_weighted_50k_r05	GCA_000304475.1	at_weighted	50000	50379	12	12	12	0	0	0	0	7	1.0	1.0	1.0	0.5833333333333334	1	67	390
GCA_000304475.1_at_weighted_50k_r06	GCA_000304475.1	at_weighted	50000	44519	12	12	12	0	0	0	0	4	1.0	1.0	1.0	0.3333333333333333	1	81	407
GCA_000304475.1_at_weighted_50k_r07	GCA_000304475.1	at_weighted	50000	48329	12	12	12	0	0	0	0	7	1.0	1.0	1.0	0.5833333333333334	1	66	378
GCA_000304475.1_at_weighted_50k_r08	GCA_000304475.1	at_weighted	50000	51061	12	12	12	0	0	0	0	7	1.0	1.0	1.0	0.5833333333333334	1	69	361
GCA_000304475.1_at_weighted_50k_r09	GCA_000304475.1	at_weighted	50000	46248	12	12	12	0	0	0	0	7	1.0	1.0	1.0	0.5833333333333334	1	71	396
GCA_000304475.1_at_weighted_50k_r10	GCA_000304475.1	at_weighted	50000	46330	12	12	12	0	0	0	0	3	1.0	1.0	1.0	0.25	1	72	412
GCA_000304475.1_at_weighted_5k_r01	GCA_000304475.1	at_weighted	5000	4838	12	11	11	1	0	1	2	0	0.9166666666666666	0.9166666666666666	0.9166666666666666	0.0	1	708	3838
GCA_000304475.1_at_weighted_5k_r02	GCA_000304475.1	at_weighted	5000	5227	12	11	11	1	0	1	1	0	0.9166666666666666	0.9166666666666666	0.9166666666666666	0.0	0	654	3612
GCA_000304475.1_at_weighted_5k_r03	GCA_000304475.1	at_weighted	5000	5063	12	12	12	0	0	0	1	0	1.0	1.0	1.0	0.0	1	670	3753
GCA_000304475.1_at_weighted_5k_r04	GCA_000304475.1	at_weighted	5000	5137	12	9	9	3	0	3	4	0	0.75	0.75	0.75	0.0	1	669	3755
GCA_000304475.1_at_weighted_5k_r05	GCA_000304475.1	at_weighted	5000	5239	12	12	12	0	0	0	0	0	1.0	1.0	1.0	0.0	1	677	3712
GCA_000304475.1_at_weighted_5k_r06	GCA_000304475.1	at_weighted	5000	4932	12	12	12	0	0	0	1	0	1.0	1.0	1.0	0.0	1	694	3767
GCA_000304475.1_at_weighted_5k_r07	GCA_000304475.1	at_weighted	5000	4925	12	10	10	2	0	2	2	1	0.8333333333333334	0.8333333333333334	0.8333333333333334	0.08333333333333333	1	702	3834
GCA_000304475.1_at_weighted_5k_r08	GCA_000304475.1	at_weighted	5000	5218	12	11	11	1	0	1	3	0	0.9166666666666666	0.9166666666666666	0.9166666666666666	0.0	0	673	3739
GCA_000304475.1_at_weighted_5k_r09	GCA_000304475.1	at_weighted	5000	4873	12	8	8	4	0	4	5	0	0.6666666666666666	0.6666666666666666	0.6666666666666667	0.0	1	719	3814
GCA_000304475.1_at_weighted_5k_r10	GCA_000304475.1	at_weighted	5000	4773	12	12	12	0	0	0	1	0	1.0	1.0	1.0	0.0	0	709	3828
GCA_000304475.1_uniform_1000k_r01	GCA_000304475.1	uniform	1000000	925516	12	12	12	0	0	0	0	12	1.0	1.0	1.0	1.0	0	5	44
GCA_000304475.1_uniform_1000k_r02	GCA_000304475.1	uniform	1000000	925516	12	12	12	0	0	0	0	12	1.0	1.0	1.0	1.0	0	5	44
GCA_000304475.1_uniform_1000k_r03	GCA_000304475.1	uniform	1000000	925516	12	12	12	0	0	0	0	12	1.0	1.0	1.0	1.0	0	5	44
GCA_000304475.1_uniform_1000k_r04	GCA_000304475.1	uniform	1000000	925516	12	12	12	0	0	0	0	12	1.0	1.0	1.0	1.0	0	5	44
GCA_000304475.1_uniform_1000k_r05	GCA_000304475.1	uniform	1000000	925516	12	12	12	0	0	0	0	12	1.0	1.0	1.0	1.0	0	5	44
GCA_000304475.1_uniform_1000k_r06	GCA_000304475.1	uniform	1000000	925516	12	12	12	0	0	0	0	12	1.0	1.0	1.0	1.0	0	5	44
GCA_000304475.1_uniform_1000k_r07	GCA_000304475.1	uniform	1000000	925516	12	12	12	0	0	0	0	12	1.0	1.0	1.0	1.0	0	5	44
GCA_000304475.1_uniform_1000k_r08	GCA_000304475.1	uniform	1000000	925516	12	12	12	0	0	0	0	12	1.0	1.0	1.0	1.0	0	5	44
GCA_000304475.1_uniform_1000k_r09	GCA_000304475.1	uniform	1000000	925516	12	12	12	0	0	0	0	12	1.0	1.0	1.0	1.0	0	5	44
GCA_000304475.1_uniform_1000k_r10	GCA_000304475.1	uniform	1000000	925516	12	12	12	0	0	0	0	12	1.0	1.0	1.0	1.0	0	5	44
GCA_000304475.1_uniform_100k_r01	GCA_000304475.1	uniform	100000	81627	12	12	12	0	0	0	0	8	1.0	1.0	1.0	0.6666666666666666	1	41	218
GCA_000304475.1_uniform_100k_r02	GCA_000304475.1	uniform	100000	111007	12	12	12	0	0	0	0	11	1.0	1.0	1.0	0.9166666666666666	1	35	206
GCA_000304475.1_uniform_100k_r03	GCA_000304475.1	uniform	100000	92113	12	12	12	0	0	0	0	9	1.0	1.0	1.0	0.75	1	38	210
GCA_000304475.1_uniform_100k_r04	GCA_000304475.1	uniform	100000	81482	12	12	12	0	0	0	0	11	1.0	1.0	1.0	0.9166666666666666	1	44	239
GCA_000304475.1_uniform_100k_r05	GCA_000304475.1	uniform	100000	94268	12	12	12	0	0	0	0	9	1.0	1.0	1.0	0.75	1	39	226
GCA_000304475.1_uniform_100k_r06	GCA_000304475.1	uniform	100000	109091	12	12	12	0	0	0	0	9	1.0	1.0	1.0	0.75	1	34	205
GCA_000304475.1_uniform_100k_r07	GCA_000304475.1	uniform	100000	93452	12	12	12	0	0	0	0	9	1.0	1.0	1.0	0.75	1	40	213
GCA_000304475.1_uniform_100k_r08	GCA_000304475.1	uniform	100000	114142	12	12	12	0	0	0	0	8	1.0	1.0	1.0	0.6666666666666666	1	34	189
GCA_000304475.1_uniform_100k_r09	GCA_000304475.1	uniform	100000	108630	12	12	12	0	0	0	0	10	1.0	1.0	1.0	0.8333333333333334	1	34	202
GCA_000304475.1_uniform_100k_r10	GCA_000304475.1	uniform	100000	84186	12	12	12	0	0	0	0	11	1.0	1.0	1.0	0.9166666666666666	1	40	218
GCA_000304475.1_uniform_10k_r01	GCA_000304475.1	uniform	10000	9897	12	12	12	0	0	0	0	1	1.0	1.0	1.0	0.08333333333333333	1	363	1911
GCA_000304475.1_uniform_10k_r02	GCA_000304475.1	uniform	10000	9512	12	12	12	0	0	0	0	0	1.0	1.0	1.0	0.0	1	368	1927
GCA_000304475.1_uniform_10k_r03	GCA_000304475.1	uniform	10000	9577	12	12	12	0	0	0	0	2	1.0	1.0	1.0	0.16666666666666666	1	361	1918
GCA_000304475.1_uniform_10k_r04	GCA_000304475.1	uniform	10000	9389	12	12	12	0	0	0	0	1	1.0	1.0	1.0	0.08333333333333333	1	368	1886
GCA_000304475.1_uniform_10k_r05	GCA_000304475.1	uniform	10000	10617	12	12	12	0	0	0	0	0	1.0	1.0	1.0	0.0	1	334	1845
GCA_000304475.1_uniform_10k_r06	GCA_000304475.1	uniform	10000	9394	12	12	12	0	0	0	0	0	1.0	1.0	1.0	0.0	1	364	1939
GCA_000304475.1_uniform_10k_r07	GCA_000304475.1	uniform	10000	10081	12	12	11	0	0	1	1	0	1.0	0.9166666666666666	0.9166666666666666	0.0	1	343	1872
GCA_000304475.1_uniform_10k_r08	GCA_000304475.1	uniform	10000	9586	12	11	11	1	0	1	1	0	0.9166666666666666	0.9166666666666666	0.9166666666666666	0.0	1	351	1888
GCA_000304475.1_uniform_10k_r09	GCA_000304475.1	uniform	10000	9834	12	12	12	0	0	0	0	0	1.0	1.0	1.0	0.0	1	369	1904
GCA_000304475.1_uniform_10k_r10	GCA_000304475.1	uniform	10000	9695	12	12	12	0	0	0	0	1	1.0	1.0	1.0	0.08333333333333333	1	371	1968
GCA_000304475.1_uniform_200k_r01	GCA_000304475.1	uniform	200000	261042	12	12	12	0	0	0	0	12	1.0	1.0	1.0	1.0	1	15	107
GCA_000304475.1_uniform_200k_r02	GCA_000304475.1	uniform	200000	213877	12	12	12	0	0	0	0	10	1.0	1.0	1.0	0.8333333333333334	1	18	112
GCA_000304475.1_uniform_200k_r03	GCA_000304475.1	uniform	200000	268063	12	12	12	0	0	0	0	11	1.0	1.0	1.0	0.9166666666666666	1	13	96
GCA_000304475.1_uniform_200k_r04	GCA_000304475.1	uniform	200000	178283	12	12	12	0	0	0	0	10	1.0	1.0	1.0	0.8333333333333334	1	21	123
GCA_000304475.1_uniform_200k_r05	GCA_000304475.1	uniform	200000	195329	12	12	12	0	0	0	0	11	1.0	1.0	1.0	0.9166666666666666	1	18	113
GCA_000304475.1_uniform_200k_r06	GCA_000304475.1	uniform	200000	226096	12	12	12	0	0	0	0	12	1.0	1.0	1.0	1.0	1	16	98
GCA_000304475.1_uniform_200k_r07	GCA_000304475.1	uniform	200000	189610	12	12	12	0	0	0	0	11	1.0	1.0	1.0	0.9166666666666666	1	16	118
GCA_000304475.1_uniform_200k_r08	GCA_000304475.1	uniform	200000	261042	12	12	12	0	0	0	0	10	1.0	1.0	1.0	0.8333333333333334	1	15	106
GCA_000304475.1_uniform_200k_r09	GCA_000304475.1	uniform	200000	194323	12	12	12	0	0	0	0	9	1.0	1.0	1.0	0.75	1	18	109
GCA_000304475.1_uniform_200k_r10	GCA_000304475.1	uniform	200000	213406	12	12	12	0	0	0	0	10	1.0	1.0	1.0	0.8333333333333334	1	16	104
GCA_000304475.1_uniform_20k_r01	GCA_000304475.1	uniform	20000	20140	12	12	12	0	0	0	0	2	1.0	1.0	1.0	0.16666666666666666	1	165	899
GCA_000304475.1_uniform_20k_r02	GCA_000304475.1	uniform	20000	19102	12	12	12	0	0	0	0	0	1.0	1.0	1.0	0.0	1	181	1016
GCA_000304475.1_uniform_20k_r03	GCA_000304475.1	uniform	20000	19887	12	12	12	0	0	0	0	1	1.0	1.0	1.0	0.08333333333333333	1	162	935
GCA_000304475.1_uniform_20k_r04	GCA_000304475.1	uniform	20000	20131	12	12	12	0	0	0	0	2	1.0	1.0	1.0	0.16666666666666666	1	179	987
GCA_000304475.1_uniform_20k_r05	GCA_000304475.1	uniform	20000	19707	12	12	12	0	0	0	0	3	1.0	1.0	1.0	0.25	1	179	1030
GCA_000304475.1_uniform_20k_r06	GCA_000304475.1	uniform	20000	19484	12	12	12	0	0	0	0	2	1.0	1.0	1.0	0.16666666666666666	1	169	982
GCA_000304475.1_uniform_20k_r07	GCA_000304475.1	uniform	20000	20133	12	12	12	0	0	0	0	1	1.0	1.0	1.0	0.08333333333333333	1	179	934
GCA_000304475.1_uniform_20k_r08	GCA_000304475.1	uniform	20000	19006	12	12	12	0	0	0	0	2	1.0	1.0	1.0	0.16666666666666666	1	191	998
GCA_000304475.1_uniform_20k_r09	GCA_000304475.1	uniform	20000	19831	12	12	12	0	0	0	0	2	1.0	1.0	1.0	0.16666666666666666	1	179	970
GCA_000304475.1_uniform_20k_r10	GCA_000304475.1	uniform	20000	19395	12	11	11	1	0	1	1	2	0.9166666666666666	0.9166666666666666	0.9166666666666666	0.16666666666666666	1	189	997
GCA_000304475.1_uniform_500k_r01	GCA_000304475.1	uniform	500000	517568	12	12	12	0	0	0	0	12	1.0	1.0	1.0	1.0	1	8	61
GCA_000304475.1_uniform_500k_r02	GCA_000304475.1	uniform	500000	547686	12	12	12	0	0	0	0	11	1.0	1.0	1.0	0.9166666666666666	1	7	65
GCA_000304475.1_uniform_500k_r03	GCA_000304475.1	uniform	500000	547686	12	12	12	0	0	0	0	12	1.0	1.0	1.0	1.0	1	7	60
GCA_000304475.1_uniform_500k_r04	GCA_000304475.1	uniform	500000	399451	12	12	12	0	0	0	0	11	1.0	1.0	1.0	0.9166666666666666	1	9	68
GCA_000304475.1_uniform_500k_r05	GCA_000304475.1	uniform	500000	390799	12	12	12	0	0	0	0	12	1.0	1.0	1.0	1.0	1	9	64
GCA_000304475.1_uniform_500k_r06	GCA_000304475.1	uniform	500000	563483	12	12	12	0	0	0	0	12	1.0	1.0	1.0	1.0	0	8	59
GCA_000304475.1_uniform_500k_r07	GCA_000304475.1	uniform	500000	414403	12	12	12	0	0	0	0	11	1.0	1.0	1.0	0.9166666666666666	0	9	70
GCA_000304475.1_uniform_500k_r08	GCA_000304475.1	uniform	500000	547686	12	12	12	0	0	0	0	12	1.0	1.0	1.0	1.0	1	7	57
GCA_000304475.1_uniform_500k_r09	GCA_000304475.1	uniform	500000	483146	12	12	12	0	0	0	0	11	1.0	1.0	1.0	0.9166666666666666	0	8	61
GCA_000304475.1_uniform_500k_r10	GCA_000304475.1	uniform	500000	405646	12	12	12	0	0	0	0	12	1.0	1.0	1.0	1.0	1	8	62
GCA_000304475.1_uniform_50k_r01	GCA_000304475.1	uniform	50000	46967	12	12	12	0	0	0	0	10	1.0	1.0	1.0	0.8333333333333334	1	74	386
GCA_000304475.1_uniform_50k_r02	GCA_000304475.1	uniform	50000	45084	12	12	12	0	0	0	0	6	1.0	1.0	1.0	0.5	1	82	432
GCA_000304475.1_uniform_50k_r03	GCA_000304475.1	uniform	50000	44117	12	12	12	0	0	0	0	7	1.0	1.0	1.0	0.5833333333333334	1	73	431
GCA_000304475.1_uniform_50k_r04	GCA_000304475.1	uniform	50000	57599	12	12	12	0	0	0	0	5	1.0	1.0	1.0	0.4166666666666667	1	64	375
GCA_000304475.1_uniform_50k_r05	GCA_000304475.1	uniform	50000	46800	12	12	12	0	0	0	0	10	1.0	1.0	1.0	0.8333333333333334	1	70	402
GCA_000304475.1_uniform_50k_r06	GCA_000304475.1	uniform	50000	45723	12	12	12	0	0	0	0	5	1.0	1.0	1.0	0.4166666666666667	1	73	402
GCA_000304475.1_uniform_50k_r07	GCA_000304475.1	uniform	50000	53087	12	12	12	0	0	0	0	5	1.0	1.0	1.0	0.4166666666666667	1	65	363
GCA_000304475.1_uniform_50k_r08	GCA_000304475.1	uniform	50000	48115	12	12	12	0	0	0	0	5	1.0	1.0	1.0	0.4166666666666667	1	72	397
GCA_000304475.1_uniform_50k_r09	GCA_000304475.1	uniform	50000	45144	12	12	12	0	0	0	0	8	1.0	1.0	1.0	0.6666666666666666	1	67	389
GCA_000304475.1_uniform_50k_r10	GCA_000304475.1	uniform	50000	44637	12	12	12	0	0	0	0	5	1.0	1.0	1.0	0.4166666666666667	1	78	405
GCA_000304475.1_uniform_5k_r01	GCA_000304475.1	uniform	5000	4896	12	11	11	1	0	1	2	0	0.9166666666666666	0.9166666666666666	0.9166666666666666	0.0	1	708	3811
GCA_000304475.1_uniform_5k_r02	GCA_000304475.1	uniform	5000	4915	12	11	11	1	0	1	1	0	0.9166666666666666	0.9166666666666666	0.9166666666666666	0.0	1	700	3751
GCA_000304475.1_uniform_5k_r03	GCA_000304475.1	uniform	5000	4928	12	11	11	1	0	1	1	0	0.9166666666666666	0.9166666666666666	0.9166666666666666	0.0	1	707	3849
GCA_000304475.1_uniform_5k_r04	GCA_000304475.1	uniform	5000	5054	12	11	11	1	0	1	1	0	0.9166666666666666	0.9166666666666666	0.9166666666666666	0.0	1	688	3750
GCA_000304475.1_uniform_5k_r05	GCA_000304475.1	uniform	5000	4836	12	12	12	0	0	0	1	0	1.0	1.0	1.0	0.0	1	707	3776
GCA_000304475.1_uniform_5k_r06	GCA_000304475.1	uniform	5000	4753	12	12	12	0	0	0	0	0	1.0	1.0	1.0	0.0	1	729	3863
GCA_000304475.1_uniform_5k_r07	GCA_000304475.1	uniform	5000	4868	12	11	11	1	0	1	1	0	0.9166666666666666	0.9166666666666666	0.9166666666666666	0.0	1	731	3869
GCA_000304475.1_uniform_5k_r08	GCA_000304475.1	uniform	5000	4873	12	11	11	1	0	1	2	0	0.9166666666666666	0.9166666666666666	0.9166666666666666	0.0	1	710	3817
GCA_000304475.1_uniform_5k_r09	GCA_000304475.1	uniform	5000	4866	12	12	12	0	0	0	1	0	1.0	1.0	1.0	0.0	1	712	3884
GCA_000304475.1_uniform_5k_r10	GCA_000304475.1	uniform	5000	4924	12	11	11	1	0	1	1	0	0.9166666666666666	0.9166666666666666	0.9166666666666666	0.0	1	714	3771
GCA_000348985.1_at_weighted_1000k_r01	GCA_000348985.1	at_weighted	1000000	196811	13	13	13	0	0	0	0	13	1.0	1.0	1.0	1.0	0	17	125
GCA_000348985.1_at_weighted_1000k_r02	GCA_000348985.1	at_weighted	1000000	196811	13	13	13	0	0	0	0	13	1.0	1.0	1.0	1.0	0	17	125
GCA_000348985.1_at_weighted_1000k_r03	GCA_000348985.1	at_weighted	1000000	196811	13	13	13	0	0	0	0	13	1.0	1.0	1.0	1.0	0	17	125
GCA_000348985.1_at_weighted_1000k_r04	GCA_000348985.1	at_weighted	1000000	196811	13	13	13	0	0	0	0	13	1.0	1.0	1.0	1.0	0	17	125
GCA_000348985.1_at_weighted_1000k_r05	GCA_000348985.1	at_weighted	1000000	196811	13	13	13	0	0	0	0	13	1.0	1.0	1.0	1.0	0	17	125
GCA_000348985.1_at_weighted_1000k_r06	GCA_000348985.1	at_weighted	1000000	196811	13	13	13	0	0	0	0	13	1.0	1.0	1.0	1.0	0	17	125
GCA_000348985.1_at_weighted_1000k_r07	GCA_000348985.1	at_weighted	1000000	196811	13	13	13	0	0	0	0	13	1.0	1.0	1.0	1.0	0	17	125
GCA_000348985.1_at_weighted_1000k_r08	GCA_000348985.1	at_weighted	1000000	196811	13	13	13	0	0	0	0	13	1.0	1.0	1.0	1.0	0	17	125
GCA_000348985.1_at_weighted_1000k_r09	GCA_000348985.1	at_weighted	1000000	196811	13	13	13	0	0	0	0	13	1.0	1.0	1.0	1.0	0	17	125
GCA_000348985.1_at_weighted_1000k_r10	GCA_000348985.1	at_weighted	1000000	196811	13	13	13	0	0	0	0	13	1.0	1.0	1.0	1.0	0	17	125
GCA_000348985.1_at_weighted_100k_r01	GCA_000348985.1	at_weighted	100000	105516	13	13	13	0	0	0	0	11	1.0	1.0	1.0	0.8461538461538461	0	35	200
GCA_000348985.1_at_weighted_100k_r02	GCA_000348985.1	at_weighted	100000	112483	13	13	13	0	0	0	0	8	1.0	1.0	1.0	0.6153846153846154	0	34	197
GCA_000348985.1_at_weighted_100k_r03	GCA_000348985.1	at_weighted	100000	96349	13	13	13	0	0	0	0	12	1.0	1.0	1.0	0.9230769230769231	0	36	221
GCA_000348985.1_at_weighted_100k_r04	GCA_000348985.1	at_weighted	100000	92522	13	13	13	0	0	0	0	11	1.0	1.0	1.0	0.8461538461538461	0	37	211
GCA_000348985.1_at_weighted_100k_r05	GCA_000348985.1	at_weighted	100000	95057	13	13	13	0	0	0	0	11	1.0	1.0	1.0	0.8461538461538461	0	31	219
GCA_000348985.1_at_weighted_100k_r06	GCA_000348985.1	at_weighted	100000	103819	13	13	13	0	0	0	0	11	1.0	1.0	1.0	0.8461538461538461	0	34	213
GCA_000348985.1_at_weighted_100k_r07	GCA_000348985.1	at_weighted	100000	88907	13	13	13	0	0	0	0	13	1.0	1.0	1.0	1.0	0	35	218
GCA_000348985.1_at_weighted_100k_r08	GCA_000348985.1	at_weighted	100000	101063	13	13	13	0	0	0	0	13	1.0	1.0	1.0	1.0	0	35	211
GCA_000348985.1_at_weighted_100k_r09	GCA_000348985.1	at_weighted	100000	108111	13	13	13	0	0	0	0	12	1.0	1.0	1.0	0.9230769230769231	0	30	214
GCA_000348985.1_at_weighted_100k_r10	GCA_000348985.1	at_weighted	100000	92133	13	12	12	1	0	1	1	8	0.9230769230769231	0.9230769230769231	0.9230769230769231	0.6153846153846154	0	36	230
GCA_000348985.1_at_weighted_10k_r01	GCA_000348985.1	at_weighted	10000	10310	13	11	11	2	0	2	3	0	0.8461538461538461	0.8461538461538461	0.8461538461538461	0.0	1	333	1876
GCA_000348985.1_at_weighted_10k_r02	GCA_000348985.1	at_weighted	10000	9933	13	12	12	1	0	1	1	1	0.9230769230769231	0.9230769230769231	0.9230769230769231	0.07692307692307693	1	351	1972
GCA_000348985.1_at_weighted_10k_r03	GCA_000348985.1	at_weighted	10000	9491	13	9	9	4	0	4	4	0	0.6923076923076923	0.6923076923076923	0.6923076923076923	0.0	1	347	1932
GCA_000348985.1_at_weighted_10k_r04	GCA_000348985.1	at_weighted	10000	9181	13	12	12	1	0	1	2	0	0.9230769230769231	0.9230769230769231	0.9230769230769231	0.0	1	355	1988
GCA_000348985.1_at_weighted_10k_r05	GCA_000348985.1	at_weighted	10000	10295	13	12	12	1	0	1	1	0	0.9230769230769231	0.9230769230769231	0.9230769230769231	0.0	1	326	1884
GCA_000348985.1_at_weighted_10k_r06	GCA_000348985.1	at_weighted	10000	9292	13	12	12	1	0	1	1	0	0.9230769230769231	0.9230769230769231	0.9230769230769231	0.0	1	355	1965
GCA_000348985.1_at_weighted_10k_r07	GCA_000348985.1	at_weighted	10000	10534	13	12	12	1	0	1	1	1	0.9230769230769231	0.9230769230769231	0.9230769230769231	0.07692307692307693	0	317	1868
GCA_000348985.1_at_weighted_10k_r08	GCA_000348985.1	at_weighted	10000	10095	13	12	12	1	0	1	1	0	0.9230769230769231	0.9230769230769231	0.9230769230769231	0.0	0	344	1919
GCA_000348985.1_at_weighted_10k_r09	GCA_000348985.1	at_weighted	10000	9616	13	12	12	1	0	1	2	0	0.9230769230769231	0.9230769230769231	0.9230769230769231	0.0	1	348	1923
GCA_000348985.1_at_weighted_10k_r10	GCA_000348985.1	at_weighted	10000	10118	13	12	12	1	0	1	1	0	0.9230769230769231	0.9230769230769231	0.9230769230769231	0.0	0	339	1907
GCA_000348985.1_at_weighted_200k_r01	GCA_000348985.1	at_weighted	200000	196811	13	13	13	0	0	0	0	13	1.0	1.0	1.0	1.0	0	17	125
GCA_000348985.1_at_weighted_200k_r02	GCA_000348985.1	at_weighted	200000	196811	13	13	13	0	0	0	0	13	1.0	1.0	1.0	1.0	0	17	125
GCA_000348985.1_at_weighted_200k_r03	GCA_000348985.1	at_weighted	200000	196811	13	13	13	0	0	0	0	13	1.0	1.0	1.0	1.0	0	17	125
GCA_000348985.1_at_weighted_200k_r04	GCA_000348985.1	at_weighted	200000	196811	13	13	13	0	0	0	0	13	1.0	1.0	1.0	1.0	0	17	125
GCA_000348985.1_at_weighted_200k_r05	GCA_000348985.1	at_weighted	200000	196811	13	13	13	0	0	0	0	13	1.0	1.0	1.0	1.0	0	17	125
GCA_000348985.1_at_weighted_200k_r06	GCA_000348985.1	at_weighted	200000	196811	13	13	13	0	0	0	0	13	1.0	1.0	1.0	1.0	0	17	125
GCA_000348985.1_at_weighted_200k_r07	GCA_000348985.1	at_weighted	200000	196811	13	13	13	0	0	0	0	13	1.0	1.0	1.0	1.0	0	17	125
GCA_000348985.1_at_weighted_200k_r08	GCA_000348985.1	at_weighted	200000	196811	13	13	13	0	0	0	0	13	1.0	1.0	1.0	1.0	0	17	125
GCA_000348985.1_at_weighted_200k_r09	GCA_000348985.1	at_weighted	200000	196811	13	13	13	0	0	0	0	13	1.0	1.0	1.0	1.0	0	17	125
GCA_000348985.1_at_weighted_200k_r10	GCA_000348985.1	at_weighted	200000	196811	13	13	13	0	0	0	0	13	1.0	1.0	1.0	1.0	0	17	125
GCA_000348985.1_at_weighted_20k_r01	GCA_000348985.1	at_weighted	20000	20885	13	13	13	0	0	0	0	1	1.0	1.0	1.0	0.07692307692307693	0	166	965
GCA_000348985.1_at_weighted_20k_r02	GCA_000348985.1	at_weighted	20000	20571	13	12	12	1	0	1	1	2	0.9230769230769231	0.9230769230769231	0.9230769230769231	0.15384615384615385	1	167	928
GCA_000348985.1_at_weighted_20k_r03	GCA_000348985.1	at_weighted	20000	18828	13	13	13	0	0	0	0	0	1.0	1.0	1.0	0.0	0	180	965
GCA_000348985.1_at_weighted_20k_r04	GCA_000348985.1	at_weighted	20000	20868	13	12	12	1	0	1	1	3	0.9230769230769231	0.9230769230769231	0.9230769230769231	0.23076923076923078	1	161	920
GCA_000348985.1_at_weighted_20k_r05	GCA_000348985.1	at_weighted	20000	18917	13	13	13	0	0	0	0	2	1.0	1.0	1.0	0.15384615384615385	1	170	955
GCA_000348985.1_at_weighted_20k_r06	GCA_000348985.1	at_weighted	20000	21086	13	12	12	1	0	1	1	1	0.9230769230769231	0.9230769230769231	0.9230769230769231	0.07692307692307693	0	162	901
GCA_000348985.1_at_weighted_20k_r07	GCA_000348985.1	at_weighted	20000	18955	13	13	13	0	0	0	0	1	1.0	1.0	1.0	0.07692307692307693	1	177	983
GCA_000348985.1_at_weighted_20k_r08	GCA_000348985.1	at_weighted	20000	20075	13	11	11	2	0	2	3	1	0.8461538461538461	0.8461538461538461	0.8461538461538461	0.07692307692307693	0	168	985
GCA_000348985.1_at_weighted_20k_r09	GCA_000348985.1	at_weighted	20000	20504	13	11	11	2	0	2	2	2	0.8461538461538461	0.8461538461538461	0.8461538461538461	0.15384615384615385	1	171	913
GCA_000348985.1_at_weighted_20k_r10	GCA_000348985.1	at_weighted	20000	19036	13	12	12	1	0	1	1	1	0.9230769230769231	0.9230769230769231	0.9230769230769231	0.07692307692307693	1	173	1009
GCA_000348985.1_at_weighted_500k_r01	GCA_000348985.1	at_weighted	500000	196811	13	13	13	0	0	0	0	13	1.0	1.0	1.0	1.0	0	17	125
GCA_000348985.1_at_weighted_500k_r02	GCA_000348985.1	at_weighted	500000	196811	13	13	13	0	0	0	0	13	1.0	1.0	1.0	1.0	0	17	125
GCA_000348985.1_at_weighted_500k_r03	GCA_000348985.1	at_weighted	500000	196811	13	13	13	0	0	0	0	13	1.0	1.0	1.0	1.0	0	17	125
GCA_000348985.1_at_weighted_500k_r04	GCA_000348985.1	at_weighted	500000	196811	13	13	13	0	0	0	0	13	1.0	1.0	1.0	1.0	0	17	125
GCA_000348985.1_at_weighted_500k_r05	GCA_000348985.1	at_weighted	500000	196811	13	13	13	0	0	0	0	13	1.0	1.0	1.0	1.0	0	17	125
GCA_000348985.1_at_weighted_500k_r06	GCA_000348985.1	at_weighted	500000	196811	13	13	13	0	0	0	0	13	1.0	1.0	1.0	1.0	0	17	125
GCA_000348985.1_at_weighted_500k_r07	GCA_000348985.1	at_weighted	500000	196811	13	13	13	0	0	0	0	13	1.0	1.0	1.0	1.0	0	17	125
GCA_000348985.1_at_weighted_500k_r08	GCA_000348985.1	at_weighted	500000	196811	13	13	13	0	0	0	0	13	1.0	1.0	1.0	1.0	0	17	125
GCA_000348985.1_at_weighted_500k_r09	GCA_000348985.1	at_weighted	500000	196811	13	13	13	0	0	0	0	13	1.0	1.0	1.0	1.0	0	17	125
GCA_000348985.1_at_weighted_500k_r10	GCA_000348985.1	at_weighted	500000	196811	13	13	13	0	0	0	0	13	1.0	1.0	1.0	1.0	0	17	125
GCA_000348985.1_at_weighted_50k_r01	GCA_000348985.1	at_weighted	50000	51686	13	13	13	0	0	0	0	7	1.0	1.0	1.0	0.5384615384615384	0	64	374
GCA_000348985.1_at_weighted_50k_r02	GCA_000348985.1	at_weighted	50000	50198	13	13	13	0	0	0	0	7	1.0	1.0	1.0	0.5384615384615384	0	68	390
GCA_000348985.1_at_weighted_50k_r03	GCA_000348985.1	at_weighted	50000	50026	13	13	13	0	0	0	0	10	1.0	1.0	1.0	0.7692307692307693	0	64	400
GCA_000348985.1_at_weighted_50k_r04	GCA_000348985.1	at_weighted	50000	48159	13	13	13	0	0	0	0	4	1.0	1.0	1.0	0.3076923076923077	1	74	440
GCA_000348985.1_at_weighted_50k_r05	GCA_000348985.1	at_weighted	50000	48562	13	13	13	0	0	0	0	8	1.0	1.0	1.0	0.6153846153846154	1	73	391
GCA_000348985.1_at_weighted_50k_r06	GCA_000348985.1	at_weighted	50000	52479	13	13	13	0	0	0	0	7	1.0	1.0	1.0	0.5384615384615384	0	62	382
GCA_000348985.1_at_weighted_50k_r07	GCA_000348985.1	at_weighted	50000	49158	13	13	13	0	0	0	0	8	1.0	1.0	1.0	0.6153846153846154	1	64	376
GCA_000348985.1_at_weighted_50k_r08	GCA_000348985.1	at_weighted	50000	52950	13	13	13	0	0	0	1	4	1.0	1.0	1.0	0.3076923076923077	0	64	399
GCA_000348985.1_at_weighted_50k_r09	GCA_000348985.1	at_weighted	50000	52072	13	13	13	0	0	0	0	5	1.0	1.0	1.0	0.38461538461538464	0	68	390
GCA_000348985.1_at_weighted_50k_r10	GCA_000348985.1	at_weighted	50000	53880	13	13	13	0	0	0	0	6	1.0	1.0	1.0	0.46153846153846156	0	67	375
GCA_000348985.1_at_weighted_5k_r01	GCA_000348985.1	at_weighted	5000	5026	13	11	11	2	0	2	3	0	0.8461538461538461	0.8461538461538461	0.8461538461538461	0.0	1	632	3838
GCA_000348985.1_at_weighted_5k_r02	GCA_000348985.1	at_weighted	5000	4994	13	11	11	2	0	3	3	0	0.8461538461538461	0.8461538461538461	0.7692307692307692	0.0	1	660	3834
GCA_000348985.1_at_weighted_5k_r03	GCA_000348985.1	at_weighted	5000	5026	13	7	7	6	0	6	6	0	0.5384615384615384	0.5384615384615384	0.5384615384615384	0.0	1	657	3822
GCA_000348985.1_at_weighted_5k_r04	GCA_000348985.1	at_weighted	5000	5066	13	11	11	2	0	2	2	0	0.8461538461538461	0.8461538461538461	0.8461538461538461	0.0	0	639	3761
GCA_000348985.1_at_weighted_5k_r05	GCA_000348985.1	at_weighted	5000	4975	13	12	12	1	0	1	2	0	0.9230769230769231	0.9230769230769231	0.9230769230769231	0.0	1	657	3808
GCA_000348985.1_at_weighted_5k_r06	GCA_000348985.1	at_weighted	5000	4893	13	11	11	2	0	2	4	0	0.8461538461538461	0.8461538461538461	0.8461538461538461	0.0	0	673	3770
GCA_000348985.1_at_weighted_5k_r07	GCA_000348985.1	at_weighted	5000	4866	13	10	10	3	0	3	3	0	0.7692307692307693	0.7692307692307693	0.7692307692307692	0.0	0	690	3934
GCA_000348985.1_at_weighted_5k_r08	GCA_000348985.1	at_weighted	5000	4941	13	10	10	3	0	3	3	0	0.7692307692307693	0.7692307692307693	0.7692307692307692	0.0	1	662	3912
GCA_000348985.1_at_weighted_5k_r09	GCA_000348985.1	at_weighted	5000	5038	13	13	13	0	0	0	1	0	1.0	1.0	1.0	0.0	0	641	3804
GCA_000348985.1_at_weighted_5k_r10	GCA_000348985.1	at_weighted	5000	4875	13	8	8	5	0	5	5	0	0.6153846153846154	0.6153846153846154	0.6153846153846154	0.0	1	676	3909
GCA_000348985.1_uniform_1000k_r01	GCA_000348985.1	uniform	1000000	196811	13	13	13	0	0	0	0	13	1.0	1.0	1.0	1.0	0	17	125
GCA_000348985.1_uniform_1000k_r02	GCA_000348985.1	uniform	1000000	196811	13	13	13	0	0	0	0	13	1.0	1.0	1.0	1.0	0	17	125
GCA_000348985.1_uniform_1000k_r03	GCA_000348985.1	uniform	1000000	196811	13	13	13	0	0	0	0	13	1.0	1.0	1.0	1.0	0	17	125
GCA_000348985.1_uniform_1000k_r04	GCA_000348985.1	uniform	1000000	196811	13	13	13	0	0	0	0	13	1.0	1.0	1.0	1.0	0	17	125
GCA_000348985.1_uniform_1000k_r05	GCA_000348985.1	uniform	1000000	196811	13	13	13	0	0	0	0	13	1.0	1.0	1.0	1.0	0	17	125
GCA_000348985.1_uniform_1000k_r06	GCA_000348985.1	uniform	1000000	196811	13	13	13	0	0	0	0	13	1.0	1.0	1.0	1.0	0	17	125
GCA_000348985.1_uniform_1000k_r07	GCA_000348985.1	uniform	1000000	196811	13	13	13	0	0	0	0	13	1.0	1.0	1.0	1.0	0	17	125
GCA_000348985.1_uniform_1000k_r08	GCA_000348985.1	uniform	1000000	196811	13	13	13	0	0	0	0	13	1.0	1.0	1.0	1.0	0	17	125
GCA_000348985.1_uniform_1000k_r09	GCA_000348985.1	uniform	1000000	196811	13	13	13	0	0	0	0	13	1.0	1.0	1.0	1.0	0	17	125
GCA_000348985.1_uniform_1000k_r10	GCA_000348985.1	uniform	1000000	196811	13	13	13	0	0	0	0	13	1.0	1.0	1.0	1.0	0	17	125
GCA_000348985.1_uniform_100k_r01	GCA_000348985.1	uniform	100000	85698	13	13	13	0	0	0	0	10	1.0	1.0	1.0	0.7692307692307693	1	39	237
GCA_000348985.1_uniform_100k_r02	GCA_000348985.1	uniform	100000	92522	13	13	13	0	0	0	0	11	1.0	1.0	1.0	0.8461538461538461	0	38	225
GCA_000348985.1_uniform_100k_r03	GCA_000348985.1	uniform	100000	93704	13	13	13	0	0	0	0	11	1.0	1.0	1.0	0.8461538461538461	0	35	223
GCA_000348985.1_uniform_100k_r04	GCA_000348985.1	uniform	100000	103624	13	13	13	0	0	0	0	12	1.0	1.0	1.0	0.9230769230769231	0	32	213
GCA_000348985.1_uniform_100k_r05	GCA_000348985.1	uniform	100000	99444	13	13	13	0	0	0	0	12	1.0	1.0	1.0	0.9230769230769231	0	33	198
GCA_000348985.1_uniform_100k_r06	GCA_000348985.1	uniform	100000	86561	13	13	13	0	0	0	0	12	1.0	1.0	1.0	0.9230769230769231	0	39	231
GCA_000348985.1_uniform_100k_r07	GCA_000348985.1	uniform	100000	92085	13	13	13	0	0	0	0	13	1.0	1.0	1.0	1.0	0	39	209
GCA_000348985.1_uniform_100k_r08	GCA_000348985.1	uniform	100000	96533	13	13	13	0	0	0	0	10	1.0	1.0	1.0	0.7692307692307693	0	36	212
GCA_000348985.1_uniform_100k_r09	GCA_000348985.1	uniform	100000	86169	13	13	13	0	0	0	0	11	1.0	1.0	1.0	0.8461538461538461	0	40	222
GCA_000348985.1_uniform_100k_r10	GCA_000348985.1	uniform	100000	97445	13	13	13	0	0	0	0	11	1.0	1.0	1.0	0.8461538461538461	0	35	212
GCA_000348985.1_uniform_10k_r01	GCA_000348985.1	uniform	10000	10585	13	13	13	0	0	0	0	1	1.0	1.0	1.0	0.07692307692307693	1	333	1755
GCA_000348985.1_uniform_10k_r02	GCA_000348985.1	uniform	10000	10080	13	13	13	0	0	0	0	0	1.0	1.0	1.0	0.0	1	337	1796
GCA_000348985.1_uniform_10k_r03	GCA_000348985.1	uniform	10000	10240	13	11	11	2	0	2	2	0	0.8461538461538461	0.8461538461538461	0.8461538461538461	0.0	1	339	1815
GCA_000348985.1_uniform_10k_r04	GCA_000348985.1	uniform	10000	10050	13	13	13	0	0	0	1	3	1.0	1.0	1.0	0.23076923076923078	0	337	1827
GCA_000348985.1_uniform_10k_r05	GCA_000348985.1	uniform	10000	10020	13	13	13	0	0	0	0	0	1.0	1.0	1.0	0.0	0	329	1809
GCA_000348985.1_uniform_10k_r06	GCA_000348985.1	uniform	10000	10414	13	13	13	0	0	0	0	1	1.0	1.0	1.0	0.07692307692307693	1	327	1795
GCA_000348985.1_uniform_10k_r07	GCA_000348985.1	uniform	10000	10566	13	12	12	1	0	1	1	0	0.9230769230769231	0.9230769230769231	0.9230769230769231	0.0	1	323	1747
GCA_000348985.1_uniform_10k_r08	GCA_000348985.1	uniform	10000	9911	13	13	13	0	0	0	0	0	1.0	1.0	1.0	0.0	1	333	1837
GCA_000348985.1_uniform_10k_r09	GCA_000348985.1	uniform	10000	11296	13	13	13	0	0	0	0	1	1.0	1.0	1.0	0.07692307692307693	1	317	1721
GCA_000348985.1_uniform_10k_r10	GCA_000348985.1	uniform	10000	10055	13	12	12	1	0	1	1	1	0.9230769230769231	0.9230769230769231	0.9230769230769231	0.07692307692307693	1	332	1758
GCA_000348985.1_uniform_200k_r01	GCA_000348985.1	uniform	200000	196811	13	13	13	0	0	0	0	13	1.0	1.0	1.0	1.0	0	17	125
GCA_000348985.1_uniform_200k_r02	GCA_000348985.1	uniform	200000	196811	13	13	13	0	0	0	0	13	1.0	1.0	1.0	1.0	0	17	125
GCA_000348985.1_uniform_200k_r03	GCA_000348985.1	uniform	200000	196811	13	13	13	0	0	0	0	13	1.0	1.0	1.0	1.0	0	17	125
GCA_000348985.1_uniform_200k_r04	GCA_000348985.1	uniform	200000	196811	13	13	13	0	0	0	0	13	1.0	1.0	1.0	1.0	0	17	125
GCA_000348985.1_uniform_200k_r05	GCA_000348985.1	uniform	200000	196811	13	13	13	0	0	0	0	13	1.0	1.0	1.0	1.0	0	17	125
GCA_000348985.1_uniform_200k_r06	GCA_000348985.1	uniform	200000	196811	13	13	13	0	0	0	0	13	1.0	1.0	1.0	1.0	0	17	125
GCA_000348985.1_uniform_200k_r07	GCA_000348985.1	uniform	200000	196811	13	13	13	0	0	0	0	13	1.0	1.0	1.0	1.0	0	17	125
GCA_000348985.1_uniform_200k_r08	GCA_000348985.1	uniform	200000	196811	13	13	13	0	0	0	0	13	1.0	1.0	1.0	1.0	0	17	125
GCA_000348985.1_uniform_200k_r09	GCA_000348985.1	uniform	200000	196811	13	13	13	0	0	0	0	13	1.0	1.0	1.0	1.0	0	17	125
GCA_000348985.1_uniform_200k_r10	GCA_000348985.1	uniform	200000	196811	13	13	13	0	0	0	0	13	1.0	1.0	1.0	1.0	0	17	125
GCA_000348985.1_uniform_20k_r01	GCA_000348985.1	uniform	20000	19759	13	13	13	0	0	0	0	5	1.0	1.0	1.0	0.38461538461538464	0	169	901
GCA_000348985.1_uniform_20k_r02	GCA_000348985.1	uniform	20000	20325	13	13	13	0	0	0	0	5	1.0	1.0	1.0	0.38461538461538464	0	165	903
GCA_000348985.1_uniform_20k_r03	GCA_000348985.1	uniform	20000	19100	13	13	13	0	0	0	0	4	1.0	1.0	1.0	0.3076923076923077	1	180	950
GCA_000348985.1_uniform_20k_r04	GCA_000348985.1	uniform	20000	20370	13	13	13	0	0	0	0	3	1.0	1.0	1.0	0.23076923076923078	0	171	934
GCA_000348985.1_uniform_20k_r05	GCA_000348985.1	uniform	20000	20284	13	13	13	0	0	0	0	2	1.0	1.0	1.0	0.15384615384615385	0	172	881
GCA_000348985.1_uniform_20k_r06	GCA_000348985.1	uniform	20000	20215	13	13	13	0	0	0	0	2	1.0	1.0	1.0	0.15384615384615385	0	175	913
GCA_000348985.1_uniform_20k_r07	GCA_000348985.1	uniform	20000	19037	13	13	13	0	0	0	0	1	1.0	1.0	1.0	0.07692307692307693	0	175	930
GCA_000348985.1_uniform_20k_r08	GCA_000348985.1	uniform	20000	20618	13	13	13	0	0	0	0	3	1.0	1.0	1.0	0.23076923076923078	0	173	890
GCA_000348985.1_uniform_20k_r09	GCA_000348985.1	uniform	20000	19330	13	12	12	1	0	1	1	2	0.9230769230769231	0.9230769230769231	0.9230769230769231	0.15384615384615385	1	178	934
GCA_000348985.1_uniform_20k_r10	GCA_000348985.1	uniform	20000	19916	13	13	13	0	0	0	0	6	1.0	1.0	1.0	0.46153846153846156	1	172	951
GCA_000348985.1_uniform_500k_r01	GCA_000348985.1	uniform	500000	196811	13	13	13	0	0	0	0	13	1.0	1.0	1.0	1.0	0	17	125
GCA_000348985.1_uniform_500k_r02	GCA_000348985.1	uniform	500000	196811	13	13	13	0	0	0	0	13	1.0	1.0	1.0	1.0	0	17	125
GCA_000348985.1_uniform_500k_r03	GCA_000348985.1	uniform	500000	196811	13	13	13	0	0	0	0	13	1.0	1.0	1.0	1.0	0	17	125
GCA_000348985.1_uniform_500k_r04	GCA_000348985.1	uniform	500000	196811	13	13	13	0	0	0	0	13	1.0	1.0	1.0	1.0	0	17	125
GCA_000348985.1_uniform_500k_r05	GCA_000348985.1	uniform	500000	196811	13	13	13	0	0	0	0	13	1.0	1.0	1.0	1.0	0	17	125
GCA_000348985.1_uniform_500k_r06	GCA_000348985.1	uniform	500000	196811	13	13	13	0	0	0	0	13	1.0	1.0	1.0	1.0	0	17	125
GCA_000348985.1_uniform_500k_r07	GCA_000348985.1	uniform	500000	196811	13	13	13	0	0	0	0	13	1.0	1.0	1.0	1.0	0	17	125
GCA_000348985.1_uniform_500k_r08	GCA_000348985.1	uniform	500000	196811	13	13	13	0	0	0	0	13	1.0	1.0	1.0	1.0	0	17	125
GCA_000348985.1_uniform_500k_r09	GCA_000348985.1	uniform	500000	196811	13	13	13	0	0	0	0	13	1.0	1.0	1.0	1.0	0	17	125
GCA_000348985.1_uniform_500k_r10	GCA_000348985.1	uniform	500000	196811	13	13	13	0	0	0	0	13	1.0	1.0	1.0	1.0	0	17	125
GCA_000348985.1_uniform_50k_r01	GCA_000348985.1	uniform	50000	57268	13	13	13	0	0	0	0	9	1.0	1.0	1.0	0.6923076923076923	1	58	358
GCA_000348985.1_uniform_50k_r02	GCA_000348985.1	uniform	50000	52513	13	13	13	0	0	0	0	10	1.0	1.0	1.0	0.7692307692307693	0	61	366
GCA_000348985.1_uniform_50k_r03	GCA_000348985.1	uniform	50000	48102	13	13	13	0	0	0	0	10	1.0	1.0	1.0	0.7692307692307693	0	74	406
GCA_000348985.1_uniform_50k_r04	GCA_000348985.1	uniform	50000	54524	13	13	13	0	0	0	0	11	1.0	1.0	1.0	0.8461538461538461	0	60	350
GCA_000348985.1_uniform_50k_r05	GCA_000348985.1	uniform	50000	48693	13	13	13	0	0	0	0	6	1.0	1.0	1.0	0.46153846153846156	1	70	420
GCA_000348985.1_uniform_50k_r06	GCA_000348985.1	uniform	50000	50026	13	13	13	0	0	0	0	6	1.0	1.0	1.0	0.46153846153846156	0	75	387
GCA_000348985.1_uniform_50k_r07	GCA_000348985.1	uniform	50000	54025	13	13	13	0	0	0	0	4	1.0	1.0	1.0	0.3076923076923077	0	70	367
GCA_000348985.1_uniform_50k_r08	GCA_000348985.1	uniform	50000	54739	13	13	13	0	0	0	0	9	1.0	1.0	1.0	0.6923076923076923	0	60	388
GCA_000348985.1_uniform_50k_r09	GCA_000348985.1	uniform	50000	49922	13	13	13	0	0	0	0	6	1.0	1.0	1.0	0.46153846153846156	0	66	384
GCA_000348985.1_uniform_50k_r10	GCA_000348985.1	uniform	50000	43344	13	13	13	0	0	0	0	8	1.0	1.0	1.0	0.6153846153846154	0	80	410
GCA_000348985.1_uniform_5k_r01	GCA_000348985.1	uniform	5000	4894	13	12	12	1	0	1	2	0	0.9230769230769231	0.9230769230769231	0.9230769230769231	0.0	1	685	3737
GCA_000348985.1_uniform_5k_r02	GCA_000348985.1	uniform	5000	4863	13	13	13	0	0	0	0	0	1.0	1.0	1.0	0.0	1	691	3723
GCA_000348985.1_uniform_5k_r03	GCA_000348985.1	uniform	5000	5106	13	12	12	1	0	1	2	0	0.9230769230769231	0.9230769230769231	0.9230769230769231	0.0	1	681	3680
GCA_000348985.1_uniform_5k_r04	GCA_000348985.1	uniform	5000	4890	13	12	12	1	0	1	1	0	0.9230769230769231	0.9230769230769231	0.9230769230769231	0.0	0	699	3679
GCA_000348985.1_uniform_5k_r05	GCA_000348985.1	uniform	5000	4976	13	13	13	0	0	0	0	0	1.0	1.0	1.0	0.0	1	678	3618
GCA_000348985.1_uniform_5k_r06	GCA_000348985.1	uniform	5000	4815	13	12	12	1	0	1	1	0	0.9230769230769231	0.9230769230769231	0.9230769230769231	0.0	0	694	3735
GCA_000348985.1_uniform_5k_r07	GCA_000348985.1	uniform	5000	4811	13	12	12	1	0	1	1	0	0.9230769230769231	0.9230769230769231	0.9230769230769231	0.0	1	694	3752
GCA_000348985.1_uniform_5k_r08	GCA_000348985.1	uniform	5000	4871	13	13	13	0	0	0	0	0	1.0	1.0	1.0	0.0	1	715	3776
GCA_000348985.1_uniform_5k_r09	GCA_000348985.1	uniform	5000	4953	13	11	11	2	0	2	2	0	0.8461538461538461	0.8461538461538461	0.8461538461538461	0.0	1	696	3785
GCA_000348985.1_uniform_5k_r10	GCA_000348985.1	uniform	5000	4850	13	12	12	1	0	1	1	0	0.9230769230769231	0.9230769230769231	0.9230769230769231	0.0	0	709	3735
GCA_000412225.2_at_weighted_1000k_r01	GCA_000412225.2	at_weighted	1000000	1019532	7	7	7	0	0	0	0	7	1.0	1.0	1.0	1.0	0	4	11
GCA_000412225.2_at_weighted_1000k_r02	GCA_000412225.2	at_weighted	1000000	756797	7	7	7	0	0	0	0	7	1.0	1.0	1.0	1.0	0	4	18
GCA_000412225.2_at_weighted_1000k_r03	GCA_000412225.2	at_weighted	1000000	1136582	7	7	7	0	0	0	0	7	1.0	1.0	1.0	1.0	0	4	12
GCA_000412225.2_at_weighted_1000k_r04	GCA_000412225.2	at_weighted	1000000	1099572	7	7	7	0	0	0	0	7	1.0	1.0	1.0	1.0	0	4	13
GCA_000412225.2_at_weighted_1000k_r05	GCA_000412225.2	at_weighted	1000000	1099572	7	7	7	0	0	0	0	7	1.0	1.0	1.0	1.0	0	4	12
GCA_000412225.2_at_weighted_1000k_r06	GCA_000412225.2	at_weighted	1000000	1085627	7	7	7	0	0	0	0	7	1.0	1.0	1.0	1.0	0	4	15
GCA_000412225.2_at_weighted_1000k_r07	GCA_000412225.2	at_weighted	1000000	947761	7	7	7	0	0	0	0	7	1.0	1.0	1.0	1.0	0	4	19
GCA_000412225.2_at_weighted_1000k_r08	GCA_000412225.2	at_weighted	1000000	1000906	7	7	7	0	0	0	0	7	1.0	1.0	1.0	1.0	0	4	15
GCA_000412225.2_at_weighted_1000k_r09	GCA_000412225.2	at_weighted	1000000	1099572	7	7	7	0	0	0	0	7	1.0	1.0	1.0	1.0	0	4	12
GCA_000412225.2_at_weighted_1000k_r10	GCA_000412225.2	at_weighted	1000000	1493473	7	7	7	0	0	0	0	7	1.0	1.0	1.0	1.0	0	3	12
GCA_000412225.2_at_weighted_100k_r01	GCA_000412225.2	at_weighted	100000	98037	7	7	7	0	0	0	0	6	1.0	1.0	1.0	0.8571428571428571	0	29	165
GCA_000412225.2_at_weighted_100k_r02	GCA_000412225.2	at_weighted	100000	85740	7	7	7	0	0	0	0	4	1.0	1.0	1.0	0.5714285714285714	0	34	188
GCA_000412225.2_at_weighted_100k_r03	GCA_000412225.2	at_weighted	100000	91271	7	7	7	0	0	0	0	6	1.0	1.0	1.0	0.8571428571428571	0	31	155
GCA_000412225.2_at_weighted_100k_r04	GCA_000412225.2	at_weighted	100000	94049	7	7	7	0	0	0	0	4	1.0	1.0	1.0	0.5714285714285714	0	33	165
GCA_000412225.2_at_weighted_100k_r05	GCA_000412225.2	at_weighted	100000	109529	7	7	7	0	0	0	0	6	1.0	1.0	1.0	0.8571428571428571	0	26	144
GCA_000412225.2_at_weighted_100k_r06	GCA_000412225.2	at_weighted	100000	125121	7	7	7	0	0	0	0	5	1.0	1.0	1.0	0.7142857142857143	0	27	136
GCA_000412225.2_at_weighted_100k_r07	GCA_000412225.2	at_weighted	100000	92080	7	7	7	0	0	0	0	2	1.0	1.0	1.0	0.2857142857142857	0	29	152
GCA_000412225.2_at_weighted_100k_r08	GCA_000412225.2	at_weighted	100000	106259	7	6	6	1	0	1	1	5	0.8571428571428571	0.8571428571428571	0.8571428571428572	0.7142857142857143	0	26	160
GCA_000412225.2_at_weighted_100k_r09	GCA_000412225.2	at_weighted	100000	90816	7	6	6	1	0	1	1	4	0.8571428571428571	0.8571428571428571	0.8571428571428572	0.5714285714285714	0	32	173
GCA_000412225.2_at_weighted_100k_r10	GCA_000412225.2	at_weighted	100000	84365	7	7	7	0	0	0	0	2	1.0	1.0	1.0	0.2857142857142857	0	34	180
GCA_000412225.2_at_weighted_10k_r01	GCA_000412225.2	at_weighted	10000	9920	7	5	5	2	0	2	2	0	0.7142857142857143	0.7142857142857143	0.7142857142857143	0.0	0	275	1616
GCA_000412225.2_at_weighted_10k_r02	GCA_000412225.2	at_weighted	10000	10014	7	6	6	1	0	1	1	0	0.8571428571428571	0.8571428571428571	0.8571428571428572	0.0	0	282	1611
GCA_000412225.2_at_weighted_10k_r03	GCA_000412225.2	at_weighted	10000	10502	7	5	5	2	0	2	2	0	0.7142857142857143	0.7142857142857143	0.7142857142857143	0.0	0	271	1580
GCA_000412225.2_at_weighted_10k_r04	GCA_000412225.2	at_weighted	10000	9733	7	5	5	2	0	2	2	0	0.7142857142857143	0.7142857142857143	0.7142857142857143	0.0	0	272	1615
GCA_000412225.2_at_weighted_10k_r05	GCA_000412225.2	at_weighted	10000	9090	7	6	6	1	0	1	1	0	0.8571428571428571	0.8571428571428571	0.8571428571428572	0.0	0	282	1655
GCA_000412225.2_at_weighted_10k_r06	GCA_000412225.2	at_weighted	10000	10131	7	5	5	2	0	2	2	0	0.7142857142857143	0.7142857142857143	0.7142857142857143	0.0	0	269	1599
GCA_000412225.2_at_weighted_10k_r07	GCA_000412225.2	at_weighted	10000	10043	7	5	5	2	0	2	2	0	0.7142857142857143	0.7142857142857143	0.7142857142857143	0.0	0	264	1596
GCA_000412225.2_at_weighted_10k_r08	GCA_000412225.2	at_weighted	10000	10699	7	5	5	2	0	2	2	0	0.7142857142857143	0.7142857142857143	0.7142857142857143	0.0	0	254	1574
GCA_000412225.2_at_weighted_10k_r09	GCA_000412225.2	at_weighted	10000	11064	7	5	5	2	0	2	2	0	0.7142857142857143	0.7142857142857143	0.7142857142857143	0.0	0	252	1567
GCA_000412225.2_at_weighted_10k_r10	GCA_000412225.2	at_weighted	10000	10236	7	5	5	2	0	2	2	0	0.7142857142857143	0.7142857142857143	0.7142857142857143	0.0	0	273	1557
GCA_000412225.2_at_weighted_200k_r01	GCA_000412225.2	at_weighted	200000	219745	7	7	7	0	0	0	0	5	1.0	1.0	1.0	0.7142857142857143	0	13	67
GCA_000412225.2_at_weighted_200k_r02	GCA_000412225.2	at_weighted	200000	258090	7	6	6	1	0	1	1	5	0.8571428571428571	0.8571428571428571	0.8571428571428572	0.7142857142857143	0	13	80
GCA_000412225.2_at_weighted_200k_r03	GCA_000412225.2	at_weighted	200000	199730	7	7	7	0	0	0	0	5	1.0	1.0	1.0	0.7142857142857143	0	14	81
GCA_000412225.2_at_weighted_200k_r04	GCA_000412225.2	at_weighted	200000	208720	7	7	7	0	0	0	0	7	1.0	1.0	1.0	1.0	0	15	71
GCA_000412225.2_at_weighted_200k_r05	GCA_000412225.2	at_weighted	200000	195738	7	7	7	0	0	0	0	4	1.0	1.0	1.0	0.5714285714285714	0	16	76
GCA_000412225.2_at_weighted_200k_r06	GCA_000412225.2	at_weighted	200000	320489	7	7	7	0	0	0	0	7	1.0	1.0	1.0	1.0	0	10	59
GCA_000412225.2_at_weighted_200k_r07	GCA_000412225.2	at_weighted	200000	192119	7	7	7	0	0	0	0	6	1.0	1.0	1.0	0.8571428571428571	0	17	85
GCA_000412225.2_at_weighted_200k_r08	GCA_000412225.2	at_weighted	200000	242355	7	6	6	1	0	1	1	5	0.8571428571428571	0.8571428571428571	0.8571428571428572	0.7142857142857143	0	13	66
GCA_000412225.2_at_weighted_200k_r09	GCA_000412225.2	at_weighted	200000	179475	7	7	7	0	0	0	0	7	1.0	1.0	1.0	1.0	0	15	85
GCA_000412225.2_at_weighted_200k_r10	GCA_000412225.2	at_weighted	200000	260131	7	7	7	0	0	0	0	6	1.0	1.0	1.0	0.8571428571428571	0	12	68
GCA_000412225.2_at_weighted_20k_r01	GCA_000412225.2	at_weighted	20000	19874	7	7	7	0	0	0	0	0	1.0	1.0	1.0	0.0	0	145	823
GCA_000412225.2_at_weighted_20k_r02	GCA_000412225.2	at_weighted	20000	19749	7	4	4	3	0	3	3	0	0.5714285714285714	0.5714285714285714	0.5714285714285714	0.0	0	144	819
GCA_000412225.2_at_weighted_20k_r03	GCA_000412225.2	at_weighted	20000	20101	7	7	7	0	0	0	0	1	1.0	1.0	1.0	0.14285714285714285	0	135	811
GCA_000412225.2_at_weighted_20k_r04	GCA_000412225.2	at_weighted	20000	19196	7	6	6	1	0	1	1	2	0.8571428571428571	0.8571428571428571	0.8571428571428572	0.2857142857142857	0	143	832
GCA_000412225.2_at_weighted_20k_r05	GCA_000412225.2	at_weighted	20000	19539	7	7	7	0	0	0	0	0	1.0	1.0	1.0	0.0	0	140	814
GCA_000412225.2_at_weighted_20k_r06	GCA_000412225.2	at_weighted	20000	21716	7	6	6	1	0	1	1	0	0.8571428571428571	0.8571428571428571	0.8571428571428572	0.0	0	129	780
GCA_000412225.2_at_weighted_20k_r07	GCA_000412225.2	at_weighted	20000	18894	7	7	7	0	0	0	0	0	1.0	1.0	1.0	0.0	0	154	832
GCA_000412225.2_at_weighted_20k_r08	GCA_000412225.2	at_weighted	20000	20036	7	6	6	1	0	1	1	0	0.8571428571428571	0.8571428571428571	0.8571428571428572	0.0	0	146	835
GCA_000412225.2_at_weighted_20k_r09	GCA_000412225.2	at_weighted	20000	20614	7	6	6	1	0	1	1	0	0.8571428571428571	0.8571428571428571	0.8571428571428572	0.0	0	134	779
GCA_000412225.2_at_weighted_20k_r10	GCA_000412225.2	at_weighted	20000	19257	7	7	7	0	0	0	0	0	1.0	1.0	1.0	0.0	0	145	814
GCA_000412225.2_at_weighted_500k_r01	GCA_000412225.2	at_weighted	500000	464879	7	7	7	0	0	0	0	7	1.0	1.0	1.0	1.0	0	7	36
GCA_000412225.2_at_weighted_500k_r02	GCA_000412225.2	at_weighted	500000	345757	7	7	7	0	0	0	0	6	1.0	1.0	1.0	0.8571428571428571	0	8	43
GCA_000412225.2_at_weighted_500k_r03	GCA_000412225.2	at_weighted	500000	370143	7	7	7	0	0	0	0	6	1.0	1.0	1.0	0.8571428571428571	0	9	38
GCA_000412225.2_at_weighted_500k_r04	GCA_000412225.2	at_weighted	500000	746730	7	7	7	0	0	0	0	7	1.0	1.0	1.0	1.0	0	5	26
GCA_000412225.2_at_weighted_500k_r05	GCA_000412225.2	at_weighted	500000	531971	7	7	7	0	0	0	0	4	1.0	1.0	1.0	0.5714285714285714	0	6	35
GCA_000412225.2_at_weighted_500k_r06	GCA_000412225.2	at_weighted	500000	414958	7	7	7	0	0	0	0	7	1.0	1.0	1.0	1.0	0	8	30
GCA_000412225.2_at_weighted_500k_r07	GCA_000412225.2	at_weighted	500000	593103	7	7	7	0	0	0	0	7	1.0	1.0	1.0	1.0	0	6	31
GCA_000412225.2_at_weighted_500k_r08	GCA_000412225.2	at_weighted	500000	382287	7	7	7	0	0	0	0	6	1.0	1.0	1.0	0.8571428571428571	0	10	39
GCA_000412225.2_at_weighted_500k_r09	GCA_000412225.2	at_weighted	500000	402397	7	7	7	0	0	0	0	6	1.0	1.0	1.0	0.8571428571428571	0	7	39
GCA_000412225.2_at_weighted_500k_r10	GCA_000412225.2	at_weighted	500000	544615	7	7	7	0	0	0	0	5	1.0	1.0	1.0	0.7142857142857143	0	6	34
GCA_000412225.2_at_weighted_50k_r01	GCA_000412225.2	at_weighted	50000	47814	7	7	7	0	0	0	0	2	1.0	1.0	1.0	0.2857142857142857	0	59	312
GCA_000412225.2_at_weighted_50k_r02	GCA_000412225.2	at_weighted	50000	50809	7	7	7	0	0	0	0	2	1.0	1.0	1.0	0.2857142857142857	0	59	301
GCA_000412225.2_at_weighted_50k_r03	GCA_000412225.2	at_weighted	50000	51782	7	5	5	2	0	2	2	3	0.7142857142857143	0.7142857142857143	0.7142857142857143	0.42857142857142855	0	52	322
GCA_000412225.2_at_weighted_50k_r04	GCA_000412225.2	at_weighted	50000	51035	7	7	7	0	0	0	0	5	1.0	1.0	1.0	0.7142857142857143	0	56	305
GCA_000412225.2_at_weighted_50k_r05	GCA_000412225.2	at_weighted	50000	48494	7	5	5	2	0	2	2	0	0.7142857142857143	0.7142857142857143	0.7142857142857143	0.0	0	59	313
GCA_000412225.2_at_weighted_50k_r06	GCA_000412225.2	at_weighted	50000	57048	7	6	6	1	0	1	1	2	0.8571428571428571	0.8571428571428571	0.8571428571428572	0.2857142857142857	0	48	297
GCA_000412225.2_at_weighted_50k_r07	GCA_000412225.2	at_weighted	50000	58446	7	7	7	0	0	0	0	3	1.0	1.0	1.0	0.42857142857142855	0	54	310
GCA_000412225.2_at_weighted_50k_r08	GCA_000412225.2	at_weighted	50000	49208	7	7	7	0	0	0	0	3	1.0	1.0	1.0	0.42857142857142855	0	56	310
GCA_000412225.2_at_weighted_50k_r09	GCA_000412225.2	at_weighted	50000	47821	7	6	6	1	0	1	1	2	0.8571428571428571	0.8571428571428571	0.8571428571428572	0.2857142857142857	0	58	309
GCA_000412225.2_at_weighted_50k_r10	GCA_000412225.2	at_weighted	50000	51143	7	6	6	1	0	1	1	3	0.8571428571428571	0.8571428571428571	0.8571428571428572	0.42857142857142855	0	59	324
GCA_000412225.2_at_weighted_5k_r01	GCA_000412225.2	at_weighted	5000	5019	7	5	5	2	0	2	2	0	0.7142857142857143	0.7142857142857143	0.7142857142857143	0.0	0	541	3340
GCA_000412225.2_at_weighted_5k_r02	GCA_000412225.2	at_weighted	5000	4898	7	4	4	3	0	3	3	0	0.5714285714285714	0.5714285714285714	0.5714285714285714	0.0	0	552	3407
GCA_000412225.2_at_weighted_5k_r03	GCA_000412225.2	at_weighted	5000	5101	7	5	5	2	0	2	2	0	0.7142857142857143	0.7142857142857143	0.7142857142857143	0.0	0	548	3317
GCA_000412225.2_at_weighted_5k_r04	GCA_000412225.2	at_weighted	5000	4915	7	3	3	4	0	4	4	0	0.42857142857142855	0.42857142857142855	0.4285714285714286	0.0	0	547	3324
GCA_000412225.2_at_weighted_5k_r05	GCA_000412225.2	at_weighted	5000	4882	7	5	5	2	0	2	2	0	0.7142857142857143	0.7142857142857143	0.7142857142857143	0.0	0	569	3349
GCA_000412225.2_at_weighted_5k_r06	GCA_000412225.2	at_weighted	5000	4846	7	5	5	2	0	2	2	0	0.7142857142857143	0.7142857142857143	0.7142857142857143	0.0	0	574	3500
GCA_000412225.2_at_weighted_5k_r07	GCA_000412225.2	at_weighted	5000	4999	7	5	5	2	0	2	2	0	0.7142857142857143	0.7142857142857143	0.7142857142857143	0.0	0	550	3350
GCA_000412225.2_at_weighted_5k_r08	GCA_000412225.2	at_weighted	5000	5269	7	4	4	3	0	3	3	0	0.5714285714285714	0.5714285714285714	0.5714285714285714	0.0	0	524	3216
GCA_000412225.2_at_weighted_5k_r09	GCA_000412225.2	at_weighted	5000	4884	7	6	6	1	0	1	1	0	0.8571428571428571	0.8571428571428571	0.8571428571428572	0.0	0	555	3408
GCA_000412225.2_at_weighted_5k_r10	GCA_000412225.2	at_weighted	5000	5046	7	5	5	2	0	2	2	0	0.7142857142857143	0.7142857142857143	0.7142857142857143	0.0	0	540	3332
GCA_000412225.2_uniform_1000k_r01	GCA_000412225.2	uniform	1000000	809179	7	7	7	0	0	0	0	7	1.0	1.0	1.0	1.0	0	5	15
GCA_000412225.2_uniform_1000k_r02	GCA_000412225.2	uniform	1000000	809179	7	7	7	0	0	0	0	7	1.0	1.0	1.0	1.0	0	5	13
GCA_000412225.2_uniform_1000k_r03	GCA_000412225.2	uniform	1000000	1099572	7	7	7	0	0	0	0	7	1.0	1.0	1.0	1.0	0	4	9
GCA_000412225.2_uniform_1000k_r04	GCA_000412225.2	uniform	1000000	1073289	7	7	7	0	0	0	0	7	1.0	1.0	1.0	1.0	0	4	11
GCA_000412225.2_uniform_1000k_r05	GCA_000412225.2	uniform	1000000	962272	7	7	7	0	0	0	0	6	1.0	1.0	1.0	0.8571428571428571	0	4	15
GCA_000412225.2_uniform_1000k_r06	GCA_000412225.2	uniform	1000000	1019532	7	7	7	0	0	0	0	7	1.0	1.0	1.0	1.0	0	4	12
GCA_000412225.2_uniform_1000k_r07	GCA_000412225.2	uniform	1000000	809179	7	7	7	0	0	0	0	7	1.0	1.0	1.0	1.0	0	5	15
GCA_000412225.2_uniform_1000k_r08	GCA_000412225.2	uniform	1000000	1099572	7	7	7	0	0	0	0	7	1.0	1.0	1.0	1.0	0	4	12
GCA_000412225.2_uniform_1000k_r09	GCA_000412225.2	uniform	1000000	704748	7	7	7	0	0	0	0	7	1.0	1.0	1.0	1.0	0	4	17
GCA_000412225.2_uniform_1000k_r10	GCA_000412225.2	uniform	1000000	1099572	7	7	7	0	0	0	0	7	1.0	1.0	1.0	1.0	0	4	14
GCA_000412225.2_uniform_100k_r01	GCA_000412225.2	uniform	100000	96311	7	7	7	0	0	0	0	5	1.0	1.0	1.0	0.7142857142857143	0	32	156
GCA_000412225.2_uniform_100k_r02	GCA_000412225.2	uniform	100000	98555	7	7	7	0	0	0	0	6	1.0	1.0	1.0	0.8571428571428571	0	29	154
GCA_000412225.2_uniform_100k_r03	GCA_000412225.2	uniform	100000	97533	7	7	7	0	0	0	0	4	1.0	1.0	1.0	0.5714285714285714	0	28	154
GCA_000412225.2_uniform_100k_r04	GCA_000412225.2	uniform	100000	120067	7	7	7	0	0	0	0	5	1.0	1.0	1.0	0.7142857142857143	0	22	127
GCA_000412225.2_uniform_100k_r05	GCA_000412225.2	uniform	100000	81165	7	7	7	0	0	0	0	5	1.0	1.0	1.0	0.7142857142857143	0	34	181
GCA_000412225.2_uniform_100k_r06	GCA_000412225.2	uniform	100000	89253	7	7	7	0	0	0	0	7	1.0	1.0	1.0	1.0	0	32	160
GCA_000412225.2_uniform_100k_r07	GCA_000412225.2	uniform	100000	120706	7	7	7	0	0	0	0	5	1.0	1.0	1.0	0.7142857142857143	0	24	129
GCA_000412225.2_uniform_100k_r08	GCA_000412225.2	uniform	100000	118066	7	7	7	0	0	0	0	7	1.0	1.0	1.0	1.0	0	26	145
GCA_000412225.2_uniform_100k_r09	GCA_000412225.2	uniform	100000	104069	7	7	7	0	0	0	0	5	1.0	1.0	1.0	0.7142857142857143	0	27	159
GCA_000412225.2_uniform_100k_r10	GCA_000412225.2	uniform	100000	102371	7	6	6	1	0	1	1	5	0.8571428571428571	0.8571428571428571	0.8571428571428572	0.7142857142857143	0	29	151
GCA_000412225.2_uniform_10k_r01	GCA_000412225.2	uniform	10000	9846	7	7	7	0	0	0	0	0	1.0	1.0	1.0	0.0	0	294	1530
GCA_000412225.2_uniform_10k_r02	GCA_000412225.2	uniform	10000	10196	7	7	7	0	0	0	0	1	1.0	1.0	1.0	0.14285714285714285	0	272	1473
GCA_000412225.2_uniform_10k_r03	GCA_000412225.2	uniform	10000	10062	7	5	5	2	0	2	2	0	0.7142857142857143	0.7142857142857143	0.7142857142857143	0.0	0	285	1554
GCA_000412225.2_uniform_10k_r04	GCA_000412225.2	uniform	10000	9997	7	6	6	1	0	1	1	0	0.8571428571428571	0.8571428571428571	0.8571428571428572	0.0	0	267	1476
GCA_000412225.2_uniform_10k_r05	GCA_000412225.2	uniform	10000	9497	7	7	7	0	0	0	0	0	1.0	1.0	1.0	0.0	0	295	1537
GCA_000412225.2_uniform_10k_r06	GCA_000412225.2	uniform	10000	10772	7	6	6	1	0	1	1	0	0.8571428571428571	0.8571428571428571	0.8571428571428572	0.0	0	263	1439
GCA_000412225.2_uniform_10k_r07	GCA_000412225.2	uniform	10000	10127	7	6	6	1	0	1	1	0	0.8571428571428571	0.8571428571428571	0.8571428571428572	0.0	0	276	1461
GCA_000412225.2_uniform_10k_r08	GCA_000412225.2	uniform	10000	9769	7	7	7	0	0	0	0	1	1.0	1.0	1.0	0.14285714285714285	0	276	1453
GCA_000412225.2_uniform_10k_r09	GCA_000412225.2	uniform	10000	10179	7	6	6	1	0	1	1	0	0.8571428571428571	0.8571428571428571	0.8571428571428572	0.0	0	258	1482
GCA_000412225.2_uniform_10k_r10	GCA_000412225.2	uniform	10000	9866	7	7	7	0	0	0	0	0	1.0	1.0	1.0	0.0	0	293	1525
GCA_000412225.2_uniform_200k_r01	GCA_000412225.2	uniform	200000	257076	7	7	7	0	0	0	0	6	1.0	1.0	1.0	0.8571428571428571	0	11	64
GCA_000412225.2_uniform_200k_r02	GCA_000412225.2	uniform	200000	195627	7	7	7	0	0	0	0	7	1.0	1.0	1.0	1.0	0	13	66
GCA_000412225.2_uniform_200k_r03	GCA_000412225.2	uniform	200000	153090	7	7	7	0	0	0	0	6	1.0	1.0	1.0	0.8571428571428571	0	18	94
GCA_000412225.2_uniform_200k_r04	GCA_000412225.2	uniform	200000	224776	7	7	7	0	0	0	0	6	1.0	1.0	1.0	0.8571428571428571	0	13	72
GCA_000412225.2_uniform_200k_r05	GCA_000412225.2	uniform	200000	221507	7	7	7	0	0	0	0	6	1.0	1.0	1.0	0.8571428571428571	0	12	78
GCA_000412225.2_uniform_200k_r06	GCA_000412225.2	uniform	200000	184241	7	7	7	0	0	0	0	6	1.0	1.0	1.0	0.8571428571428571	0	16	72
GCA_000412225.2_uniform_200k_r07	GCA_000412225.2	uniform	200000	278064	7	7	7	0	0	0	0	6	1.0	1.0	1.0	0.8571428571428571	0	11	60
GCA_000412225.2_uniform_200k_r08	GCA_000412225.2	uniform	200000	266201	7	7	7	0	0	0	0	6	1.0	1.0	1.0	0.8571428571428571	0	11	56
GCA_000412225.2_uniform_200k_r09	GCA_000412225.2	uniform	200000	243850	7	7	7	0	0	0	0	6	1.0	1.0	1.0	0.8571428571428571	0	12	61
GCA_000412225.2_uniform_200k_r10	GCA_000412225.2	uniform	200000	222571	7	7	7	0	0	0	0	7	1.0	1.0	1.0	1.0	0	16	68
GCA_000412225.2_uniform_20k_r01	GCA_000412225.2	uniform	20000	19584	7	7	7	0	0	0	0	1	1.0	1.0	1.0	0.14285714285714285	0	143	770
GCA_000412225.2_uniform_20k_r02	GCA_000412225.2	uniform	20000	20700	7	6	6	1	0	1	1	0	0.8571428571428571	0.8571428571428571	0.8571428571428572	0.0	0	129	701
GCA_000412225.2_uniform_20k_r03	GCA_000412225.2	uniform	20000	19210	7	7	7	0	0	0	0	2	1.0	1.0	1.0	0.2857142857142857	0	141	743
GCA_000412225.2_uniform_20k_r04	GCA_000412225.2	uniform	20000	20162	7	7	7	0	0	0	0	3	1.0	1.0	1.0	0.42857142857142855	0	139	784
GCA_000412225.2_uniform_20k_r05	GCA_000412225.2	uniform	20000	20689	7	7	7	0	0	0	0	1	1.0	1.0	1.0	0.14285714285714285	0	141	741
GCA_000412225.2_uniform_20k_r06	GCA_000412225.2	uniform	20000	21249	7	7	7	0	0	0	0	2	1.0	1.0	1.0	0.2857142857142857	0	131	719
GCA_000412225.2_uniform_20k_r07	GCA_000412225.2	uniform	20000	20202	7	7	7	0	0	0	0	3	1.0	1.0	1.0	0.42857142857142855	0	131	723
GCA_000412225.2_uniform_20k_r08	GCA_000412225.2	uniform	20000	19858	7	7	7	0	0	0	0	0	1.0	1.0	1.0	0.0	0	136	757
GCA_000412225.2_uniform_20k_r09	GCA_000412225.2	uniform	20000	19553	7	7	7	0	0	0	0	1	1.0	1.0	1.0	0.14285714285714285	0	138	725
GCA_000412225.2_uniform_20k_r10	GCA_000412225.2	uniform	20000	20458	7	6	6	1	0	1	1	1	0.8571428571428571	0.8571428571428571	0.8571428571428572	0.14285714285714285	0	144	774
GCA_000412225.2_uniform_500k_r01	GCA_000412225.2	uniform	500000	488803	7	7	7	0	0	0	0	7	1.0	1.0	1.0	1.0	0	6	33
GCA_000412225.2_uniform_500k_r02	GCA_000412225.2	uniform	500000	490920	7	7	7	0	0	0	0	7	1.0	1.0	1.0	1.0	0	7	29
GCA_000412225.2_uniform_500k_r03	GCA_000412225.2	uniform	500000	890955	7	7	7	0	0	0	0	7	1.0	1.0	1.0	1.0	0	4	21
GCA_000412225.2_uniform_500k_r04	GCA_000412225.2	uniform	500000	507635	7	7	7	0	0	0	0	7	1.0	1.0	1.0	1.0	0	6	28
GCA_000412225.2_uniform_500k_r05	GCA_000412225.2	uniform	500000	573612	7	7	7	0	0	0	0	6	1.0	1.0	1.0	0.8571428571428571	0	7	31
GCA_000412225.2_uniform_500k_r06	GCA_000412225.2	uniform	500000	534902	7	7	7	0	0	0	0	7	1.0	1.0	1.0	1.0	0	6	25
GCA_000412225.2_uniform_500k_r07	GCA_000412225.2	uniform	500000	698775	7	7	7	0	0	0	0	7	1.0	1.0	1.0	1.0	0	5	25
GCA_000412225.2_uniform_500k_r08	GCA_000412225.2	uniform	500000	382701	7	7	7	0	0	0	0	7	1.0	1.0	1.0	1.0	0	7	38
GCA_000412225.2_uniform_500k_r09	GCA_000412225.2	uniform	500000	809179	7	7	7	0	0	0	0	7	1.0	1.0	1.0	1.0	0	5	33
GCA_000412225.2_uniform_500k_r10	GCA_000412225.2	uniform	500000	528619	7	7	7	0	0	0	0	7	1.0	1.0	1.0	1.0	0	6	26
GCA_000412225.2_uniform_50k_r01	GCA_000412225.2	uniform	50000	53574	7	7	7	0	0	0	0	3	1.0	1.0	1.0	0.42857142857142855	0	51	262
GCA_000412225.2_uniform_50k_r02	GCA_000412225.2	uniform	50000	46583	7	7	7	0	0	0	0	5	1.0	1.0	1.0	0.7142857142857143	0	63	320
GCA_000412225.2_uniform_50k_r03	GCA_000412225.2	uniform	50000	52950	7	7	7	0	0	0	0	3	1.0	1.0	1.0	0.42857142857142855	0	52	307
GCA_000412225.2_uniform_50k_r04	GCA_000412225.2	uniform	50000	57343	7	7	7	0	0	0	0	4	1.0	1.0	1.0	0.5714285714285714	0	47	279
GCA_000412225.2_uniform_50k_r05	GCA_000412225.2	uniform	50000	54751	7	7	7	0	0	0	0	4	1.0	1.0	1.0	0.5714285714285714	0	53	279
GCA_000412225.2_uniform_50k_r06	GCA_000412225.2	uniform	50000	60644	7	7	7	0	0	0	0	3	1.0	1.0	1.0	0.42857142857142855	0	50	255
GCA_000412225.2_uniform_50k_r07	GCA_000412225.2	uniform	50000	48109	7	7	7	0	0	0	0	3	1.0	1.0	1.0	0.42857142857142855	0	57	306
GCA_000412225.2_uniform_50k_r08	GCA_000412225.2	uniform	50000	47189	7	7	7	0	0	0	0	5	1.0	1.0	1.0	0.7142857142857143	0	59	321
GCA_000412225.2_uniform_50k_r09	GCA_000412225.2	uniform	50000	57406	7	7	7	0	0	0	0	5	1.0	1.0	1.0	0.7142857142857143	0	54	267
GCA_000412225.2_uniform_50k_r10	GCA_000412225.2	uniform	50000	54223	7	7	7	0	0	0	0	6	1.0	1.0	1.0	0.8571428571428571	0	48	280
GCA_000412225.2_uniform_5k_r01	GCA_000412225.2	uniform	5000	4882	7	7	7	0	0	0	0	0	1.0	1.0	1.0	0.0	0	574	3033
GCA_000412225.2_uniform_5k_r02	GCA_000412225.2	uniform	5000	4961	7	7	7	0	0	0	0	0	1.0	1.0	1.0	0.0	0	567	3116
GCA_000412225.2_uniform_5k_r03	GCA_000412225.2	uniform	5000	5017	7	7	7	0	0	0	0	0	1.0	1.0	1.0	0.0	0	545	2995
GCA_000412225.2_uniform_5k_r04	GCA_000412225.2	uniform	5000	4893	7	7	7	0	0	0	0	0	1.0	1.0	1.0	0.0	0	565	2998
GCA_000412225.2_uniform_5k_r05	GCA_000412225.2	uniform	5000	4899	7	6	6	1	0	1	1	0	0.8571428571428571	0.8571428571428571	0.8571428571428572	0.0	0	585	3026
GCA_000412225.2_uniform_5k_r06	GCA_000412225.2	uniform	5000	4916	7	7	7	0	0	0	0	0	1.0	1.0	1.0	0.0	0	568	2998
GCA_000412225.2_uniform_5k_r07	GCA_000412225.2	uniform	5000	5159	7	6	6	1	0	1	1	0	0.8571428571428571	0.8571428571428571	0.8571428571428572	0.0	0	542	2978
GCA_000412225.2_uniform_5k_r08	GCA_000412225.2	uniform	5000	5020	7	5	5	2	0	2	2	0	0.7142857142857143	0.7142857142857143	0.7142857142857143	0.0	0	552	3034
GCA_000412225.2_uniform_5k_r09	GCA_000412225.2	uniform	5000	5071	7	5	5	2	0	2	2	0	0.7142857142857143	0.7142857142857143	0.7142857142857143	0.0	0	554	2914
GCA_000412225.2_uniform_5k_r10	GCA_000412225.2	uniform	5000	4913	7	6	6	1	0	1	1	0	0.8571428571428571	0.8571428571428571	0.8571428571428572	0.0	0	577	3074
