strain	element_id	kind	contig	start	end	length	at	liftable	cdeii_len	for_centromere	status	detail	target	region_start	region_end	call_start	call_end	query_cdeii_len	cdeii_difference	zygosity	possibly_allelic
AAB	cen|CASBKP010000007.1|224398	centromere	CASBKP010000007.1	224398	224516	119	0.8739495798319328	True	85.0		intact_called	target=AAB_6-11817; region_start=25056; region_end=25174; region_len=119; strand=+; call_start=25056; call_end=25174	AAB_6-11817	25056.0	25174.0	25056.0	25174.0	85.0	0.0	homozygous	no
AAB	cen|CASBKP010000010.1|430736	centromere	CASBKP010000010.1	430736	430853	118	0.864406779661017	True	84.0		intact_called	target=AAB_6-11826; region_start=254269; region_end=254386; region_len=118; strand=-; call_start=254269; call_end=254386	AAB_6-11826	254269.0	254386.0	254269.0	254386.0	84.0	0.0	homozygous	no
AAB	cen|CASBKP010000011.1|456690	centromere	CASBKP010000011.1	456690	456808	119	0.865546218487395	True	85.0		intact_called	target=AAB_6-11824; region_start=77142; region_end=77260; region_len=119; strand=-; call_start=77142; call_end=77260	AAB_6-11824	77142.0	77260.0	77142.0	77260.0	85.0	0.0	homozygous	no
AAB	cen|CASBKP010000012.1|139975	centromere	CASBKP010000012.1	139975	140095	121	0.8760330578512396	True	87.0		intact_called	target=AAB_6-11660; region_start=211016; region_end=211136; region_len=121; strand=-; call_start=211016; call_end=211136	AAB_6-11660	211016.0	211136.0	211016.0	211136.0	87.0	0.0	homozygous	no
AAB	cen|CASBKP010000008.1|506556	centromere	CASBKP010000008.1	506556	506677	122	0.8524590163934426	True	88.0		intact_called	target=AAB_6-11834; region_start=91676; region_end=91797; region_len=122; strand=+; call_start=91676; call_end=91797	AAB_6-11834	91676.0	91797.0	91676.0	91797.0	88.0	0.0	homozygous	no
AAB	cen|CASBKP010000014.1|633481	centromere	CASBKP010000014.1	633481	633599	119	0.8487394957983193	True	85.0		intact_called	target=AAB_6-11575; region_start=26657; region_end=26775; region_len=119; strand=+; call_start=26657; call_end=26775	AAB_6-11575	26657.0	26775.0	26657.0	26775.0	85.0	0.0	homozygous	no
AAB	cen|CASBKP010000005.1|363696	centromere	CASBKP010000005.1	363696	363813	118	0.8813559322033898	True	84.0		intact_called	target=AAB_6-11538; region_start=35218; region_end=35335; region_len=118; strand=-; call_start=35218; call_end=35335	AAB_6-11538	35218.0	35335.0	35218.0	35335.0	84.0	0.0	homozygous	no
AAB	cen|CASBKP010000016.1|528144	centromere	CASBKP010000016.1	528144	528261	118	0.8813559322033898	True	84.0		intact_called	target=AAB_6-11578; region_start=171997; region_end=172114; region_len=118; strand=+; call_start=171997; call_end=172114	AAB_6-11578	171997.0	172114.0	171997.0	172114.0	84.0	0.0	homozygous	no
AAB	cen|CASBKP010000006.1|162589	centromere	CASBKP010000006.1	162589	162707	119	0.8571428571428571	True	85.0		intact_called	target=AAB_6-11825; region_start=13606; region_end=13724; region_len=119; strand=+; call_start=13606; call_end=13724	AAB_6-11825	13606.0	13724.0	13606.0	13724.0	85.0	0.0	homozygous	no
AAB	cen|CASBKP010000009.1|100103	centromere	CASBKP010000009.1	100103	100221	119	0.865546218487395	True	85.0		intact_called	target=AAB_6-11831; region_start=63828; region_end=63946; region_len=119; strand=+; call_start=63828; call_end=63946	AAB_6-11831	63828.0	63946.0	63828.0	63946.0	85.0	0.0	homozygous	no
AAB	cen|CASBKP010000003.1|121022	centromere	CASBKP010000003.1	121022	121139	118	0.864406779661017	True	84.0		intact_called	target=AAB_6-11527; region_start=23475; region_end=23592; region_len=118; strand=+; call_start=23475; call_end=23592	AAB_6-11527	23475.0	23592.0	23475.0	23592.0	84.0	0.0	homozygous	no
AAB	cen|CASBKP010000001.1|196347	centromere	CASBKP010000001.1	196347	196465	119	0.8487394957983193	True	85.0		intact_called	target=AAB_6-11636; region_start=8743; region_end=8861; region_len=119; strand=-; call_start=8743; call_end=8861	AAB_6-11636	8743.0	8861.0	8743.0	8861.0	85.0	0.0	homozygous	no
AAB	cen|CASBKP010000004.1|441073	centromere	CASBKP010000004.1	441073	441192	120	0.85	True	86.0		intact_called	target=AAB_6-11814; region_start=23131; region_end=23250; region_len=120; strand=-; call_start=23131; call_end=23250	AAB_6-11814	23131.0	23250.0	23131.0	23250.0	86.0	0.0	homozygous	no
AAB	cen|CASBKP010000002.1|225106	centromere	CASBKP010000002.1	225106	225223	118	0.8559322033898306	True	84.0		intact_called	target=AAB_6-11838; region_start=34213; region_end=34330; region_len=118; strand=+; call_start=34213; call_end=34330	AAB_6-11838	34213.0	34330.0	34213.0	34330.0	84.0	0.0	homozygous	no
AAB	cen|CASBKP010000015.1|319949	centromere	CASBKP010000015.1	319949	320068	120	0.8416666666666667	True	86.0		intact_called	target=AAB_6-11514; region_start=160997; region_end=161116; region_len=120; strand=-; call_start=160997; call_end=161116	AAB_6-11514	160997.0	161116.0	160997.0	161116.0	86.0	0.0	homozygous	no
AAB	cen|CASBKP010000013.1|257336	centromere	CASBKP010000013.1	257336	257453	118	0.8050847457627118	True	84.0		intact_called	target=AAB_6-11815; region_start=98703; region_end=98820; region_len=118; strand=-; call_start=98703; call_end=98820	AAB_6-11815	98703.0	98820.0	98703.0	98820.0	84.0	0.0	homozygous	no
AAC	cen|CASBKW010000010.1|448099	centromere	CASBKW010000010.1	448099	448217	119	0.865546218487395	True	85.0		intact_called	target=AAC_6-18758; region_start=76301; region_end=76419; region_len=119; strand=-; call_start=76301; call_end=76419	AAC_6-18758	76301.0	76419.0	76301.0	76419.0	85.0	0.0	heterozygous	no
AAC	cen|CASBKW010000012.1|151326	centromere	CASBKW010000012.1	151326	151446	121	0.8760330578512396	True	87.0		intact_called	target=AAC_6-18755; region_start=54917; region_end=55073; region_len=157; strand=+; call_start=54917; call_end=55037	AAC_6-18755	54917.0	55073.0	54917.0	55037.0	87.0	0.0	heterozygous	no
AAC	cen|CASBKW010000008.1|507761	centromere	CASBKW010000008.1	507761	507882	122	0.8524590163934426	True	88.0		intact_called	target=AAC_6-18682; region_start=54832; region_end=54953; region_len=122; strand=+; call_start=54832; call_end=54953	AAC_6-18682	54832.0	54953.0	54832.0	54953.0	88.0	0.0	heterozygous	no
AAC	cen|CASBKW010000005.1|351430	centromere	CASBKW010000005.1	351430	351547	118	0.8813559322033898	True	84.0		intact_called	target=AAC_6-18702; region_start=8341; region_end=8475; region_len=135; strand=+; call_start=8358; call_end=8475	AAC_6-18702	8341.0	8475.0	8358.0	8475.0	84.0	0.0	heterozygous	no
AAC	cen|CASBKW010000011.1|446651	centromere	CASBKW010000011.1	446651	446769	119	0.8571428571428571	True	85.0		split	reason=one flank placed; placed_on=AAC_6-18401								heterozygous	yes
AAC	cen|CASBKW010000009.1|99703	centromere	CASBKW010000009.1	99703	99821	119	0.865546218487395	True	85.0		intact_called	target=AAC_6-18738; region_start=94374; region_end=94492; region_len=119; strand=+; call_start=94374; call_end=94492	AAC_6-18738	94374.0	94492.0	94374.0	94492.0	85.0	0.0	heterozygous	no
AAC	cen|CASBKW010000014.1|615703	centromere	CASBKW010000014.1	615703	615820	118	0.8389830508474576	True	84.0		intact_called	target=AAC_6-18223; region_start=3451; region_end=3568; region_len=118; strand=-; call_start=3451; call_end=3568	AAC_6-18223	3451.0	3568.0	3451.0	3568.0	84.0	0.0	heterozygous	no
AAC	cen|CASBKW010000016.1|557518	centromere	CASBKW010000016.1	557518	557635	118	0.8728813559322034	True	84.0		intact_called	target=AAC_6-18689; region_start=29099; region_end=29216; region_len=118; strand=+; call_start=29099; call_end=29216	AAC_6-18689	29099.0	29216.0	29099.0	29216.0	84.0	0.0	heterozygous	no
AAC	cen|CASBKW010000002.1|220678	centromere	CASBKW010000002.1	220678	220795	118	0.8728813559322034	True	84.0		intact_called	target=AAC_6-18776; region_start=143737; region_end=143854; region_len=118; strand=+; call_start=143737; call_end=143854	AAC_6-18776	143737.0	143854.0	143737.0	143854.0	84.0	0.0	heterozygous	no
AAC	cen|CASBKW010000006.1|147505	centromere	CASBKW010000006.1	147505	147623	119	0.8487394957983193	True	85.0		intact_called	target=AAC_6-18692; region_start=55208; region_end=55334; region_len=127; strand=-; call_start=55216; call_end=55334	AAC_6-18692	55208.0	55334.0	55216.0	55334.0	85.0	0.0	heterozygous	no
AAC	cen|CASBKW010000007.1|128993	centromere	CASBKW010000007.1	128993	129110	118	0.8389830508474576	True	84.0		intact_called	target=AAC_6-18688; region_start=31160; region_end=31277; region_len=118; strand=-; call_start=31160; call_end=31277	AAC_6-18688	31160.0	31277.0	31160.0	31277.0	84.0	0.0	heterozygous	no
AAC	cen|CASBKW010000003.1|95518	centromere	CASBKW010000003.1	95518	95635	118	0.8559322033898306	True	84.0		intact_called	target=AAC_6-18720; region_start=103444; region_end=103561; region_len=118; strand=-; call_start=103444; call_end=103561	AAC_6-18720	103444.0	103561.0	103444.0	103561.0	84.0	0.0	heterozygous	no
AAC	cen|CASBKW010000015.1|315692	centromere	CASBKW010000015.1	315692	315810	119	0.8487394957983193	True	85.0		split	reason=one flank placed; placed_on=AAC_6-18750								heterozygous	chromosome not identified
AAC	cen|CASBKW010000001.1|143441	centromere	CASBKW010000001.1	143441	143559	119	0.8403361344537815	True	85.0		intact_called	target=AAC_6-18712; region_start=11290; region_end=11408; region_len=119; strand=+; call_start=11290; call_end=11408	AAC_6-18712	11290.0	11408.0	11290.0	11408.0	85.0	0.0	heterozygous	no
AAC	cen|CASBKW010000004.1|451560	centromere	CASBKW010000004.1	451560	451679	120	0.8333333333333334	True	86.0		intact_called	target=AAC_6-18711; region_start=23061; region_end=23213; region_len=153; strand=-; call_start=23094; call_end=23213	AAC_6-18711	23061.0	23213.0	23094.0	23213.0	86.0	0.0	heterozygous	no
AAC	cen|CASBKW010000013.1|261971	centromere	CASBKW010000013.1	261971	262090	120	0.7916666666666666	True	86.0		intact_called	target=AAC_6-18764; region_start=12880; region_end=13073; region_len=194; strand=-; call_start=12900; call_end=13017	AAC_6-18764	12880.0	13073.0	12900.0	13017.0	84.0	-2.0	heterozygous	no
AAR	cen|CASBKI010000014.1|623532	centromere	CASBKI010000014.1	623532	623650	119	0.8571428571428571	True	85.0		intact_called	target=AAR_3-7518; region_start=3359; region_end=3477; region_len=119; strand=-; call_start=3359; call_end=3477	AAR_3-7518	3359.0	3477.0	3359.0	3477.0	85.0	0.0	homozygous	no
AAR	cen|CASBKI010000011.1|452062	centromere	CASBKI010000011.1	452062	452180	119	0.865546218487395	True	85.0		intact_called	target=AAR_3-7666; region_start=60562; region_end=60680; region_len=119; strand=+; call_start=60562; call_end=60680	AAR_3-7666	60562.0	60680.0	60562.0	60680.0	85.0	0.0	homozygous	no
AAR	cen|CASBKI010000012.1|145095	centromere	CASBKI010000012.1	145095	145215	121	0.8760330578512396	True	87.0		intact_called	target=AAR_3-7684; region_start=55468; region_end=55588; region_len=121; strand=+; call_start=55468; call_end=55588	AAR_3-7684	55468.0	55588.0	55468.0	55588.0	87.0	0.0	homozygous	no
AAR	cen|CASBKI010000005.1|334015	centromere	CASBKI010000005.1	334015	334132	118	0.8813559322033898	True	84.0		intact_called	target=AAR_3-7573; region_start=34846; region_end=34963; region_len=118; strand=-; call_start=34846; call_end=34963	AAR_3-7573	34846.0	34963.0	34846.0	34963.0	84.0	0.0	homozygous	no
AAR	cen|CASBKI010000002.1|226362	centromere	CASBKI010000002.1	226362	226492	131	0.8854961832061069	True	97.0		intact_called	target=AAR_3-7662; region_start=56971; region_end=57101; region_len=131; strand=-; call_start=56971; call_end=57101	AAR_3-7662	56971.0	57101.0	56971.0	57101.0	97.0	0.0	homozygous	no
AAR	cen|CASBKI010000004.1|469757	centromere	CASBKI010000004.1	469757	469875	119	0.865546218487395	True	85.0		intact_called	target=AAR_3-7580; region_start=220847; region_end=220965; region_len=119; strand=+; call_start=220847; call_end=220965	AAR_3-7580	220847.0	220965.0	220847.0	220965.0	85.0	0.0	homozygous	no
AAR	cen|CASBKI010000010.1|440956	centromere	CASBKI010000010.1	440956	441073	118	0.847457627118644	True	84.0		intact_called	target=AAR_3-7707; region_start=17949; region_end=18066; region_len=118; strand=-; call_start=17949; call_end=18066	AAR_3-7707	17949.0	18066.0	17949.0	18066.0	84.0	0.0	homozygous	no
AAR	cen|CASBKI010000016.1|531374	centromere	CASBKI010000016.1	531374	531493	120	0.875	True	86.0		intact_called	target=AAR_3-7448; region_start=172071; region_end=172190; region_len=120; strand=+; call_start=172071; call_end=172190	AAR_3-7448	172071.0	172190.0	172071.0	172190.0	86.0	0.0	homozygous	no
AAR	cen|CASBKI010000006.1|150617	centromere	CASBKI010000006.1	150617	150735	119	0.8487394957983193	True	85.0		intact_called	target=AAR_3-7704; region_start=128980; region_end=129098; region_len=119; strand=+; call_start=128980; call_end=129098	AAR_3-7704	128980.0	129098.0	128980.0	129098.0	85.0	0.0	homozygous	no
AAR	cen|CASBKI010000007.1|138117	centromere	CASBKI010000007.1	138117	138235	119	0.8403361344537815	True	85.0		intact_called	target=AAR_3-7553; region_start=3782; region_end=3900; region_len=119; strand=+; call_start=3782; call_end=3900	AAR_3-7553	3782.0	3900.0	3782.0	3900.0	85.0	0.0	homozygous	no
AAR	cen|CASBKI010000008.1|512929	centromere	CASBKI010000008.1	512929	513050	122	0.8524590163934426	True	88.0		intact_called	target=AAR_3-7437; region_start=58289; region_end=58410; region_len=122; strand=-; call_start=58289; call_end=58410	AAR_3-7437	58289.0	58410.0	58289.0	58410.0	88.0	0.0	homozygous	no
AAR	cen|CASBKI010000015.1|296776	centromere	CASBKI010000015.1	296776	296895	120	0.8416666666666667	True	86.0		intact_called	target=AAR_3-7665; region_start=166521; region_end=166640; region_len=120; strand=+; call_start=166521; call_end=166640	AAR_3-7665	166521.0	166640.0	166521.0	166640.0	86.0	0.0	homozygous	no
AAR	cen|CASBKI010000003.1|120649	centromere	CASBKI010000003.1	120649	120766	118	0.847457627118644	True	84.0		intact_called	target=AAR_3-7481; region_start=23771; region_end=23888; region_len=118; strand=+; call_start=23771; call_end=23888	AAR_3-7481	23771.0	23888.0	23771.0	23888.0	84.0	0.0	homozygous	no
AAR	cen|CASBKI010000001.1|135751	centromere	CASBKI010000001.1	135751	135869	119	0.8403361344537815	True	85.0		intact_called	target=AAR_3-7568; region_start=11702; region_end=11820; region_len=119; strand=+; call_start=11702; call_end=11820	AAR_3-7568	11702.0	11820.0	11702.0	11820.0	85.0	0.0	homozygous	no
AAR	cen|CASBKI010000009.1|94800	centromere	CASBKI010000009.1	94800	94918	119	0.8319327731092437	True	85.0		intact_called	target=AAR_3-7676; region_start=40520; region_end=40638; region_len=119; strand=-; call_start=40520; call_end=40638	AAR_3-7676	40520.0	40638.0	40520.0	40638.0	85.0	0.0	homozygous	no
AAR	cen|CASBKI010000013.1|251046	centromere	CASBKI010000013.1	251046	251163	118	0.8050847457627118	True	84.0		intact_called	target=AAR_3-7667; region_start=224837; region_end=224954; region_len=118; strand=-; call_start=224837; call_end=224954	AAR_3-7667	224837.0	224954.0	224837.0	224954.0	84.0	0.0	homozygous	no
ABA	cen|CASBKX010000007.1|129677	centromere	CASBKX010000007.1	129677	129795	119	0.8739495798319328	True	85.0		intact_called	target=ABA_3-7171; region_start=58914; region_end=59032; region_len=119; strand=-; call_start=58914; call_end=59032	ABA_3-7171	58914.0	59032.0	58914.0	59032.0	85.0	0.0	homozygous	no
ABA	cen|CASBKX010000010.1|448465	centromere	CASBKX010000010.1	448465	448582	118	0.864406779661017	True	84.0		intact_called	target=ABA_3-7224; region_start=11698; region_end=11815; region_len=118; strand=+; call_start=11698; call_end=11815	ABA_3-7224	11698.0	11815.0	11698.0	11815.0	84.0	0.0	homozygous	no
ABA	cen|CASBKX010000011.1|439734	centromere	CASBKX010000011.1	439734	439852	119	0.865546218487395	True	85.0		intact_called	target=ABA_3-7210; region_start=18280; region_end=18398; region_len=119; strand=-; call_start=18280; call_end=18398	ABA_3-7210	18280.0	18398.0	18280.0	18398.0	85.0	0.0	homozygous	no
ABA	cen|CASBKX010000012.1|140328	centromere	CASBKX010000012.1	140328	140448	121	0.8760330578512396	True	87.0		intact_called	target=ABA_3-7233; region_start=55249; region_end=55369; region_len=121; strand=+; call_start=55249; call_end=55369	ABA_3-7233	55249.0	55369.0	55249.0	55369.0	87.0	0.0	homozygous	no
ABA	cen|CASBKX010000008.1|503796	centromere	CASBKX010000008.1	503796	503917	122	0.8524590163934426	True	88.0		intact_called	target=ABA_3-7197; region_start=186335; region_end=186456; region_len=122; strand=-; call_start=186335; call_end=186456	ABA_3-7197	186335.0	186456.0	186335.0	186456.0	88.0	0.0	homozygous	no
ABA	cen|CASBKX010000014.1|636038	centromere	CASBKX010000014.1	636038	636156	119	0.8487394957983193	True	85.0		intact_called	target=ABA_3-7061; region_start=3497; region_end=3615; region_len=119; strand=-; call_start=3497; call_end=3615	ABA_3-7061	3497.0	3615.0	3497.0	3615.0	85.0	0.0	homozygous	no
ABA	cen|CASBKX010000016.1|544101	centromere	CASBKX010000016.1	544101	544218	118	0.8813559322033898	True	84.0		intact_called	target=ABA_3-6866; region_start=4369; region_end=4486; region_len=118; strand=-; call_start=4369; call_end=4486	ABA_3-6866	4369.0	4486.0	4369.0	4486.0	84.0	0.0	homozygous	no
ABA	cen|CASBKX010000002.1|226128	centromere	CASBKX010000002.1	226128	226245	118	0.8813559322033898	True	84.0		intact_called	target=ABA_3-7206; region_start=57026; region_end=57143; region_len=118; strand=-; call_start=57026; call_end=57143	ABA_3-7206	57026.0	57143.0	57026.0	57143.0	84.0	0.0	homozygous	no
ABA	cen|CASBKX010000006.1|152083	centromere	CASBKX010000006.1	152083	152201	119	0.8571428571428571	True	85.0		intact_called	target=ABA_3-7158; region_start=129585; region_end=129703; region_len=119; strand=+; call_start=129585; call_end=129703	ABA_3-7158	129585.0	129703.0	129585.0	129703.0	85.0	0.0	homozygous	no
ABA	cen|CASBKX010000001.1|157196	centromere	CASBKX010000001.1	157196	157314	119	0.8571428571428571	True	85.0		intact_called	target=ABA_3-7080; region_start=11642; region_end=11760; region_len=119; strand=+; call_start=11642; call_end=11760	ABA_3-7080	11642.0	11760.0	11642.0	11760.0	85.0	0.0	homozygous	no
ABA	cen|CASBKX010000003.1|106435	centromere	CASBKX010000003.1	106435	106552	118	0.864406779661017	True	84.0		intact_called	target=ABA_3-7209; region_start=28261; region_end=28378; region_len=118; strand=-; call_start=28261; call_end=28378	ABA_3-7209	28261.0	28378.0	28261.0	28378.0	84.0	0.0	homozygous	no
ABA	cen|CASBKX010000005.1|375293	centromere	CASBKX010000005.1	375293	375410	118	0.8728813559322034	True	84.0		intact_called	target=ABA_3-7238; region_start=38604; region_end=38721; region_len=118; strand=+; call_start=38604; call_end=38721	ABA_3-7238	38604.0	38721.0	38604.0	38721.0	84.0	0.0	homozygous	no
ABA	cen|CASBKX010000015.1|320636	centromere	CASBKX010000015.1	320636	320755	120	0.85	True	86.0		intact_called	target=ABA_3-6870; region_start=166445; region_end=166564; region_len=120; strand=+; call_start=166445; call_end=166564	ABA_3-6870	166445.0	166564.0	166445.0	166564.0	86.0	0.0	homozygous	no
ABA	cen|CASBKX010000009.1|94781	centromere	CASBKX010000009.1	94781	94899	119	0.8403361344537815	True	85.0		intact_called	target=ABA_3-7215; region_start=63937; region_end=64055; region_len=119; strand=+; call_start=63937; call_end=64055	ABA_3-7215	63937.0	64055.0	63937.0	64055.0	85.0	0.0	homozygous	no
ABA	cen|CASBKX010000004.1|460815	centromere	CASBKX010000004.1	460815	460934	120	0.8333333333333334	True	86.0		intact_called	target=ABA_3-6904; region_start=23097; region_end=23216; region_len=120; strand=-; call_start=23097; call_end=23216	ABA_3-6904	23097.0	23216.0	23097.0	23216.0	86.0	0.0	homozygous	no
ABA	cen|CASBKX010000013.1|262540	centromere	CASBKX010000013.1	262540	262659	120	0.7916666666666666	True	86.0		intact_called	target=ABA_3-7178; region_start=8674; region_end=8793; region_len=120; strand=+; call_start=8674; call_end=8793	ABA_3-7178	8674.0	8793.0	8674.0	8793.0	86.0	0.0	homozygous	no
ABH	cen|CASBKK010000006.1|160188	centromere	CASBKK010000006.1	160188	160306	119	0.8739495798319328	True	85.0		intact_called	target=ABH_5-5868; region_start=57317; region_end=57435; region_len=119; strand=-; call_start=57317; call_end=57435	ABH_5-5868	57317.0	57435.0	57317.0	57435.0	85.0	0.0	homozygous	no
ABH	cen|CASBKK010000010.1|441605	centromere	CASBKK010000010.1	441605	441722	118	0.864406779661017	True	84.0		intact_called	target=ABH_5-5718; region_start=17604; region_end=17721; region_len=118; strand=-; call_start=17604; call_end=17721	ABH_5-5718	17604.0	17721.0	17604.0	17721.0	84.0	0.0	homozygous	no
ABH	cen|CASBKK010000011.1|457541	centromere	CASBKK010000011.1	457541	457660	120	0.8666666666666667	True	86.0		intact_called	target=ABH_5-5882; region_start=130040; region_end=130159; region_len=120; strand=+; call_start=130040; call_end=130159	ABH_5-5882	130040.0	130159.0	130040.0	130159.0	86.0	0.0	homozygous	no
ABH	cen|CASBKK010000012.1|144740	centromere	CASBKK010000012.1	144740	144860	121	0.8760330578512396	True	87.0		intact_called	target=ABH_5-5913; region_start=295114; region_end=295234; region_len=121; strand=-; call_start=295114; call_end=295234	ABH_5-5913	295114.0	295234.0	295114.0	295234.0	87.0	0.0	homozygous	no
ABH	cen|CASBKK010000014.1|315670	centromere	CASBKK010000014.1	315670	315788	119	0.8487394957983193	True	85.0		intact_called	target=ABH_5-5599; region_start=3575; region_end=3693; region_len=119; strand=-; call_start=3575; call_end=3693	ABH_5-5599	3575.0	3693.0	3575.0	3693.0	85.0	0.0	homozygous	no
ABH	cen|CASBKK010000007.1|507896	centromere	CASBKK010000007.1	507896	508015	120	0.85	True	86.0		intact_called	target=ABH_5-5697; region_start=91629; region_end=91748; region_len=120; strand=+; call_start=91629; call_end=91748	ABH_5-5697	91629.0	91748.0	91629.0	91748.0	86.0	0.0	homozygous	no
ABH	cen|CASBKK010000016.1|535817	centromere	CASBKK010000016.1	535817	535934	118	0.8813559322033898	True	84.0		intact_called	target=ABH_5-5904; region_start=146123; region_end=146240; region_len=118; strand=-; call_start=146123; call_end=146240	ABH_5-5904	146123.0	146240.0	146123.0	146240.0	84.0	0.0	homozygous	no
ABH	cen|CASBKK010000002.1|232092	centromere	CASBKK010000002.1	232092	232209	118	0.8728813559322034	True	84.0		intact_called	target=ABH_5-5582; region_start=56967; region_end=57084; region_len=118; strand=-; call_start=56967; call_end=57084	ABH_5-5582	56967.0	57084.0	56967.0	57084.0	84.0	0.0	homozygous	no
ABH	cen|CASBKK010000009.1|151787	centromere	CASBKK010000009.1	151787	151905	119	0.8571428571428571	True	85.0		intact_called	target=ABH_5-5840; region_start=128549; region_end=128667; region_len=119; strand=+; call_start=128549; call_end=128667	ABH_5-5840	128549.0	128667.0	128549.0	128667.0	85.0	0.0	homozygous	no
ABH	cen|CASBKK010000003.1|108435	centromere	CASBKK010000003.1	108435	108553	119	0.865546218487395	True	85.0		intact_called	target=ABH_5-5766; region_start=23741; region_end=23859; region_len=119; strand=+; call_start=23741; call_end=23859	ABH_5-5766	23741.0	23859.0	23741.0	23859.0	85.0	0.0	homozygous	no
ABH	cen|CASBKK010000004.1|455680	centromere	CASBKK010000004.1	455680	455799	120	0.85	True	86.0		intact_called	target=ABH_5-5898; region_start=23098; region_end=23217; region_len=120; strand=-; call_start=23098; call_end=23217	ABH_5-5898	23098.0	23217.0	23098.0	23217.0	86.0	0.0	homozygous	no
ABH	cen|CASBKK010000005.1|365418	centromere	CASBKK010000005.1	365418	365535	118	0.8559322033898306	True	84.0		intact_called	target=ABH_5-5601; region_start=35245; region_end=35362; region_len=118; strand=-; call_start=35245; call_end=35362	ABH_5-5601	35245.0	35362.0	35245.0	35362.0	84.0	0.0	homozygous	no
ABH	cen|CASBKK010000015.1|327572	centromere	CASBKK010000015.1	327572	327691	120	0.8416666666666667	True	86.0		intact_called	target=ABH_5-5900; region_start=245958; region_end=246077; region_len=120; strand=-; call_start=245958; call_end=246077	ABH_5-5900	245958.0	246077.0	245958.0	246077.0	86.0	0.0	homozygous	no
ABH	cen|CASBKK010000001.1|142403	centromere	CASBKK010000001.1	142403	142521	119	0.8403361344537815	True	85.0		intact_called	target=ABH_5-5796; region_start=11699; region_end=11817; region_len=119; strand=+; call_start=11699; call_end=11817	ABH_5-5796	11699.0	11817.0	11699.0	11817.0	85.0	0.0	homozygous	no
ABH	cen|CASBKK010000008.1|94588	centromere	CASBKK010000008.1	94588	94706	119	0.8319327731092437	True	85.0		intact_called	target=ABH_5-5856; region_start=64009; region_end=64127; region_len=119; strand=+; call_start=64009; call_end=64127	ABH_5-5856	64009.0	64127.0	64009.0	64127.0	85.0	0.0	homozygous	no
ABH	cen|CASBKK010000013.1|250056	centromere	CASBKK010000013.1	250056	250175	120	0.7916666666666666	True	86.0		intact_called	target=ABH_5-5772; region_start=247643; region_end=247762; region_len=120; strand=+; call_start=247643; call_end=247762	ABH_5-5772	247643.0	247762.0	247643.0	247762.0	86.0	0.0	homozygous	no
ACA	cen|CASBKZ010000007.1|132766	centromere	CASBKZ010000007.1	132766	132884	119	0.8739495798319328	True	85.0		intact_called	target=ACA_6-10187; region_start=122298; region_end=122416; region_len=119; strand=-; call_start=122298; call_end=122416	ACA_6-10187	122298.0	122416.0	122298.0	122416.0	85.0	0.0	homozygous	no
ACA	cen|CASBKZ010000005.1|355285	centromere	CASBKZ010000005.1	355285	355402	118	0.8898305084745762	True	84.0		intact_called	target=ACA_6-10162; region_start=76488; region_end=76605; region_len=118; strand=-; call_start=76488; call_end=76605	ACA_6-10162	76488.0	76605.0	76488.0	76605.0	84.0	0.0	homozygous	no
ACA	cen|CASBKZ010000010.1|441576	centromere	CASBKZ010000010.1	441576	441695	120	0.8666666666666667	True	86.0		intact_called	target=ACA_6-10178; region_start=17321; region_end=17440; region_len=120; strand=-; call_start=17321; call_end=17440	ACA_6-10178	17321.0	17440.0	17321.0	17440.0	86.0	0.0	homozygous	no
ACA	cen|CASBKZ010000011.1|446730	centromere	CASBKZ010000011.1	446730	446848	119	0.865546218487395	True	85.0		intact_called	target=ACA_6-10143; region_start=60584; region_end=60702; region_len=119; strand=+; call_start=60584; call_end=60702	ACA_6-10143	60584.0	60702.0	60584.0	60702.0	85.0	0.0	homozygous	no
ACA	cen|CASBKZ010000012.1|150958	centromere	CASBKZ010000012.1	150958	151078	121	0.8760330578512396	True	87.0		intact_called	target=ACA_6-10055; region_start=55375; region_end=55495; region_len=121; strand=+; call_start=55375; call_end=55495	ACA_6-10055	55375.0	55495.0	55375.0	55495.0	87.0	0.0	homozygous	no
ACA	cen|CASBKZ010000008.1|494191	centromere	CASBKZ010000008.1	494191	494310	120	0.85	True	86.0		intact_called	target=ACA_6-9902; region_start=38319; region_end=38438; region_len=120; strand=-; call_start=38319; call_end=38438	ACA_6-9902	38319.0	38438.0	38319.0	38438.0	86.0	0.0	homozygous	no
ACA	cen|CASBKZ010000016.1|543933	centromere	CASBKZ010000016.1	543933	544050	118	0.8813559322033898	True	84.0		intact_called	target=ACA_6-9882; region_start=145887; region_end=146004; region_len=118; strand=-; call_start=145887; call_end=146004	ACA_6-9882	145887.0	146004.0	145887.0	146004.0	84.0	0.0	homozygous	no
ACA	cen|CASBKZ010000009.1|105712	centromere	CASBKZ010000009.1	105712	105830	119	0.8739495798319328	True	85.0		intact_called	target=ACA_6-10172; region_start=64192; region_end=64310; region_len=119; strand=+; call_start=64192; call_end=64310	ACA_6-10172	64192.0	64310.0	64192.0	64310.0	85.0	0.0	homozygous	no
ACA	cen|CASBKZ010000002.1|226415	centromere	CASBKZ010000002.1	226415	226532	118	0.8813559322033898	True	84.0		intact_called	target=ACA_6-9938; region_start=21314; region_end=21431; region_len=118; strand=-; call_start=21314; call_end=21431	ACA_6-9938	21314.0	21431.0	21314.0	21431.0	84.0	0.0	homozygous	no
ACA	cen|CASBKZ010000001.1|141646	centromere	CASBKZ010000001.1	141646	141764	119	0.8571428571428571	True	85.0		intact_called	target=ACA_6-10186; region_start=11701; region_end=11819; region_len=119; strand=+; call_start=11701; call_end=11819	ACA_6-10186	11701.0	11819.0	11701.0	11819.0	85.0	0.0	homozygous	no
ACA	cen|CASBKZ010000003.1|114566	centromere	CASBKZ010000003.1	114566	114683	118	0.864406779661017	True	84.0		intact_called	target=ACA_6-9961; region_start=34174; region_end=34291; region_len=118; strand=-; call_start=34174; call_end=34291	ACA_6-9961	34174.0	34291.0	34174.0	34291.0	84.0	0.0	homozygous	no
ACA	cen|CASBKZ010000006.1|146272	centromere	CASBKZ010000006.1	146272	146390	119	0.8487394957983193	True	85.0		intact_called	target=ACA_6-10183; region_start=129234; region_end=129352; region_len=119; strand=+; call_start=129234; call_end=129352	ACA_6-10183	129234.0	129352.0	129234.0	129352.0	85.0	0.0	homozygous	no
ACA	cen|CASBKZ010000014.1|622126	centromere	CASBKZ010000014.1	622126	622244	119	0.8319327731092437	True	85.0		intact_called	target=ACA_6-10072; region_start=29078; region_end=29196; region_len=119; strand=+; call_start=29078; call_end=29196	ACA_6-10072	29078.0	29196.0	29078.0	29196.0	85.0	0.0	homozygous	no
ACA	cen|CASBKZ010000004.1|462511	centromere	CASBKZ010000004.1	462511	462622	112	0.8482142857142857	True	78.0		intact_called	target=ACA_6-9889; region_start=12303; region_end=12414; region_len=112; strand=+; call_start=12303; call_end=12414	ACA_6-9889	12303.0	12414.0	12303.0	12414.0	78.0	0.0	homozygous	no
ACA	cen|CASBKZ010000015.1|326899	centromere	CASBKZ010000015.1	326899	327018	120	0.85	True	86.0		intact_called	target=ACA_6-10185; region_start=25650; region_end=25769; region_len=120; strand=+; call_start=25650; call_end=25769	ACA_6-10185	25650.0	25769.0	25650.0	25769.0	86.0	0.0	homozygous	no
ACA	cen|CASBKZ010000013.1|250779	centromere	CASBKZ010000013.1	250779	250898	120	0.8	True	86.0		intact_called	target=ACA_6-10082; region_start=88917; region_end=89036; region_len=120; strand=-; call_start=88917; call_end=89036	ACA_6-10082	88917.0	89036.0	88917.0	89036.0	86.0	0.0	homozygous	no
ACH	cen|CASBKV010000010.1|441616	centromere	CASBKV010000010.1	441616	441733	118	0.864406779661017	True	84.0		intact_called	target=ACH_7-12758; region_start=11706; region_end=11823; region_len=118; strand=+; call_start=11706; call_end=11823	ACH_7-12758	11706.0	11823.0	11706.0	11823.0	84.0	0.0	homozygous	no
ACH	cen|CASBKV010000011.1|452332	centromere	CASBKV010000011.1	452332	452450	119	0.865546218487395	True	85.0		intact_called	target=ACH_7-12806; region_start=60550; region_end=60668; region_len=119; strand=+; call_start=60550; call_end=60668	ACH_7-12806	60550.0	60668.0	60550.0	60668.0	85.0	0.0	homozygous	no
ACH	cen|CASBKV010000012.1|141830	centromere	CASBKV010000012.1	141830	141950	121	0.8760330578512396	True	87.0		intact_called	target=ACH_7-13006; region_start=217387; region_end=217507; region_len=121; strand=-; call_start=217387; call_end=217507	ACH_7-13006	217387.0	217507.0	217387.0	217507.0	87.0	0.0	homozygous	no
ACH	cen|CASBKV010000005.1|352167	centromere	CASBKV010000005.1	352167	352284	118	0.8813559322033898	True	84.0		intact_called	target=ACH_7-12998; region_start=76582; region_end=76699; region_len=118; strand=-; call_start=76582; call_end=76699	ACH_7-12998	76582.0	76699.0	76582.0	76699.0	84.0	0.0	homozygous	no
ACH	cen|CASBKV010000014.1|651121	centromere	CASBKV010000014.1	651121	651237	117	0.8461538461538461	True	83.0		intact_called	target=ACH_7-12863; region_start=3449; region_end=3565; region_len=117; strand=-; call_start=3449; call_end=3565	ACH_7-12863	3449.0	3565.0	3449.0	3565.0	83.0	0.0	homozygous	no
ACH	cen|CASBKV010000016.1|549860	centromere	CASBKV010000016.1	549860	549977	118	0.8813559322033898	True	84.0		intact_called	target=ACH_7-12744; region_start=172160; region_end=172277; region_len=118; strand=+; call_start=172160; call_end=172277	ACH_7-12744	172160.0	172277.0	172160.0	172277.0	84.0	0.0	homozygous	no
ACH	cen|CASBKV010000009.1|95638	centromere	CASBKV010000009.1	95638	95756	119	0.8739495798319328	True	85.0		intact_called	target=ACH_7-12708; region_start=27051; region_end=27169; region_len=119; strand=-; call_start=27051; call_end=27169	ACH_7-12708	27051.0	27169.0	27051.0	27169.0	85.0	0.0	homozygous	no
ACH	cen|CASBKV010000006.1|158085	centromere	CASBKV010000006.1	158085	158203	119	0.8571428571428571	True	85.0		intact_called	target=ACH_7-13033; region_start=51322; region_end=51440; region_len=119; strand=+; call_start=51322; call_end=51440	ACH_7-13033	51322.0	51440.0	51322.0	51440.0	85.0	0.0	homozygous	no
ACH	cen|CASBKV010000008.1|493870	centromere	CASBKV010000008.1	493870	493988	119	0.8403361344537815	True	85.0		intact_called	target=ACH_7-13034; region_start=91736; region_end=91854; region_len=119; strand=+; call_start=91736; call_end=91854	ACH_7-13034	91736.0	91854.0	91736.0	91854.0	85.0	0.0	homozygous	no
ACH	cen|CASBKV010000007.1|129866	centromere	CASBKV010000007.1	129866	129984	119	0.8487394957983193	True	85.0		intact_called	target=ACH_7-13028; region_start=71970; region_end=72088; region_len=119; strand=-; call_start=71970; call_end=72088	ACH_7-13028	71970.0	72088.0	71970.0	72088.0	85.0	0.0	homozygous	no
ACH	cen|CASBKV010000003.1|121187	centromere	CASBKV010000003.1	121187	121304	118	0.864406779661017	True	84.0		intact_called	target=ACH_7-12733; region_start=23724; region_end=23841; region_len=118; strand=+; call_start=23724; call_end=23841	ACH_7-12733	23724.0	23841.0	23724.0	23841.0	84.0	0.0	homozygous	no
ACH	cen|CASBKV010000002.1|242217	centromere	CASBKV010000002.1	242217	242334	118	0.8728813559322034	True	84.0		intact_called	target=ACH_7-12840; region_start=55902; region_end=56019; region_len=118; strand=-; call_start=55902; call_end=56019	ACH_7-12840	55902.0	56019.0	55902.0	56019.0	84.0	0.0	homozygous	no
ACH	cen|CASBKV010000015.1|331106	centromere	CASBKV010000015.1	331106	331225	120	0.85	True	86.0		intact_called	target=ACH_7-13015; region_start=251890; region_end=252009; region_len=120; strand=-; call_start=251890; call_end=252009	ACH_7-13015	251890.0	252009.0	251890.0	252009.0	86.0	0.0	homozygous	no
ACH	cen|CASBKV010000004.1|459692	centromere	CASBKV010000004.1	459692	459811	120	0.85	True	86.0		intact_called	target=ACH_7-12796; region_start=14536; region_end=14655; region_len=120; strand=+; call_start=14536; call_end=14655	ACH_7-12796	14536.0	14655.0	14536.0	14655.0	86.0	0.0	homozygous	no
ACH	cen|CASBKV010000001.1|152711	centromere	CASBKV010000001.1	152711	152829	119	0.8403361344537815	True	85.0		intact_called	target=ACH_7-12843; region_start=25356; region_end=25474; region_len=119; strand=-; call_start=25356; call_end=25474	ACH_7-12843	25356.0	25474.0	25356.0	25474.0	85.0	0.0	homozygous	no
ACH	cen|CASBKV010000013.1|251564	centromere	CASBKV010000013.1	251564	251683	120	0.7833333333333333	True	86.0		intact_called	target=ACH_7-12975; region_start=248690; region_end=248809; region_len=120; strand=+; call_start=248690; call_end=248809	ACH_7-12975	248690.0	248809.0	248690.0	248809.0	86.0	0.0	homozygous	no
ADE	cen|CASBKC010000012.1|144686	centromere	CASBKC010000012.1	144686	144806	121	0.8842975206611571	True	87.0		intact_called	target=ADE_2-5335; region_start=55307; region_end=55427; region_len=121; strand=+; call_start=55307; call_end=55427	ADE_2-5335	55307.0	55427.0	55307.0	55427.0	87.0	0.0	homozygous	no Supplementary Data 4 row
ADE	cen|CASBKC010000002.1|227087	centromere	CASBKC010000002.1	227087	227204	118	0.8983050847457628	True	84.0		intact_called	target=ADE_2-5231; region_start=34632; region_end=34749; region_len=118; strand=+; call_start=34632; call_end=34749	ADE_2-5231	34632.0	34749.0	34632.0	34749.0	84.0	0.0	homozygous	no Supplementary Data 4 row
ADE	cen|CASBKC010000005.1|345696	centromere	CASBKC010000005.1	345696	345814	119	0.8823529411764706	True	85.0		intact_called	target=ADE_2-5246; region_start=35230; region_end=35348; region_len=119; strand=-; call_start=35230; call_end=35348	ADE_2-5246	35230.0	35348.0	35230.0	35348.0	85.0	0.0	homozygous	no Supplementary Data 4 row
ADE	cen|CASBKC010000010.1|425773	centromere	CASBKC010000010.1	425773	425889	117	0.8547008547008547	True	83.0		intact_called	target=ADE_2-5415; region_start=82206; region_end=82322; region_len=117; strand=+; call_start=82206; call_end=82322	ADE_2-5415	82206.0	82322.0	82206.0	82322.0	83.0	0.0	homozygous	no Supplementary Data 4 row
ADE	cen|CASBKC010000004.1|449541	centromere	CASBKC010000004.1	449541	449659	119	0.865546218487395	True	85.0		intact_called	target=ADE_2-5399; region_start=65670; region_end=65788; region_len=119; strand=+; call_start=65670; call_end=65788	ADE_2-5399	65670.0	65788.0	65670.0	65788.0	85.0	0.0	homozygous	no Supplementary Data 4 row
ADE	cen|CASBKC010000014.1|605764	centromere	CASBKC010000014.1	605764	605882	119	0.8403361344537815	True	85.0		intact_called	target=ADE_2-5239; region_start=3305; region_end=3423; region_len=119; strand=-; call_start=3305; call_end=3423	ADE_2-5239	3305.0	3423.0	3305.0	3423.0	85.0	0.0	homozygous	no Supplementary Data 4 row
ADE	cen|CASBKC010000008.1|489390	centromere	CASBKC010000008.1	489390	489511	122	0.8442622950819673	True	88.0		intact_called	target=ADE_2-5274; region_start=58373; region_end=58494; region_len=122; strand=-; call_start=58373; call_end=58494	ADE_2-5274	58373.0	58494.0	58373.0	58494.0	88.0	0.0	homozygous	no Supplementary Data 4 row
ADE	cen|CASBKC010000016.1|538974	centromere	CASBKC010000016.1	538974	539091	118	0.8728813559322034	True	84.0		intact_called	target=ADE_2-5187; region_start=4472; region_end=4589; region_len=118; strand=-; call_start=4472; call_end=4589	ADE_2-5187	4472.0	4589.0	4472.0	4589.0	84.0	0.0	homozygous	no Supplementary Data 4 row
ADE	cen|CASBKC010000011.1|441453	centromere	CASBKC010000011.1	441453	441572	120	0.85	True	86.0		intact_called	target=ADE_2-5422; region_start=115993; region_end=116112; region_len=120; strand=-; call_start=115993; call_end=116112	ADE_2-5422	115993.0	116112.0	115993.0	116112.0	86.0	0.0	homozygous	no Supplementary Data 4 row
ADE	cen|CASBKC010000007.1|161328	centromere	CASBKC010000007.1	161328	161446	119	0.8403361344537815	True	85.0		intact_called	target=ADE_2-5361; region_start=70705; region_end=70823; region_len=119; strand=-; call_start=70705; call_end=70823	ADE_2-5361	70705.0	70823.0	70705.0	70823.0	85.0	0.0	homozygous	no Supplementary Data 4 row
ADE	cen|CASBKC010000006.1|146154	centromere	CASBKC010000006.1	146154	146272	119	0.8403361344537815	True	85.0		intact_called	target=ADE_2-5430; region_start=128839; region_end=128957; region_len=119; strand=+; call_start=128839; call_end=128957	ADE_2-5430	128839.0	128957.0	128839.0	128957.0	85.0	0.0	homozygous	no Supplementary Data 4 row
ADE	cen|CASBKC010000003.1|106097	centromere	CASBKC010000003.1	106097	106214	118	0.847457627118644	True	84.0		intact_called	target=ADE_2-5444; region_start=37507; region_end=37624; region_len=118; strand=-; call_start=37507; call_end=37624	ADE_2-5444	37507.0	37624.0	37507.0	37624.0	84.0	0.0	homozygous	no Supplementary Data 4 row
ADE	cen|CASBKC010000015.1|309711	centromere	CASBKC010000015.1	309711	309828	118	0.8389830508474576	True	84.0		intact_called	target=ADE_2-5412; region_start=99683; region_end=99800; region_len=118; strand=+; call_start=99683; call_end=99800	ADE_2-5412	99683.0	99800.0	99683.0	99800.0	84.0	0.0	homozygous	no Supplementary Data 4 row
ADE	cen|CASBKC010000009.1|95615	centromere	CASBKC010000009.1	95615	95733	119	0.8403361344537815	True	85.0		intact_called	target=ADE_2-5443; region_start=123303; region_end=123421; region_len=119; strand=-; call_start=123303; call_end=123421	ADE_2-5443	123303.0	123421.0	123303.0	123421.0	85.0	0.0	homozygous	no Supplementary Data 4 row
ADE	cen|CASBKC010000001.1|144782	centromere	CASBKC010000001.1	144782	144900	119	0.8403361344537815	True	85.0		intact_called	target=ADE_2-5334; region_start=11701; region_end=11819; region_len=119; strand=+; call_start=11701; call_end=11819	ADE_2-5334	11701.0	11819.0	11701.0	11819.0	85.0	0.0	homozygous	no Supplementary Data 4 row
ADE	cen|CASBKC010000013.1|251246	centromere	CASBKC010000013.1	251246	251362	117	0.8034188034188035	True	83.0		intact_called	target=ADE_2-5433; region_start=248628; region_end=248744; region_len=117; strand=+; call_start=248628; call_end=248744	ADE_2-5433	248628.0	248744.0	248628.0	248744.0	83.0	0.0	homozygous	no Supplementary Data 4 row
ADI	cen|CASBLI010000011.1|446067	centromere	CASBLI010000011.1	446067	446185	119	0.865546218487395	True	85.0		intact_called	target=ADI_4-13562; region_start=115190; region_end=115308; region_len=119; strand=-; call_start=115190; call_end=115308	ADI_4-13562	115190.0	115308.0	115190.0	115308.0	85.0	0.0	homozygous	no
ADI	cen|CASBLI010000012.1|263404	centromere	CASBLI010000012.1	263404	263524	121	0.8760330578512396	True	87.0		intact_called	target=ADI_4-13572; region_start=294900; region_end=295020; region_len=121; strand=-; call_start=294900; call_end=295020	ADI_4-13572	294900.0	295020.0	294900.0	295020.0	87.0	0.0	homozygous	no
ADI	cen|CASBLI010000010.1|457481	centromere	CASBLI010000010.1	457481	457598	118	0.8559322033898306	True	84.0		intact_called	target=ADI_4-13419; region_start=17604; region_end=17721; region_len=118; strand=-; call_start=17604; call_end=17721	ADI_4-13419	17604.0	17721.0	17604.0	17721.0	84.0	0.0	homozygous	no
ADI	cen|CASBLI010000014.1|611863	centromere	CASBLI010000014.1	611863	611981	119	0.8487394957983193	True	85.0		intact_called	target=ADI_4-13576; region_start=144228; region_end=144346; region_len=119; strand=-; call_start=144228; call_end=144346	ADI_4-13576	144228.0	144346.0	144228.0	144346.0	85.0	0.0	homozygous	no
ADI	cen|CASBLI010000005.1|396431	centromere	CASBLI010000005.1	396431	396548	118	0.8813559322033898	True	84.0		intact_called	target=ADI_4-13568; region_start=76815; region_end=76932; region_len=118; strand=-; call_start=76815; call_end=76932	ADI_4-13568	76815.0	76932.0	76815.0	76932.0	84.0	0.0	homozygous	no
ADI	cen|CASBLI010000016.1|206295	centromere	CASBLI010000016.1	206295	206412	118	0.8813559322033898	True	84.0		intact_called	target=ADI_4-13404; region_start=172040; region_end=172157; region_len=118; strand=+; call_start=172040; call_end=172157	ADI_4-13404	172040.0	172157.0	172040.0	172157.0	84.0	0.0	homozygous	no
ADI	cen|CASBLI010000006.1|190171	centromere	CASBLI010000006.1	190171	190289	119	0.8571428571428571	True	85.0		intact_called	target=ADI_4-13511; region_start=138280; region_end=138398; region_len=119; strand=-; call_start=138280; call_end=138398	ADI_4-13511	138280.0	138398.0	138280.0	138398.0	85.0	0.0	homozygous	no
ADI	cen|CASBLI010000009.1|464871	centromere	CASBLI010000009.1	464871	464989	119	0.865546218487395	True	85.0		intact_called	target=ADI_4-13561; region_start=107892; region_end=108010; region_len=119; strand=-; call_start=107892; call_end=108010	ADI_4-13561	107892.0	108010.0	107892.0	108010.0	85.0	0.0	homozygous	no
ADI	cen|CASBLI010000007.1|154635	centromere	CASBLI010000007.1	154635	154753	119	0.8487394957983193	True	85.0		intact_called	target=ADI_4-13463; region_start=56174; region_end=56292; region_len=119; strand=-; call_start=56174; call_end=56292	ADI_4-13463	56174.0	56292.0	56174.0	56292.0	85.0	0.0	homozygous	no
ADI	cen|CASBLI010000003.1|114992	centromere	CASBLI010000003.1	114992	115109	118	0.864406779661017	True	84.0		intact_called	target=ADI_4-13565; region_start=23739; region_end=23856; region_len=118; strand=+; call_start=23739; call_end=23856	ADI_4-13565	23739.0	23856.0	23739.0	23856.0	84.0	0.0	homozygous	no
ADI	cen|CASBLI010000002.1|220758	centromere	CASBLI010000002.1	220758	220875	118	0.8728813559322034	True	84.0		intact_called	target=ADI_4-13574; region_start=56985; region_end=57102; region_len=118; strand=-; call_start=56985; call_end=57102	ADI_4-13574	56985.0	57102.0	56985.0	57102.0	84.0	0.0	homozygous	no
ADI	cen|CASBLI010000008.1|521434	centromere	CASBLI010000008.1	521434	521555	122	0.8360655737704918	True	88.0		intact_called	target=ADI_4-13337; region_start=21400; region_end=21521; region_len=122; strand=-; call_start=21400; call_end=21521	ADI_4-13337	21400.0	21521.0	21400.0	21521.0	88.0	0.0	homozygous	no
ADI	cen|CASBLI010000015.1|351300	centromere	CASBLI010000015.1	351300	351419	120	0.85	True	86.0		intact_called	target=ADI_4-13584; region_start=291999; region_end=292118; region_len=120; strand=+; call_start=291999; call_end=292118	ADI_4-13584	291999.0	292118.0	291999.0	292118.0	86.0	0.0	homozygous	no
ADI	cen|CASBLI010000004.1|506481	centromere	CASBLI010000004.1	506481	506600	120	0.8416666666666667	True	86.0		intact_called	target=ADI_4-13585; region_start=23123; region_end=23242; region_len=120; strand=-; call_start=23123; call_end=23242	ADI_4-13585	23123.0	23242.0	23123.0	23242.0	86.0	0.0	homozygous	no
ADI	cen|CASBLI010000001.1|166814	centromere	CASBLI010000001.1	166814	166932	119	0.8403361344537815	True	85.0		intact_called	target=ADI_4-13409; region_start=23674; region_end=23792; region_len=119; strand=-; call_start=23674; call_end=23792	ADI_4-13409	23674.0	23792.0	23674.0	23792.0	85.0	0.0	homozygous	no
ADI	cen|CASBLI010000013.1|302756	centromere	CASBLI010000013.1	302756	302873	118	0.8050847457627118	True	84.0		intact_called	target=ADI_4-13341; region_start=72820; region_end=72937; region_len=118; strand=+; call_start=72820; call_end=72937	ADI_4-13341	72820.0	72937.0	72820.0	72937.0	84.0	0.0	homozygous	no
ADM	cen|CASBLG010000008.1|498661	centromere	CASBLG010000008.1	498661	498782	122	0.860655737704918	True	88.0		n_run	target=ADM_2-24506; region_start=54823; region_end=54977; region_len=155; strand=+	ADM_2-24506	54823.0	54977.0					heterozygous	chromosome not identified
ADM	cen|CASBLG010000010.1|418021	centromere	CASBLG010000010.1	418021	418140	120	0.8666666666666667	True	86.0		intact_called	target=ADM_2-24216; region_start=45422; region_end=45541; region_len=120; strand=+; call_start=45422; call_end=45541	ADM_2-24216	45422.0	45541.0	45422.0	45541.0	86.0	0.0	heterozygous	no
ADM	cen|CASBLG010000007.1|124905	centromere	CASBLG010000007.1	124905	125020	116	0.853448275862069	True	82.0		absent	reason=neither flank placed								heterozygous	chromosome not identified
ADM	cen|CASBLG010000012.1|140520	centromere	CASBLG010000012.1	140520	140640	121	0.8677685950413223	True	87.0		intact_called	target=ADM_2-24587; region_start=51304; region_end=51471; region_len=168; strand=-; call_start=51351; call_end=51471	ADM_2-24587	51304.0	51471.0	51351.0	51471.0	87.0	0.0	heterozygous	no
ADM	cen|CASBLG010000011.1|474469	centromere	CASBLG010000011.1	474469	474585	117	0.8547008547008547	True	83.0		n_run	target=ADM_2-24502; region_start=43163; region_end=43430; region_len=268; strand=+	ADM_2-24502	43163.0	43430.0					heterozygous	chromosome not identified
ADM	cen|CASBLG010000005.1|363293	centromere	CASBLG010000005.1	363293	363410	118	0.8728813559322034	True	84.0		intact_called	target=ADM_2-24526; region_start=31741; region_end=31858; region_len=118; strand=-; call_start=31741; call_end=31858	ADM_2-24526	31741.0	31858.0	31741.0	31858.0	84.0	0.0	heterozygous	no
ADM	cen|CASBLG010000002.1|221425	centromere	CASBLG010000002.1	221425	221542	118	0.864406779661017	True	84.0		intact_called	target=ADM_2-24533; region_start=34260; region_end=34377; region_len=118; strand=+; call_start=34260; call_end=34377	ADM_2-24533	34260.0	34377.0	34260.0	34377.0	84.0	0.0	heterozygous	no
ADM	cen|CASBLG010000006.1|157760	centromere	CASBLG010000006.1	157760	157878	119	0.8403361344537815	True	85.0		intact_called	target=ADM_2-24479; region_start=13557; region_end=13696; region_len=140; strand=+; call_start=13557; call_end=13675	ADM_2-24479	13557.0	13696.0	13557.0	13675.0	85.0	0.0	heterozygous	no
ADM	cen|CASBLG010000001.1|136915	centromere	CASBLG010000001.1	136915	137033	119	0.8487394957983193	True	85.0		intact_called	target=ADM_2-23947; region_start=8727; region_end=8845; region_len=119; strand=-; call_start=8727; call_end=8845	ADM_2-23947	8727.0	8845.0	8727.0	8845.0	85.0	0.0	heterozygous	no
ADM	cen|CASBLG010000016.1|529693	centromere	CASBLG010000016.1	529693	529810	118	0.864406779661017	True	84.0		intact_called	target=ADM_2-24518; region_start=4184; region_end=4301; region_len=118; strand=-; call_start=4184; call_end=4301	ADM_2-24518	4184.0	4301.0	4184.0	4301.0	84.0	0.0	heterozygous	no
ADM	cen|CASBLG010000014.1|619880	centromere	CASBLG010000014.1	619880	619999	120	0.825	True	86.0		intact_called	target=ADM_2-24509; region_start=26525; region_end=26644; region_len=120; strand=+; call_start=26525; call_end=26644	ADM_2-24509	26525.0	26644.0	26525.0	26644.0	86.0	0.0	heterozygous	no
ADM	cen|CASBLG010000003.1|100838	centromere	CASBLG010000003.1	100838	100955	118	0.8559322033898306	True	84.0		intact_called	target=ADM_2-24597; region_start=28003; region_end=28133; region_len=131; strand=-; call_start=28003; call_end=28120	ADM_2-24597	28003.0	28133.0	28003.0	28120.0	84.0	0.0	heterozygous	no
ADM	cen|CASBLG010000015.1|328108	centromere	CASBLG010000015.1	328108	328226	119	0.8403361344537815	True	85.0		absent	reason=neither flank placed								heterozygous	chromosome not identified
ADM	cen|CASBLG010000009.1|101677	centromere	CASBLG010000009.1	101677	101791	115	0.8347826086956521	True	81.0		split	reason=one flank placed; placed_on=ADM_2-24574								heterozygous	chromosome not identified
ADM	cen|CASBLG010000004.1|459992	centromere	CASBLG010000004.1	459992	460111	120	0.825	True	86.0		intact_called	target=ADM_2-24492; region_start=32217; region_end=32336; region_len=120; strand=+; call_start=32217; call_end=32336	ADM_2-24492	32217.0	32336.0	32217.0	32336.0	86.0	0.0	heterozygous	no
ADM	cen|CASBLG010000013.1|250652	centromere	CASBLG010000013.1	250652	250766	115	0.8	True	81.0		intact_called	target=ADM_2-24605; region_start=99426; region_end=99542; region_len=117; strand=-; call_start=99426; call_end=99542	ADM_2-24605	99426.0	99542.0	99426.0	99542.0	83.0	2.0	heterozygous	no
ADQ	cen|CASBKD010000007.1|137833	centromere	CASBKD010000007.1	137833	137948	116	0.8706896551724138	True	82.0		intact_called	target=ADQ_4-7260; region_start=72215; region_end=72333; region_len=119; strand=-; call_start=72215; call_end=72333	ADQ_4-7260	72215.0	72333.0	72215.0	72333.0	85.0	3.0	homozygous	no
ADQ	cen|CASBKD010000010.1|412237	centromere	CASBKD010000010.1	412237	412356	120	0.8666666666666667	True	86.0		intact_called	target=ADQ_4-7262; region_start=17324; region_end=17443; region_len=120; strand=-; call_start=17324; call_end=17443	ADQ_4-7262	17324.0	17443.0	17324.0	17443.0	86.0	0.0	homozygous	no
ADQ	cen|CASBKD010000006.1|145231	centromere	CASBKD010000006.1	145231	145349	119	0.865546218487395	True	85.0		intact_called	target=ADQ_4-7316; region_start=128753; region_end=128871; region_len=119; strand=+; call_start=128753; call_end=128871	ADQ_4-7316	128753.0	128871.0	128753.0	128871.0	85.0	0.0	homozygous	no
ADQ	cen|CASBKD010000012.1|140048	centromere	CASBKD010000012.1	140048	140168	121	0.8760330578512396	True	87.0		intact_called	target=ADQ_4-7317; region_start=55560; region_end=55680; region_len=121; strand=+; call_start=55560; call_end=55680	ADQ_4-7317	55560.0	55680.0	55560.0	55680.0	87.0	0.0	homozygous	no
ADQ	cen|CASBKD010000005.1|352645	centromere	CASBKD010000005.1	352645	352762	118	0.8813559322033898	True	84.0		intact_called	target=ADQ_4-7321; region_start=35401; region_end=35518; region_len=118; strand=-; call_start=35401; call_end=35518	ADQ_4-7321	35401.0	35518.0	35401.0	35518.0	84.0	0.0	homozygous	no
ADQ	cen|CASBKD010000002.1|236543	centromere	CASBKD010000002.1	236543	236660	118	0.8813559322033898	True	84.0		intact_called	target=ADQ_4-7322; region_start=34336; region_end=34453; region_len=118; strand=+; call_start=34336; call_end=34453	ADQ_4-7322	34336.0	34453.0	34336.0	34453.0	84.0	0.0	homozygous	no
ADQ	cen|CASBKD010000008.1|504060	centromere	CASBKD010000008.1	504060	504180	121	0.8512396694214877	True	87.0		intact_called	target=ADQ_4-7304; region_start=244335; region_end=244455; region_len=121; strand=-; call_start=244335; call_end=244455	ADQ_4-7304	244335.0	244455.0	244335.0	244455.0	87.0	0.0	homozygous	no
ADQ	cen|CASBKD010000011.1|432669	centromere	CASBKD010000011.1	432669	432787	119	0.8571428571428571	True	85.0		intact_called	target=ADQ_4-7313; region_start=393817; region_end=393935; region_len=119; strand=+; call_start=393817; call_end=393935	ADQ_4-7313	393817.0	393935.0	393817.0	393935.0	85.0	0.0	homozygous	no
ADQ	cen|CASBKD010000001.1|143582	centromere	CASBKD010000001.1	143582	143700	119	0.8571428571428571	True	85.0		intact_called	target=ADQ_4-7226; region_start=11702; region_end=11820; region_len=119; strand=+; call_start=11702; call_end=11820	ADQ_4-7226	11702.0	11820.0	11702.0	11820.0	85.0	0.0	homozygous	no
ADQ	cen|CASBKD010000016.1|535824	centromere	CASBKD010000016.1	535824	535943	120	0.8666666666666667	True	86.0		intact_called	target=ADQ_4-7151; region_start=5411; region_end=5530; region_len=120; strand=-; call_start=5411; call_end=5530	ADQ_4-7151	5411.0	5530.0	5411.0	5530.0	86.0	0.0	homozygous	no
ADQ	cen|CASBKD010000014.1|615994	centromere	CASBKD010000014.1	615994	616113	120	0.825	True	86.0		intact_called	target=ADQ_4-7131; region_start=3234; region_end=3353; region_len=120; strand=-; call_start=3234; call_end=3353	ADQ_4-7131	3234.0	3353.0	3234.0	3353.0	86.0	0.0	homozygous	no
ADQ	cen|CASBKD010000003.1|105894	centromere	CASBKD010000003.1	105894	106011	118	0.847457627118644	True	84.0		intact_called	target=ADQ_4-7154; region_start=93789; region_end=93906; region_len=118; strand=+; call_start=93789; call_end=93906	ADQ_4-7154	93789.0	93906.0	93789.0	93906.0	84.0	0.0	homozygous	no
ADQ	cen|CASBKD010000015.1|317365	centromere	CASBKD010000015.1	317365	317484	120	0.8416666666666667	True	86.0		intact_called	target=ADQ_4-7337; region_start=244998; region_end=245117; region_len=120; strand=-; call_start=244998; call_end=245117	ADQ_4-7337	244998.0	245117.0	244998.0	245117.0	86.0	0.0	homozygous	no
ADQ	cen|CASBKD010000009.1|94573	centromere	CASBKD010000009.1	94573	94691	119	0.8403361344537815	True	85.0		intact_called	target=ADQ_4-7328; region_start=28180; region_end=28298; region_len=119; strand=-; call_start=28180; call_end=28298	ADQ_4-7328	28180.0	28298.0	28180.0	28298.0	85.0	0.0	homozygous	no
ADQ	cen|CASBKD010000004.1|447927	centromere	CASBKD010000004.1	447927	448046	120	0.8333333333333334	True	86.0		intact_called	target=ADQ_4-7067; region_start=23020; region_end=23139; region_len=120; strand=-; call_start=23020; call_end=23139	ADQ_4-7067	23020.0	23139.0	23020.0	23139.0	86.0	0.0	homozygous	no
ADQ	cen|CASBKD010000013.1|250262	centromere	CASBKD010000013.1	250262	250381	120	0.7916666666666666	True	86.0		intact_called	target=ADQ_4-7206; region_start=249203; region_end=249322; region_len=120; strand=+; call_start=249203; call_end=249322	ADQ_4-7206	249203.0	249322.0	249203.0	249322.0	86.0	0.0	homozygous	no
ADS	cen|CASBKA010000005.1|333575	centromere	CASBKA010000005.1	333575	333692	118	0.8898305084745762	True	84.0		intact_called	target=ADS_4-7793; region_start=75745; region_end=75862; region_len=118; strand=-; call_start=75745; call_end=75862	ADS_4-7793	75745.0	75862.0	75745.0	75862.0	84.0	0.0	homozygous	no
ADS	cen|CASBKA010000010.1|430666	centromere	CASBKA010000010.1	430666	430783	118	0.864406779661017	True	84.0		intact_called	target=ADS_4-7765; region_start=17600; region_end=17717; region_len=118; strand=-; call_start=17600; call_end=17717	ADS_4-7765	17600.0	17717.0	17600.0	17717.0	84.0	0.0	homozygous	no
ADS	cen|CASBKA010000011.1|440019	centromere	CASBKA010000011.1	440019	440137	119	0.865546218487395	True	85.0		intact_called	target=ADS_4-7590; region_start=76707; region_end=76825; region_len=119; strand=-; call_start=76707; call_end=76825	ADS_4-7590	76707.0	76825.0	76707.0	76825.0	85.0	0.0	homozygous	no
ADS	cen|CASBKA010000012.1|136041	centromere	CASBKA010000012.1	136041	136161	121	0.8760330578512396	True	87.0		intact_called	target=ADS_4-7732; region_start=217121; region_end=217241; region_len=121; strand=-; call_start=217121; call_end=217241	ADS_4-7732	217121.0	217241.0	217121.0	217241.0	87.0	0.0	homozygous	no
ADS	cen|CASBKA010000014.1|608912	centromere	CASBKA010000014.1	608912	609029	118	0.847457627118644	True	84.0		intact_called	target=ADS_4-7672; region_start=26977; region_end=27094; region_len=118; strand=+; call_start=26977; call_end=27094	ADS_4-7672	26977.0	27094.0	26977.0	27094.0	84.0	0.0	homozygous	no
ADS	cen|CASBKA010000016.1|549509	centromere	CASBKA010000016.1	549509	549626	118	0.8813559322033898	True	84.0		intact_called	target=ADS_4-7685; region_start=4184; region_end=4301; region_len=118; strand=-; call_start=4184; call_end=4301	ADS_4-7685	4184.0	4301.0	4184.0	4301.0	84.0	0.0	homozygous	no
ADS	cen|CASBKA010000008.1|495335	centromere	CASBKA010000008.1	495335	495456	122	0.8442622950819673	True	88.0		intact_called	target=ADS_4-7744; region_start=107242; region_end=107363; region_len=122; strand=+; call_start=107242; call_end=107363	ADS_4-7744	107242.0	107363.0	107242.0	107363.0	88.0	0.0	homozygous	no
ADS	cen|CASBKA010000009.1|94477	centromere	CASBKA010000009.1	94477	94595	119	0.865546218487395	True	85.0		intact_called	target=ADS_4-7785; region_start=63995; region_end=64113; region_len=119; strand=+; call_start=63995; call_end=64113	ADS_4-7785	63995.0	64113.0	63995.0	64113.0	85.0	0.0	homozygous	no
ADS	cen|CASBKA010000003.1|113844	centromere	CASBKA010000003.1	113844	113961	118	0.864406779661017	True	84.0		intact_called	target=ADS_4-7770; region_start=196026; region_end=196143; region_len=118; strand=+; call_start=196026; call_end=196143	ADS_4-7770	196026.0	196143.0	196026.0	196143.0	84.0	0.0	homozygous	no
ADS	cen|CASBKA010000002.1|219559	centromere	CASBKA010000002.1	219559	219676	118	0.8728813559322034	True	84.0		intact_called	target=ADS_4-7545; region_start=34317; region_end=34434; region_len=118; strand=+; call_start=34317; call_end=34434	ADS_4-7545	34317.0	34434.0	34317.0	34434.0	84.0	0.0	homozygous	no
ADS	cen|CASBKA010000006.1|151395	centromere	CASBKA010000006.1	151395	151513	119	0.8487394957983193	True	85.0		intact_called	target=ADS_4-7647; region_start=55227; region_end=55345; region_len=119; strand=-; call_start=55227; call_end=55345	ADS_4-7647	55227.0	55345.0	55227.0	55345.0	85.0	0.0	homozygous	no
ADS	cen|CASBKA010000007.1|119919	centromere	CASBKA010000007.1	119919	120033	115	0.8347826086956521	True	81.0		intact_called	target=ADS_4-7652; region_start=121613; region_end=121730; region_len=118; strand=-; call_start=121613; call_end=121730	ADS_4-7652	121613.0	121730.0	121613.0	121730.0	84.0	3.0	homozygous	no
ADS	cen|CASBKA010000015.1|311207	centromere	CASBKA010000015.1	311207	311326	120	0.85	True	86.0		intact_called	target=ADS_4-7798; region_start=166652; region_end=166771; region_len=120; strand=+; call_start=166652; call_end=166771	ADS_4-7798	166652.0	166771.0	166652.0	166771.0	86.0	0.0	homozygous	no
ADS	cen|CASBKA010000004.1|449191	centromere	CASBKA010000004.1	449191	449310	120	0.85	True	86.0		intact_called	target=ADS_4-7565; region_start=64738; region_end=64857; region_len=120; strand=+; call_start=64738; call_end=64857	ADS_4-7565	64738.0	64857.0	64738.0	64857.0	86.0	0.0	homozygous	no
ADS	cen|CASBKA010000001.1|135239	centromere	CASBKA010000001.1	135239	135357	119	0.8403361344537815	True	85.0		intact_called	target=ADS_4-7778; region_start=46915; region_end=47033; region_len=119; strand=-; call_start=46915; call_end=47033	ADS_4-7778	46915.0	47033.0	46915.0	47033.0	85.0	0.0	homozygous	no
ADS	cen|CASBKA010000013.1|256626	centromere	CASBKA010000013.1	256626	256743	118	0.8050847457627118	True	84.0		intact_called	target=ADS_4-7771; region_start=53057; region_end=53174; region_len=118; strand=-; call_start=53057; call_end=53174	ADS_4-7771	53057.0	53174.0	53057.0	53174.0	84.0	0.0	homozygous	no
AEG	cen|CASBKU010000010.1|435410	centromere	CASBKU010000010.1	435410	435527	118	0.864406779661017	True	84.0		intact_called	target=AEG_8-6691; region_start=17599; region_end=17716; region_len=118; strand=-; call_start=17599; call_end=17716	AEG_8-6691	17599.0	17716.0	17599.0	17716.0	84.0	0.0	homozygous	no
AEG	cen|CASBKU010000011.1|439944	centromere	CASBKU010000011.1	439944	440062	119	0.865546218487395	True	85.0		intact_called	target=AEG_8-6972; region_start=77448; region_end=77566; region_len=119; strand=-; call_start=77448; call_end=77566	AEG_8-6972	77448.0	77566.0	77448.0	77566.0	85.0	0.0	homozygous	no
AEG	cen|CASBKU010000012.1|144524	centromere	CASBKU010000012.1	144524	144644	121	0.8760330578512396	True	87.0		intact_called	target=AEG_8-6669; region_start=55446; region_end=55566; region_len=121; strand=+; call_start=55446; call_end=55566	AEG_8-6669	55446.0	55566.0	55446.0	55566.0	87.0	0.0	homozygous	no
AEG	cen|CASBKU010000008.1|494836	centromere	CASBKU010000008.1	494836	494957	122	0.8524590163934426	True	88.0		intact_called	target=AEG_8-6973; region_start=91979; region_end=92100; region_len=122; strand=+; call_start=91979; call_end=92100	AEG_8-6973	91979.0	92100.0	91979.0	92100.0	88.0	0.0	homozygous	no
AEG	cen|CASBKU010000014.1|617527	centromere	CASBKU010000014.1	617527	617645	119	0.8487394957983193	True	85.0		intact_called	target=AEG_8-6873; region_start=29001; region_end=29119; region_len=119; strand=+; call_start=29001; call_end=29119	AEG_8-6873	29001.0	29119.0	29001.0	29119.0	85.0	0.0	homozygous	no
AEG	cen|CASBKU010000005.1|366128	centromere	CASBKU010000005.1	366128	366245	118	0.8813559322033898	True	84.0		intact_called	target=AEG_8-6942; region_start=35125; region_end=35242; region_len=118; strand=-; call_start=35125; call_end=35242	AEG_8-6942	35125.0	35242.0	35125.0	35242.0	84.0	0.0	homozygous	no
AEG	cen|CASBKU010000016.1|550998	centromere	CASBKU010000016.1	550998	551115	118	0.8813559322033898	True	84.0		intact_called	target=AEG_8-6965; region_start=113328; region_end=113445; region_len=118; strand=+; call_start=113328; call_end=113445	AEG_8-6965	113328.0	113445.0	113328.0	113445.0	84.0	0.0	homozygous	no
AEG	cen|CASBKU010000003.1|107851	centromere	CASBKU010000003.1	107851	107968	118	0.8728813559322034	True	84.0		intact_called	target=AEG_8-6938; region_start=50567; region_end=50684; region_len=118; strand=+; call_start=50567; call_end=50684	AEG_8-6938	50567.0	50684.0	50567.0	50684.0	84.0	0.0	homozygous	no
AEG	cen|CASBKU010000007.1|129608	centromere	CASBKU010000007.1	129608	129726	119	0.8487394957983193	True	85.0		intact_called	target=AEG_8-6607; region_start=13559; region_end=13677; region_len=119; strand=-; call_start=13559; call_end=13677	AEG_8-6607	13559.0	13677.0	13559.0	13677.0	85.0	0.0	homozygous	no
AEG	cen|CASBKU010000006.1|168217	centromere	CASBKU010000006.1	168217	168335	119	0.8487394957983193	True	85.0		intact_called	target=AEG_8-6976; region_start=87671; region_end=87789; region_len=119; strand=+; call_start=87671; call_end=87789	AEG_8-6976	87671.0	87789.0	87671.0	87789.0	85.0	0.0	homozygous	no
AEG	cen|CASBKU010000002.1|254686	centromere	CASBKU010000002.1	254686	254803	118	0.864406779661017	True	84.0		intact_called	target=AEG_8-6983; region_start=56106; region_end=56223; region_len=118; strand=-; call_start=56106; call_end=56223	AEG_8-6983	56106.0	56223.0	56106.0	56223.0	84.0	0.0	homozygous	no
AEG	cen|CASBKU010000001.1|135261	centromere	CASBKU010000001.1	135261	135379	119	0.8487394957983193	True	85.0		intact_called	target=AEG_8-6982; region_start=9613; region_end=9731; region_len=119; strand=-; call_start=9613; call_end=9731	AEG_8-6982	9613.0	9731.0	9613.0	9731.0	85.0	0.0	homozygous	no
AEG	cen|CASBKU010000015.1|311409	centromere	CASBKU010000015.1	311409	311528	120	0.85	True	86.0		intact_called	target=AEG_8-6960; region_start=122085; region_end=122204; region_len=120; strand=-; call_start=122085; call_end=122204	AEG_8-6960	122085.0	122204.0	122085.0	122204.0	86.0	0.0	homozygous	no
AEG	cen|CASBKU010000004.1|460768	centromere	CASBKU010000004.1	460768	460887	120	0.85	True	86.0		intact_called	target=AEG_8-6961; region_start=23187; region_end=23306; region_len=120; strand=-; call_start=23187; call_end=23306	AEG_8-6961	23187.0	23306.0	23187.0	23306.0	86.0	0.0	homozygous	no
AEG	cen|CASBKU010000009.1|100098	centromere	CASBKU010000009.1	100098	100216	119	0.8319327731092437	True	85.0		intact_called	target=AEG_8-6990; region_start=40820; region_end=40938; region_len=119; strand=-; call_start=40820; call_end=40938	AEG_8-6990	40820.0	40938.0	40820.0	40938.0	85.0	0.0	homozygous	no
AEG	cen|CASBKU010000013.1|250853	centromere	CASBKU010000013.1	250853	250972	120	0.7833333333333333	True	86.0		intact_called	target=AEG_8-6962; region_start=223834; region_end=223953; region_len=120; strand=-; call_start=223834; call_end=223953	AEG_8-6962	223834.0	223953.0	223834.0	223953.0	86.0	0.0	homozygous	no
AEH	cen|CASBKS010000012.1|144397	centromere	CASBKS010000012.1	144397	144517	121	0.8842975206611571	True	87.0		intact_called	target=AEH_3-7753; region_start=55314; region_end=55434; region_len=121; strand=+; call_start=55314; call_end=55434	AEH_3-7753	55314.0	55434.0	55314.0	55434.0	87.0	0.0	homozygous	no
AEH	cen|CASBKS010000010.1|434861	centromere	CASBKS010000010.1	434861	434978	118	0.864406779661017	True	84.0		intact_called	target=AEH_3-7955; region_start=93304; region_end=93421; region_len=118; strand=-; call_start=93304; call_end=93421	AEH_3-7955	93304.0	93421.0	93304.0	93421.0	84.0	0.0	homozygous	no
AEH	cen|CASBKS010000011.1|463757	centromere	CASBKS010000011.1	463757	463875	119	0.865546218487395	True	85.0		intact_called	target=AEH_3-7931; region_start=115485; region_end=115603; region_len=119; strand=-; call_start=115485; call_end=115603	AEH_3-7931	115485.0	115603.0	115485.0	115603.0	85.0	0.0	homozygous	no
AEH	cen|CASBKS010000008.1|495798	centromere	CASBKS010000008.1	495798	495919	122	0.8524590163934426	True	88.0		intact_called	target=AEH_3-7936; region_start=129786; region_end=129907; region_len=122; strand=+; call_start=129786; call_end=129907	AEH_3-7936	129786.0	129907.0	129786.0	129907.0	88.0	0.0	homozygous	no
AEH	cen|CASBKS010000014.1|638409	centromere	CASBKS010000014.1	638409	638527	119	0.8487394957983193	True	85.0		intact_called	target=AEH_3-7827; region_start=30524; region_end=30642; region_len=119; strand=+; call_start=30524; call_end=30642	AEH_3-7827	30524.0	30642.0	30524.0	30642.0	85.0	0.0	homozygous	no
AEH	cen|CASBKS010000005.1|351404	centromere	CASBKS010000005.1	351404	351521	118	0.8813559322033898	True	84.0		intact_called	target=AEH_3-7970; region_start=30718; region_end=30835; region_len=118; strand=+; call_start=30718; call_end=30835	AEH_3-7970	30718.0	30835.0	30718.0	30835.0	84.0	0.0	homozygous	no
AEH	cen|CASBKS010000015.1|332738	centromere	CASBKS010000015.1	332738	332856	119	0.8571428571428571	True	85.0		intact_called	target=AEH_3-7953; region_start=26014; region_end=26132; region_len=119; strand=+; call_start=26014; call_end=26132	AEH_3-7953	26014.0	26132.0	26014.0	26132.0	85.0	0.0	homozygous	no
AEH	cen|CASBKS010000016.1|547318	centromere	CASBKS010000016.1	547318	547437	120	0.8666666666666667	True	86.0		intact_called	target=AEH_3-7883; region_start=4185; region_end=4304; region_len=120; strand=-; call_start=4185; call_end=4304	AEH_3-7883	4185.0	4304.0	4185.0	4304.0	86.0	0.0	homozygous	no
AEH	cen|CASBKS010000002.1|229792	centromere	CASBKS010000002.1	229792	229909	118	0.864406779661017	True	84.0		intact_called	target=AEH_3-7671; region_start=56981; region_end=57098; region_len=118; strand=-; call_start=56981; call_end=57098	AEH_3-7671	56981.0	57098.0	56981.0	57098.0	84.0	0.0	homozygous	no
AEH	cen|CASBKS010000007.1|181777	centromere	CASBKS010000007.1	181777	181895	119	0.8319327731092437	True	85.0		intact_called	target=AEH_3-7928; region_start=24204; region_end=24322; region_len=119; strand=+; call_start=24204; call_end=24322	AEH_3-7928	24204.0	24322.0	24204.0	24322.0	85.0	0.0	homozygous	no
AEH	cen|CASBKS010000006.1|146171	centromere	CASBKS010000006.1	146171	146289	119	0.8319327731092437	True	85.0		intact_called	target=AEH_3-7961; region_start=128861; region_end=128979; region_len=119; strand=+; call_start=128861; call_end=128979	AEH_3-7961	128861.0	128979.0	128861.0	128979.0	85.0	0.0	homozygous	no
AEH	cen|CASBKS010000003.1|114246	centromere	CASBKS010000003.1	114246	114363	118	0.847457627118644	True	84.0		intact_called	target=AEH_3-7935; region_start=23479; region_end=23596; region_len=118; strand=+; call_start=23479; call_end=23596	AEH_3-7935	23479.0	23596.0	23479.0	23596.0	84.0	0.0	homozygous	no
AEH	cen|CASBKS010000004.1|470198	centromere	CASBKS010000004.1	470198	470317	120	0.8416666666666667	True	86.0		intact_called	target=AEH_3-7738; region_start=13090; region_end=13209; region_len=120; strand=+; call_start=13090; call_end=13209	AEH_3-7738	13090.0	13209.0	13090.0	13209.0	86.0	0.0	homozygous	no
AEH	cen|CASBKS010000001.1|137824	centromere	CASBKS010000001.1	137824	137942	119	0.8403361344537815	True	85.0		intact_called	target=AEH_3-7933; region_start=11698; region_end=11816; region_len=119; strand=+; call_start=11698; call_end=11816	AEH_3-7933	11698.0	11816.0	11698.0	11816.0	85.0	0.0	homozygous	no
AEH	cen|CASBKS010000009.1|94892	centromere	CASBKS010000009.1	94892	95010	119	0.8319327731092437	True	85.0		intact_called	target=AEH_3-7946; region_start=27052; region_end=27170; region_len=119; strand=-; call_start=27052; call_end=27170	AEH_3-7946	27052.0	27170.0	27052.0	27170.0	85.0	0.0	homozygous	no
AEH	cen|CASBKS010000013.1|257245	centromere	CASBKS010000013.1	257245	257362	118	0.8135593220338984	True	84.0		intact_called	target=AEH_3-7954; region_start=72790; region_end=72907; region_len=118; strand=+; call_start=72790; call_end=72907	AEH_3-7954	72790.0	72907.0	72790.0	72907.0	84.0	0.0	homozygous	no
AEL	cen|CASBLE010000007.1|133077	centromere	CASBLE010000007.1	133077	133195	119	0.8739495798319328	True	85.0		absent	reason=neither flank placed								heterozygous	no
AEL	cen|CASBLE010000011.1|456462	centromere	CASBLE010000011.1	456462	456581	120	0.8666666666666667	True	86.0		intact_called	target=AEL_3-25529; region_start=17585; region_end=17703; region_len=119; strand=-; call_start=17585; call_end=17703	AEL_3-25529	17585.0	17703.0	17585.0	17703.0	85.0	-1.0	heterozygous	no
AEL	cen|CASBLE010000012.1|498983	centromere	CASBLE010000012.1	498983	499101	119	0.865546218487395	True	85.0		intact_called	target=AEL_3-25453; region_start=115259; region_end=115377; region_len=119; strand=-; call_start=115259; call_end=115377	AEL_3-25453	115259.0	115377.0	115259.0	115377.0	85.0	0.0	heterozygous	no
AEL	cen|CASBLE010000013.1|162523	centromere	CASBLE010000013.1	162523	162643	121	0.8760330578512396	True	87.0		intact_called	target=AEL_3-25490; region_start=125733; region_end=125853; region_len=121; strand=-; call_start=125733; call_end=125853	AEL_3-25490	125733.0	125853.0	125733.0	125853.0	87.0	0.0	heterozygous	no
AEL	cen|CASBLE010000015.1|628606	centromere	CASBLE010000015.1	628606	628723	118	0.847457627118644	True	84.0		intact_called	target=AEL_3-24920; region_start=26835; region_end=26952; region_len=118; strand=+; call_start=26835; call_end=26952	AEL_3-24920	26835.0	26952.0	26835.0	26952.0	84.0	0.0	heterozygous	no
AEL	cen|CASBLE010000005.1|354534	centromere	CASBLE010000005.1	354534	354651	118	0.8728813559322034	True	84.0		intact_called	target=AEL_3-25368; region_start=16824; region_end=16941; region_len=118; strand=+; call_start=16824; call_end=16941	AEL_3-25368	16824.0	16941.0	16824.0	16941.0	84.0	0.0	heterozygous	no
AEL	cen|CASBLE010000006.1|157693	centromere	CASBLE010000006.1	157693	157811	119	0.8487394957983193	True	85.0		intact_called	target=AEL_3-25499; region_start=33441; region_end=33559; region_len=119; strand=+; call_start=33441; call_end=33559	AEL_3-25499	33441.0	33559.0	33441.0	33559.0	85.0	0.0	heterozygous	no
AEL	cen|CASBLE010000003.1|101905	centromere	CASBLE010000003.1	101905	102022	118	0.864406779661017	True	84.0		intact_called	target=AEL_3-25523; region_start=23506; region_end=23654; region_len=149; strand=+; call_start=23537; call_end=23654	AEL_3-25523	23506.0	23654.0	23537.0	23654.0	84.0	0.0	heterozygous	no
AEL	cen|CASBLE010000008.1|519625	centromere	CASBLE010000008.1	519625	519746	122	0.8278688524590164	True	88.0		absent	reason=neither flank placed								heterozygous	chromosome not identified
AEL	cen|CASBLE010000017.1|546660	centromere	CASBLE010000017.1	546660	546779	120	0.8666666666666667	True	86.0		intact_called	target=AEL_3-25412; region_start=29104; region_end=29222; region_len=119; strand=+; call_start=29104; call_end=29222	AEL_3-25412	29104.0	29222.0	29104.0	29222.0	85.0	-1.0	heterozygous	no
AEL	cen|CASBLE010000016.1|317810	centromere	CASBLE010000016.1	317810	317931	122	0.8524590163934426	True	88.0		split	reason=one flank placed; placed_on=AEL_3-25516								heterozygous	chromosome not identified
AEL	cen|CASBLE010000002.1|231616	centromere	CASBLE010000002.1	231616	231733	118	0.8559322033898306	True	84.0		intact_called	target=AEL_3-25473; region_start=56960; region_end=57077; region_len=118; strand=-; call_start=56960; call_end=57077	AEL_3-25473	56960.0	57077.0	56960.0	57077.0	84.0	0.0	heterozygous	no
AEL	cen|CASBLE010000004.1|454885	centromere	CASBLE010000004.1	454885	455004	120	0.8416666666666667	True	86.0		intact_called	target=AEL_3-25389; region_start=11800; region_end=11946; region_len=147; strand=+; call_start=11800; call_end=11919	AEL_3-25389	11800.0	11946.0	11800.0	11919.0	86.0	0.0	heterozygous	no
AEL	cen|CASBLE010000010.1|104009	centromere	CASBLE010000010.1	104009	104127	119	0.8403361344537815	True	85.0		intact_called	target=AEL_3-25394; region_start=5831; region_end=5949; region_len=119; strand=-; call_start=5831; call_end=5949	AEL_3-25394	5831.0	5949.0	5831.0	5949.0	85.0	0.0	heterozygous	no
AEL	cen|CASBLE010000001.1|144414	centromere	CASBLE010000001.1	144414	144532	119	0.8403361344537815	True	85.0		intact_called	target=AEL_3-24799; region_start=11016; region_end=11134; region_len=119; strand=+; call_start=11016; call_end=11134	AEL_3-24799	11016.0	11134.0	11016.0	11134.0	85.0	0.0	heterozygous	no
AEL	cen|CASBLE010000014.1|256957	centromere	CASBLE010000014.1	256957	257076	120	0.8	True	86.0		intact_called	target=AEL_3-25431; region_start=66369; region_end=66544; region_len=176; strand=+; call_start=66425; call_end=66541	AEL_3-25431	66369.0	66544.0	66425.0	66541.0	83.0	-3.0	heterozygous	no
AFH	cen|CASBKR010000007.1|114938	centromere	CASBKR010000007.1	114938	115056	119	0.865546218487395	True	85.0		intact_called	target=AFH_4-11052; region_start=9945; region_end=10063; region_len=119; strand=-; call_start=9945; call_end=10063	AFH_4-11052	9945.0	10063.0	9945.0	10063.0	85.0	0.0	homozygous	no
AFH	cen|CASBKR010000010.1|444076	centromere	CASBKR010000010.1	444076	444195	120	0.8666666666666667	True	86.0		intact_called	target=AFH_4-11378; region_start=76614; region_end=76733; region_len=120; strand=-; call_start=76614; call_end=76733	AFH_4-11378	76614.0	76733.0	76614.0	76733.0	86.0	0.0	homozygous	no
AFH	cen|CASBKR010000011.1|451457	centromere	CASBKR010000011.1	451457	451575	119	0.865546218487395	True	85.0		intact_called	target=AFH_4-11293; region_start=18019; region_end=18137; region_len=119; strand=-; call_start=18019; call_end=18137	AFH_4-11293	18019.0	18137.0	18019.0	18137.0	85.0	0.0	homozygous	no
AFH	cen|CASBKR010000012.1|140368	centromere	CASBKR010000012.1	140368	140488	121	0.8760330578512396	True	87.0		intact_called	target=AFH_4-11312; region_start=209365; region_end=209485; region_len=121; strand=-; call_start=209365; call_end=209485	AFH_4-11312	209365.0	209485.0	209365.0	209485.0	87.0	0.0	homozygous	no
AFH	cen|CASBKR010000005.1|362927	centromere	CASBKR010000005.1	362927	363044	118	0.8813559322033898	True	84.0		intact_called	target=AFH_4-11379; region_start=30860; region_end=30977; region_len=118; strand=+; call_start=30860; call_end=30977	AFH_4-11379	30860.0	30977.0	30860.0	30977.0	84.0	0.0	homozygous	no
AFH	cen|CASBKR010000002.1|267028	centromere	CASBKR010000002.1	267028	267145	118	0.8813559322033898	True	84.0		intact_called	target=AFH_4-11368; region_start=34070; region_end=34187; region_len=118; strand=+; call_start=34070; call_end=34187	AFH_4-11368	34070.0	34187.0	34070.0	34187.0	84.0	0.0	homozygous	no
AFH	cen|CASBKR010000006.1|158271	centromere	CASBKR010000006.1	158271	158389	119	0.8571428571428571	True	85.0		intact_called	target=AFH_4-11342; region_start=13500; region_end=13618; region_len=119; strand=+; call_start=13500; call_end=13618	AFH_4-11342	13500.0	13618.0	13500.0	13618.0	85.0	0.0	homozygous	no
AFH	cen|CASBKR010000009.1|521254	centromere	CASBKR010000009.1	521254	521374	121	0.8429752066115702	True	87.0		intact_called	target=AFH_4-11372; region_start=58463; region_end=58583; region_len=121; strand=-; call_start=58463; call_end=58583	AFH_4-11372	58463.0	58583.0	58463.0	58583.0	87.0	0.0	homozygous	no
AFH	cen|CASBKR010000014.1|621924	centromere	CASBKR010000014.1	621924	622042	119	0.8403361344537815	True	85.0		intact_called	target=AFH_4-11217; region_start=30590; region_end=30708; region_len=119; strand=+; call_start=30590; call_end=30708	AFH_4-11217	30590.0	30708.0	30590.0	30708.0	85.0	0.0	homozygous	no
AFH	cen|CASBKR010000001.1|147245	centromere	CASBKR010000001.1	147245	147363	119	0.8571428571428571	True	85.0		intact_called	target=AFH_4-11360; region_start=11483; region_end=11601; region_len=119; strand=+; call_start=11483; call_end=11601	AFH_4-11360	11483.0	11601.0	11483.0	11601.0	85.0	0.0	homozygous	no
AFH	cen|CASBKR010000016.1|548916	centromere	CASBKR010000016.1	548916	549035	120	0.8666666666666667	True	86.0		intact_called	target=AFH_4-11374; region_start=172437; region_end=172556; region_len=120; strand=+; call_start=172437; call_end=172556	AFH_4-11374	172437.0	172556.0	172437.0	172556.0	86.0	0.0	homozygous	no
AFH	cen|CASBKR010000015.1|315563	centromere	CASBKR010000015.1	315563	315682	120	0.85	True	86.0		intact_called	target=AFH_4-11385; region_start=99451; region_end=99570; region_len=120; strand=+; call_start=99451; call_end=99570	AFH_4-11385	99451.0	99570.0	99451.0	99570.0	86.0	0.0	homozygous	no
AFH	cen|CASBKR010000003.1|108541	centromere	CASBKR010000003.1	108541	108658	118	0.847457627118644	True	84.0		intact_called	target=AFH_4-11365; region_start=95685; region_end=95802; region_len=118; strand=+; call_start=95685; call_end=95802	AFH_4-11365	95685.0	95802.0	95685.0	95802.0	84.0	0.0	homozygous	no
AFH	cen|CASBKR010000008.1|95742	centromere	CASBKR010000008.1	95742	95860	119	0.8403361344537815	True	85.0		intact_called	target=AFH_4-11324; region_start=13891; region_end=14009; region_len=119; strand=+; call_start=13891; call_end=14009	AFH_4-11324	13891.0	14009.0	13891.0	14009.0	85.0	0.0	homozygous	no
AFH	cen|CASBKR010000004.1|461129	centromere	CASBKR010000004.1	461129	461248	120	0.825	True	86.0		intact_called	target=AFH_4-11111; region_start=12159; region_end=12278; region_len=120; strand=+; call_start=12159; call_end=12278	AFH_4-11111	12159.0	12278.0	12159.0	12278.0	86.0	0.0	homozygous	no
AFH	cen|CASBKR010000013.1|256872	centromere	CASBKR010000013.1	256872	256991	120	0.7916666666666666	True	86.0		intact_called	target=AFH_4-11281; region_start=72250; region_end=72369; region_len=120; strand=+; call_start=72250; call_end=72369	AFH_4-11281	72250.0	72369.0	72250.0	72369.0	86.0	0.0	homozygous	no
AFI	cen|CASBKT010000010.1|442566	centromere	CASBKT010000010.1	442566	442682	117	0.8632478632478633	True	83.0		intact_called	target=AFI_5-7009; region_start=11430; region_end=11546; region_len=117; strand=+; call_start=11430; call_end=11546	AFI_5-7009	11430.0	11546.0	11430.0	11546.0	83.0	0.0	homozygous	no
AFI	cen|CASBKT010000008.1|495019	centromere	CASBKT010000008.1	495019	495140	122	0.860655737704918	True	88.0		intact_called	target=AFI_5-7032; region_start=262216; region_end=262337; region_len=122; strand=-; call_start=262216; call_end=262337	AFI_5-7032	262216.0	262337.0	262216.0	262337.0	88.0	0.0	homozygous	no
AFI	cen|CASBKT010000011.1|444434	centromere	CASBKT010000011.1	444434	444552	119	0.865546218487395	True	85.0		intact_called	target=AFI_5-6976; region_start=60574; region_end=60692; region_len=119; strand=+; call_start=60574; call_end=60692	AFI_5-6976	60574.0	60692.0	60574.0	60692.0	85.0	0.0	homozygous	no
AFI	cen|CASBKT010000014.1|606494	centromere	CASBKT010000014.1	606494	606612	119	0.8487394957983193	True	85.0		intact_called	target=AFI_5-6861; region_start=97256; region_end=97374; region_len=119; strand=-; call_start=97256; call_end=97374	AFI_5-6861	97256.0	97374.0	97256.0	97374.0	85.0	0.0	homozygous	no
AFI	cen|CASBKT010000016.1|191591	centromere	CASBKT010000016.1	191591	191708	118	0.8813559322033898	True	84.0		intact_called	target=AFI_5-7006; region_start=172026; region_end=172143; region_len=118; strand=+; call_start=172026; call_end=172143	AFI_5-7006	172026.0	172143.0	172026.0	172143.0	84.0	0.0	homozygous	no
AFI	cen|CASBKT010000006.1|142700	centromere	CASBKT010000006.1	142700	142818	119	0.8571428571428571	True	85.0		intact_called	target=AFI_5-7010; region_start=65018; region_end=65136; region_len=119; strand=+; call_start=65018; call_end=65136	AFI_5-7010	65018.0	65136.0	65018.0	65136.0	85.0	0.0	homozygous	no
AFI	cen|CASBKT010000012.1|146749	centromere	CASBKT010000012.1	146749	146869	121	0.8677685950413223	True	87.0		intact_called	target=AFI_5-7001; region_start=55430; region_end=55550; region_len=121; strand=+; call_start=55430; call_end=55550	AFI_5-7001	55430.0	55550.0	55430.0	55550.0	87.0	0.0	homozygous	no
AFI	cen|CASBKT010000009.1|510608	centromere	CASBKT010000009.1	510608	510726	119	0.865546218487395	True	85.0		intact_called	target=AFI_5-7011; region_start=10776; region_end=10894; region_len=119; strand=-; call_start=10776; call_end=10894	AFI_5-7011	10776.0	10894.0	10776.0	10894.0	85.0	0.0	homozygous	no
AFI	cen|CASBKT010000003.1|112604	centromere	CASBKT010000003.1	112604	112721	118	0.864406779661017	True	84.0		intact_called	target=AFI_5-6835; region_start=9695; region_end=9812; region_len=118; strand=-; call_start=9695; call_end=9812	AFI_5-6835	9695.0	9812.0	9695.0	9812.0	84.0	0.0	homozygous	no
AFI	cen|CASBKT010000002.1|220205	centromere	CASBKT010000002.1	220205	220322	118	0.8728813559322034	True	84.0		intact_called	target=AFI_5-6964; region_start=34605; region_end=34722; region_len=118; strand=+; call_start=34605; call_end=34722	AFI_5-6964	34605.0	34722.0	34605.0	34722.0	84.0	0.0	homozygous	no
AFI	cen|CASBKT010000005.1|349361	centromere	CASBKT010000005.1	349361	349478	118	0.8728813559322034	True	84.0		intact_called	target=AFI_5-6761; region_start=35146; region_end=35263; region_len=118; strand=-; call_start=35146; call_end=35263	AFI_5-6761	35146.0	35263.0	35146.0	35263.0	84.0	0.0	homozygous	no
AFI	cen|CASBKT010000007.1|130866	centromere	CASBKT010000007.1	130866	130983	118	0.8389830508474576	True	84.0		intact_called	target=AFI_5-7008; region_start=24154; region_end=24271; region_len=118; strand=+; call_start=24154; call_end=24271	AFI_5-7008	24154.0	24271.0	24154.0	24271.0	84.0	0.0	homozygous	no
AFI	cen|CASBKT010000015.1|300170	centromere	CASBKT010000015.1	300170	300289	120	0.85	True	86.0		intact_called	target=AFI_5-6769; region_start=98670; region_end=98789; region_len=120; strand=+; call_start=98670; call_end=98789	AFI_5-6769	98670.0	98789.0	98670.0	98789.0	86.0	0.0	homozygous	no
AFI	cen|CASBKT010000004.1|450602	centromere	CASBKT010000004.1	450602	450721	120	0.85	True	86.0		intact_called	target=AFI_5-6747; region_start=64323; region_end=64442; region_len=120; strand=+; call_start=64323; call_end=64442	AFI_5-6747	64323.0	64442.0	64323.0	64442.0	86.0	0.0	homozygous	no
AFI	cen|CASBKT010000001.1|137927	centromere	CASBKT010000001.1	137927	138045	119	0.8403361344537815	True	85.0		intact_called	target=AFI_5-7029; region_start=11700; region_end=11818; region_len=119; strand=+; call_start=11700; call_end=11818	AFI_5-7029	11700.0	11818.0	11700.0	11818.0	85.0	0.0	homozygous	no
AFI	cen|CASBKT010000013.1|250881	centromere	CASBKT010000013.1	250881	250998	118	0.8050847457627118	True	84.0		intact_called	target=AFI_5-7030; region_start=321122; region_end=321239; region_len=118; strand=-; call_start=321122; call_end=321239	AFI_5-7030	321122.0	321239.0	321122.0	321239.0	84.0	0.0	homozygous	no
AGK	cen|CASBLA010000005.1|343192	centromere	CASBLA010000005.1	343192	343309	118	0.8898305084745762	True	84.0		intact_called	target=AGK_1-15970; region_start=31041; region_end=31158; region_len=118; strand=+; call_start=31041; call_end=31158	AGK_1-15970	31041.0	31158.0	31041.0	31158.0	84.0	0.0	homozygous	no
AGK	cen|CASBLA010000014.1|606365	centromere	CASBLA010000014.1	606365	606483	119	0.8571428571428571	True	85.0		intact_called	target=AGK_1-15711; region_start=30565; region_end=30683; region_len=119; strand=+; call_start=30565; call_end=30683	AGK_1-15711	30565.0	30683.0	30565.0	30683.0	85.0	0.0	homozygous	no
AGK	cen|CASBLA010000010.1|431561	centromere	CASBLA010000010.1	431561	431680	120	0.8666666666666667	True	86.0		intact_called	target=AGK_1-15971; region_start=93358; region_end=93477; region_len=120; strand=-; call_start=93358; call_end=93477	AGK_1-15971	93358.0	93477.0	93358.0	93477.0	86.0	0.0	homozygous	no
AGK	cen|CASBLA010000011.1|446854	centromere	CASBLA010000011.1	446854	446972	119	0.865546218487395	True	85.0		intact_called	target=AGK_1-15934; region_start=437425; region_end=437543; region_len=119; strand=+; call_start=437425; call_end=437543	AGK_1-15934	437425.0	437543.0	437425.0	437543.0	85.0	0.0	homozygous	no
AGK	cen|CASBLA010000012.1|152142	centromere	CASBLA010000012.1	152142	152262	121	0.8760330578512396	True	87.0		intact_called	target=AGK_1-15882; region_start=55379; region_end=55499; region_len=121; strand=+; call_start=55379; call_end=55499	AGK_1-15882	55379.0	55499.0	55379.0	55499.0	87.0	0.0	homozygous	no
AGK	cen|CASBLA010000008.1|500113	centromere	CASBLA010000008.1	500113	500234	122	0.8524590163934426	True	88.0		intact_called	target=AGK_1-15811; region_start=92189; region_end=92310; region_len=122; strand=+; call_start=92189; call_end=92310	AGK_1-15811	92189.0	92310.0	92189.0	92310.0	88.0	0.0	homozygous	no
AGK	cen|CASBLA010000016.1|557766	centromere	CASBLA010000016.1	557766	557883	118	0.8813559322033898	True	84.0		intact_called	target=AGK_1-15856; region_start=30670; region_end=30787; region_len=118; strand=+; call_start=30670; call_end=30787	AGK_1-15856	30670.0	30787.0	30670.0	30787.0	84.0	0.0	homozygous	no
AGK	cen|CASBLA010000009.1|101867	centromere	CASBLA010000009.1	101867	101985	119	0.865546218487395	True	85.0		intact_called	target=AGK_1-15963; region_start=10774; region_end=10892; region_len=119; strand=-; call_start=10774; call_end=10892	AGK_1-15963	10774.0	10892.0	10774.0	10892.0	85.0	0.0	homozygous	no
AGK	cen|CASBLA010000002.1|232062	centromere	CASBLA010000002.1	232062	232179	118	0.8728813559322034	True	84.0		intact_called	target=AGK_1-15942; region_start=35507; region_end=35624; region_len=118; strand=+; call_start=35507; call_end=35624	AGK_1-15942	35507.0	35624.0	35507.0	35624.0	84.0	0.0	homozygous	no
AGK	cen|CASBLA010000006.1|151406	centromere	CASBLA010000006.1	151406	151524	119	0.8487394957983193	True	85.0		intact_called	target=AGK_1-15973; region_start=138259; region_end=138377; region_len=119; strand=-; call_start=138259; call_end=138377	AGK_1-15973	138259.0	138377.0	138259.0	138377.0	85.0	0.0	homozygous	no
AGK	cen|CASBLA010000007.1|131058	centromere	CASBLA010000007.1	131058	131176	119	0.8403361344537815	True	85.0		intact_called	target=AGK_1-15904; region_start=72240; region_end=72358; region_len=119; strand=-; call_start=72240; call_end=72358	AGK_1-15904	72240.0	72358.0	72240.0	72358.0	85.0	0.0	homozygous	no
AGK	cen|CASBLA010000001.1|144397	centromere	CASBLA010000001.1	144397	144515	119	0.8487394957983193	True	85.0		intact_called	target=AGK_1-15881; region_start=11690; region_end=11808; region_len=119; strand=+; call_start=11690; call_end=11808	AGK_1-15881	11690.0	11808.0	11690.0	11808.0	85.0	0.0	homozygous	no
AGK	cen|CASBLA010000003.1|119760	centromere	CASBLA010000003.1	119760	119877	118	0.8559322033898306	True	84.0		intact_called	target=AGK_1-15944; region_start=23475; region_end=23592; region_len=118; strand=+; call_start=23475; call_end=23592	AGK_1-15944	23475.0	23592.0	23475.0	23592.0	84.0	0.0	homozygous	no
AGK	cen|CASBLA010000004.1|454153	centromere	CASBLA010000004.1	454153	454272	120	0.85	True	86.0		intact_called	target=AGK_1-15938; region_start=23125; region_end=23244; region_len=120; strand=-; call_start=23125; call_end=23244	AGK_1-15938	23125.0	23244.0	23125.0	23244.0	86.0	0.0	homozygous	no
AGK	cen|CASBLA010000015.1|323978	centromere	CASBLA010000015.1	323978	324097	120	0.8416666666666667	True	86.0		intact_called	target=AGK_1-15932; region_start=291069; region_end=291188; region_len=120; strand=+; call_start=291069; call_end=291188	AGK_1-15932	291069.0	291188.0	291069.0	291188.0	86.0	0.0	homozygous	no
AGK	cen|CASBLA010000013.1|270115	centromere	CASBLA010000013.1	270115	270232	118	0.8050847457627118	True	84.0		intact_called	target=AGK_1-15955; region_start=252389; region_end=252506; region_len=118; strand=+; call_start=252389; call_end=252506	AGK_1-15955	252389.0	252506.0	252389.0	252506.0	84.0	0.0	homozygous	no
AHG	cen|CASBKF010000005.1|354683	centromere	CASBKF010000005.1	354683	354800	118	0.8898305084745762	True	84.0		intact_called	target=AHG_3-5040; region_start=76641; region_end=76758; region_len=118; strand=-; call_start=76641; call_end=76758	AHG_3-5040	76641.0	76758.0	76641.0	76758.0	84.0	0.0	homozygous	no
AHG	cen|CASBKF010000010.1|446824	centromere	CASBKF010000010.1	446824	446941	118	0.864406779661017	True	84.0		intact_called	target=AHG_3-5041; region_start=17670; region_end=17787; region_len=118; strand=-; call_start=17670; call_end=17787	AHG_3-5041	17670.0	17787.0	17670.0	17787.0	84.0	0.0	homozygous	no
AHG	cen|CASBKF010000011.1|460904	centromere	CASBKF010000011.1	460904	461022	119	0.865546218487395	True	85.0		intact_called	target=AHG_3-5011; region_start=115243; region_end=115361; region_len=119; strand=-; call_start=115243; call_end=115361	AHG_3-5011	115243.0	115361.0	115243.0	115361.0	85.0	0.0	homozygous	no
AHG	cen|CASBKF010000012.1|142137	centromere	CASBKF010000012.1	142137	142257	121	0.8760330578512396	True	87.0		intact_called	target=AHG_3-4930; region_start=54977; region_end=55097; region_len=121; strand=+; call_start=54977; call_end=55097	AHG_3-4930	54977.0	55097.0	54977.0	55097.0	87.0	0.0	homozygous	no
AHG	cen|CASBKF010000008.1|494360	centromere	CASBKF010000008.1	494360	494481	122	0.8524590163934426	True	88.0		intact_called	target=AHG_3-4902; region_start=58465; region_end=58586; region_len=122; strand=-; call_start=58465; call_end=58586	AHG_3-4902	58465.0	58586.0	58465.0	58586.0	88.0	0.0	homozygous	no
AHG	cen|CASBKF010000014.1|610988	centromere	CASBKF010000014.1	610988	611105	118	0.847457627118644	True	84.0		intact_called	target=AHG_3-4900; region_start=3450; region_end=3567; region_len=118; strand=-; call_start=3450; call_end=3567	AHG_3-4900	3450.0	3567.0	3450.0	3567.0	84.0	0.0	homozygous	no
AHG	cen|CASBKF010000009.1|100771	centromere	CASBKF010000009.1	100771	100889	119	0.8739495798319328	True	85.0		intact_called	target=AHG_3-5016; region_start=27280; region_end=27398; region_len=119; strand=-; call_start=27280; call_end=27398	AHG_3-5016	27280.0	27398.0	27280.0	27398.0	85.0	0.0	homozygous	no
AHG	cen|CASBKF010000003.1|108461	centromere	CASBKF010000003.1	108461	108578	118	0.864406779661017	True	84.0		intact_called	target=AHG_3-5047; region_start=53938; region_end=54055; region_len=118; strand=-; call_start=53938; call_end=54055	AHG_3-5047	53938.0	54055.0	53938.0	54055.0	84.0	0.0	homozygous	no
AHG	cen|CASBKF010000016.1|541979	centromere	CASBKF010000016.1	541979	542096	118	0.8728813559322034	True	84.0		intact_called	target=AHG_3-4997; region_start=4748; region_end=4865; region_len=118; strand=-; call_start=4748; call_end=4865	AHG_3-4997	4748.0	4865.0	4748.0	4865.0	84.0	0.0	homozygous	no
AHG	cen|CASBKF010000002.1|220230	centromere	CASBKF010000002.1	220230	220347	118	0.8728813559322034	True	84.0		intact_called	target=AHG_3-5012; region_start=56949; region_end=57066; region_len=118; strand=-; call_start=56949; call_end=57066	AHG_3-5012	56949.0	57066.0	56949.0	57066.0	84.0	0.0	homozygous	no
AHG	cen|CASBKF010000006.1|151862	centromere	CASBKF010000006.1	151862	151980	119	0.8487394957983193	True	85.0		intact_called	target=AHG_3-5014; region_start=138373; region_end=138491; region_len=119; strand=-; call_start=138373; call_end=138491	AHG_3-5014	138373.0	138491.0	138373.0	138491.0	85.0	0.0	homozygous	no
AHG	cen|CASBKF010000015.1|317548	centromere	CASBKF010000015.1	317548	317667	120	0.8583333333333333	True	86.0		intact_called	target=AHG_3-5042; region_start=251702; region_end=251821; region_len=120; strand=-; call_start=251702; call_end=251821	AHG_3-5042	251702.0	251821.0	251702.0	251821.0	86.0	0.0	homozygous	no
AHG	cen|CASBKF010000007.1|124500	centromere	CASBKF010000007.1	124500	124617	118	0.8389830508474576	True	84.0		intact_called	target=AHG_3-5029; region_start=56372; region_end=56489; region_len=118; strand=-; call_start=56372; call_end=56489	AHG_3-5029	56372.0	56489.0	56372.0	56489.0	84.0	0.0	homozygous	no
AHG	cen|CASBKF010000004.1|449849	centromere	CASBKF010000004.1	449849	449968	120	0.85	True	86.0		intact_called	target=AHG_3-4933; region_start=221309; region_end=221428; region_len=120; strand=+; call_start=221309; call_end=221428	AHG_3-4933	221309.0	221428.0	221309.0	221428.0	86.0	0.0	homozygous	no
AHG	cen|CASBKF010000001.1|155686	centromere	CASBKF010000001.1	155686	155804	119	0.8403361344537815	True	85.0		intact_called	target=AHG_3-4929; region_start=11701; region_end=11819; region_len=119; strand=+; call_start=11701; call_end=11819	AHG_3-4929	11701.0	11819.0	11701.0	11819.0	85.0	0.0	homozygous	no
AHG	cen|CASBKF010000013.1|257193	centromere	CASBKF010000013.1	257193	257310	118	0.8050847457627118	True	84.0		intact_called	target=AHG_3-4960; region_start=320418; region_end=320535; region_len=118; strand=-; call_start=320418; call_end=320535	AHG_3-4960	320418.0	320535.0	320418.0	320535.0	84.0	0.0	homozygous	no
AHL	cen|CASBKQ010000010.1|458774	centromere	CASBKQ010000010.1	458774	458892	119	0.865546218487395	True	85.0		intact_called	target=AHL_3-7800; region_start=20193; region_end=20311; region_len=119; strand=+; call_start=20193; call_end=20311	AHL_3-7800	20193.0	20311.0	20193.0	20311.0	85.0	0.0	homozygous	no
AHL	cen|CASBKQ010000011.1|486415	centromere	CASBKQ010000011.1	486415	486533	119	0.865546218487395	True	85.0		intact_called	target=AHL_3-7780; region_start=60594; region_end=60712; region_len=119; strand=+; call_start=60594; call_end=60712	AHL_3-7780	60594.0	60712.0	60594.0	60712.0	85.0	0.0	homozygous	no
AHL	cen|CASBKQ010000008.1|492499	centromere	CASBKQ010000008.1	492499	492620	122	0.8524590163934426	True	88.0		intact_called	target=AHL_3-7823; region_start=58589; region_end=58710; region_len=122; strand=-; call_start=58589; call_end=58710	AHL_3-7823	58589.0	58710.0	58589.0	58710.0	88.0	0.0	homozygous	no
AHL	cen|CASBKQ010000014.1|610989	centromere	CASBKQ010000014.1	610989	611107	119	0.8487394957983193	True	85.0		intact_called	target=AHL_3-7841; region_start=30623; region_end=30741; region_len=119; strand=+; call_start=30623; call_end=30741	AHL_3-7841	30623.0	30741.0	30623.0	30741.0	85.0	0.0	homozygous	no
AHL	cen|CASBKQ010000005.1|368326	centromere	CASBKQ010000005.1	368326	368443	118	0.8813559322033898	True	84.0		intact_called	target=AHL_3-7762; region_start=35419; region_end=35536; region_len=118; strand=-; call_start=35419; call_end=35536	AHL_3-7762	35419.0	35536.0	35419.0	35536.0	84.0	0.0	homozygous	no
AHL	cen|CASBKQ010000016.1|581984	centromere	CASBKQ010000016.1	581984	582101	118	0.8813559322033898	True	84.0		intact_called	target=AHL_3-7774; region_start=4184; region_end=4301; region_len=118; strand=-; call_start=4184; call_end=4301	AHL_3-7774	4184.0	4301.0	4184.0	4301.0	84.0	0.0	homozygous	no
AHL	cen|CASBKQ010000012.1|140591	centromere	CASBKQ010000012.1	140591	140711	121	0.8677685950413223	True	87.0		intact_called	target=AHL_3-7845; region_start=51572; region_end=51692; region_len=121; strand=-; call_start=51572; call_end=51692	AHL_3-7845	51572.0	51692.0	51572.0	51692.0	87.0	0.0	homozygous	no
AHL	cen|CASBKQ010000007.1|123910	centromere	CASBKQ010000007.1	123910	124028	119	0.8487394957983193	True	85.0		intact_called	target=AHL_3-8006; region_start=24361; region_end=24479; region_len=119; strand=+; call_start=24361; call_end=24479	AHL_3-8006	24361.0	24479.0	24361.0	24479.0	85.0	0.0	homozygous	no
AHL	cen|CASBKQ010000003.1|114518	centromere	CASBKQ010000003.1	114518	114635	118	0.864406779661017	True	84.0		intact_called	target=AHL_3-8010; region_start=9695; region_end=9812; region_len=118; strand=-; call_start=9695; call_end=9812	AHL_3-8010	9695.0	9812.0	9695.0	9812.0	84.0	0.0	homozygous	no
AHL	cen|CASBKQ010000002.1|220390	centromere	CASBKQ010000002.1	220390	220507	118	0.8728813559322034	True	84.0		intact_called	target=AHL_3-7962; region_start=57041; region_end=57158; region_len=118; strand=-; call_start=57041; call_end=57158	AHL_3-7962	57041.0	57158.0	57041.0	57158.0	84.0	0.0	homozygous	no
AHL	cen|CASBKQ010000006.1|155349	centromere	CASBKQ010000006.1	155349	155467	119	0.8487394957983193	True	85.0		intact_called	target=AHL_3-8002; region_start=137698; region_end=137816; region_len=119; strand=-; call_start=137698; call_end=137816	AHL_3-8002	137698.0	137816.0	137698.0	137816.0	85.0	0.0	homozygous	no
AHL	cen|CASBKQ010000015.1|322869	centromere	CASBKQ010000015.1	322869	322987	119	0.8487394957983193	True	85.0		intact_called	target=AHL_3-7778; region_start=18154; region_end=18272; region_len=119; strand=-; call_start=18154; call_end=18272	AHL_3-7778	18154.0	18272.0	18154.0	18272.0	85.0	0.0	homozygous	no
AHL	cen|CASBKQ010000004.1|463186	centromere	CASBKQ010000004.1	463186	463305	120	0.85	True	86.0		intact_called	target=AHL_3-7786; region_start=23127; region_end=23246; region_len=120; strand=-; call_start=23127; call_end=23246	AHL_3-7786	23127.0	23246.0	23127.0	23246.0	86.0	0.0	homozygous	no
AHL	cen|CASBKQ010000001.1|161089	centromere	CASBKQ010000001.1	161089	161207	119	0.8403361344537815	True	85.0		intact_called	target=AHL_3-7797; region_start=23686; region_end=23804; region_len=119; strand=-; call_start=23686; call_end=23804	AHL_3-7797	23686.0	23804.0	23686.0	23804.0	85.0	0.0	homozygous	no
AHL	cen|CASBKQ010000013.1|250994	centromere	CASBKQ010000013.1	250994	251110	117	0.811965811965812	True	83.0		intact_called	target=AHL_3-8022; region_start=93564; region_end=93680; region_len=117; strand=+; call_start=93564; call_end=93680	AHL_3-8022	93564.0	93680.0	93564.0	93680.0	83.0	0.0	homozygous	no
AHL	cen|CASBKQ010000009.1|95545	centromere	CASBKQ010000009.1	95545	95663	119	0.8319327731092437	True	85.0		intact_called	target=AHL_3-7849; region_start=11891; region_end=12009; region_len=119; strand=-; call_start=11891; call_end=12009	AHL_3-7849	11891.0	12009.0	11891.0	12009.0	85.0	0.0	homozygous	no
AIC	cen|CASBKG010000010.1|443900	centromere	CASBKG010000010.1	443900	444016	117	0.8632478632478633	True	83.0		intact_called	target=AIC_1-6169; region_start=17940; region_end=18056; region_len=117; strand=-; call_start=17940; call_end=18056	AIC_1-6169	17940.0	18056.0	17940.0	18056.0	83.0	0.0	homozygous	no
AIC	cen|CASBKG010000008.1|501845	centromere	CASBKG010000008.1	501845	501966	122	0.860655737704918	True	88.0		intact_called	target=AIC_1-6323; region_start=92565; region_end=92686; region_len=122; strand=+; call_start=92565; call_end=92686	AIC_1-6323	92565.0	92686.0	92565.0	92686.0	88.0	0.0	homozygous	no
AIC	cen|CASBKG010000011.1|439968	centromere	CASBKG010000011.1	439968	440086	119	0.865546218487395	True	85.0		intact_called	target=AIC_1-6270; region_start=17946; region_end=18064; region_len=119; strand=-; call_start=17946; call_end=18064	AIC_1-6270	17946.0	18064.0	17946.0	18064.0	85.0	0.0	homozygous	no
AIC	cen|CASBKG010000014.1|611728	centromere	CASBKG010000014.1	611728	611846	119	0.8487394957983193	True	85.0		intact_called	target=AIC_1-6315; region_start=30684; region_end=30802; region_len=119; strand=+; call_start=30684; call_end=30802	AIC_1-6315	30684.0	30802.0	30684.0	30802.0	85.0	0.0	homozygous	no
AIC	cen|CASBKG010000016.1|535892	centromere	CASBKG010000016.1	535892	536009	118	0.8813559322033898	True	84.0		intact_called	target=AIC_1-6037; region_start=4228; region_end=4345; region_len=118; strand=-; call_start=4228; call_end=4345	AIC_1-6037	4228.0	4345.0	4228.0	4345.0	84.0	0.0	homozygous	no
AIC	cen|CASBKG010000006.1|137270	centromere	CASBKG010000006.1	137270	137388	119	0.8571428571428571	True	85.0		intact_called	target=AIC_1-6318; region_start=24896; region_end=25014; region_len=119; strand=-; call_start=24896; call_end=25014	AIC_1-6318	24896.0	25014.0	24896.0	25014.0	85.0	0.0	homozygous	no
AIC	cen|CASBKG010000012.1|141640	centromere	CASBKG010000012.1	141640	141760	121	0.8677685950413223	True	87.0		intact_called	target=AIC_1-6225; region_start=76837; region_end=76957; region_len=121; strand=-; call_start=76837; call_end=76957	AIC_1-6225	76837.0	76957.0	76837.0	76957.0	87.0	0.0	homozygous	no
AIC	cen|CASBKG010000009.1|99092	centromere	CASBKG010000009.1	99092	99210	119	0.865546218487395	True	85.0		intact_called	target=AIC_1-6326; region_start=27515; region_end=27633; region_len=119; strand=-; call_start=27515; call_end=27633	AIC_1-6326	27515.0	27633.0	27515.0	27633.0	85.0	0.0	homozygous	no
AIC	cen|CASBKG010000003.1|131688	centromere	CASBKG010000003.1	131688	131805	118	0.864406779661017	True	84.0		intact_called	target=AIC_1-6286; region_start=24044; region_end=24161; region_len=118; strand=+; call_start=24044; call_end=24161	AIC_1-6286	24044.0	24161.0	24044.0	24161.0	84.0	0.0	homozygous	no
AIC	cen|CASBKG010000002.1|226889	centromere	CASBKG010000002.1	226889	227006	118	0.8728813559322034	True	84.0		intact_called	target=AIC_1-6259; region_start=57010; region_end=57127; region_len=118; strand=-; call_start=57010; call_end=57127	AIC_1-6259	57010.0	57127.0	57010.0	57127.0	84.0	0.0	homozygous	no
AIC	cen|CASBKG010000005.1|343506	centromere	CASBKG010000005.1	343506	343623	118	0.8728813559322034	True	84.0		intact_called	target=AIC_1-6177; region_start=29868; region_end=29985; region_len=118; strand=+; call_start=29868; call_end=29985	AIC_1-6177	29868.0	29985.0	29868.0	29985.0	84.0	0.0	homozygous	no
AIC	cen|CASBKG010000007.1|128696	centromere	CASBKG010000007.1	128696	128813	118	0.8389830508474576	True	84.0		intact_called	target=AIC_1-6299; region_start=24231; region_end=24348; region_len=118; strand=+; call_start=24231; call_end=24348	AIC_1-6299	24231.0	24348.0	24231.0	24348.0	84.0	0.0	homozygous	no
AIC	cen|CASBKG010000015.1|297734	centromere	CASBKG010000015.1	297734	297853	120	0.85	True	86.0		intact_called	target=AIC_1-6292; region_start=166625; region_end=166744; region_len=120; strand=+; call_start=166625; call_end=166744	AIC_1-6292	166625.0	166744.0	166625.0	166744.0	86.0	0.0	homozygous	no
AIC	cen|CASBKG010000004.1|446549	centromere	CASBKG010000004.1	446549	446668	120	0.8416666666666667	True	86.0		intact_called	target=AIC_1-6217; region_start=221222; region_end=221341; region_len=120; strand=+; call_start=221222; call_end=221341	AIC_1-6217	221222.0	221341.0	221222.0	221341.0	86.0	0.0	homozygous	no
AIC	cen|CASBKG010000001.1|138374	centromere	CASBKG010000001.1	138374	138492	119	0.8403361344537815	True	85.0		intact_called	target=AIC_1-6321; region_start=40297; region_end=40415; region_len=119; strand=-; call_start=40297; call_end=40415	AIC_1-6321	40297.0	40415.0	40297.0	40415.0	85.0	0.0	homozygous	no
AIC	cen|CASBKG010000013.1|251036	centromere	CASBKG010000013.1	251036	251153	118	0.8050847457627118	True	84.0		intact_called	target=AIC_1-6256; region_start=72413; region_end=72530; region_len=118; strand=+; call_start=72413; call_end=72530	AIC_1-6256	72413.0	72530.0	72413.0	72530.0	84.0	0.0	homozygous	no
AIE	cen|CASBKB010000008.1|493118	centromere	CASBKB010000008.1	493118	493239	122	0.8524590163934426	True	88.0		intact_called	target=AIE_1-4858; region_start=128796; region_end=128917; region_len=122; strand=+; call_start=128796; call_end=128917	AIE_1-4858	128796.0	128917.0	128796.0	128917.0	88.0	0.0	homozygous	no
AIE	cen|CASBKB010000010.1|440811	centromere	CASBKB010000010.1	440811	440928	118	0.8559322033898306	True	84.0		intact_called	target=AIE_1-5027; region_start=92955; region_end=93072; region_len=118; strand=-; call_start=92955; call_end=93072	AIE_1-5027	92955.0	93072.0	92955.0	93072.0	84.0	0.0	homozygous	no
AIE	cen|CASBKB010000014.1|642993	centromere	CASBKB010000014.1	642993	643111	119	0.8487394957983193	True	85.0		intact_called	target=AIE_1-4942; region_start=3450; region_end=3568; region_len=119; strand=-; call_start=3450; call_end=3568	AIE_1-4942	3450.0	3568.0	3450.0	3568.0	85.0	0.0	homozygous	no
AIE	cen|CASBKB010000005.1|360237	centromere	CASBKB010000005.1	360237	360354	118	0.8813559322033898	True	84.0		intact_called	target=AIE_1-5020; region_start=35106; region_end=35223; region_len=118; strand=-; call_start=35106; call_end=35223	AIE_1-5020	35106.0	35223.0	35106.0	35223.0	84.0	0.0	homozygous	no
AIE	cen|CASBKB010000016.1|549937	centromere	CASBKB010000016.1	549937	550054	118	0.8813559322033898	True	84.0		intact_called	target=AIE_1-5066; region_start=112670; region_end=112787; region_len=118; strand=+; call_start=112670; call_end=112787	AIE_1-5066	112670.0	112787.0	112670.0	112787.0	84.0	0.0	homozygous	no
AIE	cen|CASBKB010000012.1|146009	centromere	CASBKB010000012.1	146009	146129	121	0.8677685950413223	True	87.0		intact_called	target=AIE_1-4900; region_start=51587; region_end=51707; region_len=121; strand=-; call_start=51587; call_end=51707	AIE_1-4900	51587.0	51707.0	51587.0	51707.0	87.0	0.0	homozygous	no
AIE	cen|CASBKB010000011.1|449741	centromere	CASBKB010000011.1	449741	449859	119	0.8571428571428571	True	85.0		intact_called	target=AIE_1-5069; region_start=138251; region_end=138369; region_len=119; strand=+; call_start=138251; call_end=138369	AIE_1-5069	138251.0	138369.0	138251.0	138369.0	85.0	0.0	homozygous	no
AIE	cen|CASBKB010000007.1|130111	centromere	CASBKB010000007.1	130111	130229	119	0.8487394957983193	True	85.0		intact_called	target=AIE_1-5035; region_start=71826; region_end=71944; region_len=119; strand=-; call_start=71826; call_end=71944	AIE_1-5035	71826.0	71944.0	71826.0	71944.0	85.0	0.0	homozygous	no
AIE	cen|CASBKB010000002.1|220368	centromere	CASBKB010000002.1	220368	220485	118	0.8728813559322034	True	84.0		intact_called	target=AIE_1-5028; region_start=143821; region_end=143938; region_len=118; strand=+; call_start=143821; call_end=143938	AIE_1-5028	143821.0	143938.0	143821.0	143938.0	84.0	0.0	homozygous	no
AIE	cen|CASBKB010000006.1|161374	centromere	CASBKB010000006.1	161374	161492	119	0.8487394957983193	True	85.0		intact_called	target=AIE_1-5047; region_start=87950; region_end=88068; region_len=119; strand=+; call_start=87950; call_end=88068	AIE_1-5047	87950.0	88068.0	87950.0	88068.0	85.0	0.0	homozygous	no
AIE	cen|CASBKB010000015.1|315307	centromere	CASBKB010000015.1	315307	315425	119	0.8487394957983193	True	85.0		intact_called	target=AIE_1-5065; region_start=28188; region_end=28306; region_len=119; strand=-; call_start=28188; call_end=28306	AIE_1-5065	28188.0	28306.0	28188.0	28306.0	85.0	0.0	homozygous	no
AIE	cen|CASBKB010000004.1|468777	centromere	CASBKB010000004.1	468777	468896	120	0.85	True	86.0		intact_called	target=AIE_1-5036; region_start=222479; region_end=222598; region_len=120; strand=+; call_start=222479; call_end=222598	AIE_1-5036	222479.0	222598.0	222479.0	222598.0	86.0	0.0	homozygous	no
AIE	cen|CASBKB010000003.1|114309	centromere	CASBKB010000003.1	114309	114426	118	0.847457627118644	True	84.0		intact_called	target=AIE_1-5037; region_start=23419; region_end=23536; region_len=118; strand=+; call_start=23419; call_end=23536	AIE_1-5037	23419.0	23536.0	23419.0	23536.0	84.0	0.0	homozygous	no
AIE	cen|CASBKB010000001.1|142889	centromere	CASBKB010000001.1	142889	143007	119	0.8403361344537815	True	85.0		intact_called	target=AIE_1-4970; region_start=11705; region_end=11823; region_len=119; strand=+; call_start=11705; call_end=11823	AIE_1-4970	11705.0	11823.0	11705.0	11823.0	85.0	0.0	homozygous	no
AIE	cen|CASBKB010000013.1|251477	centromere	CASBKB010000013.1	251477	251594	118	0.8135593220338984	True	84.0		intact_called	target=AIE_1-5075; region_start=53753; region_end=53870; region_len=118; strand=-; call_start=53753; call_end=53870	AIE_1-5075	53753.0	53870.0	53753.0	53870.0	84.0	0.0	homozygous	no
AIE	cen|CASBKB010000009.1|95089	centromere	CASBKB010000009.1	95089	95207	119	0.8403361344537815	True	85.0		intact_called	target=AIE_1-5074; region_start=63962; region_end=64080; region_len=119; strand=+; call_start=63962; call_end=64080	AIE_1-5074	63962.0	64080.0	63962.0	64080.0	85.0	0.0	homozygous	no
AIF	cen|CASBLH010000011.1|452690	centromere	CASBLH010000011.1	452690	452808	119	0.865546218487395	True	85.0		intact_called	target=AIF_1-10448; region_start=115257; region_end=115375; region_len=119; strand=-; call_start=115257; call_end=115375	AIF_1-10448	115257.0	115375.0	115257.0	115375.0	85.0	0.0	heterozygous	no
AIF	cen|CASBLH010000012.1|142547	centromere	CASBLH010000012.1	142547	142667	121	0.8760330578512396	True	87.0		intact_called	target=AIF_1-10386; region_start=217114; region_end=217234; region_len=121; strand=-; call_start=217114; call_end=217234	AIF_1-10386	217114.0	217234.0	217114.0	217234.0	87.0	0.0	heterozygous	no
AIF	cen|CASBLH010000010.1|440840	centromere	CASBLH010000010.1	440840	440958	119	0.8571428571428571	True	85.0		intact_called	target=AIF_1-10412; region_start=17604; region_end=17721; region_len=118; strand=-; call_start=17604; call_end=17721	AIF_1-10412	17604.0	17721.0	17604.0	17721.0	84.0	-1.0	heterozygous	no
AIF	cen|CASBLH010000008.1|500241	centromere	CASBLH010000008.1	500241	500362	122	0.8524590163934426	True	88.0		intact_called	target=AIF_1-10433; region_start=58582; region_end=58703; region_len=122; strand=-; call_start=58582; call_end=58703	AIF_1-10433	58582.0	58703.0	58582.0	58703.0	88.0	0.0	heterozygous	no
AIF	cen|CASBLH010000014.1|622402	centromere	CASBLH010000014.1	622402	622519	118	0.847457627118644	True	84.0		intact_called	target=AIF_1-10313; region_start=26399; region_end=26517; region_len=119; strand=+; call_start=26399; call_end=26517	AIF_1-10313	26399.0	26517.0	26399.0	26517.0	85.0	1.0	heterozygous	no
AIF	cen|CASBLH010000005.1|354267	centromere	CASBLH010000005.1	354267	354384	118	0.8813559322033898	True	84.0		intact_called	target=AIF_1-10431; region_start=35556; region_end=35673; region_len=118; strand=-; call_start=35556; call_end=35673	AIF_1-10431	35556.0	35673.0	35556.0	35673.0	84.0	0.0	heterozygous	no
AIF	cen|CASBLH010000003.1|108303	centromere	CASBLH010000003.1	108303	108420	118	0.8728813559322034	True	84.0		intact_called	target=AIF_1-10415; region_start=54017; region_end=54134; region_len=118; strand=-; call_start=54017; call_end=54134	AIF_1-10415	54017.0	54134.0	54017.0	54134.0	84.0	0.0	heterozygous	no
AIF	cen|CASBLH010000009.1|101627	centromere	CASBLH010000009.1	101627	101745	119	0.865546218487395	True	85.0		intact_called	target=AIF_1-10434; region_start=63900; region_end=64018; region_len=119; strand=+; call_start=63900; call_end=64018	AIF_1-10434	63900.0	64018.0	63900.0	64018.0	85.0	0.0	heterozygous	no
AIF	cen|CASBLH010000017.1|918046	centromere	CASBLH010000017.1	918046	918163	118	0.8728813559322034	True	84.0		intact_called	target=AIF_1-10430; region_start=172074; region_end=172191; region_len=118; strand=+; call_start=172074; call_end=172191	AIF_1-10430	172074.0	172191.0	172074.0	172191.0	84.0	0.0	heterozygous	no
AIF	cen|CASBLH010000002.1|226678	centromere	CASBLH010000002.1	226678	226795	118	0.8728813559322034	True	84.0		intact_called	target=AIF_1-10048; region_start=56980; region_end=57097; region_len=118; strand=-; call_start=56980; call_end=57097	AIF_1-10048	56980.0	57097.0	56980.0	57097.0	84.0	0.0	heterozygous	no
AIF	cen|CASBLH010000006.1|157993	centromere	CASBLH010000006.1	157993	158111	119	0.8487394957983193	True	85.0		intact_called	target=AIF_1-10418; region_start=33288; region_end=33409; region_len=122; strand=+; call_start=33291; call_end=33409	AIF_1-10418	33288.0	33409.0	33291.0	33409.0	85.0	0.0	heterozygous	no
AIF	cen|CASBLH010000007.1|124301	centromere	CASBLH010000007.1	124301	124419	119	0.8403361344537815	True	85.0		intact_called	target=AIF_1-10394; region_start=24306; region_end=24423; region_len=118; strand=+; call_start=24306; call_end=24423	AIF_1-10394	24306.0	24423.0	24306.0	24423.0	84.0	-1.0	heterozygous	no
AIF	cen|CASBLH010000015.1|318030	centromere	CASBLH010000015.1	318030	318149	120	0.85	True	86.0		intact_called	target=AIF_1-10362; region_start=289830; region_end=289948; region_len=119; strand=+; call_start=289830; call_end=289948	AIF_1-10362	289830.0	289948.0	289830.0	289948.0	85.0	-1.0	heterozygous	no
AIF	cen|CASBLH010000004.1|462847	centromere	CASBLH010000004.1	462847	462966	120	0.85	True	86.0		intact_called	target=AIF_1-10390; region_start=23143; region_end=23262; region_len=120; strand=-; call_start=23143; call_end=23262	AIF_1-10390	23143.0	23262.0	23143.0	23262.0	86.0	0.0	heterozygous	no
AIF	cen|CASBLH010000001.1|169268	centromere	CASBLH010000001.1	169268	169386	119	0.8403361344537815	True	85.0		intact_called	target=AIF_1-10438; region_start=11480; region_end=11598; region_len=119; strand=+; call_start=11480; call_end=11598	AIF_1-10438	11480.0	11598.0	11480.0	11598.0	85.0	0.0	heterozygous	no
AIF	cen|CASBLH010000013.1|249698	centromere	CASBLH010000013.1	249698	249815	118	0.8050847457627118	True	84.0		intact_called	target=AIF_1-10439; region_start=72464; region_end=72581; region_len=118; strand=+; call_start=72464; call_end=72581	AIF_1-10439	72464.0	72581.0	72464.0	72581.0	84.0	0.0	heterozygous	no
AIG	cen|CASBKM010000007.1|138727	centromere	CASBKM010000007.1	138727	138845	119	0.8739495798319328	True	85.0		intact_called	target=AIG_2-6463; region_start=56509; region_end=56627; region_len=119; strand=-; call_start=56509; call_end=56627	AIG_2-6463	56509.0	56627.0	56509.0	56627.0	85.0	0.0	homozygous	no
AIG	cen|CASBKM010000011.1|445202	centromere	CASBKM010000011.1	445202	445320	119	0.8739495798319328	True	85.0		intact_called	target=AIG_2-6602; region_start=77042; region_end=77160; region_len=119; strand=-; call_start=77042; call_end=77160	AIG_2-6602	77042.0	77160.0	77042.0	77160.0	85.0	0.0	homozygous	no
AIG	cen|CASBKM010000012.1|140238	centromere	CASBKM010000012.1	140238	140358	121	0.8842975206611571	True	87.0		intact_called	target=AIG_2-6364; region_start=55582; region_end=55702; region_len=121; strand=+; call_start=55582; call_end=55702	AIG_2-6364	55582.0	55702.0	55582.0	55702.0	87.0	0.0	homozygous	no
AIG	cen|CASBKM010000010.1|435695	centromere	CASBKM010000010.1	435695	435814	120	0.8583333333333333	True	86.0		intact_called	target=AIG_2-6592; region_start=17599; region_end=17718; region_len=120; strand=-; call_start=17599; call_end=17718	AIG_2-6592	17599.0	17718.0	17599.0	17718.0	86.0	0.0	homozygous	no
AIG	cen|CASBKM010000014.1|632194	centromere	CASBKM010000014.1	632194	632312	119	0.8487394957983193	True	85.0		intact_called	target=AIG_2-6494; region_start=30410; region_end=30528; region_len=119; strand=+; call_start=30410; call_end=30528	AIG_2-6494	30410.0	30528.0	30410.0	30528.0	85.0	0.0	homozygous	no
AIG	cen|CASBKM010000005.1|362530	centromere	CASBKM010000005.1	362530	362647	118	0.8813559322033898	True	84.0		intact_called	target=AIG_2-6575; region_start=31220; region_end=31337; region_len=118; strand=+; call_start=31220; call_end=31337	AIG_2-6575	31220.0	31337.0	31220.0	31337.0	84.0	0.0	homozygous	no
AIG	cen|CASBKM010000004.1|545919	centromere	CASBKM010000004.1	545919	546037	119	0.865546218487395	True	85.0		intact_called	target=AIG_2-6536; region_start=220964; region_end=221082; region_len=119; strand=+; call_start=220964; call_end=221082	AIG_2-6536	220964.0	221082.0	220964.0	221082.0	85.0	0.0	homozygous	no
AIG	cen|CASBKM010000008.1|526406	centromere	CASBKM010000008.1	526406	526527	122	0.8442622950819673	True	88.0		intact_called	target=AIG_2-6616; region_start=58491; region_end=58612; region_len=122; strand=-; call_start=58491; call_end=58612	AIG_2-6616	58491.0	58612.0	58491.0	58612.0	88.0	0.0	homozygous	no
AIG	cen|CASBKM010000009.1|95169	centromere	CASBKM010000009.1	95169	95287	119	0.865546218487395	True	85.0		intact_called	target=AIG_2-6605; region_start=40782; region_end=40900; region_len=119; strand=-; call_start=40782; call_end=40900	AIG_2-6605	40782.0	40900.0	40782.0	40900.0	85.0	0.0	homozygous	no
AIG	cen|CASBKM010000016.1|555162	centromere	CASBKM010000016.1	555162	555281	120	0.875	True	86.0		intact_called	target=AIG_2-6330; region_start=145623; region_end=145742; region_len=120; strand=-; call_start=145623; call_end=145742	AIG_2-6330	145623.0	145742.0	145623.0	145742.0	86.0	0.0	homozygous	no
AIG	cen|CASBKM010000003.1|118443	centromere	CASBKM010000003.1	118443	118560	118	0.864406779661017	True	84.0		intact_called	target=AIG_2-6332; region_start=23474; region_end=23591; region_len=118; strand=+; call_start=23474; call_end=23591	AIG_2-6332	23474.0	23591.0	23474.0	23591.0	84.0	0.0	homozygous	no
AIG	cen|CASBKM010000006.1|153836	centromere	CASBKM010000006.1	153836	153954	119	0.8487394957983193	True	85.0		intact_called	target=AIG_2-6485; region_start=72330; region_end=72448; region_len=119; strand=+; call_start=72330; call_end=72448	AIG_2-6485	72330.0	72448.0	72330.0	72448.0	85.0	0.0	homozygous	no
AIG	cen|CASBKM010000001.1|135877	centromere	CASBKM010000001.1	135877	135995	119	0.8487394957983193	True	85.0		intact_called	target=AIG_2-6363; region_start=11898; region_end=12016; region_len=119; strand=+; call_start=11898; call_end=12016	AIG_2-6363	11898.0	12016.0	11898.0	12016.0	85.0	0.0	homozygous	no
AIG	cen|CASBKM010000002.1|226598	centromere	CASBKM010000002.1	226598	226715	118	0.8559322033898306	True	84.0		intact_called	target=AIG_2-6577; region_start=56942; region_end=57059; region_len=118; strand=-; call_start=56942; call_end=57059	AIG_2-6577	56942.0	57059.0	56942.0	57059.0	84.0	0.0	homozygous	no
AIG	cen|CASBKM010000015.1|303142	centromere	CASBKM010000015.1	303142	303261	120	0.8416666666666667	True	86.0		intact_called	target=AIG_2-6452; region_start=99836; region_end=99955; region_len=120; strand=+; call_start=99836; call_end=99955	AIG_2-6452	99836.0	99955.0	99836.0	99955.0	86.0	0.0	homozygous	no
AIG	cen|CASBKM010000013.1|251726	centromere	CASBKM010000013.1	251726	251843	118	0.8050847457627118	True	84.0		intact_called	target=AIG_2-6359; region_start=225442; region_end=225559; region_len=118; strand=-; call_start=225442; call_end=225559	AIG_2-6359	225442.0	225559.0	225442.0	225559.0	84.0	0.0	homozygous	no
AKR	cen|CASBKY010000007.1|145242	centromere	CASBKY010000007.1	145242	145360	119	0.865546218487395	True	85.0		intact_called	target=AKR_3-9121; region_start=13340; region_end=13458; region_len=119; strand=-; call_start=13340; call_end=13458	AKR_3-9121	13340.0	13458.0	13340.0	13458.0	85.0	0.0	heterozygous	no
AKR	cen|CASBKY010000010.1|440846	centromere	CASBKY010000010.1	440846	440965	120	0.8666666666666667	True	86.0		intact_called	target=AKR_3-8979; region_start=20179; region_end=20298; region_len=120; strand=+; call_start=20179; call_end=20298	AKR_3-8979	20179.0	20298.0	20179.0	20298.0	86.0	0.0	heterozygous	no
AKR	cen|CASBKY010000012.1|139941	centromere	CASBKY010000012.1	139941	140061	121	0.8760330578512396	True	87.0		intact_called	target=AKR_3-9339; region_start=55391; region_end=55511; region_len=121; strand=+; call_start=55391; call_end=55511	AKR_3-9339	55391.0	55511.0	55391.0	55511.0	87.0	0.0	heterozygous	no
AKR	cen|CASBKY010000005.1|344871	centromere	CASBKY010000005.1	344871	344988	118	0.8813559322033898	True	84.0		intact_called	target=AKR_3-9277; region_start=31243; region_end=31369; region_len=127; strand=+; call_start=31252; call_end=31369	AKR_3-9277	31243.0	31369.0	31252.0	31369.0	84.0	0.0	heterozygous	no
AKR	cen|CASBKY010000002.1|255256	centromere	CASBKY010000002.1	255256	255372	117	0.8803418803418803	True	83.0		intact_called	target=AKR_3-9322; region_start=56955; region_end=57073; region_len=119; strand=-; call_start=56955; call_end=57072	AKR_3-9322	56955.0	57073.0	56955.0	57072.0	84.0	1.0	heterozygous	no
AKR	cen|CASBKY010000006.1|151122	centromere	CASBKY010000006.1	151122	151240	119	0.8571428571428571	True	85.0		intact_called	target=AKR_3-9343; region_start=138220; region_end=138338; region_len=119; strand=-; call_start=138220; call_end=138338	AKR_3-9343	138220.0	138338.0	138220.0	138338.0	85.0	0.0	heterozygous	no
AKR	cen|CASBKY010000011.1|439714	centromere	CASBKY010000011.1	439714	439832	119	0.8571428571428571	True	85.0		intact_called	target=AKR_3-9308; region_start=115411; region_end=115529; region_len=119; strand=-; call_start=115411; call_end=115529	AKR_3-9308	115411.0	115529.0	115411.0	115529.0	85.0	0.0	heterozygous	no
AKR	cen|CASBKY010000008.1|498274	centromere	CASBKY010000008.1	498274	498393	120	0.8416666666666667	True	86.0		intact_called	target=AKR_3-9304; region_start=73881; region_end=74000; region_len=120; strand=+; call_start=73881; call_end=74000	AKR_3-9304	73881.0	74000.0	73881.0	74000.0	86.0	0.0	heterozygous	no
AKR	cen|CASBKY010000014.1|619045	centromere	CASBKY010000014.1	619045	619163	119	0.8403361344537815	True	85.0		intact_called	target=AKR_3-9284; region_start=26480; region_end=26598; region_len=119; strand=+; call_start=26480; call_end=26598	AKR_3-9284	26480.0	26598.0	26480.0	26598.0	85.0	0.0	heterozygous	no
AKR	cen|CASBKY010000001.1|138754	centromere	CASBKY010000001.1	138754	138872	119	0.8571428571428571	True	85.0		intact_called	target=AKR_3-9268; region_start=25192; region_end=25310; region_len=119; strand=-; call_start=25192; call_end=25310	AKR_3-9268	25192.0	25310.0	25192.0	25310.0	85.0	0.0	heterozygous	no
AKR	cen|CASBKY010000016.1|536362	centromere	CASBKY010000016.1	536362	536480	119	0.8571428571428571	True	85.0		intact_called	target=AKR_3-9321; region_start=145751; region_end=145870; region_len=120; strand=-; call_start=145751; call_end=145870	AKR_3-9321	145751.0	145870.0	145751.0	145870.0	86.0	1.0	heterozygous	no
AKR	cen|CASBKY010000003.1|167736	centromere	CASBKY010000003.1	167736	167853	118	0.847457627118644	True	84.0		intact_called	target=AKR_3-9353; region_start=23660; region_end=23777; region_len=118; strand=+; call_start=23660; call_end=23777	AKR_3-9353	23660.0	23777.0	23660.0	23777.0	84.0	0.0	heterozygous	no
AKR	cen|CASBKY010000015.1|314282	centromere	CASBKY010000015.1	314282	314401	120	0.8416666666666667	True	86.0		intact_called	target=AKR_3-9337; region_start=51764; region_end=51883; region_len=120; strand=+; call_start=51764; call_end=51883	AKR_3-9337	51764.0	51883.0	51764.0	51883.0	86.0	0.0	heterozygous	no
AKR	cen|CASBKY010000009.1|98944	centromere	CASBKY010000009.1	98944	99062	119	0.8403361344537815	True	85.0		intact_called	target=AKR_3-9319; region_start=122089; region_end=122207; region_len=119; strand=-; call_start=122089; call_end=122207	AKR_3-9319	122089.0	122207.0	122089.0	122207.0	85.0	0.0	heterozygous	no
AKR	cen|CASBKY010000004.1|448334	centromere	CASBKY010000004.1	448334	448453	120	0.8333333333333334	True	86.0		intact_called	target=AKR_3-9318; region_start=22991; region_end=23110; region_len=120; strand=-; call_start=22991; call_end=23110	AKR_3-9318	22991.0	23110.0	22991.0	23110.0	86.0	0.0	heterozygous	no
AKR	cen|CASBKY010000013.1|250750	centromere	CASBKY010000013.1	250750	250869	120	0.7916666666666666	True	86.0		intact_called	target=AKR_3-9327; region_start=93719; region_end=93838; region_len=120; strand=-; call_start=93719; call_end=93838	AKR_3-9327	93719.0	93838.0	93719.0	93838.0	86.0	0.0	heterozygous	no
ALI	cen|CASBLC010000002.1|239472	centromere	CASBLC010000002.1	239472	239587	116	0.9051724137931034	True	82.0		intact_called	target=ALI_5-14940; region_start=11631; region_end=11747; region_len=117; strand=+; call_start=11631; call_end=11747	ALI_5-14940	11631.0	11747.0	11631.0	11747.0	83.0	1.0	heterozygous	no
ALI	cen|CASBLC010000013.1|172439	centromere	CASBLC010000013.1	172439	172559	121	0.8842975206611571	True	87.0		intact_called	target=ALI_5-15286; region_start=54541; region_end=54661; region_len=121; strand=+; call_start=54541; call_end=54661	ALI_5-15286	54541.0	54661.0	54541.0	54661.0	87.0	0.0	heterozygous	no
ALI	cen|CASBLC010000015.1|623603	centromere	CASBLC010000015.1	623603	623721	119	0.8487394957983193	True	85.0		intact_called	target=ALI_5-14888; region_start=3205; region_end=3323; region_len=119; strand=-; call_start=3205; call_end=3323	ALI_5-14888	3205.0	3323.0	3205.0	3323.0	85.0	0.0	heterozygous	no
ALI	cen|CASBLC010000008.1|102236	centromere	CASBLC010000008.1	102236	102355	120	0.875	True	86.0		intact_called	target=ALI_5-15092; region_start=13677; region_end=13796; region_len=120; strand=+; call_start=13677; call_end=13796	ALI_5-15092	13677.0	13796.0	13677.0	13796.0	86.0	0.0	heterozygous	no
ALI	cen|CASBLC010000011.1|240869	centromere	CASBLC010000011.1	240869	240985	117	0.8461538461538461	True	83.0		intact_called	target=ALI_5-14982; region_start=17480; region_end=17596; region_len=117; strand=-; call_start=17480; call_end=17596	ALI_5-14982	17480.0	17596.0	17480.0	17596.0	83.0	0.0	heterozygous	no
ALI	cen|CASBLC010000017.1|537983	centromere	CASBLC010000017.1	537983	538100	118	0.8728813559322034	True	84.0		absent	reason=neither flank placed								heterozygous	no
ALI	cen|CASBLC010000006.1|383408	centromere	CASBLC010000006.1	383408	383526	119	0.8739495798319328	True	85.0		intact_called	target=ALI_5-15330; region_start=14556; region_end=14676; region_len=121; strand=-; call_start=14556; call_end=14674	ALI_5-15330	14556.0	14676.0	14556.0	14674.0	85.0	0.0	heterozygous	no
ALI	cen|CASBLC010000012.1|464475	centromere	CASBLC010000012.1	464475	464594	120	0.85	True	86.0		intact_called	target=ALI_5-15350; region_start=73051; region_end=73170; region_len=120; strand=-; call_start=73051; call_end=73170	ALI_5-15350	73051.0	73170.0	73051.0	73170.0	86.0	0.0	heterozygous	no
ALI	cen|CASBLC010000009.1|404215	centromere	CASBLC010000009.1	404215	404333	119	0.8403361344537815	True	85.0		intact_called	target=ALI_5-15039; region_start=13236; region_end=13354; region_len=119; strand=-; call_start=13236; call_end=13354	ALI_5-15039	13236.0	13354.0	13236.0	13354.0	85.0	0.0	heterozygous	no
ALI	cen|CASBLC010000007.1|495315	centromere	CASBLC010000007.1	495315	495436	122	0.8524590163934426	True	88.0		intact_called	target=ALI_5-14988; region_start=58386; region_end=58507; region_len=122; strand=-; call_start=58386; call_end=58507	ALI_5-14988	58386.0	58507.0	58386.0	58507.0	88.0	0.0	heterozygous	no
ALI	cen|CASBLC010000010.1|154427	centromere	CASBLC010000010.1	154427	154545	119	0.8403361344537815	True	85.0		intact_called	target=ALI_5-15346; region_start=16027; region_end=16145; region_len=119; strand=+; call_start=16027; call_end=16145	ALI_5-15346	16027.0	16145.0	16027.0	16145.0	85.0	0.0	heterozygous	no
ALI	cen|CASBLC010000005.1|500960	centromere	CASBLC010000005.1	500960	501077	118	0.847457627118644	True	84.0		intact_called	target=ALI_5-14944; region_start=12258; region_end=12375; region_len=118; strand=+; call_start=12258; call_end=12375	ALI_5-14944	12258.0	12375.0	12258.0	12375.0	84.0	0.0	heterozygous	no
ALI	cen|CASBLC010000001.1|160624	centromere	CASBLC010000001.1	160624	160744	121	0.8429752066115702	True	87.0		intact_called	target=ALI_5-15279; region_start=8498; region_end=8631; region_len=134; strand=-; call_start=8498; call_end=8616	ALI_5-15279	8498.0	8631.0	8498.0	8616.0	85.0	-2.0	heterozygous	no
ALI	cen|CASBLC010000004.1|153017	centromere	CASBLC010000004.1	153017	153134	118	0.847457627118644	True	84.0		intact_called	target=ALI_5-14820; region_start=23761; region_end=23878; region_len=118; strand=+; call_start=23761; call_end=23878	ALI_5-14820	23761.0	23878.0	23761.0	23878.0	84.0	0.0	heterozygous	no
ALI	cen|CASBLC010000016.1|340995	centromere	CASBLC010000016.1	340995	341112	118	0.8389830508474576	True	84.0		absent	reason=neither flank placed								heterozygous	chromosome not identified
ALI	cen|CASBLC010000014.1|257690	centromere	CASBLC010000014.1	257690	257806	117	0.8034188034188035	True	83.0		intact_called	target=ALI_5-15328; region_start=249229; region_end=249345; region_len=117; strand=+; call_start=249229; call_end=249345	ALI_5-15328	249229.0	249345.0	249229.0	249345.0	83.0	0.0	heterozygous	no
ANE	cen|CASBJY010000012.1|144701	centromere	CASBJY010000012.1	144701	144821	121	0.8925619834710744	True	87.0		intact_called	target=ANE_4-5680; region_start=294169; region_end=294289; region_len=121; strand=-; call_start=294169; call_end=294289	ANE_4-5680	294169.0	294289.0	294169.0	294289.0	87.0	0.0	homozygous	no
ANE	cen|CASBJY010000011.1|439973	centromere	CASBJY010000011.1	439973	440091	119	0.8739495798319328	True	85.0		intact_called	target=ANE_4-5655; region_start=115196; region_end=115314; region_len=119; strand=-; call_start=115196; call_end=115314	ANE_4-5655	115196.0	115314.0	115196.0	115314.0	85.0	0.0	homozygous	no
ANE	cen|CASBJY010000010.1|427056	centromere	CASBJY010000010.1	427056	427173	118	0.8728813559322034	True	84.0		intact_called	target=ANE_4-5634; region_start=81265; region_end=81382; region_len=118; strand=+; call_start=81265; call_end=81382	ANE_4-5634	81265.0	81382.0	81265.0	81382.0	84.0	0.0	homozygous	no
ANE	cen|CASBJY010000008.1|490213	centromere	CASBJY010000008.1	490213	490332	120	0.85	True	86.0		intact_called	target=ANE_4-5670; region_start=249939; region_end=250058; region_len=120; strand=-; call_start=249939; call_end=250058	ANE_4-5670	249939.0	250058.0	249939.0	250058.0	86.0	0.0	homozygous	no
ANE	cen|CASBJY010000006.1|151888	centromere	CASBJY010000006.1	151888	152006	119	0.8571428571428571	True	85.0		intact_called	target=ANE_4-5699; region_start=87605; region_end=87723; region_len=119; strand=+; call_start=87605; call_end=87723	ANE_4-5699	87605.0	87723.0	87605.0	87723.0	85.0	0.0	homozygous	no
ANE	cen|CASBJY010000002.1|243246	centromere	CASBJY010000002.1	243246	243363	118	0.8728813559322034	True	84.0		intact_called	target=ANE_4-5407; region_start=22401; region_end=22518; region_len=118; strand=-; call_start=22401; call_end=22518	ANE_4-5407	22401.0	22518.0	22401.0	22518.0	84.0	0.0	homozygous	no
ANE	cen|CASBJY010000014.1|617577	centromere	CASBJY010000014.1	617577	617695	119	0.8319327731092437	True	85.0		intact_called	target=ANE_4-5613; region_start=29087; region_end=29205; region_len=119; strand=+; call_start=29087; call_end=29205	ANE_4-5613	29087.0	29205.0	29087.0	29205.0	85.0	0.0	homozygous	no
ANE	cen|CASBJY010000015.1|332995	centromere	CASBJY010000015.1	332995	333114	120	0.8583333333333333	True	86.0		intact_called	target=ANE_4-5678; region_start=251206; region_end=251325; region_len=120; strand=-; call_start=251206; call_end=251325	ANE_4-5678	251206.0	251325.0	251206.0	251325.0	86.0	0.0	homozygous	no
ANE	cen|CASBJY010000009.1|99871	centromere	CASBJY010000009.1	99871	99989	119	0.8571428571428571	True	85.0		intact_called	target=ANE_4-5543; region_start=27059; region_end=27177; region_len=119; strand=-; call_start=27059; call_end=27177	ANE_4-5543	27059.0	27177.0	27059.0	27177.0	85.0	0.0	homozygous	no
ANE	cen|CASBJY010000003.1|121794	centromere	CASBJY010000003.1	121794	121911	118	0.8559322033898306	True	84.0		intact_called	target=ANE_4-5686; region_start=83802; region_end=83919; region_len=118; strand=-; call_start=83802; call_end=83919	ANE_4-5686	83802.0	83919.0	83802.0	83919.0	84.0	0.0	homozygous	no
ANE	cen|CASBJY010000004.1|450027	centromere	CASBJY010000004.1	450027	450146	120	0.85	True	86.0		intact_called	target=ANE_4-5571; region_start=23128; region_end=23247; region_len=120; strand=-; call_start=23128; call_end=23247	ANE_4-5571	23128.0	23247.0	23128.0	23247.0	86.0	0.0	homozygous	no
ANE	cen|CASBJY010000016.1|539293	centromere	CASBJY010000016.1	539293	539413	121	0.859504132231405	True	87.0		intact_called	target=ANE_4-5458; region_start=172428; region_end=172548; region_len=121; strand=+; call_start=172428; call_end=172548	ANE_4-5458	172428.0	172548.0	172428.0	172548.0	87.0	0.0	homozygous	no
ANE	cen|CASBJY010000005.1|341696	centromere	CASBJY010000005.1	341696	341813	118	0.8559322033898306	True	84.0		intact_called	target=ANE_4-5631; region_start=35851; region_end=35968; region_len=118; strand=-; call_start=35851; call_end=35968	ANE_4-5631	35851.0	35968.0	35851.0	35968.0	84.0	0.0	homozygous	no
ANE	cen|CASBJY010000001.1|141742	centromere	CASBJY010000001.1	141742	141860	119	0.8403361344537815	True	85.0		intact_called	target=ANE_4-5697; region_start=26033; region_end=26151; region_len=119; strand=-; call_start=26033; call_end=26151	ANE_4-5697	26033.0	26151.0	26033.0	26151.0	85.0	0.0	homozygous	no
ANE	cen|CASBJY010000007.1|160917	centromere	CASBJY010000007.1	160917	161035	119	0.8235294117647058	True	85.0		intact_called	target=ANE_4-5674; region_start=29506; region_end=29624; region_len=119; strand=-; call_start=29506; call_end=29624	ANE_4-5674	29506.0	29624.0	29506.0	29624.0	85.0	0.0	homozygous	no
ANE	cen|CASBJY010000013.1|250170	centromere	CASBJY010000013.1	250170	250289	120	0.7916666666666666	True	86.0		intact_called	target=ANE_4-5681; region_start=98300; region_end=98419; region_len=120; strand=-; call_start=98300; call_end=98419	ANE_4-5681	98300.0	98419.0	98300.0	98419.0	86.0	0.0	homozygous	no
ANL	cen|CASBLB010000010.1|442972	centromere	CASBLB010000010.1	442972	443087	116	0.8706896551724138	True	82.0		intact_called	target=ANL_2-46360; region_start=17682; region_end=17799; region_len=118; strand=-; call_start=17682; call_end=17799	ANL_2-46360	17682.0	17799.0	17682.0	17799.0	84.0	2.0	heterozygous	yes
ANL	cen|CASBLB010000004.1|441029	centromere	CASBLB010000004.1	441029	441147	119	0.8739495798319328	True	85.0		split	reason=one flank placed; placed_on=ANL_2-46252								heterozygous	chromosome not identified
ANL	cen|CASBLB010000011.1|444632	centromere	CASBLB010000011.1	444632	444750	119	0.865546218487395	True	85.0		split	reason=one flank placed; placed_on=ANL_2-46297								heterozygous	chromosome not identified
ANL	cen|CASBLB010000012.1|143030	centromere	CASBLB010000012.1	143030	143150	121	0.8760330578512396	True	87.0		n_run	target=ANL_2-46233; region_start=34848; region_end=35010; region_len=163; strand=+	ANL_2-46233	34848.0	35010.0					heterozygous	chromosome not identified
ANL	cen|CASBLB010000016.1|542012	centromere	CASBLB010000016.1	542012	542129	118	0.8813559322033898	True	84.0		split	reason=flanks on different sequences								heterozygous	chromosome not identified
ANL	cen|CASBLB010000003.1|110208	centromere	CASBLB010000003.1	110208	110325	118	0.8728813559322034	True	84.0		split	reason=one flank placed; placed_on=ANL_2-45750								heterozygous	chromosome not identified
ANL	cen|CASBLB010000006.1|150657	centromere	CASBLB010000006.1	150657	150775	119	0.8571428571428571	True	85.0		split	reason=flanks on different sequences								heterozygous	yes
ANL	cen|CASBLB010000008.1|493986	centromere	CASBLB010000008.1	493986	494106	121	0.8429752066115702	True	87.0		absent	reason=neither flank placed								heterozygous	chromosome not identified
ANL	cen|CASBLB010000014.1|607054	centromere	CASBLB010000014.1	607054	607171	118	0.8389830508474576	True	84.0		intact_called	target=ANL_2-46358; region_start=2763; region_end=2881; region_len=119; strand=-; call_start=2763; call_end=2881	ANL_2-46358	2763.0	2881.0	2763.0	2881.0	85.0	1.0	heterozygous	yes
ANL	cen|CASBLB010000005.1|331493	centromere	CASBLB010000005.1	331493	331610	118	0.8728813559322034	True	84.0		n_run	target=ANL_2-46430; region_start=5455; region_end=5649; region_len=195; strand=+	ANL_2-46430	5455.0	5649.0					heterozygous	chromosome not identified
ANL	cen|CASBLB010000015.1|312738	centromere	CASBLB010000015.1	312738	312858	121	0.8512396694214877	True	87.0		intact_called	target=ANL_2-46251; region_start=17962; region_end=18082; region_len=121; strand=-; call_start=17962; call_end=18082	ANL_2-46251	17962.0	18082.0	17962.0	18082.0	87.0	0.0	heterozygous	no
ANL	cen|CASBLB010000007.1|130419	centromere	CASBLB010000007.1	130419	130537	119	0.8403361344537815	True	85.0		n_run	target=ANL_2-46218; region_start=13179; region_end=13296; region_len=118; strand=-	ANL_2-46218	13179.0	13296.0					heterozygous	chromosome not identified
ANL	cen|CASBLB010000002.1|225177	centromere	CASBLB010000002.1	225177	225294	118	0.864406779661017	True	84.0		intact_called	target=ANL_2-46239; region_start=34227; region_end=34344; region_len=118; strand=+; call_start=34227; call_end=34344	ANL_2-46239	34227.0	34344.0	34227.0	34344.0	84.0	0.0	heterozygous	no
ANL	cen|CASBLB010000009.1|94355	centromere	CASBLB010000009.1	94355	94473	119	0.8403361344537815	True	85.0		split	reason=one flank placed; placed_on=ANL_2-46297								heterozygous	chromosome not identified
ANL	cen|CASBLB010000001.1|143253	centromere	CASBLB010000001.1	143253	143371	119	0.8403361344537815	True	85.0		split	reason=one flank placed; placed_on=ANL_2-46272								heterozygous	yes
ANL	cen|CASBLB010000013.1|256002	centromere	CASBLB010000013.1	256002	256121	120	0.7833333333333333	True	86.0		split	reason=flanks on different sequences								heterozygous	chromosome not identified
ANM	cen|CASBLF010000010.1|414531	centromere	CASBLF010000010.1	414531	414648	118	0.8728813559322034	True	84.0		split	reason=flanks on different sequences								heterozygous	chromosome not identified
ANM	cen|CASBLF010000011.1|494245	centromere	CASBLF010000011.1	494245	494363	119	0.8739495798319328	True	85.0		n_run	target=ANM_2-42578; region_start=7264; region_end=7362; region_len=99; strand=+	ANM_2-42578	7264.0	7362.0					heterozygous	chromosome not identified
ANM	cen|CASBLF010000004.1|443834	centromere	CASBLF010000004.1	443834	443952	119	0.8739495798319328	True	85.0		intact_called	target=ANM_2-42562; region_start=6709; region_end=6827; region_len=119; strand=+; call_start=6709; call_end=6827	ANM_2-42562	6709.0	6827.0	6709.0	6827.0	85.0	0.0	heterozygous	no
ANM	cen|CASBLF010000012.1|144980	centromere	CASBLF010000012.1	144980	145100	121	0.8760330578512396	True	87.0		intact_called	target=ANM_2-42437; region_start=34812; region_end=34936; region_len=125; strand=+; call_start=34812; call_end=34932	ANM_2-42437	34812.0	34936.0	34812.0	34932.0	87.0	0.0	heterozygous	yes
ANM	cen|CASBLF010000016.1|542151	centromere	CASBLF010000016.1	542151	542267	117	0.8803418803418803	True	83.0		intact_called	target=ANM_2-42719; region_start=144404; region_end=144540; region_len=137; strand=+; call_start=144404; call_end=144522	ANM_2-42719	144404.0	144540.0	144404.0	144522.0	85.0	2.0	heterozygous	no
ANM	cen|CASBLF010000014.1|617639	centromere	CASBLF010000014.1	617639	617757	119	0.8403361344537815	True	85.0		intact_called	target=ANM_2-42686; region_start=26716; region_end=26834; region_len=119; strand=+; call_start=26716; call_end=26834	ANM_2-42686	26716.0	26834.0	26716.0	26834.0	85.0	0.0	heterozygous	no
ANM	cen|CASBLF010000005.1|331988	centromere	CASBLF010000005.1	331988	332105	118	0.8728813559322034	True	84.0		n_run	target=ANM_2-42498; region_start=5402; region_end=5530; region_len=129; strand=+	ANM_2-42498	5402.0	5530.0					heterozygous	no
ANM	cen|CASBLF010000006.1|150655	centromere	CASBLF010000006.1	150655	150773	119	0.8487394957983193	True	85.0		split	reason=one flank placed; placed_on=ANM_2-42550								heterozygous	chromosome not identified
ANM	cen|CASBLF010000015.1|322759	centromere	CASBLF010000015.1	322759	322879	121	0.8512396694214877	True	87.0		intact_called	target=ANM_2-42413; region_start=13550; region_end=13669; region_len=120; strand=-; call_start=13550; call_end=13669	ANM_2-42413	13550.0	13669.0	13550.0	13669.0	86.0	-1.0	heterozygous	no
ANM	cen|CASBLF010000008.1|494356	centromere	CASBLF010000008.1	494356	494474	119	0.8319327731092437	True	85.0		intact_called	target=ANM_2-42409; region_start=24976; region_end=25094; region_len=119; strand=-; call_start=24976; call_end=25094	ANM_2-42409	24976.0	25094.0	24976.0	25094.0	85.0	0.0	heterozygous	yes
ANM	cen|CASBLF010000003.1|110156	centromere	CASBLF010000003.1	110156	110272	117	0.8632478632478633	True	83.0		split	reason=one flank placed; placed_on=ANM_2-42639								heterozygous	chromosome not identified
ANM	cen|CASBLF010000002.1|225339	centromere	CASBLF010000002.1	225339	225456	118	0.864406779661017	True	84.0		intact_called	target=ANM_2-42457; region_start=34407; region_end=34524; region_len=118; strand=+; call_start=34407; call_end=34524	ANM_2-42457	34407.0	34524.0	34407.0	34524.0	84.0	0.0	heterozygous	no
ANM	cen|CASBLF010000007.1|130804	centromere	CASBLF010000007.1	130804	130922	119	0.8235294117647058	True	85.0		n_run	target=ANM_2-42435; region_start=5674; region_end=5790; region_len=117; strand=-	ANM_2-42435	5674.0	5790.0					heterozygous	yes
ANM	cen|CASBLF010000009.1|94619	centromere	CASBLF010000009.1	94619	94737	119	0.8403361344537815	True	85.0		split	reason=one flank placed; placed_on=ANM_2-41966								heterozygous	chromosome not identified
ANM	cen|CASBLF010000001.1|142992	centromere	CASBLF010000001.1	142992	143110	119	0.8403361344537815	True	85.0		intact_called	target=ANM_2-42436; region_start=19135; region_end=19253; region_len=119; strand=-; call_start=19135; call_end=19253	ANM_2-42436	19135.0	19253.0	19135.0	19253.0	85.0	0.0	heterozygous	no
ANM	cen|CASBLF010000013.1|256269	centromere	CASBLF010000013.1	256269	256388	120	0.7916666666666666	True	86.0		n_run	target=ANM_2-42492; region_start=4700; region_end=4802; region_len=103; strand=+	ANM_2-42492	4700.0	4802.0					heterozygous	chromosome not identified
APG	cen|CASBNF010000010.1|453248	centromere	CASBNF010000010.1	453248	453365	118	0.864406779661017	True	84.0		intact_called	target=APG_4-6412; region_start=11681; region_end=11798; region_len=118; strand=+; call_start=11681; call_end=11798	APG_4-6412	11681.0	11798.0	11681.0	11798.0	84.0	0.0	homozygous	no
APG	cen|CASBNF010000011.1|452050	centromere	CASBNF010000011.1	452050	452168	119	0.865546218487395	True	85.0		intact_called	target=APG_4-6511; region_start=17945; region_end=18063; region_len=119; strand=-; call_start=17945; call_end=18063	APG_4-6511	17945.0	18063.0	17945.0	18063.0	85.0	0.0	homozygous	no
APG	cen|CASBNF010000012.1|139988	centromere	CASBNF010000012.1	139988	140108	121	0.8760330578512396	True	87.0		intact_called	target=APG_4-6755; region_start=217128; region_end=217248; region_len=121; strand=-; call_start=217128; call_end=217248	APG_4-6755	217128.0	217248.0	217128.0	217248.0	87.0	0.0	homozygous	no
APG	cen|CASBNF010000008.1|500577	centromere	CASBNF010000008.1	500577	500698	122	0.8524590163934426	True	88.0		intact_called	target=APG_4-6745; region_start=186818; region_end=186939; region_len=122; strand=-; call_start=186818; call_end=186939	APG_4-6745	186818.0	186939.0	186818.0	186939.0	88.0	0.0	homozygous	no
APG	cen|CASBNF010000014.1|627099	centromere	CASBNF010000014.1	627099	627217	119	0.8487394957983193	True	85.0		intact_called	target=APG_4-6743; region_start=28424; region_end=28542; region_len=119; strand=+; call_start=28424; call_end=28542	APG_4-6743	28424.0	28542.0	28424.0	28542.0	85.0	0.0	homozygous	no
APG	cen|CASBNF010000005.1|345866	centromere	CASBNF010000005.1	345866	345983	118	0.8813559322033898	True	84.0		intact_called	target=APG_4-6528; region_start=30723; region_end=30840; region_len=118; strand=+; call_start=30723; call_end=30840	APG_4-6528	30723.0	30840.0	30723.0	30840.0	84.0	0.0	homozygous	no
APG	cen|CASBNF010000016.1|551720	centromere	CASBNF010000016.1	551720	551837	118	0.8813559322033898	True	84.0		intact_called	target=APG_4-6538; region_start=4460; region_end=4577; region_len=118; strand=-; call_start=4460; call_end=4577	APG_4-6538	4460.0	4577.0	4460.0	4577.0	84.0	0.0	homozygous	no
APG	cen|CASBNF010000003.1|114371	centromere	CASBNF010000003.1	114371	114488	118	0.8728813559322034	True	84.0		intact_called	target=APG_4-6519; region_start=36673; region_end=36790; region_len=118; strand=-; call_start=36673; call_end=36790	APG_4-6519	36673.0	36790.0	36673.0	36790.0	84.0	0.0	homozygous	no
APG	cen|CASBNF010000002.1|226407	centromere	CASBNF010000002.1	226407	226524	118	0.864406779661017	True	84.0		intact_called	target=APG_4-6620; region_start=56972; region_end=57089; region_len=118; strand=-; call_start=56972; call_end=57089	APG_4-6620	56972.0	57089.0	56972.0	57089.0	84.0	0.0	homozygous	no
APG	cen|CASBNF010000015.1|317946	centromere	CASBNF010000015.1	317946	318065	120	0.85	True	86.0		intact_called	target=APG_4-6735; region_start=52113; region_end=52232; region_len=120; strand=+; call_start=52113; call_end=52232	APG_4-6735	52113.0	52232.0	52113.0	52232.0	86.0	0.0	homozygous	no
APG	cen|CASBNF010000007.1|149024	centromere	CASBNF010000007.1	149024	149142	119	0.8319327731092437	True	85.0		intact_called	target=APG_4-6436; region_start=13307; region_end=13425; region_len=119; strand=-; call_start=13307; call_end=13425	APG_4-6436	13307.0	13425.0	13307.0	13425.0	85.0	0.0	homozygous	no
APG	cen|CASBNF010000006.1|158962	centromere	CASBNF010000006.1	158962	159080	119	0.8319327731092437	True	85.0		intact_called	target=APG_4-6734; region_start=137893; region_end=138011; region_len=119; strand=-; call_start=137893; call_end=138011	APG_4-6734	137893.0	138011.0	137893.0	138011.0	85.0	0.0	homozygous	no
APG	cen|CASBNF010000004.1|475247	centromere	CASBNF010000004.1	475247	475366	120	0.8416666666666667	True	86.0		intact_called	target=APG_4-6621; region_start=23109; region_end=23228; region_len=120; strand=-; call_start=23109; call_end=23228	APG_4-6621	23109.0	23228.0	23109.0	23228.0	86.0	0.0	homozygous	no
APG	cen|CASBNF010000001.1|143535	centromere	CASBNF010000001.1	143535	143653	119	0.8403361344537815	True	85.0		intact_called	target=APG_4-6657; region_start=28343; region_end=28461; region_len=119; strand=-; call_start=28343; call_end=28461	APG_4-6657	28343.0	28461.0	28343.0	28461.0	85.0	0.0	homozygous	no
APG	cen|CASBNF010000009.1|106268	centromere	CASBNF010000009.1	106268	106386	119	0.8319327731092437	True	85.0		intact_called	target=APG_4-6535; region_start=40266; region_end=40384; region_len=119; strand=-; call_start=40266; call_end=40384	APG_4-6535	40266.0	40384.0	40266.0	40384.0	85.0	0.0	homozygous	no
APG	cen|CASBNF010000013.1|251485	centromere	CASBNF010000013.1	251485	251604	120	0.7833333333333333	True	86.0		intact_called	target=APG_4-6437; region_start=53071; region_end=53190; region_len=120; strand=-; call_start=53071; call_end=53190	APG_4-6437	53071.0	53190.0	53071.0	53190.0	86.0	0.0	homozygous	no
ASB	cen|CASBJP010000010.1|433354	centromere	CASBJP010000010.1	433354	433472	119	0.8739495798319328	True	85.0		intact_called	target=ASB_2-40211; region_start=61732; region_end=61850; region_len=119; strand=+; call_start=61732; call_end=61850	ASB_2-40211	61732.0	61850.0	61732.0	61850.0	85.0	0.0	heterozygous	no
ASB	cen|CASBJP010000011.1|533492	centromere	CASBJP010000011.1	533492	533610	119	0.865546218487395	True	85.0		intact_called	target=ASB_2-40126; region_start=60626; region_end=60744; region_len=119; strand=+; call_start=60626; call_end=60744	ASB_2-40126	60626.0	60744.0	60626.0	60744.0	85.0	0.0	heterozygous	no
ASB	cen|CASBJP010000012.1|145140	centromere	CASBJP010000012.1	145140	145260	121	0.8760330578512396	True	87.0		intact_called	target=ASB_2-40100; region_start=54023; region_end=54143; region_len=121; strand=+; call_start=54023; call_end=54143	ASB_2-40100	54023.0	54143.0	54023.0	54143.0	87.0	0.0	heterozygous	no
ASB	cen|CASBJP010000008.1|487563	centromere	CASBJP010000008.1	487563	487684	122	0.8524590163934426	True	88.0		intact_called	target=ASB_2-40145; region_start=48094; region_end=48215; region_len=122; strand=+; call_start=48094; call_end=48215	ASB_2-40145	48094.0	48215.0	48094.0	48215.0	88.0	0.0	heterozygous	no
ASB	cen|CASBJP010000014.1|520942	centromere	CASBJP010000014.1	520942	521060	119	0.8487394957983193	True	85.0		intact_called	target=ASB_2-40134; region_start=3033; region_end=3151; region_len=119; strand=-; call_start=3033; call_end=3151	ASB_2-40134	3033.0	3151.0	3033.0	3151.0	85.0	0.0	heterozygous	no
ASB	cen|CASBJP010000005.1|342068	centromere	CASBJP010000005.1	342068	342185	118	0.8813559322033898	True	84.0		intact_called	target=ASB_2-40139; region_start=16377; region_end=16494; region_len=118; strand=+; call_start=16377; call_end=16494	ASB_2-40139	16377.0	16494.0	16377.0	16494.0	84.0	0.0	heterozygous	no
ASB	cen|CASBJP010000016.1|543212	centromere	CASBJP010000016.1	543212	543329	118	0.8813559322033898	True	84.0		intact_called	target=ASB_2-40080; region_start=30276; region_end=30393; region_len=118; strand=+; call_start=30276; call_end=30393	ASB_2-40080	30276.0	30393.0	30276.0	30393.0	84.0	0.0	heterozygous	no
ASB	cen|CASBJP010000009.1|94995	centromere	CASBJP010000009.1	94995	95113	119	0.865546218487395	True	85.0		intact_called	target=ASB_2-40067; region_start=5141; region_end=5259; region_len=119; strand=+; call_start=5141; call_end=5259	ASB_2-40067	5141.0	5259.0	5141.0	5259.0	85.0	0.0	heterozygous	no
ASB	cen|CASBJP010000007.1|143591	centromere	CASBJP010000007.1	143591	143708	118	0.847457627118644	True	84.0		absent	reason=neither flank placed								heterozygous	no
ASB	cen|CASBJP010000006.1|160407	centromere	CASBJP010000006.1	160407	160525	119	0.8487394957983193	True	85.0		intact_called	target=ASB_2-40178; region_start=115133; region_end=115254; region_len=122; strand=-; call_start=115133; call_end=115251	ASB_2-40178	115133.0	115254.0	115133.0	115251.0	85.0	0.0	heterozygous	no
ASB	cen|CASBJP010000004.1|460452	centromere	CASBJP010000004.1	460452	460563	112	0.8482142857142857	True	78.0		absent	reason=neither flank placed								heterozygous	no
ASB	cen|CASBJP010000015.1|295192	centromere	CASBJP010000015.1	295192	295313	122	0.8524590163934426	True	88.0		split	reason=one flank placed; placed_on=ASB_2-39964								heterozygous	chromosome not identified
ASB	cen|CASBJP010000002.1|227024	centromere	CASBJP010000002.1	227024	227141	118	0.8559322033898306	True	84.0		split	reason=flanks on different sequences								heterozygous	chromosome not identified
ASB	cen|CASBJP010000003.1|115044	centromere	CASBJP010000003.1	115044	115161	118	0.847457627118644	True	84.0		intact_called	target=ASB_2-39993; region_start=7285; region_end=7402; region_len=118; strand=+; call_start=7285; call_end=7402	ASB_2-39993	7285.0	7402.0	7285.0	7402.0	84.0	0.0	heterozygous	yes
ASB	cen|CASBJP010000001.1|154351	centromere	CASBJP010000001.1	154351	154469	119	0.8403361344537815	True	85.0		intact_called	target=ASB_2-39795; region_start=8606; region_end=8724; region_len=119; strand=-; call_start=8606; call_end=8724	ASB_2-39795	8606.0	8724.0	8606.0	8724.0	85.0	0.0	heterozygous	no
ASB	cen|CASBJP010000013.1|267530	centromere	CASBJP010000013.1	267530	267647	118	0.8050847457627118	True	84.0		intact_called	target=ASB_2-40215; region_start=22545; region_end=22662; region_len=118; strand=-; call_start=22545; call_end=22662	ASB_2-40215	22545.0	22662.0	22545.0	22662.0	84.0	0.0	heterozygous	no
ASG	cen|CASBNB010000010.1|447089	centromere	CASBNB010000010.1	447089	447205	117	0.8632478632478633	True	83.0		intact_called	target=ASG_3-4656; region_start=17601; region_end=17717; region_len=117; strand=-; call_start=17601; call_end=17717	ASG_3-4656	17601.0	17717.0	17601.0	17717.0	83.0	0.0	homozygous	no
ASG	cen|CASBNB010000011.1|440009	centromere	CASBNB010000011.1	440009	440127	119	0.865546218487395	True	85.0		intact_called	target=ASG_3-4823; region_start=60534; region_end=60652; region_len=119; strand=+; call_start=60534; call_end=60652	ASG_3-4823	60534.0	60652.0	60534.0	60652.0	85.0	0.0	homozygous	no
ASG	cen|CASBNB010000012.1|140067	centromere	CASBNB010000012.1	140067	140187	121	0.8760330578512396	True	87.0		intact_called	target=ASG_3-4851; region_start=54887; region_end=55007; region_len=121; strand=+; call_start=54887; call_end=55007	ASG_3-4851	54887.0	55007.0	54887.0	55007.0	87.0	0.0	homozygous	no
ASG	cen|CASBNB010000008.1|514202	centromere	CASBNB010000008.1	514202	514323	122	0.8524590163934426	True	88.0		intact_called	target=ASG_3-4804; region_start=58532; region_end=58653; region_len=122; strand=-; call_start=58532; call_end=58653	ASG_3-4804	58532.0	58653.0	58532.0	58653.0	88.0	0.0	homozygous	no
ASG	cen|CASBNB010000014.1|603926	centromere	CASBNB010000014.1	603926	604043	118	0.847457627118644	True	84.0		intact_called	target=ASG_3-4860; region_start=97264; region_end=97381; region_len=118; strand=-; call_start=97264; call_end=97381	ASG_3-4860	97264.0	97381.0	97264.0	97381.0	84.0	0.0	homozygous	no
ASG	cen|CASBNB010000005.1|345353	centromere	CASBNB010000005.1	345353	345470	118	0.8813559322033898	True	84.0		intact_called	target=ASG_3-4867; region_start=29816; region_end=29933; region_len=118; strand=+; call_start=29816; call_end=29933	ASG_3-4867	29816.0	29933.0	29816.0	29933.0	84.0	0.0	homozygous	no
ASG	cen|CASBNB010000016.1|541211	centromere	CASBNB010000016.1	541211	541328	118	0.8813559322033898	True	84.0		intact_called	target=ASG_3-4634; region_start=172025; region_end=172142; region_len=118; strand=+; call_start=172025; call_end=172142	ASG_3-4634	172025.0	172142.0	172025.0	172142.0	84.0	0.0	homozygous	no
ASG	cen|CASBNB010000009.1|100928	centromere	CASBNB010000009.1	100928	101046	119	0.865546218487395	True	85.0		intact_called	target=ASG_3-4844; region_start=10776; region_end=10894; region_len=119; strand=-; call_start=10776; call_end=10894	ASG_3-4844	10776.0	10894.0	10776.0	10894.0	85.0	0.0	homozygous	no
ASG	cen|CASBNB010000003.1|108375	centromere	CASBNB010000003.1	108375	108492	118	0.864406779661017	True	84.0		intact_called	target=ASG_3-4821; region_start=53751; region_end=53868; region_len=118; strand=-; call_start=53751; call_end=53868	ASG_3-4821	53751.0	53868.0	53751.0	53868.0	84.0	0.0	homozygous	no
ASG	cen|CASBNB010000002.1|219951	centromere	CASBNB010000002.1	219951	220068	118	0.8728813559322034	True	84.0		intact_called	target=ASG_3-4848; region_start=56942; region_end=57059; region_len=118; strand=-; call_start=56942; call_end=57059	ASG_3-4848	56942.0	57059.0	56942.0	57059.0	84.0	0.0	homozygous	no
ASG	cen|CASBNB010000006.1|140048	centromere	CASBNB010000006.1	140048	140166	119	0.8487394957983193	True	85.0		intact_called	target=ASG_3-4877; region_start=55257; region_end=55375; region_len=119; strand=-; call_start=55257; call_end=55375	ASG_3-4877	55257.0	55375.0	55257.0	55375.0	85.0	0.0	homozygous	no
ASG	cen|CASBNB010000007.1|124378	centromere	CASBNB010000007.1	124378	124495	118	0.8389830508474576	True	84.0		intact_called	target=ASG_3-4861; region_start=56176; region_end=56293; region_len=118; strand=-; call_start=56176; call_end=56293	ASG_3-4861	56176.0	56293.0	56176.0	56293.0	84.0	0.0	homozygous	no
ASG	cen|CASBNB010000015.1|333624	centromere	CASBNB010000015.1	333624	333743	120	0.85	True	86.0		intact_called	target=ASG_3-4862; region_start=161500; region_end=161619; region_len=120; strand=-; call_start=161500; call_end=161619	ASG_3-4862	161500.0	161619.0	161500.0	161619.0	86.0	0.0	homozygous	no
ASG	cen|CASBNB010000004.1|448763	centromere	CASBNB010000004.1	448763	448882	120	0.85	True	86.0		intact_called	target=ASG_3-4590; region_start=221065; region_end=221184; region_len=120; strand=+; call_start=221065; call_end=221184	ASG_3-4590	221065.0	221184.0	221065.0	221184.0	86.0	0.0	homozygous	no
ASG	cen|CASBNB010000001.1|149165	centromere	CASBNB010000001.1	149165	149283	119	0.8403361344537815	True	85.0		intact_called	target=ASG_3-4838; region_start=46724; region_end=46842; region_len=119; strand=-; call_start=46724; call_end=46842	ASG_3-4838	46724.0	46842.0	46724.0	46842.0	85.0	0.0	homozygous	no
ASG	cen|CASBNB010000013.1|257091	centromere	CASBNB010000013.1	257091	257208	118	0.8050847457627118	True	84.0		intact_called	target=ASG_3-4853; region_start=320777; region_end=320894; region_len=118; strand=-; call_start=320777; call_end=320894	ASG_3-4853	320777.0	320894.0	320777.0	320894.0	84.0	0.0	homozygous	no
ASN	cen|CASBNI010000010.1|434001	centromere	CASBNI010000010.1	434001	434117	117	0.8547008547008547	True	83.0		intact_called	target=ASN_8-20427; region_start=11865; region_end=11980; region_len=116; strand=+; call_start=11864; call_end=11980	ASN_8-20427	11865.0	11980.0	11864.0	11980.0	83.0	0.0	heterozygous	no
ASN	cen|CASBNI010000012.1|141008	centromere	CASBNI010000012.1	141008	141128	121	0.8760330578512396	True	87.0		intact_called	target=ASN_8-20893; region_start=55448; region_end=55592; region_len=145; strand=+; call_start=55448; call_end=55568	ASN_8-20893	55448.0	55592.0	55448.0	55568.0	87.0	0.0	heterozygous	no
ASN	cen|CASBNI010000014.1|649533	centromere	CASBNI010000014.1	649533	649650	118	0.847457627118644	True	84.0		intact_called	target=ASN_8-20746; region_start=3032; region_end=3149; region_len=118; strand=-; call_start=3032; call_end=3149	ASN_8-20746	3032.0	3149.0	3032.0	3149.0	84.0	0.0	heterozygous	no
ASN	cen|CASBNI010000011.1|436914	centromere	CASBNI010000011.1	436914	437031	118	0.864406779661017	True	84.0		intact_called	target=ASN_8-19929; region_start=17746; region_end=17865; region_len=120; strand=-; call_start=17746; call_end=17864	ASN_8-19929	17746.0	17865.0	17746.0	17864.0	85.0	1.0	heterozygous	no
ASN	cen|CASBNI010000016.1|567646	centromere	CASBNI010000016.1	567646	567763	118	0.8813559322033898	True	84.0		intact_called	target=ASN_8-20815; region_start=30480; region_end=30597; region_len=118; strand=+; call_start=30480; call_end=30597	ASN_8-20815	30480.0	30597.0	30480.0	30597.0	84.0	0.0	heterozygous	no
ASN	cen|CASBNI010000005.1|348736	centromere	CASBNI010000005.1	348736	348848	113	0.8761061946902655	True	79.0		intact_called	target=ASN_8-20914; region_start=30172; region_end=30290; region_len=119; strand=+; call_start=30172; call_end=30290	ASN_8-20914	30172.0	30290.0	30172.0	30290.0	85.0	6.0	heterozygous	no
ASN	cen|CASBNI010000006.1|98885	centromere	CASBNI010000006.1	98885	99001	117	0.8461538461538461	True	83.0		intact_called	target=ASN_8-20911; region_start=51459; region_end=51596; region_len=138; strand=+; call_start=51459; call_end=51575	ASN_8-20911	51459.0	51596.0	51459.0	51575.0	83.0	0.0	heterozygous	no
ASN	cen|CASBNI010000004.1|451391	centromere	CASBNI010000004.1	451391	451506	116	0.8620689655172413	True	82.0		absent	reason=neither flank placed								heterozygous	chromosome not identified
ASN	cen|CASBNI010000002.1|289463	centromere	CASBNI010000002.1	289463	289580	118	0.8728813559322034	True	84.0		intact_called	target=ASN_8-20785; region_start=34282; region_end=34399; region_len=118; strand=+; call_start=34282; call_end=34399	ASN_8-20785	34282.0	34399.0	34282.0	34399.0	84.0	0.0	heterozygous	no
ASN	cen|CASBNI010000009.1|94068	centromere	CASBNI010000009.1	94068	94185	118	0.8559322033898306	True	84.0		intact_called	target=ASN_8-20262; region_start=10705; region_end=10823; region_len=119; strand=-; call_start=10705; call_end=10823	ASN_8-20262	10705.0	10823.0	10705.0	10823.0	85.0	1.0	heterozygous	no
ASN	cen|CASBNI010000008.1|388399	centromere	CASBNI010000008.1	388399	388516	118	0.8559322033898306	True	84.0		intact_called	target=ASN_8-20767; region_start=54594; region_end=54715; region_len=122; strand=-; call_start=54595; call_end=54715	ASN_8-20767	54594.0	54715.0	54595.0	54715.0	87.0	3.0	heterozygous	no
ASN	cen|CASBNI010000007.1|135351	centromere	CASBNI010000007.1	135351	135470	120	0.8333333333333334	True	86.0		intact_called	target=ASN_8-20789; region_start=9607; region_end=9745; region_len=139; strand=-; call_start=9607; call_end=9725	ASN_8-20789	9607.0	9745.0	9607.0	9725.0	85.0	-1.0	heterozygous	no
ASN	cen|CASBNI010000015.1|312061	centromere	CASBNI010000015.1	312061	312178	118	0.8389830508474576	True	84.0		intact_called	target=ASN_8-20910; region_start=19481; region_end=19600; region_len=120; strand=-; call_start=19481; call_end=19600	ASN_8-20910	19481.0	19600.0	19481.0	19600.0	86.0	2.0	heterozygous	no
ASN	cen|CASBNI010000003.1|101396	centromere	CASBNI010000003.1	101396	101508	113	0.831858407079646	True	79.0		split	reason=one flank placed; placed_on=ASN_8-20656								heterozygous	chromosome not identified
ASN	cen|CASBNI010000013.1|256815	centromere	CASBNI010000013.1	256815	256931	117	0.811965811965812	True	83.0		intact_called	target=ASN_8-20808; region_start=98538; region_end=98654; region_len=117; strand=-; call_start=98538; call_end=98654	ASN_8-20808	98538.0	98654.0	98538.0	98654.0	83.0	0.0	heterozygous	no
ASN	cen|CASBNI010000001.1|126368	centromere	CASBNI010000001.1	126368	126486	119	0.8235294117647058	True	85.0		intact_called	target=ASN_8-20816; region_start=10098; region_end=10216; region_len=119; strand=+; call_start=10098; call_end=10216	ASN_8-20816	10098.0	10216.0	10098.0	10216.0	85.0	0.0	heterozygous	no
ATV	cen|CASBMT010000010.1|450176	centromere	CASBMT010000010.1	450176	450294	119	0.865546218487395	True	85.0		intact_called	target=ATV_5-44186; region_start=17275; region_end=17393; region_len=119; strand=-; call_start=17275; call_end=17393	ATV_5-44186	17275.0	17393.0	17275.0	17393.0	85.0	0.0	heterozygous	no
ATV	cen|CASBMT010000011.1|464178	centromere	CASBMT010000011.1	464178	464296	119	0.865546218487395	True	85.0		intact_called	target=ATV_5-44205; region_start=17736; region_end=17854; region_len=119; strand=-; call_start=17736; call_end=17854	ATV_5-44205	17736.0	17854.0	17736.0	17854.0	85.0	0.0	heterozygous	no
ATV	cen|CASBMT010000012.1|151283	centromere	CASBMT010000012.1	151283	151403	121	0.8760330578512396	True	87.0		intact_called	target=ATV_5-44123; region_start=35987; region_end=36126; region_len=140; strand=+; call_start=35998; call_end=36118	ATV_5-44123	35987.0	36126.0	35998.0	36118.0	87.0	0.0	heterozygous	no
ATV	cen|CASBMT010000008.1|517656	centromere	CASBMT010000008.1	517656	517777	122	0.8524590163934426	True	88.0		intact_called	target=ATV_5-44300; region_start=61436; region_end=61555; region_len=120; strand=+; call_start=61436; call_end=61555	ATV_5-44300	61436.0	61555.0	61436.0	61555.0	86.0	-2.0	heterozygous	no
ATV	cen|CASBMT010000005.1|385844	centromere	CASBMT010000005.1	385844	385961	118	0.8813559322033898	True	84.0		n_run	target=ATV_5-44141; region_start=6666; region_end=6828; region_len=163; strand=-	ATV_5-44141	6666.0	6828.0					heterozygous	chromosome not identified
ATV	cen|CASBMT010000014.1|613623	centromere	CASBMT010000014.1	613623	613741	119	0.8487394957983193	True	85.0		intact_called	target=ATV_5-44177; region_start=2906; region_end=3024; region_len=119; strand=-; call_start=2906; call_end=3024	ATV_5-44177	2906.0	3024.0	2906.0	3024.0	85.0	0.0	heterozygous	no
ATV	cen|CASBMT010000006.1|156752	centromere	CASBMT010000006.1	156752	156870	119	0.8571428571428571	True	85.0		intact_called	target=ATV_5-44242; region_start=35501; region_end=35619; region_len=119; strand=-; call_start=35501; call_end=35619	ATV_5-44242	35501.0	35619.0	35501.0	35619.0	85.0	0.0	heterozygous	no
ATV	cen|CASBMT010000004.1|453312	centromere	CASBMT010000004.1	453312	453430	119	0.865546218487395	True	85.0		intact_called	target=ATV_5-44054; region_start=5607; region_end=5858; region_len=252; strand=+; call_start=5706; call_end=5825	ATV_5-44054	5607.0	5858.0	5706.0	5825.0	86.0	1.0	heterozygous	no
ATV	cen|CASBMT010000009.1|95897	centromere	CASBMT010000009.1	95897	96015	119	0.865546218487395	True	85.0		intact_called	target=ATV_5-44236; region_start=10668; region_end=10786; region_len=119; strand=+; call_start=10668; call_end=10786	ATV_5-44236	10668.0	10786.0	10668.0	10786.0	85.0	0.0	heterozygous	no
ATV	cen|CASBMT010000007.1|128700	centromere	CASBMT010000007.1	128700	128818	119	0.8487394957983193	True	85.0		absent	reason=neither flank placed								heterozygous	no
ATV	cen|CASBMT010000016.1|545960	centromere	CASBMT010000016.1	545960	546077	118	0.8728813559322034	True	84.0		intact_called	target=ATV_5-43983; region_start=120470; region_end=120587; region_len=118; strand=+; call_start=120470; call_end=120587	ATV_5-43983	120470.0	120587.0	120470.0	120587.0	84.0	0.0	heterozygous	no
ATV	cen|CASBMT010000002.1|225358	centromere	CASBMT010000002.1	225358	225475	118	0.8728813559322034	True	84.0		intact_called	target=ATV_5-44109; region_start=21055; region_end=21172; region_len=118; strand=-; call_start=21055; call_end=21172	ATV_5-44109	21055.0	21172.0	21055.0	21172.0	84.0	0.0	heterozygous	yes
ATV	cen|CASBMT010000015.1|322246	centromere	CASBMT010000015.1	322246	322365	120	0.85	True	86.0		split	reason=one flank placed; placed_on=ATV_5-44164								heterozygous	yes
ATV	cen|CASBMT010000003.1|108643	centromere	CASBMT010000003.1	108643	108760	118	0.847457627118644	True	84.0		split	reason=one flank placed; placed_on=ATV_5-44230								heterozygous	chromosome not identified
ATV	cen|CASBMT010000001.1|143155	centromere	CASBMT010000001.1	143155	143273	119	0.8403361344537815	True	85.0		split	reason=one flank placed; placed_on=ATV_5-44154								heterozygous	no
ATV	cen|CASBMT010000013.1|256424	centromere	CASBMT010000013.1	256424	256541	118	0.7966101694915254	True	84.0		intact_called	target=ATV_5-44031; region_start=80331; region_end=80524; region_len=194; strand=-; call_start=80351; call_end=80468	ATV_5-44031	80331.0	80524.0	80351.0	80468.0	84.0	0.0	heterozygous	yes
AVB	cen|CASBMG010000010.1|448345	centromere	CASBMG010000010.1	448345	448462	118	0.864406779661017	True	84.0		intact_called	target=AVB_8-7937; region_start=20437; region_end=20554; region_len=118; strand=+; call_start=20437; call_end=20554	AVB_8-7937	20437.0	20554.0	20437.0	20554.0	84.0	0.0	homozygous	no
AVB	cen|CASBMG010000011.1|451598	centromere	CASBMG010000011.1	451598	451716	119	0.865546218487395	True	85.0		intact_called	target=AVB_8-7831; region_start=60847; region_end=60965; region_len=119; strand=+; call_start=60847; call_end=60965	AVB_8-7831	60847.0	60965.0	60847.0	60965.0	85.0	0.0	homozygous	no
AVB	cen|CASBMG010000009.1|671714	centromere	CASBMG010000009.1	671714	671835	122	0.8524590163934426	True	88.0		intact_called	target=AVB_8-7988; region_start=58515; region_end=58636; region_len=122; strand=-; call_start=58515; call_end=58636	AVB_8-7988	58515.0	58636.0	58515.0	58636.0	88.0	0.0	homozygous	no
AVB	cen|CASBMG010000014.1|603547	centromere	CASBMG010000014.1	603547	603665	119	0.8487394957983193	True	85.0		intact_called	target=AVB_8-7883; region_start=30627; region_end=30745; region_len=119; strand=+; call_start=30627; call_end=30745	AVB_8-7883	30627.0	30745.0	30627.0	30745.0	85.0	0.0	homozygous	no
AVB	cen|CASBMG010000005.1|355164	centromere	CASBMG010000005.1	355164	355281	118	0.8813559322033898	True	84.0		intact_called	target=AVB_8-8023; region_start=331342; region_end=331459; region_len=118; strand=+; call_start=331342; call_end=331459	AVB_8-8023	331342.0	331459.0	331342.0	331459.0	84.0	0.0	homozygous	no
AVB	cen|CASBMG010000016.1|571106	centromere	CASBMG010000016.1	571106	571223	118	0.8813559322033898	True	84.0		intact_called	target=AVB_8-8040; region_start=171974; region_end=172091; region_len=118; strand=+; call_start=171974; call_end=172091	AVB_8-8040	171974.0	172091.0	171974.0	172091.0	84.0	0.0	homozygous	no
AVB	cen|CASBMG010000013.1|140522	centromere	CASBMG010000013.1	140522	140642	121	0.8677685950413223	True	87.0		intact_called	target=AVB_8-8046; region_start=51591; region_end=51711; region_len=121; strand=-; call_start=51591; call_end=51711	AVB_8-8046	51591.0	51711.0	51591.0	51711.0	87.0	0.0	homozygous	no
AVB	cen|CASBMG010000007.1|123494	centromere	CASBMG010000007.1	123494	123612	119	0.8487394957983193	True	85.0		intact_called	target=AVB_8-8028; region_start=40405; region_end=40523; region_len=119; strand=+; call_start=40405; call_end=40523	AVB_8-8028	40405.0	40523.0	40405.0	40523.0	85.0	0.0	homozygous	no
AVB	cen|CASBMG010000003.1|113717	centromere	CASBMG010000003.1	113717	113834	118	0.864406779661017	True	84.0		intact_called	target=AVB_8-8044; region_start=23469; region_end=23586; region_len=118; strand=+; call_start=23469; call_end=23586	AVB_8-8044	23469.0	23586.0	23469.0	23586.0	84.0	0.0	homozygous	no
AVB	cen|CASBMG010000002.1|219806	centromere	CASBMG010000002.1	219806	219923	118	0.8728813559322034	True	84.0		intact_called	target=AVB_8-7990; region_start=57124; region_end=57241; region_len=118; strand=-; call_start=57124; call_end=57241	AVB_8-7990	57124.0	57241.0	57124.0	57241.0	84.0	0.0	homozygous	no
AVB	cen|CASBMG010000006.1|160217	centromere	CASBMG010000006.1	160217	160335	119	0.8487394957983193	True	85.0		intact_called	target=AVB_8-8054; region_start=34009; region_end=34127; region_len=119; strand=+; call_start=34009; call_end=34127	AVB_8-8054	34009.0	34127.0	34009.0	34127.0	85.0	0.0	homozygous	no
AVB	cen|CASBMG010000004.1|444662	centromere	CASBMG010000004.1	444662	444781	120	0.85	True	86.0		intact_called	target=AVB_8-8038; region_start=23136; region_end=23255; region_len=120; strand=-; call_start=23136; call_end=23255	AVB_8-8038	23136.0	23255.0	23136.0	23255.0	86.0	0.0	homozygous	no
AVB	cen|CASBMG010000015.1|328323	centromere	CASBMG010000015.1	328323	328442	120	0.8416666666666667	True	86.0		intact_called	target=AVB_8-7969; region_start=166964; region_end=167083; region_len=120; strand=+; call_start=166964; call_end=167083	AVB_8-7969	166964.0	167083.0	166964.0	167083.0	86.0	0.0	homozygous	no
AVB	cen|CASBMG010000001.1|137505	centromere	CASBMG010000001.1	137505	137623	119	0.8403361344537815	True	85.0		intact_called	target=AVB_8-7956; region_start=11703; region_end=11821; region_len=119; strand=+; call_start=11703; call_end=11821	AVB_8-7956	11703.0	11821.0	11703.0	11821.0	85.0	0.0	homozygous	no
AVB	cen|CASBMG010000012.1|256441	centromere	CASBMG010000012.1	256441	256558	118	0.8135593220338984	True	84.0		intact_called	target=AVB_8-8051; region_start=124290; region_end=124407; region_len=118; strand=+; call_start=124290; call_end=124407	AVB_8-8051	124290.0	124407.0	124290.0	124407.0	84.0	0.0	homozygous	no
AVB	cen|CASBMG010000008.1|99751	centromere	CASBMG010000008.1	99751	99869	119	0.8319327731092437	True	85.0		intact_called	target=AVB_8-7893; region_start=10786; region_end=10904; region_len=119; strand=-; call_start=10786; call_end=10904	AVB_8-7893	10786.0	10904.0	10786.0	10904.0	85.0	0.0	homozygous	no
AVN	cen|CASBMP010000010.1|433428	centromere	CASBMP010000010.1	433428	433544	117	0.8717948717948718	True	83.0		split	reason=one flank placed; placed_on=AVN_5-42076								heterozygous	chromosome not identified
AVN	cen|CASBMP010000011.1|444416	centromere	CASBMP010000011.1	444416	444534	119	0.8739495798319328	True	85.0		split	reason=flanks on different sequences								heterozygous	chromosome not identified
AVN	cen|CASBMP010000004.1|461418	centromere	CASBMP010000004.1	461418	461536	119	0.8739495798319328	True	85.0		split	reason=flanks on different sequences								heterozygous	chromosome not identified
AVN	cen|CASBMP010000012.1|142738	centromere	CASBMP010000012.1	142738	142858	121	0.8760330578512396	True	87.0		intact_called	target=AVN_5-42055; region_start=35121; region_end=35241; region_len=121; strand=+; call_start=35121; call_end=35241	AVN_5-42055	35121.0	35241.0	35121.0	35241.0	87.0	0.0	heterozygous	no
AVN	cen|CASBMP010000008.1|494079	centromere	CASBMP010000008.1	494079	494200	122	0.8524590163934426	True	88.0		intact_called	target=AVN_5-42031; region_start=42766; region_end=42884; region_len=119; strand=-; call_start=42766; call_end=42884	AVN_5-42031	42766.0	42884.0	42766.0	42884.0	85.0	-3.0	heterozygous	no
AVN	cen|CASBMP010000016.1|541892	centromere	CASBMP010000016.1	541892	542008	117	0.8803418803418803	True	83.0		absent	reason=neither flank placed								heterozygous	chromosome not identified
AVN	cen|CASBMP010000006.1|150476	centromere	CASBMP010000006.1	150476	150594	119	0.8571428571428571	True	85.0		split	reason=flanks on different sequences								heterozygous	chromosome not identified
AVN	cen|CASBMP010000014.1|625913	centromere	CASBMP010000014.1	625913	626031	119	0.8403361344537815	True	85.0		intact_called	target=AVN_5-42187; region_start=29438; region_end=29556; region_len=119; strand=+; call_start=29438; call_end=29556	AVN_5-42187	29438.0	29556.0	29438.0	29556.0	85.0	0.0	heterozygous	yes
AVN	cen|CASBMP010000005.1|366402	centromere	CASBMP010000005.1	366402	366519	118	0.8728813559322034	True	84.0		split	reason=one flank placed; placed_on=AVN_5-42253								heterozygous	chromosome not identified
AVN	cen|CASBMP010000003.1|110249	centromere	CASBMP010000003.1	110249	110366	118	0.864406779661017	True	84.0		split	reason=one flank placed; placed_on=AVN_5-42332								heterozygous	chromosome not identified
AVN	cen|CASBMP010000015.1|293793	centromere	CASBMP010000015.1	293793	293913	121	0.8512396694214877	True	87.0		intact_called	target=AVN_5-42150; region_start=90329; region_end=90449; region_len=121; strand=+; call_start=90329; call_end=90449	AVN_5-42150	90329.0	90449.0	90329.0	90449.0	87.0	0.0	heterozygous	no
AVN	cen|CASBMP010000002.1|225064	centromere	CASBMP010000002.1	225064	225181	118	0.864406779661017	True	84.0		intact_called	target=AVN_5-42231; region_start=33841; region_end=33958; region_len=118; strand=+; call_start=33841; call_end=33958	AVN_5-42231	33841.0	33958.0	33841.0	33958.0	84.0	0.0	heterozygous	no
AVN	cen|CASBMP010000007.1|130710	centromere	CASBMP010000007.1	130710	130828	119	0.8319327731092437	True	85.0		absent	reason=neither flank placed								heterozygous	chromosome not identified
AVN	cen|CASBMP010000009.1|94431	centromere	CASBMP010000009.1	94431	94549	119	0.8403361344537815	True	85.0		absent	reason=neither flank placed								heterozygous	chromosome not identified
AVN	cen|CASBMP010000001.1|143115	centromere	CASBMP010000001.1	143115	143233	119	0.8403361344537815	True	85.0		split	reason=flanks on different sequences								heterozygous	chromosome not identified
AVN	cen|CASBMP010000013.1|256190	centromere	CASBMP010000013.1	256190	256309	120	0.7916666666666666	True	86.0		n_run	target=AVN_5-42212; region_start=43718; region_end=43837; region_len=120; strand=-	AVN_5-42212	43718.0	43837.0					heterozygous	chromosome not identified
BAD	cen|CASBOY010000007.1|140693	centromere	CASBOY010000007.1	140693	140811	119	0.8739495798319328	True	85.0		intact_called	target=BAD_8-17220; region_start=25125; region_end=25243; region_len=119; strand=+; call_start=25125; call_end=25243	BAD_8-17220	25125.0	25243.0	25125.0	25243.0	85.0	0.0	heterozygous	no
BAD	cen|CASBOY010000011.1|453124	centromere	CASBOY010000011.1	453124	453242	119	0.8739495798319328	True	85.0		intact_called	target=BAD_8-17128; region_start=59072; region_end=59190; region_len=119; strand=+; call_start=59072; call_end=59190	BAD_8-17128	59072.0	59190.0	59072.0	59190.0	85.0	0.0	heterozygous	no
BAD	cen|CASBOY010000012.1|157796	centromere	CASBOY010000012.1	157796	157915	120	0.8833333333333333	True	86.0		split	reason=flanks on different sequences								heterozygous	yes
BAD	cen|CASBOY010000002.1|234272	centromere	CASBOY010000002.1	234272	234389	118	0.8898305084745762	True	84.0		intact_called	target=BAD_8-17201; region_start=56535; region_end=56652; region_len=118; strand=-; call_start=56535; call_end=56652	BAD_8-17201	56535.0	56652.0	56535.0	56652.0	84.0	0.0	heterozygous	no
BAD	cen|CASBOY010000010.1|444176	centromere	CASBOY010000010.1	444176	444293	118	0.864406779661017	True	84.0		intact_called	target=BAD_8-16941; region_start=11870; region_end=11987; region_len=118; strand=+; call_start=11870; call_end=11987	BAD_8-16941	11870.0	11987.0	11870.0	11987.0	84.0	0.0	heterozygous	no
BAD	cen|CASBOY010000008.1|497856	centromere	CASBOY010000008.1	497856	497976	121	0.8512396694214877	True	87.0		intact_called	target=BAD_8-17224; region_start=34695; region_end=34835; region_len=141; strand=-; call_start=34707; call_end=34825	BAD_8-17224	34695.0	34835.0	34707.0	34825.0	85.0	-2.0	heterozygous	no
BAD	cen|CASBOY010000016.1|550113	centromere	CASBOY010000016.1	550113	550229	117	0.8803418803418803	True	83.0		intact_called	target=BAD_8-17223; region_start=172502; region_end=172619; region_len=118; strand=+; call_start=172502; call_end=172619	BAD_8-17223	172502.0	172619.0	172502.0	172619.0	84.0	1.0	heterozygous	no
BAD	cen|CASBOY010000006.1|156019	centromere	CASBOY010000006.1	156019	156137	119	0.8571428571428571	True	85.0		absent	reason=neither flank placed								heterozygous	no
BAD	cen|CASBOY010000005.1|352238	centromere	CASBOY010000005.1	352238	352355	118	0.8728813559322034	True	84.0		intact_called	target=BAD_8-17191; region_start=30637; region_end=30754; region_len=118; strand=+; call_start=30637; call_end=30754	BAD_8-17191	30637.0	30754.0	30637.0	30754.0	84.0	0.0	heterozygous	no
BAD	cen|CASBOY010000003.1|114578	centromere	CASBOY010000003.1	114578	114696	119	0.865546218487395	True	85.0		intact_called	target=BAD_8-17080; region_start=23488; region_end=23606; region_len=119; strand=+; call_start=23488; call_end=23606	BAD_8-17080	23488.0	23606.0	23488.0	23606.0	85.0	0.0	heterozygous	no
BAD	cen|CASBOY010000014.1|619466	centromere	CASBOY010000014.1	619466	619583	118	0.8305084745762712	True	84.0		intact_called	target=BAD_8-17146; region_start=26456; region_end=26573; region_len=118; strand=+; call_start=26456; call_end=26573	BAD_8-17146	26456.0	26573.0	26456.0	26573.0	84.0	0.0	heterozygous	no
BAD	cen|CASBOY010000015.1|324730	centromere	CASBOY010000015.1	324730	324849	120	0.85	True	86.0		n_run	target=BAD_8-17208; region_start=18561; region_end=18718; region_len=158; strand=-	BAD_8-17208	18561.0	18718.0					heterozygous	chromosome not identified
BAD	cen|CASBOY010000004.1|454449	centromere	CASBOY010000004.1	454449	454568	120	0.85	True	86.0		n_run	target=BAD_8-17170; region_start=22738; region_end=22833; region_len=96; strand=-	BAD_8-17170	22738.0	22833.0					heterozygous	chromosome not identified
BAD	cen|CASBOY010000009.1|95724	centromere	CASBOY010000009.1	95724	95842	119	0.8403361344537815	True	85.0		split	reason=one flank placed; placed_on=BAD_8-17206								heterozygous	no
BAD	cen|CASBOY010000001.1|144394	centromere	CASBOY010000001.1	144394	144512	119	0.8319327731092437	True	85.0		intact_called	target=BAD_8-17188; region_start=26327; region_end=26445; region_len=119; strand=-; call_start=26327; call_end=26445	BAD_8-17188	26327.0	26445.0	26327.0	26445.0	85.0	0.0	heterozygous	no
BAD	cen|CASBOY010000013.1|257261	centromere	CASBOY010000013.1	257261	257379	119	0.7983193277310925	True	85.0		absent	reason=neither flank placed								heterozygous	chromosome not identified
BAF	cen|CASBNO010000008.1|164197	centromere	CASBNO010000008.1	164197	164315	119	0.8739495798319328	True	85.0		intact_called	target=BAF_6-18333; region_start=32632; region_end=32750; region_len=119; strand=-; call_start=32632; call_end=32750	BAF_6-18333	32632.0	32750.0	32632.0	32750.0	85.0	0.0	heterozygous	no
BAF	cen|CASBNO010000012.1|447599	centromere	CASBNO010000012.1	447599	447717	119	0.8739495798319328	True	85.0		intact_called	target=BAF_6-18288; region_start=114167; region_end=114285; region_len=119; strand=-; call_start=114167; call_end=114285	BAF_6-18288	114167.0	114285.0	114167.0	114285.0	85.0	0.0	heterozygous	no
BAF	cen|CASBNO010000013.1|146458	centromere	CASBNO010000013.1	146458	146577	120	0.8833333333333333	True	86.0		intact_called	target=BAF_6-18274; region_start=166539; region_end=166658; region_len=120; strand=-; call_start=166539; call_end=166658	BAF_6-18274	166539.0	166658.0	166539.0	166658.0	86.0	0.0	heterozygous	no
BAF	cen|CASBNO010000011.1|440066	centromere	CASBNO010000011.1	440066	440183	118	0.864406779661017	True	84.0		intact_called	target=BAF_6-18357; region_start=17329; region_end=17446; region_len=118; strand=-; call_start=17329; call_end=17446	BAF_6-18357	17329.0	17446.0	17329.0	17446.0	84.0	0.0	heterozygous	no
BAF	cen|CASBNO010000009.1|505615	centromere	CASBNO010000009.1	505615	505735	121	0.8512396694214877	True	87.0		intact_called	target=BAF_6-18348; region_start=73663; region_end=73783; region_len=121; strand=+; call_start=73663; call_end=73783	BAF_6-18348	73663.0	73783.0	73663.0	73783.0	87.0	0.0	heterozygous	no
BAF	cen|CASBNO010000017.1|539518	centromere	CASBNO010000017.1	539518	539635	118	0.8728813559322034	True	84.0		intact_called	target=BAF_6-18310; region_start=145219; region_end=145336; region_len=118; strand=-; call_start=145219; call_end=145336	BAF_6-18310	145219.0	145336.0	145219.0	145336.0	84.0	0.0	heterozygous	no
BAF	cen|CASBNO010000003.1|115306	centromere	CASBNO010000003.1	115306	115423	118	0.864406779661017	True	84.0		intact_called	target=BAF_6-18276; region_start=8974; region_end=9105; region_len=132; strand=-; call_start=8974; call_end=9091	BAF_6-18276	8974.0	9105.0	8974.0	9091.0	84.0	0.0	heterozygous	no
BAF	cen|CASBNO010000015.1|16069	centromere	CASBNO010000015.1	16069	16187	119	0.8319327731092437	True	85.0		intact_called	target=BAF_6-18280; region_start=3034; region_end=3151; region_len=118; strand=-; call_start=3034; call_end=3151	BAF_6-18280	3034.0	3151.0	3034.0	3151.0	84.0	-1.0	heterozygous	no
BAF	cen|CASBNO010000006.1|332283	centromere	CASBNO010000006.1	332283	332400	118	0.8305084745762712	True	84.0		intact_called	target=BAF_6-18280; region_start=3034; region_end=3151; region_len=118; strand=+; call_start=3034; call_end=3151	BAF_6-18280	3034.0	3151.0	3034.0	3151.0	84.0	0.0	heterozygous	no
BAF	cen|CASBNO010000005.1|60810	centromere	CASBNO010000005.1	60810	60927	118	0.864406779661017	True	84.0		intact_called	target=BAF_6-17780; region_start=19114; region_end=19247; region_len=134; strand=+; call_start=19130; call_end=19247	BAF_6-17780	19114.0	19247.0	19130.0	19247.0	84.0	0.0	heterozygous	no
BAF	cen|CASBNO010000016.1|324970	centromere	CASBNO010000016.1	324970	325089	120	0.85	True	86.0		intact_called	target=BAF_6-18361; region_start=111066; region_end=111185; region_len=120; strand=-; call_start=111066; call_end=111185	BAF_6-18361	111066.0	111185.0	111066.0	111185.0	86.0	0.0	heterozygous	no
BAF	cen|CASBNO010000004.1|474729	centromere	CASBNO010000004.1	474729	474848	120	0.85	True	86.0		intact_called	target=BAF_6-18296; region_start=22742; region_end=22861; region_len=120; strand=-; call_start=22742; call_end=22861	BAF_6-18296	22742.0	22861.0	22742.0	22861.0	86.0	0.0	heterozygous	no
BAF	cen|CASBNO010000007.1|156049	centromere	CASBNO010000007.1	156049	156167	119	0.8319327731092437	True	85.0		intact_called	target=BAF_6-18300; region_start=210684; region_end=210802; region_len=119; strand=-; call_start=210684; call_end=210802	BAF_6-18300	210684.0	210802.0	210684.0	210802.0	85.0	0.0	heterozygous	no
BAF	cen|CASBNO010000002.1|234944	centromere	CASBNO010000002.1	234944	235062	119	0.8571428571428571	True	85.0		intact_called	target=BAF_6-17854; region_start=10997; region_end=11114; region_len=118; strand=+; call_start=10997; call_end=11114	BAF_6-17854	10997.0	11114.0	10997.0	11114.0	84.0	-1.0	heterozygous	no
BAF	cen|CASBNO010000001.1|145903	centromere	CASBNO010000001.1	145903	146021	119	0.8319327731092437	True	85.0		intact_called	target=BAF_6-18013; region_start=11701; region_end=11819; region_len=119; strand=+; call_start=11701; call_end=11819	BAF_6-18013	11701.0	11819.0	11701.0	11819.0	85.0	0.0	heterozygous	no
BAF	cen|CASBNO010000010.1|94958	centromere	CASBNO010000010.1	94958	95076	119	0.8319327731092437	True	85.0		split	reason=one flank placed; placed_on=BAF_6-18207								heterozygous	no
BAF	cen|CASBNO010000014.1|258714	centromere	CASBNO010000014.1	258714	258834	121	0.8099173553719008	True	87.0		intact_called	target=BAF_6-18356; region_start=88733; region_end=88853; region_len=121; strand=-; call_start=88733; call_end=88853	BAF_6-18356	88733.0	88853.0	88733.0	88853.0	87.0	0.0	heterozygous	no
BAH	cen|CASBMK010000011.1|144161	centromere	CASBMK010000011.1	144161	144281	121	0.8925619834710744	True	87.0		intact_called	target=BAH_6-7536; region_start=17287; region_end=17407; region_len=121; strand=-; call_start=17287; call_end=17407	BAH_6-7536	17287.0	17407.0	17287.0	17407.0	87.0	0.0	homozygous	no
BAH	cen|CASBMK010000010.1|447187	centromere	CASBMK010000010.1	447187	447305	119	0.8823529411764706	True	85.0		intact_called	target=BAH_6-7541; region_start=17678; region_end=17796; region_len=119; strand=-; call_start=17678; call_end=17796	BAH_6-7541	17678.0	17796.0	17678.0	17796.0	85.0	0.0	homozygous	no
BAH	cen|CASBMK010000004.1|448472	centromere	CASBMK010000004.1	448472	448591	120	0.875	True	86.0		intact_called	target=BAH_6-7235; region_start=22959; region_end=23078; region_len=120; strand=-; call_start=22959; call_end=23078	BAH_6-7235	22959.0	23078.0	22959.0	23078.0	86.0	0.0	homozygous	no
BAH	cen|CASBMK010000002.1|227564	centromere	CASBMK010000002.1	227564	227681	118	0.864406779661017	True	84.0		intact_called	target=BAH_6-7360; region_start=11343; region_end=11460; region_len=118; strand=+; call_start=11343; call_end=11460	BAH_6-7360	11343.0	11460.0	11343.0	11460.0	84.0	0.0	homozygous	no
BAH	cen|CASBMK010000015.1|542873	centromere	CASBMK010000015.1	542873	542990	118	0.8813559322033898	True	84.0		intact_called	target=BAH_6-7524; region_start=113865; region_end=113982; region_len=118; strand=+; call_start=113865; call_end=113982	BAH_6-7524	113865.0	113982.0	113865.0	113982.0	84.0	0.0	homozygous	no
BAH	cen|CASBMK010000007.1|146402	centromere	CASBMK010000007.1	146402	146520	119	0.8487394957983193	True	85.0		intact_called	target=BAH_6-7483; region_start=24368; region_end=24486; region_len=119; strand=+; call_start=24368; call_end=24486	BAH_6-7483	24368.0	24486.0	24368.0	24486.0	85.0	0.0	homozygous	no
BAH	cen|CASBMK010000008.1|521374	centromere	CASBMK010000008.1	521374	521495	122	0.8442622950819673	True	88.0		intact_called	target=BAH_6-7528; region_start=92988; region_end=93109; region_len=122; strand=+; call_start=92988; call_end=93109	BAH_6-7528	92988.0	93109.0	92988.0	93109.0	88.0	0.0	homozygous	no
BAH	cen|CASBMK010000013.1|610828	centromere	CASBMK010000013.1	610828	610945	118	0.8389830508474576	True	84.0		intact_called	target=BAH_6-7353; region_start=3276; region_end=3393; region_len=118; strand=-; call_start=3276; call_end=3393	BAH_6-7353	3276.0	3393.0	3276.0	3393.0	84.0	0.0	homozygous	no
BAH	cen|CASBMK010000003.1|106121	centromere	CASBMK010000003.1	106121	106238	118	0.864406779661017	True	84.0		intact_called	target=BAH_6-7537; region_start=95074; region_end=95191; region_len=118; strand=+; call_start=95074; call_end=95191	BAH_6-7537	95074.0	95191.0	95074.0	95191.0	84.0	0.0	homozygous	no
BAH	cen|CASBMK010000016.1|137192	centromere	CASBMK010000016.1	137192	137310	119	0.8487394957983193	True	85.0		intact_called	target=BAH_6-7506; region_start=93539; region_end=93657; region_len=119; strand=-; call_start=93539; call_end=93657	BAH_6-7506	93539.0	93657.0	93539.0	93657.0	85.0	0.0	homozygous	no
BAH	cen|CASBMK010000014.1|322038	centromere	CASBMK010000014.1	322038	322156	119	0.8487394957983193	True	85.0		intact_called	target=BAH_6-7488; region_start=252223; region_end=252341; region_len=119; strand=-; call_start=252223; call_end=252341	BAH_6-7488	252223.0	252341.0	252223.0	252341.0	85.0	0.0	homozygous	no
BAH	cen|CASBMK010000006.1|161057	centromere	CASBMK010000006.1	161057	161176	120	0.8416666666666667	True	86.0		intact_called	target=BAH_6-7513; region_start=98198; region_end=98317; region_len=120; strand=-; call_start=98198; call_end=98317	BAH_6-7513	98198.0	98317.0	98198.0	98317.0	86.0	0.0	homozygous	no
BAH	cen|CASBMK010000009.1|101040	centromere	CASBMK010000009.1	101040	101158	119	0.8487394957983193	True	85.0		intact_called	target=BAH_6-7527; region_start=13843; region_end=13961; region_len=119; strand=+; call_start=13843; call_end=13961	BAH_6-7527	13843.0	13961.0	13843.0	13961.0	85.0	0.0	homozygous	no
BAH	cen|CASBMK010000001.1|142317	centromere	CASBMK010000001.1	142317	142435	119	0.8403361344537815	True	85.0		intact_called	target=BAH_6-7443; region_start=11681; region_end=11799; region_len=119; strand=+; call_start=11681; call_end=11799	BAH_6-7443	11681.0	11799.0	11681.0	11799.0	85.0	0.0	homozygous	no
BAH	cen|CASBMK010000005.1|360237	centromere	CASBMK010000005.1	360237	360354	118	0.847457627118644	True	84.0		intact_called	target=BAH_6-7525; region_start=35206; region_end=35323; region_len=118; strand=-; call_start=35206; call_end=35323	BAH_6-7525	35206.0	35323.0	35206.0	35323.0	84.0	0.0	homozygous	no
BAH	cen|CASBMK010000012.1|251830	centromere	CASBMK010000012.1	251830	251949	120	0.8	True	86.0		intact_called	target=BAH_6-7502; region_start=250838; region_end=250957; region_len=120; strand=+; call_start=250838; call_end=250957	BAH_6-7502	250838.0	250957.0	250838.0	250957.0	86.0	0.0	homozygous	no
BAM	cen|CASBMJ010000011.1|457737	centromere	CASBMJ010000011.1	457737	457855	119	0.865546218487395	True	85.0		intact_called	target=BAM_7-7261; region_start=125798; region_end=125916; region_len=119; strand=+; call_start=125798; call_end=125916	BAM_7-7261	125798.0	125916.0	125798.0	125916.0	85.0	0.0	homozygous	no
BAM	cen|CASBMJ010000009.1|524109	centromere	CASBMJ010000009.1	524109	524230	122	0.8524590163934426	True	88.0		intact_called	target=BAM_7-7220; region_start=59480; region_end=59601; region_len=122; strand=-; call_start=59480; call_end=59601	BAM_7-7220	59480.0	59601.0	59480.0	59601.0	88.0	0.0	homozygous	no
BAM	cen|CASBMJ010000014.1|628945	centromere	CASBMJ010000014.1	628945	629063	119	0.8487394957983193	True	85.0		intact_called	target=BAM_7-7176; region_start=30616; region_end=30734; region_len=119; strand=+; call_start=30616; call_end=30734	BAM_7-7176	30616.0	30734.0	30616.0	30734.0	85.0	0.0	homozygous	no
BAM	cen|CASBMJ010000010.1|449014	centromere	CASBMJ010000010.1	449014	449130	117	0.8547008547008547	True	83.0		intact_called	target=BAM_7-7207; region_start=21280; region_end=21396; region_len=117; strand=+; call_start=21280; call_end=21396	BAM_7-7207	21280.0	21396.0	21280.0	21396.0	83.0	0.0	homozygous	no
BAM	cen|CASBMJ010000002.1|248731	centromere	CASBMJ010000002.1	248731	248848	118	0.8813559322033898	True	84.0		intact_called	target=BAM_7-7254; region_start=34351; region_end=34468; region_len=118; strand=+; call_start=34351; call_end=34468	BAM_7-7254	34351.0	34468.0	34351.0	34468.0	84.0	0.0	homozygous	no
BAM	cen|CASBMJ010000012.1|145266	centromere	CASBMJ010000012.1	145266	145386	121	0.8677685950413223	True	87.0		intact_called	target=BAM_7-7242; region_start=137054; region_end=137174; region_len=121; strand=-; call_start=137054; call_end=137174	BAM_7-7242	137054.0	137174.0	137054.0	137174.0	87.0	0.0	homozygous	no
BAM	cen|CASBMJ010000016.1|548341	centromere	CASBMJ010000016.1	548341	548459	119	0.8823529411764706	True	85.0		intact_called	target=BAM_7-7257; region_start=171824; region_end=171942; region_len=119; strand=+; call_start=171824; call_end=171942	BAM_7-7257	171824.0	171942.0	171824.0	171942.0	85.0	0.0	homozygous	no
BAM	cen|CASBMJ010000007.1|166848	centromere	CASBMJ010000007.1	166848	166966	119	0.8403361344537815	True	85.0		intact_called	target=BAM_7-7044; region_start=4414; region_end=4532; region_len=119; strand=+; call_start=4414; call_end=4532	BAM_7-7044	4414.0	4532.0	4414.0	4532.0	85.0	0.0	homozygous	no
BAM	cen|CASBMJ010000006.1|152015	centromere	CASBMJ010000006.1	152015	152133	119	0.8487394957983193	True	85.0		intact_called	target=BAM_7-7201; region_start=97089; region_end=97207; region_len=119; strand=-; call_start=97089; call_end=97207	BAM_7-7201	97089.0	97207.0	97089.0	97207.0	85.0	0.0	homozygous	no
BAM	cen|CASBMJ010000003.1|114495	centromere	CASBMJ010000003.1	114495	114611	117	0.8632478632478633	True	83.0		intact_called	target=BAM_7-6879; region_start=23482; region_end=23598; region_len=117; strand=+; call_start=23482; call_end=23598	BAM_7-6879	23482.0	23598.0	23482.0	23598.0	83.0	0.0	homozygous	no
BAM	cen|CASBMJ010000004.1|428142	centromere	CASBMJ010000004.1	428142	428260	119	0.8571428571428571	True	85.0		intact_called	target=BAM_7-7172; region_start=7212; region_end=7330; region_len=119; strand=+; call_start=7212; call_end=7330	BAM_7-7172	7212.0	7330.0	7212.0	7330.0	85.0	0.0	homozygous	no
BAM	cen|CASBMJ010000005.1|353720	centromere	CASBMJ010000005.1	353720	353837	118	0.864406779661017	True	84.0		intact_called	target=BAM_7-7087; region_start=30642; region_end=30759; region_len=118; strand=+; call_start=30642; call_end=30759	BAM_7-7087	30642.0	30759.0	30642.0	30759.0	84.0	0.0	homozygous	no
BAM	cen|CASBMJ010000015.1|322430	centromere	CASBMJ010000015.1	322430	322548	119	0.8487394957983193	True	85.0		intact_called	target=BAM_7-6978; region_start=38516; region_end=38634; region_len=119; strand=+; call_start=38516; call_end=38634	BAM_7-6978	38516.0	38634.0	38516.0	38634.0	85.0	0.0	homozygous	no
BAM	cen|CASBMJ010000001.1|145531	centromere	CASBMJ010000001.1	145531	145649	119	0.8319327731092437	True	85.0		intact_called	target=BAM_7-7095; region_start=23411; region_end=23529; region_len=119; strand=-; call_start=23411; call_end=23529	BAM_7-7095	23411.0	23529.0	23411.0	23529.0	85.0	0.0	homozygous	no
BAM	cen|CASBMJ010000008.1|94582	centromere	CASBMJ010000008.1	94582	94700	119	0.8235294117647058	True	85.0		intact_called	target=BAM_7-7219; region_start=13694; region_end=13812; region_len=119; strand=+; call_start=13694; call_end=13812	BAM_7-7219	13694.0	13812.0	13694.0	13812.0	85.0	0.0	homozygous	no
BAM	cen|CASBMJ010000013.1|279897	centromere	CASBMJ010000013.1	279897	280014	118	0.8050847457627118	True	84.0		intact_called	target=BAM_7-6908; region_start=9043; region_end=9160; region_len=118; strand=+; call_start=9043; call_end=9160	BAM_7-6908	9043.0	9160.0	9043.0	9160.0	84.0	0.0	homozygous	no
BBF	cen|CASBNQ010000005.1|342406	centromere	CASBNQ010000005.1	342406	342523	118	0.8898305084745762	True	84.0		intact_called	target=BBF_6-26034; region_start=30172; region_end=30289; region_len=118; strand=+; call_start=30172; call_end=30289	BBF_6-26034	30172.0	30289.0	30172.0	30289.0	84.0	0.0	heterozygous	no
BBF	cen|CASBNQ010000016.1|553077	centromere	CASBNQ010000016.1	553077	553196	120	0.8916666666666667	True	86.0		intact_called	target=BBF_6-26085; region_start=12505; region_end=12624; region_len=120; strand=-; call_start=12505; call_end=12624	BBF_6-26085	12505.0	12624.0	12505.0	12624.0	86.0	0.0	heterozygous	no
BBF	cen|CASBNQ010000010.1|435866	centromere	CASBNQ010000010.1	435866	435982	117	0.8632478632478633	True	83.0		intact_called	target=BBF_6-25651; region_start=35931; region_end=36047; region_len=117; strand=+; call_start=35931; call_end=36047	BBF_6-25651	35931.0	36047.0	35931.0	36047.0	83.0	0.0	heterozygous	no
BBF	cen|CASBNQ010000007.1|137556	centromere	CASBNQ010000007.1	137556	137673	118	0.864406779661017	True	84.0		intact_called	target=BBF_6-26077; region_start=29472; region_end=29589; region_len=118; strand=-; call_start=29472; call_end=29589	BBF_6-26077	29472.0	29589.0	29472.0	29589.0	84.0	0.0	heterozygous	no
BBF	cen|CASBNQ010000011.1|452316	centromere	CASBNQ010000011.1	452316	452434	119	0.865546218487395	True	85.0		intact_called	target=BBF_6-26091; region_start=77320; region_end=77438; region_len=119; strand=-; call_start=77320; call_end=77438	BBF_6-26091	77320.0	77438.0	77320.0	77438.0	85.0	0.0	heterozygous	no
BBF	cen|CASBNQ010000012.1|151016	centromere	CASBNQ010000012.1	151016	151136	121	0.8760330578512396	True	87.0		intact_called	target=BBF_6-26023; region_start=29829; region_end=29950; region_len=122; strand=-; call_start=29829; call_end=29949	BBF_6-26023	29829.0	29950.0	29829.0	29949.0	87.0	0.0	heterozygous	no
BBF	cen|CASBNQ010000015.1|340918	centromere	CASBNQ010000015.1	340918	341038	121	0.8677685950413223	True	87.0		absent	reason=neither flank placed								heterozygous	chromosome not identified
BBF	cen|CASBNQ010000008.1|502228	centromere	CASBNQ010000008.1	502228	502349	122	0.8360655737704918	True	88.0		intact_called	target=BBF_6-26002; region_start=48041; region_end=48170; region_len=130; strand=+; call_start=48041; call_end=48162	BBF_6-26002	48041.0	48170.0	48041.0	48162.0	88.0	0.0	heterozygous	no
BBF	cen|CASBNQ010000006.1|165302	centromere	CASBNQ010000006.1	165302	165420	119	0.8487394957983193	True	85.0		intact_called	target=BBF_6-26092; region_start=55400; region_end=55518; region_len=119; strand=-; call_start=55400; call_end=55518	BBF_6-26092	55400.0	55518.0	55400.0	55518.0	85.0	0.0	heterozygous	no
BBF	cen|CASBNQ010000014.1|605137	centromere	CASBNQ010000014.1	605137	605255	119	0.8319327731092437	True	85.0		intact_called	target=BBF_6-26086; region_start=3446; region_end=3563; region_len=118; strand=-; call_start=3446; call_end=3563	BBF_6-26086	3446.0	3563.0	3446.0	3563.0	84.0	-1.0	heterozygous	no
BBF	cen|CASBNQ010000002.1|225215	centromere	CASBNQ010000002.1	225215	225332	118	0.864406779661017	True	84.0		intact_called	target=BBF_6-26017; region_start=57500; region_end=57617; region_len=118; strand=+; call_start=57500; call_end=57617	BBF_6-26017	57500.0	57617.0	57500.0	57617.0	84.0	0.0	heterozygous	no
BBF	cen|CASBNQ010000009.1|124413	centromere	CASBNQ010000009.1	124413	124531	119	0.8487394957983193	True	85.0		intact_called	target=BBF_6-25983; region_start=63391; region_end=63509; region_len=119; strand=+; call_start=63391; call_end=63509	BBF_6-25983	63391.0	63509.0	63391.0	63509.0	85.0	0.0	heterozygous	no
BBF	cen|CASBNQ010000003.1|106457	centromere	CASBNQ010000003.1	106457	106574	118	0.847457627118644	True	84.0		intact_called	target=BBF_6-25974; region_start=25004; region_end=25121; region_len=118; strand=+; call_start=25004; call_end=25121	BBF_6-25974	25004.0	25121.0	25004.0	25121.0	84.0	0.0	heterozygous	no
BBF	cen|CASBNQ010000004.1|454539	centromere	CASBNQ010000004.1	454539	454658	120	0.8416666666666667	True	86.0		intact_called	target=BBF_6-25937; region_start=13035; region_end=13154; region_len=120; strand=+; call_start=13035; call_end=13154	BBF_6-25937	13035.0	13154.0	13035.0	13154.0	86.0	0.0	heterozygous	no
BBF	cen|CASBNQ010000001.1|143405	centromere	CASBNQ010000001.1	143405	143523	119	0.8403361344537815	True	85.0		intact_called	target=BBF_6-25576; region_start=11698; region_end=11816; region_len=119; strand=+; call_start=11698; call_end=11816	BBF_6-25576	11698.0	11816.0	11698.0	11816.0	85.0	0.0	heterozygous	no
BBF	cen|CASBNQ010000013.1|251401	centromere	CASBNQ010000013.1	251401	251518	118	0.8050847457627118	True	84.0		absent	reason=neither flank placed								heterozygous	no
BBL	cen|CASBMW010000010.1|443924	centromere	CASBMW010000010.1	443924	444041	118	0.864406779661017	True	84.0		intact_called	target=BBL_6-9613; region_start=82163; region_end=82280; region_len=118; strand=+; call_start=82163; call_end=82280	BBL_6-9613	82163.0	82280.0	82163.0	82280.0	84.0	0.0	homozygous	no
BBL	cen|CASBMW010000011.1|447289	centromere	CASBMW010000011.1	447289	447407	119	0.865546218487395	True	85.0		intact_called	target=BBL_6-9566; region_start=295534; region_end=295652; region_len=119; strand=+; call_start=295534; call_end=295652	BBL_6-9566	295534.0	295652.0	295534.0	295652.0	85.0	0.0	homozygous	no
BBL	cen|CASBMW010000008.1|496267	centromere	CASBMW010000008.1	496267	496388	122	0.8524590163934426	True	88.0		intact_called	target=BBL_6-9567; region_start=91743; region_end=91864; region_len=122; strand=+; call_start=91743; call_end=91864	BBL_6-9567	91743.0	91864.0	91743.0	91864.0	88.0	0.0	homozygous	no
BBL	cen|CASBMW010000016.1|553487	centromere	CASBMW010000016.1	553487	553604	118	0.8813559322033898	True	84.0		intact_called	target=BBL_6-9496; region_start=4184; region_end=4301; region_len=118; strand=-; call_start=4184; call_end=4301	BBL_6-9496	4184.0	4301.0	4184.0	4301.0	84.0	0.0	homozygous	no
BBL	cen|CASBMW010000007.1|160282	centromere	CASBMW010000007.1	160282	160400	119	0.8571428571428571	True	85.0		intact_called	target=BBL_6-9609; region_start=25349; region_end=25467; region_len=119; strand=+; call_start=25349; call_end=25467	BBL_6-9609	25349.0	25467.0	25349.0	25467.0	85.0	0.0	homozygous	no
BBL	cen|CASBMW010000012.1|144554	centromere	CASBMW010000012.1	144554	144674	121	0.8677685950413223	True	87.0		intact_called	target=BBL_6-9606; region_start=292711; region_end=292831; region_len=121; strand=-; call_start=292711; call_end=292831	BBL_6-9606	292711.0	292831.0	292711.0	292831.0	87.0	0.0	homozygous	no
BBL	cen|CASBMW010000014.1|617103	centromere	CASBMW010000014.1	617103	617220	118	0.8389830508474576	True	84.0		intact_called	target=BBL_6-9551; region_start=3519; region_end=3636; region_len=118; strand=-; call_start=3519; call_end=3636	BBL_6-9551	3519.0	3636.0	3519.0	3636.0	84.0	0.0	homozygous	no
BBL	cen|CASBMW010000005.1|359315	centromere	CASBMW010000005.1	359315	359432	118	0.8813559322033898	True	84.0		intact_called	target=BBL_6-9608; region_start=30823; region_end=30940; region_len=118; strand=+; call_start=30823; call_end=30940	BBL_6-9608	30823.0	30940.0	30823.0	30940.0	84.0	0.0	homozygous	no
BBL	cen|CASBMW010000015.1|316898	centromere	CASBMW010000015.1	316898	317016	119	0.8571428571428571	True	85.0		intact_called	target=BBL_6-9450; region_start=160500; region_end=160618; region_len=119; strand=-; call_start=160500; call_end=160618	BBL_6-9450	160500.0	160618.0	160500.0	160618.0	85.0	0.0	homozygous	no
BBL	cen|CASBMW010000009.1|94978	centromere	CASBMW010000009.1	94978	95096	119	0.8571428571428571	True	85.0		intact_called	target=BBL_6-9585; region_start=28002; region_end=28120; region_len=119; strand=-; call_start=28002; call_end=28120	BBL_6-9585	28002.0	28120.0	28002.0	28120.0	85.0	0.0	homozygous	no
BBL	cen|CASBMW010000002.1|226852	centromere	CASBMW010000002.1	226852	226969	118	0.864406779661017	True	84.0		intact_called	target=BBL_6-9593; region_start=56991; region_end=57108; region_len=118; strand=-; call_start=56991; call_end=57108	BBL_6-9593	56991.0	57108.0	56991.0	57108.0	84.0	0.0	homozygous	no
BBL	cen|CASBMW010000006.1|162373	centromere	CASBMW010000006.1	162373	162491	119	0.8403361344537815	True	85.0		intact_called	target=BBL_6-9347; region_start=24829; region_end=24947; region_len=119; strand=-; call_start=24829; call_end=24947	BBL_6-9347	24829.0	24947.0	24829.0	24947.0	85.0	0.0	homozygous	no
BBL	cen|CASBMW010000004.1|458743	centromere	CASBMW010000004.1	458743	458862	120	0.85	True	86.0		intact_called	target=BBL_6-9266; region_start=13389; region_end=13508; region_len=120; strand=+; call_start=13389; call_end=13508	BBL_6-9266	13389.0	13508.0	13389.0	13508.0	86.0	0.0	homozygous	no
BBL	cen|CASBMW010000003.1|111656	centromere	CASBMW010000003.1	111656	111773	118	0.8389830508474576	True	84.0		intact_called	target=BBL_6-9439; region_start=23684; region_end=23801; region_len=118; strand=+; call_start=23684; call_end=23801	BBL_6-9439	23684.0	23801.0	23684.0	23801.0	84.0	0.0	homozygous	no
BBL	cen|CASBMW010000001.1|146693	centromere	CASBMW010000001.1	146693	146811	119	0.8235294117647058	True	85.0		intact_called	target=BBL_6-9614; region_start=32462; region_end=32580; region_len=119; strand=-; call_start=32462; call_end=32580	BBL_6-9614	32462.0	32580.0	32462.0	32580.0	85.0	0.0	homozygous	no
BBL	cen|CASBMW010000013.1|262256	centromere	CASBMW010000013.1	262256	262375	120	0.7916666666666666	True	86.0		intact_called	target=BBL_6-9414; region_start=201129; region_end=201248; region_len=120; strand=-; call_start=201129; call_end=201248	BBL_6-9414	201129.0	201248.0	201129.0	201248.0	86.0	0.0	homozygous	no
BBT	cen|CASBNG010000007.1|134404	centromere	CASBNG010000007.1	134404	134521	118	0.8728813559322034	True	84.0		absent	reason=neither flank placed								heterozygous	chromosome not identified
BBT	cen|CASBNG010000010.1|432231	centromere	CASBNG010000010.1	432231	432349	119	0.8739495798319328	True	85.0		intact_called	target=BBT_3-41738; region_start=4872; region_end=4989; region_len=118; strand=-; call_start=4872; call_end=4989	BBT_3-41738	4872.0	4989.0	4872.0	4989.0	84.0	-1.0	heterozygous	no
BBT	cen|CASBNG010000011.1|468451	centromere	CASBNG010000011.1	468451	468569	119	0.865546218487395	True	85.0		split	reason=flanks on different sequences								heterozygous	chromosome not identified
BBT	cen|CASBNG010000012.1|144886	centromere	CASBNG010000012.1	144886	145006	121	0.8760330578512396	True	87.0		split	reason=one flank placed; placed_on=BBT_3-41733								heterozygous	chromosome not identified
BBT	cen|CASBNG010000008.1|509784	centromere	CASBNG010000008.1	509784	509903	120	0.8416666666666667	True	86.0		split	reason=one flank placed; placed_on=BBT_3-41745								heterozygous	chromosome not identified
BBT	cen|CASBNG010000014.1|700221	centromere	CASBNG010000014.1	700221	700339	119	0.8403361344537815	True	85.0		intact_called	target=BBT_3-41730; region_start=23596; region_end=23715; region_len=120; strand=+; call_start=23597; call_end=23715	BBT_3-41730	23596.0	23715.0	23597.0	23715.0	85.0	0.0	heterozygous	no
BBT	cen|CASBNG010000016.1|553255	centromere	CASBNG010000016.1	553255	553374	120	0.875	True	86.0		intact_called	target=BBT_3-41643; region_start=172482; region_end=172601; region_len=120; strand=+; call_start=172482; call_end=172601	BBT_3-41643	172482.0	172601.0	172482.0	172601.0	86.0	0.0	heterozygous	no
BBT	cen|CASBNG010000002.1|249336	centromere	CASBNG010000002.1	249336	249453	118	0.8728813559322034	True	84.0		intact_called	target=BBT_3-41610; region_start=26344; region_end=26461; region_len=118; strand=-; call_start=26344; call_end=26461	BBT_3-41610	26344.0	26461.0	26344.0	26461.0	84.0	0.0	heterozygous	no
BBT	cen|CASBNG010000005.1|347954	centromere	CASBNG010000005.1	347954	348071	118	0.8728813559322034	True	84.0		absent	reason=neither flank placed								heterozygous	chromosome not identified
BBT	cen|CASBNG010000004.1|449880	centromere	CASBNG010000004.1	449880	449999	120	0.85	True	86.0		intact_called	target=BBT_3-41662; region_start=22741; region_end=22860; region_len=120; strand=-; call_start=22741; call_end=22860	BBT_3-41662	22741.0	22860.0	22741.0	22860.0	86.0	0.0	heterozygous	no
BBT	cen|CASBNG010000009.1|105887	centromere	CASBNG010000009.1	105887	106005	119	0.8487394957983193	True	85.0		split	reason=one flank placed; placed_on=BBT_3-41378								heterozygous	chromosome not identified
BBT	cen|CASBNG010000015.1|321628	centromere	CASBNG010000015.1	321628	321747	120	0.8416666666666667	True	86.0		split	reason=one flank placed; placed_on=BBT_3-40962								heterozygous	yes
BBT	cen|CASBNG010000003.1|120330	centromere	CASBNG010000003.1	120330	120447	118	0.847457627118644	True	84.0		intact_called	target=BBT_3-41686; region_start=14137; region_end=14254; region_len=118; strand=+; call_start=14137; call_end=14254	BBT_3-41686	14137.0	14254.0	14137.0	14254.0	84.0	0.0	heterozygous	yes
BBT	cen|CASBNG010000001.1|143974	centromere	CASBNG010000001.1	143974	144092	119	0.8319327731092437	True	85.0		split	reason=one flank placed; placed_on=BBT_3-41639								heterozygous	chromosome not identified
BBT	cen|CASBNG010000013.1|251344	centromere	CASBNG010000013.1	251344	251463	120	0.8	True	86.0		intact_called	target=BBT_3-41720; region_start=16435; region_end=16554; region_len=120; strand=+; call_start=16435; call_end=16554	BBT_3-41720	16435.0	16554.0	16435.0	16554.0	86.0	0.0	heterozygous	no
BCN	cen|CASBMH010000002.1|277093	centromere	CASBMH010000002.1	277093	277208	116	0.9051724137931034	True	82.0		intact_called	target=BCN_8-7545; region_start=34424; region_end=34539; region_len=116; strand=+; call_start=34424; call_end=34539	BCN_8-7545	34424.0	34539.0	34424.0	34539.0	82.0	0.0	homozygous	no
BCN	cen|CASBMH010000012.1|146776	centromere	CASBMH010000012.1	146776	146896	121	0.8842975206611571	True	87.0		intact_called	target=BCN_8-7399; region_start=294475; region_end=294595; region_len=121; strand=-; call_start=294475; call_end=294595	BCN_8-7399	294475.0	294595.0	294475.0	294595.0	87.0	0.0	homozygous	no
BCN	cen|CASBMH010000006.1|146609	centromere	CASBMH010000006.1	146609	146726	118	0.864406779661017	True	84.0		intact_called	target=BCN_8-7598; region_start=89724; region_end=89841; region_len=118; strand=+; call_start=89724; call_end=89841	BCN_8-7598	89724.0	89841.0	89724.0	89841.0	84.0	0.0	homozygous	no
BCN	cen|CASBMH010000010.1|423044	centromere	CASBMH010000010.1	423044	423160	117	0.8547008547008547	True	83.0		intact_called	target=BCN_8-7646; region_start=17543; region_end=17659; region_len=117; strand=-; call_start=17543; call_end=17659	BCN_8-7646	17543.0	17659.0	17543.0	17659.0	83.0	0.0	homozygous	no
BCN	cen|CASBMH010000009.1|390588	centromere	CASBMH010000009.1	390588	390705	118	0.8559322033898306	True	84.0		intact_called	target=BCN_8-7603; region_start=4995; region_end=5112; region_len=118; strand=+; call_start=4995; call_end=5112	BCN_8-7603	4995.0	5112.0	4995.0	5112.0	84.0	0.0	homozygous	no
BCN	cen|CASBMH010000011.1|459823	centromere	CASBMH010000011.1	459823	459942	120	0.8583333333333333	True	86.0		intact_called	target=BCN_8-7444; region_start=60736; region_end=60855; region_len=120; strand=+; call_start=60736; call_end=60855	BCN_8-7444	60736.0	60855.0	60736.0	60855.0	86.0	0.0	homozygous	no
BCN	cen|CASBMH010000008.1|98756	centromere	CASBMH010000008.1	98756	98875	120	0.8666666666666667	True	86.0		intact_called	target=BCN_8-7638; region_start=24323; region_end=24442; region_len=120; strand=+; call_start=24323; call_end=24442	BCN_8-7638	24323.0	24442.0	24323.0	24442.0	86.0	0.0	homozygous	no
BCN	cen|CASBMH010000007.1|501289	centromere	CASBMH010000007.1	501289	501409	121	0.8347107438016529	True	87.0		intact_called	target=BCN_8-7485; region_start=58628; region_end=58748; region_len=121; strand=-; call_start=58628; call_end=58748	BCN_8-7485	58628.0	58748.0	58628.0	58748.0	87.0	0.0	homozygous	no
BCN	cen|CASBMH010000016.1|536969	centromere	CASBMH010000016.1	536969	537086	118	0.8728813559322034	True	84.0		intact_called	target=BCN_8-7672; region_start=171833; region_end=171950; region_len=118; strand=+; call_start=171833; call_end=171950	BCN_8-7672	171833.0	171950.0	171833.0	171950.0	84.0	0.0	homozygous	no
BCN	cen|CASBMH010000005.1|340195	centromere	CASBMH010000005.1	340195	340312	118	0.8728813559322034	True	84.0		intact_called	target=BCN_8-7466; region_start=19260; region_end=19377; region_len=118; strand=+; call_start=19260; call_end=19377	BCN_8-7466	19260.0	19377.0	19260.0	19377.0	84.0	0.0	homozygous	no
BCN	cen|CASBMH010000015.1|310328	centromere	CASBMH010000015.1	310328	310445	118	0.847457627118644	True	84.0		intact_called	target=BCN_8-7455; region_start=110709; region_end=110826; region_len=118; strand=-; call_start=110709; call_end=110826	BCN_8-7455	110709.0	110826.0	110709.0	110826.0	84.0	0.0	homozygous	no
BCN	cen|CASBMH010000014.1|617459	centromere	CASBMH010000014.1	617459	617577	119	0.8235294117647058	True	85.0		intact_called	target=BCN_8-7446; region_start=3211; region_end=3329; region_len=119; strand=-; call_start=3211; call_end=3329	BCN_8-7446	3211.0	3329.0	3211.0	3329.0	85.0	0.0	homozygous	no
BCN	cen|CASBMH010000004.1|456549	centromere	CASBMH010000004.1	456549	456660	112	0.8392857142857143	True	78.0		intact_called	target=BCN_8-7557; region_start=23119; region_end=23230; region_len=112; strand=-; call_start=23119; call_end=23230	BCN_8-7557	23119.0	23230.0	23119.0	23230.0	78.0	0.0	homozygous	no
BCN	cen|CASBMH010000003.1|112444	centromere	CASBMH010000003.1	112444	112561	118	0.8389830508474576	True	84.0		intact_called	target=BCN_8-7525; region_start=23783; region_end=23900; region_len=118; strand=+; call_start=23783; call_end=23900	BCN_8-7525	23783.0	23900.0	23783.0	23900.0	84.0	0.0	homozygous	no
BCN	cen|CASBMH010000001.1|137554	centromere	CASBMH010000001.1	137554	137672	119	0.8403361344537815	True	85.0		intact_called	target=BCN_8-7538; region_start=24276; region_end=24394; region_len=119; strand=-; call_start=24276; call_end=24394	BCN_8-7538	24276.0	24394.0	24276.0	24394.0	85.0	0.0	homozygous	no
BCN	cen|CASBMH010000013.1|251139	centromere	CASBMH010000013.1	251139	251254	116	0.7931034482758621	True	82.0		split	reason=one flank placed; placed_on=BCN_8-7528								homozygous	no
BEM	cen|CASBNR010000010.1|461663	centromere	CASBNR010000010.1	461663	461780	118	0.864406779661017	True	84.0		intact_called	target=BEM_7-29393; region_start=31033; region_end=31150; region_len=118; strand=+; call_start=31033; call_end=31150	BEM_7-29393	31033.0	31150.0	31033.0	31150.0	84.0	0.0	heterozygous	no
BEM	cen|CASBNR010000004.1|445666	centromere	CASBNR010000004.1	445666	445783	118	0.8728813559322034	True	84.0		intact_called	target=BEM_7-29325; region_start=40731; region_end=40848; region_len=118; strand=+; call_start=40731; call_end=40848	BEM_7-29325	40731.0	40848.0	40731.0	40848.0	84.0	0.0	heterozygous	no
BEM	cen|CASBNR010000011.1|440285	centromere	CASBNR010000011.1	440285	440402	118	0.864406779661017	True	84.0		intact_called	target=BEM_7-29394; region_start=93327; region_end=93444; region_len=118; strand=-; call_start=93327; call_end=93444	BEM_7-29394	93327.0	93444.0	93327.0	93444.0	84.0	0.0	heterozygous	no
BEM	cen|CASBNR010000012.1|142899	centromere	CASBNR010000012.1	142899	143019	121	0.8760330578512396	True	87.0		intact_called	target=BEM_7-29343; region_start=54191; region_end=54311; region_len=121; strand=-; call_start=54191; call_end=54311	BEM_7-29343	54191.0	54311.0	54191.0	54311.0	87.0	0.0	heterozygous	no
BEM	cen|CASBNR010000016.1|541483	centromere	CASBNR010000016.1	541483	541600	118	0.8813559322033898	True	84.0		intact_called	target=BEM_7-29436; region_start=4185; region_end=4302; region_len=118; strand=-; call_start=4185; call_end=4302	BEM_7-29436	4185.0	4302.0	4185.0	4302.0	84.0	0.0	heterozygous	no
BEM	cen|CASBNR010000014.1|614505	centromere	CASBNR010000014.1	614505	614623	119	0.8403361344537815	True	85.0		n_run	target=BEM_7-29363; region_start=14984; region_end=15131; region_len=148; strand=+	BEM_7-29363	14984.0	15131.0					heterozygous	chromosome not identified
BEM	cen|CASBNR010000002.1|224975	centromere	CASBNR010000002.1	224975	225092	118	0.8728813559322034	True	84.0		n_run	target=BEM_7-29516; region_start=15857; region_end=16056; region_len=200; strand=-	BEM_7-29516	15857.0	16056.0					heterozygous	chromosome not identified
BEM	cen|CASBNR010000005.1|331881	centromere	CASBNR010000005.1	331881	331998	118	0.8728813559322034	True	84.0		intact_called	target=BEM_7-29463; region_start=21115; region_end=21232; region_len=118; strand=+; call_start=21115; call_end=21232	BEM_7-29463	21115.0	21232.0	21115.0	21232.0	84.0	0.0	heterozygous	no
BEM	cen|CASBNR010000006.1|150431	centromere	CASBNR010000006.1	150431	150549	119	0.8487394957983193	True	85.0		intact_called	target=BEM_7-29538; region_start=16246; region_end=16364; region_len=119; strand=+; call_start=16246; call_end=16364	BEM_7-29538	16246.0	16364.0	16246.0	16364.0	85.0	0.0	heterozygous	no
BEM	cen|CASBNR010000003.1|105336	centromere	CASBNR010000003.1	105336	105453	118	0.864406779661017	True	84.0		split	reason=flanks on different sequences								heterozygous	no
BEM	cen|CASBNR010000008.1|497730	centromere	CASBNR010000008.1	497730	497848	119	0.8319327731092437	True	85.0		n_run	target=BEM_7-29523; region_start=23339; region_end=23467; region_len=129; strand=-	BEM_7-29523	23339.0	23467.0					heterozygous	yes
BEM	cen|CASBNR010000015.1|299758	centromere	CASBNR010000015.1	299758	299877	120	0.8583333333333333	True	86.0		intact_called	target=BEM_7-29407; region_start=48684; region_end=48803; region_len=120; strand=+; call_start=48684; call_end=48803	BEM_7-29407	48684.0	48803.0	48684.0	48803.0	86.0	0.0	heterozygous	no
BEM	cen|CASBNR010000007.1|130156	centromere	CASBNR010000007.1	130156	130274	119	0.8403361344537815	True	85.0		intact_called	target=BEM_7-29509; region_start=9589; region_end=9707; region_len=119; strand=-; call_start=9589; call_end=9707	BEM_7-29509	9589.0	9707.0	9589.0	9707.0	85.0	0.0	heterozygous	no
BEM	cen|CASBNR010000009.1|94285	centromere	CASBNR010000009.1	94285	94403	119	0.8487394957983193	True	85.0		intact_called	target=BEM_7-29352; region_start=10770; region_end=10894; region_len=125; strand=-; call_start=10770; call_end=10887	BEM_7-29352	10770.0	10894.0	10770.0	10887.0	84.0	-1.0	heterozygous	yes
BEM	cen|CASBNR010000001.1|142970	centromere	CASBNR010000001.1	142970	143088	119	0.8403361344537815	True	85.0		n_run	target=BEM_7-29354; region_start=25284; region_end=25494; region_len=211; strand=-	BEM_7-29354	25284.0	25494.0					heterozygous	no
BEM	cen|CASBNR010000013.1|255922	centromere	CASBNR010000013.1	255922	256042	121	0.8016528925619835	True	87.0		absent	reason=neither flank placed								heterozygous	chromosome not identified
BFH	cen|CASBNK010000008.1|500621	centromere	CASBNK010000008.1	500621	500741	121	0.859504132231405	True	87.0		intact_called	target=BFH_3-17965; region_start=159589; region_end=159709; region_len=121; strand=+; call_start=159589; call_end=159709	BFH_3-17965	159589.0	159709.0	159589.0	159709.0	87.0	0.0	heterozygous	no
BFH	cen|CASBNK010000011.1|460177	centromere	CASBNK010000011.1	460177	460295	119	0.865546218487395	True	85.0		intact_called	target=BFH_3-18004; region_start=7467; region_end=7584; region_len=118; strand=+; call_start=7466; call_end=7584	BFH_3-18004	7467.0	7584.0	7466.0	7584.0	85.0	0.0	heterozygous	no
BFH	cen|CASBNK010000012.1|148875	centromere	CASBNK010000012.1	148875	148995	121	0.8760330578512396	True	87.0		intact_called	target=BFH_3-18056; region_start=64812; region_end=64932; region_len=121; strand=-; call_start=64812; call_end=64932	BFH_3-18056	64812.0	64932.0	64812.0	64932.0	87.0	0.0	heterozygous	no
BFH	cen|CASBNK010000010.1|454183	centromere	CASBNK010000010.1	454183	454299	117	0.8547008547008547	True	83.0		intact_called	target=BFH_3-18034; region_start=83351; region_end=83467; region_len=117; strand=-; call_start=83351; call_end=83467	BFH_3-18034	83351.0	83467.0	83351.0	83467.0	83.0	0.0	heterozygous	no
BFH	cen|CASBNK010000016.1|545622	centromere	CASBNK010000016.1	545622	545741	120	0.8833333333333333	True	86.0		intact_called	target=BFH_3-17784; region_start=33882; region_end=34000; region_len=119; strand=+; call_start=33882; call_end=34000	BFH_3-17784	33882.0	34000.0	33882.0	34000.0	85.0	-1.0	heterozygous	no
BFH	cen|CASBNK010000006.1|155664	centromere	CASBNK010000006.1	155664	155781	118	0.8559322033898306	True	84.0		intact_called	target=BFH_3-17939; region_start=115341; region_end=115458; region_len=118; strand=-; call_start=115341; call_end=115458	BFH_3-17939	115341.0	115458.0	115341.0	115458.0	84.0	0.0	heterozygous	no
BFH	cen|CASBNK010000005.1|355452	centromere	CASBNK010000005.1	355452	355570	119	0.8739495798319328	True	85.0		intact_called	target=BFH_3-18027; region_start=35058; region_end=35175; region_len=118; strand=-; call_start=35058; call_end=35175	BFH_3-18027	35058.0	35175.0	35058.0	35175.0	84.0	-1.0	heterozygous	no
BFH	cen|CASBNK010000002.1|231286	centromere	CASBNK010000002.1	231286	231403	118	0.8728813559322034	True	84.0		intact_called	target=BFH_3-17953; region_start=18280; region_end=18396; region_len=117; strand=-; call_start=18280; call_end=18396	BFH_3-17953	18280.0	18396.0	18280.0	18396.0	83.0	-1.0	heterozygous	no
BFH	cen|CASBNK010000009.1|99721	centromere	CASBNK010000009.1	99721	99839	119	0.8571428571428571	True	85.0		intact_called	target=BFH_3-17990; region_start=64027; region_end=64145; region_len=119; strand=+; call_start=64027; call_end=64145	BFH_3-17990	64027.0	64145.0	64027.0	64145.0	85.0	0.0	heterozygous	no
BFH	cen|CASBNK010000015.1|327562	centromere	CASBNK010000015.1	327562	327681	120	0.85	True	86.0		n_run	target=BFH_3-17983; region_start=248560; region_end=248938; region_len=379; strand=-	BFH_3-17983	248560.0	248938.0					heterozygous	chromosome not identified
BFH	cen|CASBNK010000004.1|450496	centromere	CASBNK010000004.1	450496	450617	122	0.8524590163934426	True	88.0		absent	reason=neither flank placed								heterozygous	chromosome not identified
BFH	cen|CASBNK010000007.1|136614	centromere	CASBNK010000007.1	136614	136732	119	0.8319327731092437	True	85.0		intact_called	target=BFH_3-18011; region_start=13270; region_end=13388; region_len=119; strand=-; call_start=13270; call_end=13388	BFH_3-18011	13270.0	13388.0	13270.0	13388.0	85.0	0.0	heterozygous	no
BFH	cen|CASBNK010000014.1|630895	centromere	CASBNK010000014.1	630895	631012	118	0.8559322033898306	True	84.0		intact_called	target=BFH_3-18014; region_start=26455; region_end=26572; region_len=118; strand=-; call_start=26455; call_end=26572	BFH_3-18014	26455.0	26572.0	26455.0	26572.0	84.0	0.0	heterozygous	chromosome not identified
BFH	cen|CASBNK010000001.1|143226	centromere	CASBNK010000001.1	143226	143344	119	0.8487394957983193	True	85.0		intact_called	target=BFH_3-18047; region_start=25970; region_end=26088; region_len=119; strand=-; call_start=25970; call_end=26088	BFH_3-18047	25970.0	26088.0	25970.0	26088.0	85.0	0.0	heterozygous	no
BFH	cen|CASBNK010000003.1|101344	centromere	CASBNK010000003.1	101344	101461	118	0.8389830508474576	True	84.0		intact_called	target=BFH_3-17779; region_start=9140; region_end=9257; region_len=118; strand=-; call_start=9140; call_end=9257	BFH_3-17779	9140.0	9257.0	9140.0	9257.0	84.0	0.0	heterozygous	yes
BFH	cen|CASBNK010000013.1|256633	centromere	CASBNK010000013.1	256633	256750	118	0.8050847457627118	True	84.0		intact_called	target=BFH_3-18065; region_start=53104; region_end=53221; region_len=118; strand=-; call_start=53104; call_end=53221	BFH_3-18065	53104.0	53221.0	53104.0	53221.0	84.0	0.0	heterozygous	no
BHH	cen|CASBMZ010000010.1|446921	centromere	CASBMZ010000010.1	446921	447039	119	0.8739495798319328	True	85.0		intact_called	target=BHH_2-9087; region_start=81525; region_end=81643; region_len=119; strand=+; call_start=81525; call_end=81643	BHH_2-9087	81525.0	81643.0	81525.0	81643.0	85.0	0.0	homozygous	no
BHH	cen|CASBMZ010000012.1|149257	centromere	CASBMZ010000012.1	149257	149377	121	0.8760330578512396	True	87.0		intact_called	target=BHH_2-9308; region_start=55149; region_end=55269; region_len=121; strand=+; call_start=55149; call_end=55269	BHH_2-9308	55149.0	55269.0	55149.0	55269.0	87.0	0.0	homozygous	no
BHH	cen|CASBMZ010000014.1|629047	centromere	CASBMZ010000014.1	629047	629165	119	0.8487394957983193	True	85.0		intact_called	target=BHH_2-9083; region_start=3233; region_end=3351; region_len=119; strand=-; call_start=3233; call_end=3351	BHH_2-9083	3233.0	3351.0	3233.0	3351.0	85.0	0.0	homozygous	no
BHH	cen|CASBMZ010000008.1|500453	centromere	CASBMZ010000008.1	500453	500572	120	0.85	True	86.0		intact_called	target=BHH_2-9299; region_start=117375; region_end=117494; region_len=120; strand=+; call_start=117375; call_end=117494	BHH_2-9299	117375.0	117494.0	117375.0	117494.0	86.0	0.0	homozygous	no
BHH	cen|CASBMZ010000005.1|354295	centromere	CASBMZ010000005.1	354295	354412	118	0.8813559322033898	True	84.0		intact_called	target=BHH_2-9278; region_start=30157; region_end=30274; region_len=118; strand=+; call_start=30157; call_end=30274	BHH_2-9278	30157.0	30274.0	30157.0	30274.0	84.0	0.0	homozygous	no
BHH	cen|CASBMZ010000016.1|544502	centromere	CASBMZ010000016.1	544502	544619	118	0.8813559322033898	True	84.0		intact_called	target=BHH_2-9015; region_start=4184; region_end=4301; region_len=118; strand=-; call_start=4184; call_end=4301	BHH_2-9015	4184.0	4301.0	4184.0	4301.0	84.0	0.0	homozygous	no
BHH	cen|CASBMZ010000002.1|232312	centromere	CASBMZ010000002.1	232312	232429	118	0.8813559322033898	True	84.0		intact_called	target=BHH_2-9002; region_start=56949; region_end=57066; region_len=118; strand=-; call_start=56949; call_end=57066	BHH_2-9002	56949.0	57066.0	56949.0	57066.0	84.0	0.0	homozygous	no
BHH	cen|CASBMZ010000011.1|473422	centromere	CASBMZ010000011.1	473422	473540	119	0.8571428571428571	True	85.0		intact_called	target=BHH_2-9058; region_start=17950; region_end=18068; region_len=119; strand=-; call_start=17950; call_end=18068	BHH_2-9058	17950.0	18068.0	17950.0	18068.0	85.0	0.0	homozygous	no
BHH	cen|CASBMZ010000006.1|155417	centromere	CASBMZ010000006.1	155417	155535	119	0.8487394957983193	True	85.0		intact_called	target=BHH_2-9296; region_start=138350; region_end=138468; region_len=119; strand=-; call_start=138350; call_end=138468	BHH_2-9296	138350.0	138468.0	138350.0	138468.0	85.0	0.0	homozygous	no
BHH	cen|CASBMZ010000007.1|123939	centromere	CASBMZ010000007.1	123939	124053	115	0.8434782608695652	True	81.0		intact_called	target=BHH_2-9240; region_start=125313; region_end=125430; region_len=118; strand=-; call_start=125313; call_end=125430	BHH_2-9240	125313.0	125430.0	125313.0	125430.0	84.0	3.0	homozygous	no
BHH	cen|CASBMZ010000001.1|139687	centromere	CASBMZ010000001.1	139687	139805	119	0.8487394957983193	True	85.0		intact_called	target=BHH_2-9209; region_start=11705; region_end=11823; region_len=119; strand=+; call_start=11705; call_end=11823	BHH_2-9209	11705.0	11823.0	11705.0	11823.0	85.0	0.0	homozygous	no
BHH	cen|CASBMZ010000015.1|323102	centromere	CASBMZ010000015.1	323102	323221	120	0.85	True	86.0		intact_called	target=BHH_2-9302; region_start=99350; region_end=99469; region_len=120; strand=+; call_start=99350; call_end=99469	BHH_2-9302	99350.0	99469.0	99350.0	99469.0	86.0	0.0	homozygous	no
BHH	cen|CASBMZ010000003.1|105801	centromere	CASBMZ010000003.1	105801	105918	118	0.847457627118644	True	84.0		intact_called	target=BHH_2-9133; region_start=24116; region_end=24233; region_len=118; strand=+; call_start=24116; call_end=24233	BHH_2-9133	24116.0	24233.0	24116.0	24233.0	84.0	0.0	homozygous	no
BHH	cen|CASBMZ010000004.1|449314	centromere	CASBMZ010000004.1	449314	449433	120	0.8416666666666667	True	86.0		intact_called	target=BHH_2-9272; region_start=221966; region_end=222085; region_len=120; strand=+; call_start=221966; call_end=222085	BHH_2-9272	221966.0	222085.0	221966.0	222085.0	86.0	0.0	homozygous	no
BHH	cen|CASBMZ010000009.1|94552	centromere	CASBMZ010000009.1	94552	94670	119	0.8319327731092437	True	85.0		intact_called	target=BHH_2-9273; region_start=27032; region_end=27150; region_len=119; strand=-; call_start=27032; call_end=27150	BHH_2-9273	27032.0	27150.0	27032.0	27150.0	85.0	0.0	homozygous	no
BHH	cen|CASBMZ010000013.1|256795	centromere	CASBMZ010000013.1	256795	256912	118	0.8050847457627118	True	84.0		intact_called	target=BHH_2-9225; region_start=88141; region_end=88258; region_len=118; strand=+; call_start=88141; call_end=88258	BHH_2-9225	88141.0	88258.0	88141.0	88258.0	84.0	0.0	homozygous	no
BMB	cen|CASBMY010000013.1|453658	centromere	CASBMY010000013.1	453658	453775	118	0.8728813559322034	True	84.0		intact_called	target=BMB_1-4651; region_start=260282; region_end=260399; region_len=118; strand=+; call_start=260282; call_end=260399	BMB_1-4651	260282.0	260399.0	260282.0	260399.0	84.0	0.0	homozygous	no
BMB	cen|CASBMY010000007.1|156974	centromere	CASBMY010000007.1	156974	157092	119	0.8739495798319328	True	85.0		intact_called	target=BMB_1-4603; region_start=13310; region_end=13428; region_len=119; strand=-; call_start=13310; call_end=13428	BMB_1-4603	13310.0	13428.0	13310.0	13428.0	85.0	0.0	homozygous	no
BMB	cen|CASBMY010000016.1|802433	centromere	CASBMY010000016.1	802433	802550	118	0.864406779661017	True	84.0		intact_called	target=BMB_1-4644; region_start=13622; region_end=13739; region_len=118; strand=+; call_start=13622; call_end=13739	BMB_1-4644	13622.0	13739.0	13622.0	13739.0	84.0	0.0	homozygous	no
BMB	cen|CASBMY010000002.1|250031	centromere	CASBMY010000002.1	250031	250148	118	0.8728813559322034	True	84.0		intact_called	target=BMB_1-4529; region_start=56864; region_end=56981; region_len=118; strand=-; call_start=56864; call_end=56981	BMB_1-4529	56864.0	56981.0	56864.0	56981.0	84.0	0.0	homozygous	no
BMB	cen|CASBMY010000009.1|375957	centromere	CASBMY010000009.1	375957	376076	120	0.85	True	86.0		intact_called	target=BMB_1-4667; region_start=185837; region_end=185956; region_len=120; strand=-; call_start=185837; call_end=185956	BMB_1-4667	185837.0	185956.0	185837.0	185956.0	86.0	0.0	homozygous	no
BMB	cen|CASBMY010000006.1|152477	centromere	CASBMY010000006.1	152477	152594	118	0.8559322033898306	True	84.0		intact_called	target=BMB_1-4671; region_start=15728; region_end=15845; region_len=118; strand=+; call_start=15728; call_end=15845	BMB_1-4671	15728.0	15845.0	15728.0	15845.0	84.0	0.0	homozygous	no
BMB	cen|CASBMY010000010.1|144176	centromere	CASBMY010000010.1	144176	144296	121	0.8677685950413223	True	87.0		intact_called	target=BMB_1-4673; region_start=294759; region_end=294879; region_len=121; strand=-; call_start=294759; call_end=294879	BMB_1-4673	294759.0	294879.0	294759.0	294879.0	87.0	0.0	homozygous	no
BMB	cen|CASBMY010000005.1|345148	centromere	CASBMY010000005.1	345148	345265	118	0.8728813559322034	True	84.0		intact_called	target=BMB_1-4657; region_start=31319; region_end=31436; region_len=118; strand=+; call_start=31319; call_end=31436	BMB_1-4657	31319.0	31436.0	31319.0	31436.0	84.0	0.0	homozygous	no
BMB	cen|CASBMY010000012.1|604971	centromere	CASBMY010000012.1	604971	605089	119	0.8319327731092437	True	85.0		intact_called	target=BMB_1-4233; region_start=26439; region_end=26557; region_len=119; strand=+; call_start=26439; call_end=26557	BMB_1-4233	26439.0	26557.0	26439.0	26557.0	85.0	0.0	homozygous	no
BMB	cen|CASBMY010000014.1|317610	centromere	CASBMY010000014.1	317610	317728	119	0.8487394957983193	True	85.0		intact_called	target=BMB_1-4643; region_start=112204; region_end=112322; region_len=119; strand=-; call_start=112204; call_end=112322	BMB_1-4643	112204.0	112322.0	112204.0	112322.0	85.0	0.0	homozygous	no
BMB	cen|CASBMY010000015.1|542202	centromere	CASBMY010000015.1	542202	542322	121	0.8677685950413223	True	87.0		intact_called	target=BMB_1-4653; region_start=172434; region_end=172554; region_len=121; strand=+; call_start=172434; call_end=172554	BMB_1-4653	172434.0	172554.0	172434.0	172554.0	87.0	0.0	homozygous	no
BMB	cen|CASBMY010000008.1|101772	centromere	CASBMY010000008.1	101772	101890	119	0.8571428571428571	True	85.0		intact_called	target=BMB_1-4368; region_start=5080; region_end=5198; region_len=119; strand=+; call_start=5080; call_end=5198	BMB_1-4368	5080.0	5198.0	5080.0	5198.0	85.0	0.0	homozygous	no
BMB	cen|CASBMY010000003.1|105473	centromere	CASBMY010000003.1	105473	105590	118	0.8559322033898306	True	84.0		intact_called	target=BMB_1-4676; region_start=93944; region_end=94061; region_len=118; strand=+; call_start=93944; call_end=94061	BMB_1-4676	93944.0	94061.0	93944.0	94061.0	84.0	0.0	homozygous	no
BMB	cen|CASBMY010000004.1|448597	centromere	CASBMY010000004.1	448597	448715	119	0.8487394957983193	True	85.0		intact_called	target=BMB_1-4664; region_start=222242; region_end=222360; region_len=119; strand=+; call_start=222242; call_end=222360	BMB_1-4664	222242.0	222360.0	222242.0	222360.0	85.0	0.0	homozygous	no
BMB	cen|CASBMY010000001.1|143222	centromere	CASBMY010000001.1	143222	143340	119	0.8235294117647058	True	85.0		intact_called	target=BMB_1-4590; region_start=24429; region_end=24547; region_len=119; strand=-; call_start=24429; call_end=24547	BMB_1-4590	24429.0	24547.0	24429.0	24547.0	85.0	0.0	homozygous	no
BMB	cen|CASBMY010000011.1|251171	centromere	CASBMY010000011.1	251171	251290	120	0.8083333333333333	True	86.0		intact_called	target=BMB_1-4640; region_start=248516; region_end=248635; region_len=120; strand=+; call_start=248516; call_end=248635	BMB_1-4640	248516.0	248635.0	248516.0	248635.0	86.0	0.0	homozygous	no
BPG	cen|CASBNP010000010.1|463969	centromere	CASBNP010000010.1	463969	464086	118	0.864406779661017	True	84.0		intact_called	target=BPG_4-4007; region_start=17774; region_end=17898; region_len=125; strand=-; call_start=17781; call_end=17898	BPG_4-4007	17774.0	17898.0	17781.0	17898.0	84.0	0.0	homozygous	no
BPG	cen|CASBNP010000011.1|469312	centromere	CASBNP010000011.1	469312	469430	119	0.865546218487395	True	85.0		intact_called	target=BPG_4-4185; region_start=60678; region_end=60796; region_len=119; strand=+; call_start=60678; call_end=60796	BPG_4-4185	60678.0	60796.0	60678.0	60796.0	85.0	0.0	homozygous	no
BPG	cen|CASBNP010000012.1|144459	centromere	CASBNP010000012.1	144459	144579	121	0.8760330578512396	True	87.0		split	reason=one flank placed; placed_on=BPG_4-4221								homozygous	no
BPG	cen|CASBNP010000008.1|495699	centromere	CASBNP010000008.1	495699	495820	122	0.8524590163934426	True	88.0		intact_called	target=BPG_4-4195; region_start=130112; region_end=130233; region_len=122; strand=-; call_start=130112; call_end=130233	BPG_4-4195	130112.0	130233.0	130112.0	130233.0	88.0	0.0	homozygous	no
BPG	cen|CASBNP010000014.1|638329	centromere	CASBNP010000014.1	638329	638447	119	0.8487394957983193	True	85.0		intact_called	target=BPG_4-4187; region_start=144476; region_end=144594; region_len=119; strand=-; call_start=144476; call_end=144594	BPG_4-4187	144476.0	144594.0	144476.0	144594.0	85.0	0.0	homozygous	no
BPG	cen|CASBNP010000005.1|351292	centromere	CASBNP010000005.1	351292	351409	118	0.8813559322033898	True	84.0		intact_called	target=BPG_4-4174; region_start=35207; region_end=35324; region_len=118; strand=-; call_start=35207; call_end=35324	BPG_4-4174	35207.0	35324.0	35207.0	35324.0	84.0	0.0	homozygous	no
BPG	cen|CASBNP010000016.1|547119	centromere	CASBNP010000016.1	547119	547236	118	0.8813559322033898	True	84.0		intact_called	target=BPG_4-4042; region_start=4184; region_end=4301; region_len=118; strand=-; call_start=4184; call_end=4301	BPG_4-4042	4184.0	4301.0	4184.0	4301.0	84.0	0.0	homozygous	no
BPG	cen|CASBNP010000009.1|94796	centromere	CASBNP010000009.1	94796	94914	119	0.865546218487395	True	85.0		intact_called	target=BPG_4-4197; region_start=40940; region_end=41058; region_len=119; strand=-; call_start=40940; call_end=41058	BPG_4-4197	40940.0	41058.0	40940.0	41058.0	85.0	0.0	homozygous	no
BPG	cen|CASBNP010000003.1|114145	centromere	CASBNP010000003.1	114145	114262	118	0.864406779661017	True	84.0		intact_called	target=BPG_4-4035; region_start=23473; region_end=23590; region_len=118; strand=+; call_start=23473; call_end=23590	BPG_4-4035	23473.0	23590.0	23473.0	23590.0	84.0	0.0	homozygous	no
BPG	cen|CASBNP010000002.1|229775	centromere	CASBNP010000002.1	229775	229892	118	0.8728813559322034	True	84.0		intact_called	target=BPG_4-4222; region_start=55780; region_end=55897; region_len=118; strand=-; call_start=55780; call_end=55897	BPG_4-4222	55780.0	55897.0	55780.0	55897.0	84.0	0.0	homozygous	no
BPG	cen|CASBNP010000006.1|146118	centromere	CASBNP010000006.1	146118	146236	119	0.8487394957983193	True	85.0		intact_called	target=BPG_4-4214; region_start=129192; region_end=129310; region_len=119; strand=+; call_start=129192; call_end=129310	BPG_4-4214	129192.0	129310.0	129192.0	129310.0	85.0	0.0	homozygous	no
BPG	cen|CASBNP010000007.1|157097	centromere	CASBNP010000007.1	157097	157215	119	0.8403361344537815	True	85.0		intact_called	target=BPG_4-4231; region_start=56463; region_end=56580; region_len=118; strand=-; call_start=56463; call_end=56580	BPG_4-4231	56463.0	56580.0	56463.0	56580.0	84.0	-1.0	homozygous	no
BPG	cen|CASBNP010000015.1|332413	centromere	CASBNP010000015.1	332413	332532	120	0.85	True	86.0		intact_called	target=BPG_4-4182; region_start=28439; region_end=28558; region_len=120; strand=-; call_start=28439; call_end=28558	BPG_4-4182	28439.0	28558.0	28439.0	28558.0	86.0	0.0	homozygous	no
BPG	cen|CASBNP010000004.1|481850	centromere	CASBNP010000004.1	481850	481969	120	0.85	True	86.0		intact_called	target=BPG_4-3956; region_start=77704; region_end=77823; region_len=120; strand=+; call_start=77704; call_end=77823	BPG_4-3956	77704.0	77823.0	77704.0	77823.0	86.0	0.0	homozygous	no
BPG	cen|CASBNP010000001.1|137833	centromere	CASBNP010000001.1	137833	137951	119	0.8403361344537815	True	85.0		intact_called	target=BPG_4-4039; region_start=19205; region_end=19323; region_len=119; strand=-; call_start=19205; call_end=19323	BPG_4-4039	19205.0	19323.0	19205.0	19323.0	85.0	0.0	homozygous	no
BPG	cen|CASBNP010000013.1|257305	centromere	CASBNP010000013.1	257305	257421	117	0.8034188034188035	True	83.0		intact_called	target=BPG_4-4171; region_start=96697; region_end=96813; region_len=117; strand=+; call_start=96697; call_end=96813	BPG_4-4171	96697.0	96813.0	96697.0	96813.0	83.0	0.0	homozygous	no
BPK	cen|CASBOC010000010.1|439682	centromere	CASBOC010000010.1	439682	439800	119	0.865546218487395	True	85.0		intact_called	target=BPK_4-7392; region_start=60572; region_end=60690; region_len=119; strand=+; call_start=60572; call_end=60690	BPK_4-7392	60572.0	60690.0	60572.0	60690.0	85.0	0.0	heterozygous	no
BPK	cen|CASBOC010000011.1|141506	centromere	CASBOC010000011.1	141506	141626	121	0.8760330578512396	True	87.0		intact_called	target=BPK_4-7425; region_start=294436; region_end=294556; region_len=121; strand=-; call_start=294436; call_end=294556	BPK_4-7425	294436.0	294556.0	294436.0	294556.0	87.0	0.0	heterozygous	no
BPK	cen|CASBOC010000008.1|500761	centromere	CASBOC010000008.1	500761	500882	122	0.8524590163934426	True	88.0		intact_called	target=BPK_4-7479; region_start=244499; region_end=244620; region_len=122; strand=-; call_start=244499; call_end=244620	BPK_4-7479	244499.0	244620.0	244499.0	244620.0	88.0	0.0	heterozygous	no
BPK	cen|CASBOC010000013.1|604425	centromere	CASBOC010000013.1	604425	604542	118	0.847457627118644	True	84.0		intact_called	target=BPK_4-7433; region_start=144883; region_end=145000; region_len=118; strand=-; call_start=144883; call_end=145000	BPK_4-7433	144883.0	145000.0	144883.0	145000.0	84.0	0.0	heterozygous	no
BPK	cen|CASBOC010000005.1|340439	centromere	CASBOC010000005.1	340439	340556	118	0.8813559322033898	True	84.0		intact_called	target=BPK_4-7435; region_start=35415; region_end=35532; region_len=118; strand=-; call_start=35415; call_end=35532	BPK_4-7435	35415.0	35532.0	35415.0	35532.0	84.0	0.0	heterozygous	no
BPK	cen|CASBOC010000015.1|536502	centromere	CASBOC010000015.1	536502	536619	118	0.8813559322033898	True	84.0		intact_called	target=BPK_4-7431; region_start=4184; region_end=4301; region_len=118; strand=-; call_start=4184; call_end=4301	BPK_4-7431	4184.0	4301.0	4184.0	4301.0	84.0	0.0	heterozygous	no
BPK	cen|CASBOC010000016.1|706868	centromere	CASBOC010000016.1	706868	706985	118	0.847457627118644	True	84.0		intact_called	target=BPK_4-7448; region_start=254207; region_end=254324; region_len=118; strand=-; call_start=254207; call_end=254324	BPK_4-7448	254207.0	254324.0	254207.0	254324.0	84.0	0.0	heterozygous	no
BPK	cen|CASBOC010000009.1|94810	centromere	CASBOC010000009.1	94810	94928	119	0.865546218487395	True	85.0		intact_called	target=BPK_4-7472; region_start=27376; region_end=27494; region_len=119; strand=-; call_start=27376; call_end=27494	BPK_4-7472	27376.0	27494.0	27376.0	27494.0	85.0	0.0	heterozygous	no
BPK	cen|CASBOC010000003.1|113196	centromere	CASBOC010000003.1	113196	113313	118	0.864406779661017	True	84.0		intact_called	target=BPK_4-7468; region_start=95765; region_end=95882; region_len=118; strand=+; call_start=95765; call_end=95882	BPK_4-7468	95765.0	95882.0	95765.0	95882.0	84.0	0.0	heterozygous	no
BPK	cen|CASBOC010000002.1|226277	centromere	CASBOC010000002.1	226277	226394	118	0.8728813559322034	True	84.0		intact_called	target=BPK_4-7469; region_start=216215; region_end=216332; region_len=118; strand=+; call_start=216215; call_end=216332	BPK_4-7469	216215.0	216332.0	216215.0	216332.0	84.0	0.0	heterozygous	no
BPK	cen|CASBOC010000006.1|147795	centromere	CASBOC010000006.1	147795	147913	119	0.8487394957983193	True	85.0		intact_called	target=BPK_4-7423; region_start=129095; region_end=129213; region_len=119; strand=+; call_start=129095; call_end=129213	BPK_4-7423	129095.0	129213.0	129095.0	129213.0	85.0	0.0	heterozygous	no
BPK	cen|CASBOC010000007.1|123868	centromere	CASBOC010000007.1	123868	123986	119	0.8403361344537815	True	85.0		intact_called	target=BPK_4-7429; region_start=13656; region_end=13780; region_len=125; strand=-; call_start=13656; call_end=13774	BPK_4-7429	13656.0	13780.0	13656.0	13774.0	85.0	0.0	heterozygous	no
BPK	cen|CASBOC010000014.1|311946	centromere	CASBOC010000014.1	311946	312065	120	0.85	True	86.0		intact_called	target=BPK_4-7456; region_start=308770; region_end=308889; region_len=120; strand=+; call_start=308770; call_end=308889	BPK_4-7456	308770.0	308889.0	308770.0	308889.0	86.0	0.0	heterozygous	no
BPK	cen|CASBOC010000004.1|450201	centromere	CASBOC010000004.1	450201	450320	120	0.8416666666666667	True	86.0		intact_called	target=BPK_4-7457; region_start=23122; region_end=23241; region_len=120; strand=-; call_start=23122; call_end=23241	BPK_4-7457	23122.0	23241.0	23122.0	23241.0	86.0	0.0	heterozygous	no
BPK	cen|CASBOC010000001.1|149036	centromere	CASBOC010000001.1	149036	149154	119	0.8403361344537815	True	85.0		intact_called	target=BPK_4-7486; region_start=11480; region_end=11598; region_len=119; strand=+; call_start=11480; call_end=11598	BPK_4-7486	11480.0	11598.0	11480.0	11598.0	85.0	0.0	heterozygous	no
BPK	cen|CASBOC010000012.1|257271	centromere	CASBOC010000012.1	257271	257387	117	0.8034188034188035	True	83.0		intact_called	target=BPK_4-7416; region_start=248936; region_end=249053; region_len=118; strand=+; call_start=248936; call_end=249053	BPK_4-7416	248936.0	249053.0	248936.0	249053.0	84.0	1.0	heterozygous	no
BTE	cen|CASBOT010000007.1|137656	centromere	CASBOT010000007.1	137656	137772	117	0.8717948717948718	True	83.0		split	reason=one flank placed; placed_on=BTE_3-67865								heterozygous	chromosome not identified
BTE	cen|CASBOT010000010.1|426170	centromere	CASBOT010000010.1	426170	426289	120	0.8666666666666667	True	86.0		split	reason=one flank placed; placed_on=BTE_3-67874								heterozygous	no
BTE	cen|CASBOT010000011.1|475940	centromere	CASBOT010000011.1	475940	476058	119	0.865546218487395	True	85.0		n_run	target=BTE_3-67561; region_start=26370; region_end=26592; region_len=223; strand=-	BTE_3-67561	26370.0	26592.0					heterozygous	no
BTE	cen|CASBOT010000012.1|165313	centromere	CASBOT010000012.1	165313	165433	121	0.8760330578512396	True	87.0		absent	reason=neither flank placed								heterozygous	no
BTE	cen|CASBOT010000008.1|505865	centromere	CASBOT010000008.1	505865	505986	122	0.8524590163934426	True	88.0		n_run	target=BTE_3-67693; region_start=37800; region_end=37926; region_len=127; strand=-	BTE_3-67693	37800.0	37926.0					heterozygous	chromosome not identified
BTE	cen|CASBOT010000014.1|625997	centromere	CASBOT010000014.1	625997	626114	118	0.847457627118644	True	84.0		n_run	target=BTE_3-67843; region_start=26270; region_end=26508; region_len=239; strand=+	BTE_3-67843	26270.0	26508.0					heterozygous	yes
BTE	cen|CASBOT010000005.1|341194	centromere	CASBOT010000005.1	341194	341311	118	0.8813559322033898	True	84.0		n_run	target=BTE_3-68044; region_start=19132; region_end=19335; region_len=204; strand=+	BTE_3-68044	19132.0	19335.0					heterozygous	yes
BTE	cen|CASBOT010000016.1|565354	centromere	CASBOT010000016.1	565354	565471	118	0.8813559322033898	True	84.0		intact_called	target=BTE_3-67740; region_start=4147; region_end=4264; region_len=118; strand=-; call_start=4147; call_end=4264	BTE_3-67740	4147.0	4264.0	4147.0	4264.0	84.0	0.0	heterozygous	no
BTE	cen|CASBOT010000009.1|93285	centromere	CASBOT010000009.1	93285	93403	119	0.865546218487395	True	85.0		split	reason=one flank placed; placed_on=BTE_3-67598								heterozygous	chromosome not identified
BTE	cen|CASBOT010000002.1|239227	centromere	CASBOT010000002.1	239227	239344	118	0.8728813559322034	True	84.0		split	reason=flanks on different sequences								heterozygous	chromosome not identified
BTE	cen|CASBOT010000006.1|175872	centromere	CASBOT010000006.1	175872	175990	119	0.8487394957983193	True	85.0		absent	reason=neither flank placed								heterozygous	yes
BTE	cen|CASBOT010000015.1|307175	centromere	CASBOT010000015.1	307175	307294	120	0.85	True	86.0		split	reason=one flank placed; placed_on=BTE_3-66468								heterozygous	chromosome not identified
BTE	cen|CASBOT010000004.1|455006	centromere	CASBOT010000004.1	455006	455125	120	0.85	True	86.0		absent	reason=neither flank placed								heterozygous	chromosome not identified
BTE	cen|CASBOT010000003.1|111446	centromere	CASBOT010000003.1	111446	111563	118	0.847457627118644	True	84.0		absent	reason=neither flank placed								heterozygous	chromosome not identified
BTE	cen|CASBOT010000001.1|151241	centromere	CASBOT010000001.1	151241	151359	119	0.8403361344537815	True	85.0		intact_called	target=BTE_3-67898; region_start=4849; region_end=4982; region_len=134; strand=-; call_start=4849; call_end=4967	BTE_3-67898	4849.0	4982.0	4849.0	4967.0	85.0	0.0	heterozygous	yes
BTE	cen|CASBOT010000013.1|257715	centromere	CASBOT010000013.1	257715	257832	118	0.8050847457627118	True	84.0		intact_called	target=BTE_3-67977; region_start=9067; region_end=9184; region_len=118; strand=-; call_start=9067; call_end=9184	BTE_3-67977	9067.0	9184.0	9067.0	9184.0	84.0	0.0	heterozygous	no
CBK	cen|CASBOX010000012.1|145767	centromere	CASBOX010000012.1	145767	145887	121	0.8842975206611571	True	87.0		intact_called	target=CBK_4-10789; region_start=17820; region_end=17940; region_len=121; strand=-; call_start=17820; call_end=17940	CBK_4-10789	17820.0	17940.0	17820.0	17940.0	87.0	0.0	homozygous	no
CBK	cen|CASBOX010000011.1|451332	centromere	CASBOX010000011.1	451332	451450	119	0.865546218487395	True	85.0		intact_called	target=CBK_4-11004; region_start=137819; region_end=137937; region_len=119; strand=+; call_start=137819; call_end=137937	CBK_4-11004	137819.0	137937.0	137819.0	137937.0	85.0	0.0	homozygous	no
CBK	cen|CASBOX010000010.1|442453	centromere	CASBOX010000010.1	442453	442570	118	0.8559322033898306	True	84.0		intact_called	target=CBK_4-11009; region_start=21872; region_end=21989; region_len=118; strand=+; call_start=21872; call_end=21989	CBK_4-11009	21872.0	21989.0	21872.0	21989.0	84.0	0.0	homozygous	no
CBK	cen|CASBOX010000014.1|629511	centromere	CASBOX010000014.1	629511	629629	119	0.8487394957983193	True	85.0		intact_called	target=CBK_4-11067; region_start=122215; region_end=122333; region_len=119; strand=-; call_start=122215; call_end=122333	CBK_4-11067	122215.0	122333.0	122215.0	122333.0	85.0	0.0	homozygous	no
CBK	cen|CASBOX010000008.1|495120	centromere	CASBOX010000008.1	495120	495239	120	0.85	True	86.0		intact_called	target=CBK_4-11031; region_start=38722; region_end=38841; region_len=120; strand=-; call_start=38722; call_end=38841	CBK_4-11031	38722.0	38841.0	38722.0	38841.0	86.0	0.0	homozygous	no
CBK	cen|CASBOX010000005.1|351162	centromere	CASBOX010000005.1	351162	351279	118	0.8813559322033898	True	84.0		intact_called	target=CBK_4-11046; region_start=82259; region_end=82376; region_len=118; strand=-; call_start=82259; call_end=82376	CBK_4-11046	82259.0	82376.0	82259.0	82376.0	84.0	0.0	homozygous	no
CBK	cen|CASBOX010000016.1|556451	centromere	CASBOX010000016.1	556451	556568	118	0.8813559322033898	True	84.0		intact_called	target=CBK_4-11089; region_start=15790; region_end=15907; region_len=118; strand=-; call_start=15790; call_end=15907	CBK_4-11089	15790.0	15907.0	15790.0	15907.0	84.0	0.0	homozygous	no
CBK	cen|CASBOX010000002.1|233407	centromere	CASBOX010000002.1	233407	233524	118	0.8813559322033898	True	84.0		intact_called	target=CBK_4-10940; region_start=56960; region_end=57077; region_len=118; strand=-; call_start=56960; call_end=57077	CBK_4-10940	56960.0	57077.0	56960.0	57077.0	84.0	0.0	homozygous	no
CBK	cen|CASBOX010000001.1|144407	centromere	CASBOX010000001.1	144407	144525	119	0.8571428571428571	True	85.0		intact_called	target=CBK_4-10850; region_start=11701; region_end=11819; region_len=119; strand=+; call_start=11701; call_end=11819	CBK_4-10850	11701.0	11819.0	11701.0	11819.0	85.0	0.0	homozygous	no
CBK	cen|CASBOX010000003.1|114371	centromere	CASBOX010000003.1	114371	114488	118	0.864406779661017	True	84.0		intact_called	target=CBK_4-11057; region_start=34085; region_end=34202; region_len=118; strand=-; call_start=34085; call_end=34202	CBK_4-11057	34085.0	34202.0	34085.0	34202.0	84.0	0.0	homozygous	no
CBK	cen|CASBOX010000006.1|152984	centromere	CASBOX010000006.1	152984	153102	119	0.8487394957983193	True	85.0		intact_called	target=CBK_4-11103; region_start=130215; region_end=130333; region_len=119; strand=+; call_start=130215; call_end=130333	CBK_4-11103	130215.0	130333.0	130215.0	130333.0	85.0	0.0	homozygous	no
CBK	cen|CASBOX010000007.1|170902	centromere	CASBOX010000007.1	170902	171020	119	0.8403361344537815	True	85.0		intact_called	target=CBK_4-10741; region_start=32774; region_end=32892; region_len=119; strand=-; call_start=32774; call_end=32892	CBK_4-10741	32774.0	32892.0	32774.0	32892.0	85.0	0.0	homozygous	no
CBK	cen|CASBOX010000015.1|329494	centromere	CASBOX010000015.1	329494	329613	120	0.85	True	86.0		intact_called	target=CBK_4-11068; region_start=250926; region_end=251045; region_len=120; strand=-; call_start=250926; call_end=251045	CBK_4-11068	250926.0	251045.0	250926.0	251045.0	86.0	0.0	homozygous	no
CBK	cen|CASBOX010000004.1|448836	centromere	CASBOX010000004.1	448836	448955	120	0.8416666666666667	True	86.0		intact_called	target=CBK_4-11080; region_start=220917; region_end=221036; region_len=120; strand=+; call_start=220917; call_end=221036	CBK_4-11080	220917.0	221036.0	220917.0	221036.0	86.0	0.0	homozygous	no
CBK	cen|CASBOX010000009.1|94895	centromere	CASBOX010000009.1	94895	95013	119	0.8403361344537815	True	85.0		intact_called	target=CBK_4-11062; region_start=63890; region_end=64008; region_len=119; strand=+; call_start=63890; call_end=64008	CBK_4-11062	63890.0	64008.0	63890.0	64008.0	85.0	0.0	homozygous	no
CBK	cen|CASBOX010000013.1|268848	centromere	CASBOX010000013.1	268848	268968	121	0.8016528925619835	True	87.0		intact_called	target=CBK_4-11094; region_start=66309; region_end=66429; region_len=121; strand=+; call_start=66309; call_end=66429	CBK_4-11094	66309.0	66429.0	66309.0	66429.0	87.0	0.0	homozygous	no
CBM	cen|CASBPF010000005.1|346652	centromere	CASBPF010000005.1	346652	346769	118	0.8898305084745762	True	84.0		intact_called	target=CBM_4-37381; region_start=31418; region_end=31535; region_len=118; strand=-; call_start=31418; call_end=31535	CBM_4-37381	31418.0	31535.0	31418.0	31535.0	84.0	0.0	heterozygous	no
CBM	cen|CASBPF010000011.1|461944	centromere	CASBPF010000011.1	461944	462062	119	0.865546218487395	True	85.0		intact_called	target=CBM_4-37258; region_start=17865; region_end=17982; region_len=118; strand=-; call_start=17865; call_end=17982	CBM_4-37258	17865.0	17982.0	17865.0	17982.0	84.0	-1.0	heterozygous	no
CBM	cen|CASBPF010000007.1|188017	centromere	CASBPF010000007.1	188017	188132	116	0.853448275862069	True	82.0		absent	reason=neither flank placed								heterozygous	chromosome not identified
CBM	cen|CASBPF010000012.1|141312	centromere	CASBPF010000012.1	141312	141432	121	0.8760330578512396	True	87.0		split	reason=one flank placed; placed_on=CBM_4-36613								heterozygous	no
CBM	cen|CASBPF010000014.1|614895	centromere	CASBPF010000014.1	614895	615013	119	0.8487394957983193	True	85.0		intact_called	target=CBM_4-37304; region_start=26349; region_end=26467; region_len=119; strand=+; call_start=26349; call_end=26467	CBM_4-37304	26349.0	26467.0	26349.0	26467.0	85.0	0.0	heterozygous	no
CBM	cen|CASBPF010000006.1|140773	centromere	CASBPF010000006.1	140773	140891	119	0.8571428571428571	True	85.0		intact_called	target=CBM_4-37362; region_start=13203; region_end=13345; region_len=143; strand=+; call_start=13203; call_end=13321	CBM_4-37362	13203.0	13345.0	13203.0	13321.0	85.0	0.0	heterozygous	no
CBM	cen|CASBPF010000010.1|442710	centromere	CASBPF010000010.1	442710	442824	115	0.8434782608695652	True	81.0		intact_called	target=CBM_4-37294; region_start=17325; region_end=17442; region_len=118; strand=-; call_start=17325; call_end=17442	CBM_4-37294	17325.0	17442.0	17325.0	17442.0	84.0	3.0	heterozygous	no
CBM	cen|CASBPF010000002.1|122465	centromere	CASBPF010000002.1	122465	122582	118	0.864406779661017	True	84.0		intact_called	target=CBM_4-37256; region_start=23470; region_end=23587; region_len=118; strand=+; call_start=23470; call_end=23587	CBM_4-37256	23470.0	23587.0	23470.0	23587.0	84.0	0.0	heterozygous	no
CBM	cen|CASBPF010000016.1|548960	centromere	CASBPF010000016.1	548960	549072	113	0.8672566371681416	True	79.0		absent	reason=neither flank placed								heterozygous	chromosome not identified
CBM	cen|CASBPF010000003.1|702430	centromere	CASBPF010000003.1	702430	702543	114	0.868421052631579	True	80.0		intact_called	target=CBM_4-36491; region_start=11318; region_end=11435; region_len=118; strand=+; call_start=11318; call_end=11435	CBM_4-36491	11318.0	11435.0	11318.0	11435.0	84.0	4.0	heterozygous	no
CBM	cen|CASBPF010000008.1|496900	centromere	CASBPF010000008.1	496900	497019	120	0.825	True	86.0		intact_called	target=CBM_4-37270; region_start=160737; region_end=160856; region_len=120; strand=+; call_start=160737; call_end=160856	CBM_4-37270	160737.0	160856.0	160737.0	160856.0	86.0	0.0	heterozygous	no
CBM	cen|CASBPF010000015.1|293406	centromere	CASBPF010000015.1	293406	293525	120	0.85	True	86.0		intact_called	target=CBM_4-37383; region_start=88053; region_end=88172; region_len=120; strand=+; call_start=88053; call_end=88172	CBM_4-37383	88053.0	88172.0	88053.0	88172.0	86.0	0.0	heterozygous	no
CBM	cen|CASBPF010000004.1|450232	centromere	CASBPF010000004.1	450232	450351	120	0.8416666666666667	True	86.0		intact_called	target=CBM_4-37289; region_start=5169; region_end=5283; region_len=115; strand=+; call_start=5171; call_end=5282	CBM_4-37289	5169.0	5283.0	5171.0	5282.0	78.0	-8.0	heterozygous	no
CBM	cen|CASBPF010000001.1|137972	centromere	CASBPF010000001.1	137972	138090	119	0.8319327731092437	True	85.0		intact_called	target=CBM_4-37399; region_start=12091; region_end=12209; region_len=119; strand=+; call_start=12091; call_end=12209	CBM_4-37399	12091.0	12209.0	12091.0	12209.0	85.0	0.0	heterozygous	no
CBM	cen|CASBPF010000009.1|98279	centromere	CASBPF010000009.1	98279	98397	119	0.8319327731092437	True	85.0		split	reason=one flank placed; placed_on=CBM_4-37415								heterozygous	chromosome not identified
CBM	cen|CASBPF010000013.1|255235	centromere	CASBPF010000013.1	255235	255349	115	0.7913043478260869	True	81.0		intact_called	target=CBM_4-37291; region_start=38537; region_end=38657; region_len=121; strand=-; call_start=38537; call_end=38657	CBM_4-37291	38537.0	38657.0	38537.0	38657.0	87.0	6.0	heterozygous	no
CCN	cen|CASBNV010000011.1|441824	centromere	CASBNV010000011.1	441824	441942	119	0.8739495798319328	True	85.0		intact_called	target=CCN_1-6977; region_start=437378; region_end=437496; region_len=119; strand=+; call_start=437378; call_end=437496	CCN_1-6977	437378.0	437496.0	437378.0	437496.0	85.0	0.0	homozygous	no
CCN	cen|CASBNV010000012.1|144986	centromere	CASBNV010000012.1	144986	145106	121	0.8842975206611571	True	87.0		intact_called	target=CCN_1-6823; region_start=17045; region_end=17165; region_len=121; strand=-; call_start=17045; call_end=17165	CCN_1-6823	17045.0	17165.0	17045.0	17165.0	87.0	0.0	homozygous	no
CCN	cen|CASBNV010000002.1|227313	centromere	CASBNV010000002.1	227313	227430	118	0.8728813559322034	True	84.0		intact_called	target=CCN_1-6882; region_start=56976; region_end=57093; region_len=118; strand=-; call_start=56976; call_end=57093	CCN_1-6882	56976.0	57093.0	56976.0	57093.0	84.0	0.0	homozygous	no
CCN	cen|CASBNV010000006.1|152045	centromere	CASBNV010000006.1	152045	152163	119	0.865546218487395	True	85.0		intact_called	target=CCN_1-6987; region_start=13601; region_end=13719; region_len=119; strand=+; call_start=13601; call_end=13719	CCN_1-6987	13601.0	13719.0	13601.0	13719.0	85.0	0.0	homozygous	no
CCN	cen|CASBNV010000005.1|347346	centromere	CASBNV010000005.1	347346	347464	119	0.8823529411764706	True	85.0		intact_called	target=CCN_1-6762; region_start=35191; region_end=35309; region_len=119; strand=-; call_start=35191; call_end=35309	CCN_1-6762	35191.0	35309.0	35191.0	35309.0	85.0	0.0	homozygous	no
CCN	cen|CASBNV010000008.1|504217	centromere	CASBNV010000008.1	504217	504338	122	0.8442622950819673	True	88.0		intact_called	target=CCN_1-6981; region_start=77475; region_end=77596; region_len=122; strand=+; call_start=77475; call_end=77596	CCN_1-6981	77475.0	77596.0	77475.0	77596.0	88.0	0.0	homozygous	no
CCN	cen|CASBNV010000016.1|545233	centromere	CASBNV010000016.1	545233	545351	119	0.8739495798319328	True	85.0		intact_called	target=CCN_1-6874; region_start=133206; region_end=133324; region_len=119; strand=-; call_start=133206; call_end=133324	CCN_1-6874	133206.0	133324.0	133206.0	133324.0	85.0	0.0	homozygous	no
CCN	cen|CASBNV010000003.1|113903	centromere	CASBNV010000003.1	113903	114020	118	0.864406779661017	True	84.0		intact_called	target=CCN_1-6890; region_start=101631; region_end=101748; region_len=118; strand=+; call_start=101631; call_end=101748	CCN_1-6890	101631.0	101748.0	101631.0	101748.0	84.0	0.0	homozygous	no
CCN	cen|CASBNV010000010.1|431201	centromere	CASBNV010000010.1	431201	431319	119	0.8403361344537815	True	85.0		intact_called	target=CCN_1-6952; region_start=81164; region_end=81282; region_len=119; strand=+; call_start=81164; call_end=81282	CCN_1-6952	81164.0	81282.0	81164.0	81282.0	85.0	0.0	homozygous	no
CCN	cen|CASBNV010000004.1|450426	centromere	CASBNV010000004.1	450426	450543	118	0.8559322033898306	True	84.0		intact_called	target=CCN_1-6965; region_start=23132; region_end=23249; region_len=118; strand=-; call_start=23132; call_end=23249	CCN_1-6965	23132.0	23249.0	23132.0	23249.0	84.0	0.0	homozygous	no
CCN	cen|CASBNV010000001.1|147506	centromere	CASBNV010000001.1	147506	147624	119	0.8487394957983193	True	85.0		intact_called	target=CCN_1-6978; region_start=33185; region_end=33303; region_len=119; strand=-; call_start=33185; call_end=33303	CCN_1-6978	33185.0	33303.0	33185.0	33303.0	85.0	0.0	homozygous	no
CCN	cen|CASBNV010000014.1|602869	centromere	CASBNV010000014.1	602869	602987	119	0.8235294117647058	True	85.0		intact_called	target=CCN_1-6888; region_start=30596; region_end=30714; region_len=119; strand=+; call_start=30596; call_end=30714	CCN_1-6888	30596.0	30714.0	30596.0	30714.0	85.0	0.0	homozygous	no
CCN	cen|CASBNV010000007.1|160436	centromere	CASBNV010000007.1	160436	160554	119	0.8319327731092437	True	85.0		intact_called	target=CCN_1-6985; region_start=128243; region_end=128361; region_len=119; strand=+; call_start=128243; call_end=128361	CCN_1-6985	128243.0	128361.0	128243.0	128361.0	85.0	0.0	homozygous	no
CCN	cen|CASBNV010000009.1|94507	centromere	CASBNV010000009.1	94507	94625	119	0.8487394957983193	True	85.0		intact_called	target=CCN_1-6973; region_start=63442; region_end=63560; region_len=119; strand=+; call_start=63442; call_end=63560	CCN_1-6973	63442.0	63560.0	63442.0	63560.0	85.0	0.0	homozygous	no
CCN	cen|CASBNV010000015.1|330224	centromere	CASBNV010000015.1	330224	330343	120	0.8333333333333334	True	86.0		intact_called	target=CCN_1-6972; region_start=98830; region_end=98949; region_len=120; strand=+; call_start=98830; call_end=98949	CCN_1-6972	98830.0	98949.0	98830.0	98949.0	86.0	0.0	homozygous	no
CCN	cen|CASBNV010000013.1|257881	centromere	CASBNV010000013.1	257881	257999	119	0.7983193277310925	True	85.0		intact_called	target=CCN_1-6951; region_start=321340; region_end=321458; region_len=119; strand=-; call_start=321340; call_end=321458	CCN_1-6951	321340.0	321458.0	321340.0	321458.0	85.0	0.0	homozygous	no
CDA	cen|CASBOG010000007.1|149660	centromere	CASBOG010000007.1	149660	149778	119	0.8739495798319328	True	85.0		intact_called	target=CDA_2-12004; region_start=4700; region_end=4818; region_len=119; strand=+; call_start=4700; call_end=4818	CDA_2-12004	4700.0	4818.0	4700.0	4818.0	85.0	0.0	homozygous	no
CDA	cen|CASBOG010000012.1|162406	centromere	CASBOG010000012.1	162406	162525	120	0.8833333333333333	True	86.0		intact_called	target=CDA_2-12146; region_start=294225; region_end=294344; region_len=120; strand=-; call_start=294225; call_end=294344	CDA_2-12146	294225.0	294344.0	294225.0	294344.0	86.0	0.0	homozygous	no
CDA	cen|CASBOG010000002.1|230406	centromere	CASBOG010000002.1	230406	230523	118	0.8898305084745762	True	84.0		intact_called	target=CDA_2-12128; region_start=56964; region_end=57081; region_len=118; strand=-; call_start=56964; call_end=57081	CDA_2-12128	56964.0	57081.0	56964.0	57081.0	84.0	0.0	homozygous	no
CDA	cen|CASBOG010000014.1|642709	centromere	CASBOG010000014.1	642709	642828	120	0.8666666666666667	True	86.0		intact_called	target=CDA_2-12114; region_start=3792; region_end=3911; region_len=120; strand=-; call_start=3792; call_end=3911	CDA_2-12114	3792.0	3911.0	3792.0	3911.0	86.0	0.0	homozygous	no
CDA	cen|CASBOG010000010.1|447781	centromere	CASBOG010000010.1	447781	447898	118	0.864406779661017	True	84.0		intact_called	target=CDA_2-11924; region_start=20098; region_end=20215; region_len=118; strand=+; call_start=20098; call_end=20215	CDA_2-11924	20098.0	20215.0	20098.0	20215.0	84.0	0.0	homozygous	no
CDA	cen|CASBOG010000011.1|451124	centromere	CASBOG010000011.1	451124	451242	119	0.865546218487395	True	85.0		intact_called	target=CDA_2-12126; region_start=131113; region_end=131231; region_len=119; strand=+; call_start=131113; call_end=131231	CDA_2-12126	131113.0	131231.0	131113.0	131231.0	85.0	0.0	homozygous	no
CDA	cen|CASBOG010000006.1|159517	centromere	CASBOG010000006.1	159517	159635	119	0.865546218487395	True	85.0		intact_called	target=CDA_2-12104; region_start=13909; region_end=14027; region_len=119; strand=+; call_start=13909; call_end=14027	CDA_2-12104	13909.0	14027.0	13909.0	14027.0	85.0	0.0	homozygous	no
CDA	cen|CASBOG010000008.1|510977	centromere	CASBOG010000008.1	510977	511096	120	0.85	True	86.0		intact_called	target=CDA_2-11968; region_start=91661; region_end=91780; region_len=120; strand=+; call_start=91661; call_end=91780	CDA_2-11968	91661.0	91780.0	91661.0	91780.0	86.0	0.0	homozygous	no
CDA	cen|CASBOG010000016.1|544809	centromere	CASBOG010000016.1	544809	544927	119	0.8739495798319328	True	85.0		intact_called	target=CDA_2-12162; region_start=120029; region_end=120147; region_len=119; strand=-; call_start=120029; call_end=120147	CDA_2-12162	120029.0	120147.0	120029.0	120147.0	85.0	0.0	homozygous	no
CDA	cen|CASBOG010000015.1|321954	centromere	CASBOG010000015.1	321954	322073	120	0.8583333333333333	True	86.0		intact_called	target=CDA_2-12169; region_start=289490; region_end=289609; region_len=120; strand=+; call_start=289490; call_end=289609	CDA_2-12169	289490.0	289609.0	289490.0	289609.0	86.0	0.0	homozygous	no
CDA	cen|CASBOG010000005.1|357552	centromere	CASBOG010000005.1	357552	357670	119	0.865546218487395	True	85.0		intact_called	target=CDA_2-12158; region_start=30782; region_end=30900; region_len=119; strand=+; call_start=30782; call_end=30900	CDA_2-12158	30782.0	30900.0	30782.0	30900.0	85.0	0.0	homozygous	no
CDA	cen|CASBOG010000004.1|455323	centromere	CASBOG010000004.1	455323	455442	120	0.85	True	86.0		intact_called	target=CDA_2-12129; region_start=23102; region_end=23221; region_len=120; strand=-; call_start=23102; call_end=23221	CDA_2-12129	23102.0	23221.0	23102.0	23221.0	86.0	0.0	homozygous	no
CDA	cen|CASBOG010000003.1|105480	centromere	CASBOG010000003.1	105480	105597	118	0.847457627118644	True	84.0		intact_called	target=CDA_2-12092; region_start=92688; region_end=92805; region_len=118; strand=+; call_start=92688; call_end=92805	CDA_2-12092	92688.0	92805.0	92688.0	92805.0	84.0	0.0	homozygous	no
CDA	cen|CASBOG010000009.1|101437	centromere	CASBOG010000009.1	101437	101555	119	0.8403361344537815	True	85.0		intact_uncalled	target=CDA_2-12162; region_start=28313; region_end=28431; region_len=119; strand=-	CDA_2-12162	28313.0	28431.0					homozygous	chromosome not identified
CDA	cen|CASBOG010000001.1|153933	centromere	CASBOG010000001.1	153933	154051	119	0.8319327731092437	True	85.0		intact_called	target=CDA_2-12125; region_start=60203; region_end=60321; region_len=119; strand=-; call_start=60203; call_end=60321	CDA_2-12125	60203.0	60321.0	60203.0	60321.0	85.0	0.0	homozygous	no
CDA	cen|CASBOG010000013.1|256884	centromere	CASBOG010000013.1	256884	257003	120	0.8	True	86.0		intact_called	target=CDA_2-12168; region_start=248595; region_end=248714; region_len=120; strand=+; call_start=248595; call_end=248714	CDA_2-12168	248595.0	248714.0	248595.0	248714.0	86.0	0.0	homozygous	no
CFA	cen|CASBNX010000007.1|155449	centromere	CASBNX010000007.1	155449	155565	117	0.8717948717948718	True	83.0		intact_called	target=CFA_4-8442; region_start=32664; region_end=32780; region_len=117; strand=-; call_start=32664; call_end=32780	CFA_4-8442	32664.0	32780.0	32664.0	32780.0	83.0	0.0	homozygous	no
CFA	cen|CASBNX010000010.1|419035	centromere	CASBNX010000010.1	419035	419152	118	0.8728813559322034	True	84.0		intact_called	target=CFA_4-8455; region_start=20253; region_end=20370; region_len=118; strand=+; call_start=20253; call_end=20370	CFA_4-8455	20253.0	20370.0	20253.0	20370.0	84.0	0.0	homozygous	no
CFA	cen|CASBNX010000012.1|152828	centromere	CASBNX010000012.1	152828	152947	120	0.8833333333333333	True	86.0		intact_called	target=CFA_4-8745; region_start=209374; region_end=209493; region_len=120; strand=-; call_start=209374; call_end=209493	CFA_4-8745	209374.0	209493.0	209374.0	209493.0	86.0	0.0	homozygous	no
CFA	cen|CASBNX010000008.1|501788	centromere	CASBNX010000008.1	501788	501908	121	0.8512396694214877	True	87.0		intact_called	target=CFA_4-8735; region_start=91551; region_end=91671; region_len=121; strand=+; call_start=91551; call_end=91671	CFA_4-8735	91551.0	91671.0	91551.0	91671.0	87.0	0.0	homozygous	no
CFA	cen|CASBNX010000016.1|541176	centromere	CASBNX010000016.1	541176	541293	118	0.8813559322033898	True	84.0		intact_called	target=CFA_4-8748; region_start=413831; region_end=413948; region_len=118; strand=+; call_start=413831; call_end=413948	CFA_4-8748	413831.0	413948.0	413831.0	413948.0	84.0	0.0	homozygous	no
CFA	cen|CASBNX010000002.1|235157	centromere	CASBNX010000002.1	235157	235274	118	0.8728813559322034	True	84.0		intact_called	target=CFA_4-8707; region_start=34882; region_end=34999; region_len=118; strand=+; call_start=34882; call_end=34999	CFA_4-8707	34882.0	34999.0	34882.0	34999.0	84.0	0.0	homozygous	no
CFA	cen|CASBNX010000003.1|108666	centromere	CASBNX010000003.1	108666	108784	119	0.865546218487395	True	85.0		intact_uncalled	target=CFA_4-8748; region_start=476229; region_end=476347; region_len=119; strand=-	CFA_4-8748	476229.0	476347.0					homozygous	chromosome not identified
CFA	cen|CASBNX010000014.1|604395	centromere	CASBNX010000014.1	604395	604512	118	0.8305084745762712	True	84.0		intact_called	target=CFA_4-8743; region_start=26545; region_end=26662; region_len=118; strand=+; call_start=26545; call_end=26662	CFA_4-8743	26545.0	26662.0	26545.0	26662.0	84.0	0.0	homozygous	no
CFA	cen|CASBNX010000005.1|353192	centromere	CASBNX010000005.1	353192	353309	118	0.864406779661017	True	84.0		intact_called	target=CFA_4-8690; region_start=35200; region_end=35317; region_len=118; strand=-; call_start=35200; call_end=35317	CFA_4-8690	35200.0	35317.0	35200.0	35317.0	84.0	0.0	homozygous	no
CFA	cen|CASBNX010000015.1|323734	centromere	CASBNX010000015.1	323734	323853	120	0.85	True	86.0		intact_called	target=CFA_4-8722; region_start=298688; region_end=298807; region_len=120; strand=+; call_start=298688; call_end=298807	CFA_4-8722	298688.0	298807.0	298688.0	298807.0	86.0	0.0	homozygous	no
CFA	cen|CASBNX010000004.1|454130	centromere	CASBNX010000004.1	454130	454249	120	0.85	True	86.0		intact_called	target=CFA_4-8578; region_start=23105; region_end=23224; region_len=120; strand=-; call_start=23105; call_end=23224	CFA_4-8578	23105.0	23224.0	23105.0	23224.0	86.0	0.0	homozygous	no
CFA	cen|CASBNX010000006.1|149406	centromere	CASBNX010000006.1	149406	149524	119	0.8319327731092437	True	85.0		split	reason=one flank placed; placed_on=CFA_4-8544								homozygous	no
CFA	cen|CASBNX010000001.1|133406	centromere	CASBNX010000001.1	133406	133524	119	0.8403361344537815	True	85.0		intact_called	target=CFA_4-8751; region_start=11702; region_end=11820; region_len=119; strand=+; call_start=11702; call_end=11820	CFA_4-8751	11702.0	11820.0	11702.0	11820.0	85.0	0.0	homozygous	no
CFA	cen|CASBNX010000009.1|94264	centromere	CASBNX010000009.1	94264	94382	119	0.8319327731092437	True	85.0		intact_called	target=CFA_4-8701; region_start=87343; region_end=87461; region_len=119; strand=+; call_start=87343; call_end=87461	CFA_4-8701	87343.0	87461.0	87343.0	87461.0	85.0	0.0	homozygous	no
CFA	cen|CASBNX010000011.1|447064	centromere	CASBNX010000011.1	447064	447183	120	0.8333333333333334	True	86.0		intact_called	target=CFA_4-8750; region_start=365160; region_end=365279; region_len=120; strand=+; call_start=365160; call_end=365279	CFA_4-8750	365160.0	365279.0	365160.0	365279.0	86.0	0.0	homozygous	no
CFA	cen|CASBNX010000013.1|269918	centromere	CASBNX010000013.1	269918	270037	120	0.7916666666666666	True	86.0		intact_called	target=CFA_4-8575; region_start=8721; region_end=8840; region_len=120; strand=+; call_start=8721; call_end=8840	CFA_4-8575	8721.0	8840.0	8721.0	8840.0	86.0	0.0	homozygous	no
CFC	cen|CASBOS010000005.1|349691	centromere	CASBOS010000005.1	349691	349808	118	0.8898305084745762	True	84.0		intact_called	target=CFC_2-44317; region_start=75272; region_end=75389; region_len=118; strand=-; call_start=75272; call_end=75389	CFC_2-44317	75272.0	75389.0	75272.0	75389.0	84.0	0.0	heterozygous	no
CFC	cen|CASBOS010000011.1|462302	centromere	CASBOS010000011.1	462302	462420	119	0.8739495798319328	True	85.0		intact_called	target=CFC_2-44258; region_start=7207; region_end=7325; region_len=119; strand=+; call_start=7207; call_end=7325	CFC_2-44258	7207.0	7325.0	7207.0	7325.0	85.0	0.0	heterozygous	no
CFC	cen|CASBOS010000010.1|443538	centromere	CASBOS010000010.1	443538	443655	118	0.864406779661017	True	84.0		n_run	target=CFC_2-44557; region_start=83715; region_end=84142; region_len=428; strand=-	CFC_2-44557	83715.0	84142.0					heterozygous	chromosome not identified
CFC	cen|CASBOS010000012.1|151673	centromere	CASBOS010000012.1	151673	151793	121	0.8760330578512396	True	87.0		intact_called	target=CFC_2-44454; region_start=42534; region_end=42654; region_len=121; strand=-; call_start=42534; call_end=42654	CFC_2-44454	42534.0	42654.0	42534.0	42654.0	87.0	0.0	heterozygous	no
CFC	cen|CASBOS010000008.1|498416	centromere	CASBOS010000008.1	498416	498537	122	0.8524590163934426	True	88.0		n_run	target=CFC_2-44315; region_start=11085; region_end=11395; region_len=311; strand=+	CFC_2-44315	11085.0	11395.0					heterozygous	chromosome not identified
CFC	cen|CASBOS010000014.1|622368	centromere	CASBOS010000014.1	622368	622486	119	0.8487394957983193	True	85.0		absent	reason=neither flank placed								heterozygous	chromosome not identified
CFC	cen|CASBOS010000016.1|556485	centromere	CASBOS010000016.1	556485	556604	120	0.8833333333333333	True	86.0		split	reason=flanks on different sequences								heterozygous	chromosome not identified
CFC	cen|CASBOS010000002.1|220180	centromere	CASBOS010000002.1	220180	220297	118	0.8728813559322034	True	84.0		split	reason=one flank placed; placed_on=CFC_2-44558								heterozygous	no
CFC	cen|CASBOS010000006.1|151873	centromere	CASBOS010000006.1	151873	151991	119	0.8487394957983193	True	85.0		split	reason=one flank placed; placed_on=CFC_2-44437								heterozygous	chromosome not identified
CFC	cen|CASBOS010000007.1|130630	centromere	CASBOS010000007.1	130630	130747	118	0.864406779661017	True	84.0		absent	reason=neither flank placed								heterozygous	chromosome not identified
CFC	cen|CASBOS010000015.1|317161	centromere	CASBOS010000015.1	317161	317280	120	0.85	True	86.0		split	reason=one flank placed; placed_on=CFC_2-44478								heterozygous	yes
CFC	cen|CASBOS010000004.1|449915	centromere	CASBOS010000004.1	449915	450034	120	0.85	True	86.0		intact_called	target=CFC_2-44250; region_start=14792; region_end=14912; region_len=121; strand=+; call_start=14792; call_end=14911	CFC_2-44250	14792.0	14912.0	14792.0	14911.0	86.0	0.0	heterozygous	no
CFC	cen|CASBOS010000003.1|108876	centromere	CASBOS010000003.1	108876	108993	118	0.847457627118644	True	84.0		split	reason=one flank placed; placed_on=CFC_2-44540								heterozygous	no
CFC	cen|CASBOS010000009.1|100099	centromere	CASBOS010000009.1	100099	100218	120	0.8333333333333334	True	86.0		split	reason=one flank placed; placed_on=CFC_2-44356								heterozygous	chromosome not identified
CFC	cen|CASBOS010000001.1|147711	centromere	CASBOS010000001.1	147711	147829	119	0.8319327731092437	True	85.0		split	reason=one flank placed; placed_on=CFC_2-44535								heterozygous	chromosome not identified
CFC	cen|CASBOS010000013.1|255574	centromere	CASBOS010000013.1	255574	255691	118	0.8135593220338984	True	84.0		absent	reason=neither flank placed								heterozygous	chromosome not identified
CFF	cen|CASBPC010000016.1|543259	centromere	CASBPC010000016.1	543259	543371	113	0.8849557522123894	True	79.0		intact_called	target=CFF_4-19117; region_start=7077; region_end=7210; region_len=134; strand=-; call_start=7093; call_end=7210	CFF_4-19117	7077.0	7210.0	7093.0	7210.0	84.0	5.0	heterozygous	no
CFF	cen|CASBPC010000010.1|434434	centromere	CASBPC010000010.1	434434	434553	120	0.8583333333333333	True	86.0		intact_called	target=CFF_4-19010; region_start=13374; region_end=13493; region_len=120; strand=+; call_start=13374; call_end=13493	CFF_4-19010	13374.0	13493.0	13374.0	13493.0	86.0	0.0	heterozygous	no
CFF	cen|CASBPC010000011.1|480904	centromere	CASBPC010000011.1	480904	481022	119	0.865546218487395	True	85.0		intact_called	target=CFF_4-19160; region_start=115309; region_end=115427; region_len=119; strand=-; call_start=115309; call_end=115427	CFF_4-19160	115309.0	115427.0	115309.0	115427.0	85.0	0.0	heterozygous	no
CFF	cen|CASBPC010000012.1|146097	centromere	CASBPC010000012.1	146097	146216	120	0.875	True	86.0		intact_called	target=CFF_4-18773; region_start=39397; region_end=39531; region_len=135; strand=+; call_start=39397; call_end=39517	CFF_4-18773	39397.0	39531.0	39397.0	39517.0	87.0	1.0	heterozygous	no
CFF	cen|CASBPC010000014.1|626700	centromere	CASBPC010000014.1	626700	626818	119	0.8487394957983193	True	85.0		absent	reason=neither flank placed								heterozygous	no
CFF	cen|CASBPC010000005.1|339273	centromere	CASBPC010000005.1	339273	339390	118	0.8813559322033898	True	84.0		intact_called	target=CFF_4-19146; region_start=30792; region_end=30909; region_len=118; strand=+; call_start=30792; call_end=30909	CFF_4-19146	30792.0	30909.0	30792.0	30909.0	84.0	0.0	heterozygous	no
CFF	cen|CASBPC010000004.1|445832	centromere	CASBPC010000004.1	445832	445950	119	0.865546218487395	True	85.0		intact_called	target=CFF_4-18508; region_start=22748; region_end=22866; region_len=119; strand=-; call_start=22748; call_end=22866	CFF_4-18508	22748.0	22866.0	22748.0	22866.0	85.0	0.0	heterozygous	no
CFF	cen|CASBPC010000008.1|511117	centromere	CASBPC010000008.1	511117	511238	122	0.8442622950819673	True	88.0		intact_called	target=CFF_4-19111; region_start=186395; region_end=186534; region_len=140; strand=-; call_start=186413; call_end=186534	CFF_4-19111	186395.0	186534.0	186413.0	186534.0	88.0	0.0	heterozygous	no
CFF	cen|CASBPC010000009.1|94253	centromere	CASBPC010000009.1	94253	94371	119	0.865546218487395	True	85.0		intact_called	target=CFF_4-19157; region_start=10774; region_end=10892; region_len=119; strand=-; call_start=10774; call_end=10892	CFF_4-19157	10774.0	10892.0	10774.0	10892.0	85.0	0.0	heterozygous	no
CFF	cen|CASBPC010000007.1|148265	centromere	CASBPC010000007.1	148265	148382	118	0.847457627118644	True	84.0		intact_called	target=CFF_4-18582; region_start=3725; region_end=3843; region_len=119; strand=+; call_start=3725; call_end=3843	CFF_4-18582	3725.0	3843.0	3725.0	3843.0	85.0	1.0	heterozygous	no
CFF	cen|CASBPC010000002.1|233159	centromere	CASBPC010000002.1	233159	233276	118	0.8728813559322034	True	84.0		intact_called	target=CFF_4-19139; region_start=11101; region_end=11218; region_len=118; strand=+; call_start=11101; call_end=11218	CFF_4-19139	11101.0	11218.0	11101.0	11218.0	84.0	0.0	heterozygous	no
CFF	cen|CASBPC010000006.1|158794	centromere	CASBPC010000006.1	158794	158912	119	0.8487394957983193	True	85.0		intact_called	target=CFF_4-19138; region_start=25396; region_end=25514; region_len=119; strand=-; call_start=25396; call_end=25514	CFF_4-19138	25396.0	25514.0	25396.0	25514.0	85.0	0.0	heterozygous	no
CFF	cen|CASBPC010000015.1|316865	centromere	CASBPC010000015.1	316865	316984	120	0.8416666666666667	True	86.0		intact_called	target=CFF_4-19154; region_start=44632; region_end=44751; region_len=120; strand=-; call_start=44632; call_end=44751	CFF_4-19154	44632.0	44751.0	44632.0	44751.0	86.0	0.0	heterozygous	no
CFF	cen|CASBPC010000003.1|135345	centromere	CASBPC010000003.1	135345	135462	118	0.847457627118644	True	84.0		absent	reason=neither flank placed								heterozygous	yes
CFF	cen|CASBPC010000001.1|144842	centromere	CASBPC010000001.1	144842	144960	119	0.8403361344537815	True	85.0		intact_called	target=CFF_4-18498; region_start=11006; region_end=11124; region_len=119; strand=+; call_start=11006; call_end=11124	CFF_4-18498	11006.0	11124.0	11006.0	11124.0	85.0	0.0	heterozygous	no
CFF	cen|CASBPC010000013.1|256121	centromere	CASBPC010000013.1	256121	256238	118	0.7966101694915254	True	84.0		intact_called	target=CFF_4-19054; region_start=41556; region_end=41673; region_len=118; strand=+; call_start=41556; call_end=41673	CFF_4-19054	41556.0	41673.0	41556.0	41673.0	84.0	0.0	heterozygous	no
CFS	cen|CASBOL010000005.1|350758	centromere	CASBOL010000005.1	350758	350875	118	0.8898305084745762	True	84.0		intact_called	target=CFS_4-5931; region_start=35023; region_end=35140; region_len=118; strand=-; call_start=35023; call_end=35140	CFS_4-5931	35023.0	35140.0	35023.0	35140.0	84.0	0.0	homozygous	no
CFS	cen|CASBOL010000016.1|544678	centromere	CASBOL010000016.1	544678	544817	140	0.9	True	106.0		intact_called	target=CFS_4-5961; region_start=171974; region_end=172113; region_len=140; strand=+; call_start=171974; call_end=172113	CFS_4-5961	171974.0	172113.0	171974.0	172113.0	106.0	0.0	homozygous	no
CFS	cen|CASBOL010000010.1|435057	centromere	CASBOL010000010.1	435057	435174	118	0.864406779661017	True	84.0		intact_called	target=CFS_4-5946; region_start=254509; region_end=254626; region_len=118; strand=-; call_start=254509; call_end=254626	CFS_4-5946	254509.0	254626.0	254509.0	254626.0	84.0	0.0	homozygous	no
CFS	cen|CASBOL010000011.1|440155	centromere	CASBOL010000011.1	440155	440273	119	0.865546218487395	True	85.0		intact_called	target=CFS_4-5978; region_start=115235; region_end=115353; region_len=119; strand=-; call_start=115235; call_end=115353	CFS_4-5978	115235.0	115353.0	115235.0	115353.0	85.0	0.0	homozygous	no
CFS	cen|CASBOL010000012.1|144846	centromere	CASBOL010000012.1	144846	144966	121	0.8760330578512396	True	87.0		intact_called	target=CFS_4-5953; region_start=294627; region_end=294747; region_len=121; strand=-; call_start=294627; call_end=294747	CFS_4-5953	294627.0	294747.0	294627.0	294747.0	87.0	0.0	homozygous	no
CFS	cen|CASBOL010000008.1|506290	centromere	CASBOL010000008.1	506290	506411	122	0.8524590163934426	True	88.0		intact_called	target=CFS_4-5947; region_start=244548; region_end=244669; region_len=122; strand=-; call_start=244548; call_end=244669	CFS_4-5947	244548.0	244669.0	244548.0	244669.0	88.0	0.0	homozygous	no
CFS	cen|CASBOL010000014.1|609978	centromere	CASBOL010000014.1	609978	610096	119	0.8487394957983193	True	85.0		intact_called	target=CFS_4-5859; region_start=30535; region_end=30653; region_len=119; strand=+; call_start=30535; call_end=30653	CFS_4-5859	30535.0	30653.0	30535.0	30653.0	85.0	0.0	homozygous	no
CFS	cen|CASBOL010000009.1|89704	centromere	CASBOL010000009.1	89704	89822	119	0.865546218487395	True	85.0		intact_called	target=CFS_4-5794; region_start=28309; region_end=28427; region_len=119; strand=-; call_start=28309; call_end=28427	CFS_4-5794	28309.0	28427.0	28309.0	28427.0	85.0	0.0	homozygous	no
CFS	cen|CASBOL010000007.1|123990	centromere	CASBOL010000007.1	123990	124108	119	0.8487394957983193	True	85.0		intact_called	target=CFS_4-5963; region_start=24270; region_end=24388; region_len=119; strand=+; call_start=24270; call_end=24388	CFS_4-5963	24270.0	24388.0	24270.0	24388.0	85.0	0.0	homozygous	no
CFS	cen|CASBOL010000002.1|220346	centromere	CASBOL010000002.1	220346	220463	118	0.8728813559322034	True	84.0		intact_called	target=CFS_4-5954; region_start=56977; region_end=57094; region_len=118; strand=-; call_start=56977; call_end=57094	CFS_4-5954	56977.0	57094.0	56977.0	57094.0	84.0	0.0	homozygous	no
CFS	cen|CASBOL010000006.1|152854	centromere	CASBOL010000006.1	152854	152972	119	0.8487394957983193	True	85.0		intact_called	target=CFS_4-5987; region_start=128461; region_end=128579; region_len=119; strand=+; call_start=128461; call_end=128579	CFS_4-5987	128461.0	128579.0	128461.0	128579.0	85.0	0.0	homozygous	no
CFS	cen|CASBOL010000003.1|116960	centromere	CASBOL010000003.1	116960	117077	118	0.8559322033898306	True	84.0		intact_called	target=CFS_4-5922; region_start=25368; region_end=25485; region_len=118; strand=+; call_start=25368; call_end=25485	CFS_4-5922	25368.0	25485.0	25368.0	25485.0	84.0	0.0	homozygous	no
CFS	cen|CASBOL010000015.1|311609	centromere	CASBOL010000015.1	311609	311728	120	0.85	True	86.0		intact_called	target=CFS_4-5957; region_start=251600; region_end=251719; region_len=120; strand=-; call_start=251600; call_end=251719	CFS_4-5957	251600.0	251719.0	251600.0	251719.0	86.0	0.0	homozygous	no
CFS	cen|CASBOL010000004.1|448141	centromere	CASBOL010000004.1	448141	448260	120	0.8416666666666667	True	86.0		intact_called	target=CFS_4-5951; region_start=221775; region_end=221894; region_len=120; strand=+; call_start=221775; call_end=221894	CFS_4-5951	221775.0	221894.0	221775.0	221894.0	86.0	0.0	homozygous	no
CFS	cen|CASBOL010000001.1|135954	centromere	CASBOL010000001.1	135954	136072	119	0.8403361344537815	True	85.0		intact_called	target=CFS_4-5866; region_start=11700; region_end=11818; region_len=119; strand=+; call_start=11700; call_end=11818	CFS_4-5866	11700.0	11818.0	11700.0	11818.0	85.0	0.0	homozygous	no
CFS	cen|CASBOL010000013.1|251190	centromere	CASBOL010000013.1	251190	251308	119	0.8067226890756303	True	85.0		intact_called	target=CFS_4-5985; region_start=248120; region_end=248238; region_len=119; strand=+; call_start=248120; call_end=248238	CFS_4-5985	248120.0	248238.0	248120.0	248238.0	85.0	0.0	homozygous	no
CIC	cen|CASBPB010000010.1|433674	centromere	CASBPB010000010.1	433674	433788	115	0.8695652173913043	True	81.0		intact_called	target=CIC_4-19634; region_start=81751; region_end=81869; region_len=119; strand=+; call_start=81751; call_end=81869	CIC_4-19634	81751.0	81869.0	81751.0	81869.0	85.0	4.0	heterozygous	no
CIC	cen|CASBPB010000007.1|143230	centromere	CASBPB010000007.1	143230	143349	120	0.8666666666666667	True	86.0		absent	reason=neither flank placed								heterozygous	chromosome not identified
CIC	cen|CASBPB010000011.1|451233	centromere	CASBPB010000011.1	451233	451352	120	0.8666666666666667	True	86.0		intact_called	target=CIC_4-19653; region_start=136850; region_end=136968; region_len=119; strand=+; call_start=136850; call_end=136968	CIC_4-19653	136850.0	136968.0	136850.0	136968.0	85.0	-1.0	heterozygous	no
CIC	cen|CASBPB010000012.1|135203	centromere	CASBPB010000012.1	135203	135323	121	0.8677685950413223	True	87.0		intact_called	target=CIC_4-19661; region_start=17566; region_end=17733; region_len=168; strand=-; call_start=17602; call_end=17722	CIC_4-19661	17566.0	17733.0	17602.0	17722.0	87.0	0.0	heterozygous	no
CIC	cen|CASBPB010000006.1|152071	centromere	CASBPB010000006.1	152071	152188	118	0.8559322033898306	True	84.0		intact_called	target=CIC_4-19641; region_start=20265; region_end=20405; region_len=141; strand=+; call_start=20265; call_end=20383	CIC_4-19641	20265.0	20405.0	20265.0	20383.0	85.0	1.0	heterozygous	no
CIC	cen|CASBPB010000005.1|383181	centromere	CASBPB010000005.1	383181	383297	117	0.8717948717948718	True	83.0		intact_called	target=CIC_4-19611; region_start=35314; region_end=35431; region_len=118; strand=-; call_start=35314; call_end=35431	CIC_4-19611	35314.0	35431.0	35314.0	35431.0	84.0	1.0	heterozygous	no
CIC	cen|CASBPB010000009.1|109607	centromere	CASBPB010000009.1	109607	109725	119	0.8487394957983193	True	85.0		intact_called	target=CIC_4-19654; region_start=27353; region_end=27471; region_len=119; strand=-; call_start=27353; call_end=27471	CIC_4-19654	27353.0	27471.0	27353.0	27471.0	85.0	0.0	heterozygous	no
CIC	cen|CASBPB010000015.1|323948	centromere	CASBPB010000015.1	323948	324062	115	0.8521739130434782	True	81.0		split	reason=one flank placed; placed_on=CIC_4-19242								heterozygous	chromosome not identified
CIC	cen|CASBPB010000002.1|220563	centromere	CASBPB010000002.1	220563	220680	118	0.864406779661017	True	84.0		intact_called	target=CIC_4-19666; region_start=44891; region_end=45008; region_len=118; strand=-; call_start=44891; call_end=45008	CIC_4-19666	44891.0	45008.0	44891.0	45008.0	84.0	0.0	heterozygous	no
CIC	cen|CASBPB010000001.1|129804	centromere	CASBPB010000001.1	129804	129922	119	0.8487394957983193	True	85.0		intact_called	target=CIC_4-19669; region_start=12200; region_end=12318; region_len=119; strand=+; call_start=12200; call_end=12318	CIC_4-19669	12200.0	12318.0	12200.0	12318.0	85.0	0.0	heterozygous	no
CIC	cen|CASBPB010000016.1|536408	centromere	CASBPB010000016.1	536408	536522	115	0.8608695652173913	True	81.0		intact_called	target=CIC_4-19566; region_start=4254; region_end=4394; region_len=141; strand=-; call_start=4275; call_end=4394	CIC_4-19566	4254.0	4394.0	4275.0	4394.0	86.0	5.0	heterozygous	no
CIC	cen|CASBPB010000014.1|654332	centromere	CASBPB010000014.1	654332	654448	117	0.8205128205128205	True	83.0		intact_called	target=CIC_4-19579; region_start=26542; region_end=26671; region_len=130; strand=+; call_start=26542; call_end=26661	CIC_4-19579	26542.0	26671.0	26542.0	26661.0	86.0	3.0	heterozygous	no
CIC	cen|CASBPB010000003.1|110418	centromere	CASBPB010000003.1	110418	110535	118	0.847457627118644	True	84.0		intact_called	target=CIC_4-19279; region_start=8123; region_end=8240; region_len=118; strand=-; call_start=8123; call_end=8240	CIC_4-19279	8123.0	8240.0	8123.0	8240.0	84.0	0.0	heterozygous	yes
CIC	cen|CASBPB010000004.1|447453	centromere	CASBPB010000004.1	447453	447572	120	0.8416666666666667	True	86.0		intact_called	target=CIC_4-19541; region_start=12238; region_end=12390; region_len=153; strand=+; call_start=12238; call_end=12357	CIC_4-19541	12238.0	12390.0	12238.0	12357.0	86.0	0.0	heterozygous	no
CIC	cen|CASBPB010000008.1|504564	centromere	CASBPB010000008.1	504564	504683	120	0.8166666666666667	True	86.0		intact_called	target=CIC_4-19584; region_start=65517; region_end=65659; region_len=143; strand=+; call_start=65517; call_end=65636	CIC_4-19584	65517.0	65659.0	65517.0	65636.0	86.0	0.0	heterozygous	no
CIC	cen|CASBPB010000013.1|253237	centromere	CASBPB010000013.1	253237	253357	121	0.8016528925619835	True	87.0		intact_called	target=CIC_4-19594; region_start=22713; region_end=22832; region_len=120; strand=-; call_start=22713; call_end=22832	CIC_4-19594	22713.0	22832.0	22713.0	22832.0	86.0	-1.0	heterozygous	no
CIH	cen|CASBOR010000011.1|445840	centromere	CASBOR010000011.1	445840	445958	119	0.865546218487395	True	85.0		intact_called	target=CIH_2-20610; region_start=371009; region_end=371127; region_len=119; strand=+; call_start=371009; call_end=371127	CIH_2-20610	371009.0	371127.0	371009.0	371127.0	85.0	0.0	heterozygous	no
CIH	cen|CASBOR010000001.1|158959	centromere	CASBOR010000001.1	158959	159077	119	0.865546218487395	True	85.0		intact_called	target=CIH_2-20594; region_start=26948; region_end=27066; region_len=119; strand=-; call_start=26948; call_end=27066	CIH_2-20594	26948.0	27066.0	26948.0	27066.0	85.0	0.0	heterozygous	no
CIH	cen|CASBOR010000014.1|707271	centromere	CASBOR010000014.1	707271	707391	121	0.8760330578512396	True	87.0		intact_called	target=CIH_2-20578; region_start=21116; region_end=21273; region_len=158; strand=-; call_start=21152; call_end=21272	CIH_2-20578	21116.0	21273.0	21152.0	21272.0	87.0	0.0	heterozygous	no
CIH	cen|CASBOR010000010.1|426236	centromere	CASBOR010000010.1	426236	426354	119	0.8571428571428571	True	85.0		intact_called	target=CIH_2-20582; region_start=19975; region_end=20092; region_len=118; strand=+; call_start=19975; call_end=20092	CIH_2-20582	19975.0	20092.0	19975.0	20092.0	84.0	-1.0	heterozygous	no
CIH	cen|CASBOR010000005.1|335149	centromere	CASBOR010000005.1	335149	335266	118	0.8898305084745762	True	84.0		intact_called	target=CIH_2-20521; region_start=76025; region_end=76157; region_len=133; strand=-; call_start=76025; call_end=76142	CIH_2-20521	76025.0	76157.0	76025.0	76142.0	84.0	0.0	heterozygous	no
CIH	cen|CASBOR010000017.1|528839	centromere	CASBOR010000017.1	528839	528956	118	0.8813559322033898	True	84.0		intact_called	target=CIH_2-20575; region_start=29109; region_end=29226; region_len=118; strand=+; call_start=29109; call_end=29226	CIH_2-20575	29109.0	29226.0	29109.0	29226.0	84.0	0.0	heterozygous	no
CIH	cen|CASBOR010000015.1|632187	centromere	CASBOR010000015.1	632187	632307	121	0.8429752066115702	True	87.0		intact_called	target=CIH_2-20620; region_start=2906; region_end=3026; region_len=121; strand=-; call_start=2906; call_end=3026	CIH_2-20620	2906.0	3026.0	2906.0	3026.0	87.0	0.0	heterozygous	no
CIH	cen|CASBOR010000007.1|128737	centromere	CASBOR010000007.1	128737	128855	119	0.8487394957983193	True	85.0		intact_called	target=CIH_2-20599; region_start=124707; region_end=124825; region_len=119; strand=-; call_start=124707; call_end=124825	CIH_2-20599	124707.0	124825.0	124707.0	124825.0	85.0	0.0	heterozygous	no
CIH	cen|CASBOR010000002.1|235393	centromere	CASBOR010000002.1	235393	235510	118	0.8728813559322034	True	84.0		intact_called	target=CIH_2-20560; region_start=56022; region_end=56138; region_len=117; strand=-; call_start=56022; call_end=56138	CIH_2-20560	56022.0	56138.0	56022.0	56138.0	83.0	-1.0	heterozygous	no
CIH	cen|CASBOR010000006.1|140557	centromere	CASBOR010000006.1	140557	140675	119	0.8487394957983193	True	85.0		intact_called	target=CIH_2-20667; region_start=15966; region_end=16084; region_len=119; strand=+; call_start=15966; call_end=16084	CIH_2-20667	15966.0	16084.0	15966.0	16084.0	85.0	0.0	heterozygous	no
CIH	cen|CASBOR010000008.1|496282	centromere	CASBOR010000008.1	496282	496402	121	0.8347107438016529	True	87.0		intact_called	target=CIH_2-20660; region_start=58451; region_end=58584; region_len=134; strand=-; call_start=58463; call_end=58584	CIH_2-20660	58451.0	58584.0	58463.0	58584.0	88.0	1.0	heterozygous	no
CIH	cen|CASBOR010000003.1|114643	centromere	CASBOR010000003.1	114643	114760	118	0.864406779661017	True	84.0		intact_called	target=CIH_2-20367; region_start=23466; region_end=23583; region_len=118; strand=+; call_start=23466; call_end=23583	CIH_2-20367	23466.0	23583.0	23466.0	23583.0	84.0	0.0	heterozygous	no
CIH	cen|CASBOR010000016.1|302201	centromere	CASBOR010000016.1	302201	302321	121	0.8512396694214877	True	87.0		absent	reason=neither flank placed								heterozygous	chromosome not identified
CIH	cen|CASBOR010000004.1|449068	centromere	CASBOR010000004.1	449068	449187	120	0.85	True	86.0		intact_called	target=CIH_2-20518; region_start=12996; region_end=13115; region_len=120; strand=+; call_start=12996; call_end=13115	CIH_2-20518	12996.0	13115.0	12996.0	13115.0	86.0	0.0	heterozygous	no
CIH	cen|CASBOR010000009.1|100796	centromere	CASBOR010000009.1	100796	100914	119	0.8319327731092437	True	85.0		split	reason=one flank placed; placed_on=CIH_2-19962								heterozygous	chromosome not identified
CIH	cen|CASBOR010000013.1|261717	centromere	CASBOR010000013.1	261717	261836	120	0.8	True	86.0		intact_called	target=CIH_2-20669; region_start=89090; region_end=89219; region_len=130; strand=-; call_start=89100; call_end=89219	CIH_2-20669	89090.0	89219.0	89100.0	89219.0	86.0	0.0	heterozygous	no
CKB	cen|CASBOD010000005.1|333035	centromere	CASBOD010000005.1	333035	333152	118	0.8898305084745762	True	84.0		intact_called	target=CKB_3-6366; region_start=29805; region_end=29922; region_len=118; strand=+; call_start=29805; call_end=29922	CKB_3-6366	29805.0	29922.0	29805.0	29922.0	84.0	0.0	heterozygous	no
CKB	cen|CASBOD010000012.1|136823	centromere	CASBOD010000012.1	136823	136943	121	0.8760330578512396	True	87.0		intact_called	target=CKB_3-6364; region_start=55047; region_end=55167; region_len=121; strand=+; call_start=55047; call_end=55167	CKB_3-6364	55047.0	55167.0	55047.0	55167.0	87.0	0.0	heterozygous	no
CKB	cen|CASBOD010000008.1|506979	centromere	CASBOD010000008.1	506979	507100	122	0.8524590163934426	True	88.0		intact_called	target=CKB_3-6346; region_start=238771; region_end=238892; region_len=122; strand=+; call_start=238771; call_end=238892	CKB_3-6346	238771.0	238892.0	238771.0	238892.0	88.0	0.0	heterozygous	no
CKB	cen|CASBOD010000010.1|441358	centromere	CASBOD010000010.1	441358	441475	118	0.8559322033898306	True	84.0		intact_called	target=CKB_3-6348; region_start=276671; region_end=276788; region_len=118; strand=+; call_start=276671; call_end=276788	CKB_3-6348	276671.0	276788.0	276671.0	276788.0	84.0	0.0	heterozygous	no
CKB	cen|CASBOD010000014.1|617042	centromere	CASBOD010000014.1	617042	617160	119	0.8487394957983193	True	85.0		intact_called	target=CKB_3-6201; region_start=3473; region_end=3591; region_len=119; strand=-; call_start=3473; call_end=3591	CKB_3-6201	3473.0	3591.0	3473.0	3591.0	85.0	0.0	heterozygous	no
CKB	cen|CASBOD010000016.1|549180	centromere	CASBOD010000016.1	549180	549297	118	0.8813559322033898	True	84.0		intact_called	target=CKB_3-6324; region_start=4184; region_end=4301; region_len=118; strand=-; call_start=4184; call_end=4301	CKB_3-6324	4184.0	4301.0	4184.0	4301.0	84.0	0.0	heterozygous	no
CKB	cen|CASBOD010000011.1|440278	centromere	CASBOD010000011.1	440278	440396	119	0.8571428571428571	True	85.0		intact_called	target=CKB_3-6327; region_start=115265; region_end=115383; region_len=119; strand=-; call_start=115265; call_end=115383	CKB_3-6327	115265.0	115383.0	115265.0	115383.0	85.0	0.0	heterozygous	no
CKB	cen|CASBOD010000009.1|89484	centromere	CASBOD010000009.1	89484	89602	119	0.865546218487395	True	85.0		intact_called	target=CKB_3-6363; region_start=28470; region_end=28588; region_len=119; strand=-; call_start=28470; call_end=28588	CKB_3-6363	28470.0	28588.0	28470.0	28588.0	85.0	0.0	heterozygous	no
CKB	cen|CASBOD010000007.1|124039	centromere	CASBOD010000007.1	124039	124157	119	0.8487394957983193	True	85.0		intact_called	target=CKB_3-6356; region_start=120879; region_end=121017; region_len=139; strand=-; call_start=120879; call_end=120997	CKB_3-6356	120879.0	121017.0	120879.0	120997.0	85.0	0.0	heterozygous	no
CKB	cen|CASBOD010000003.1|114323	centromere	CASBOD010000003.1	114323	114440	118	0.864406779661017	True	84.0		intact_called	target=CKB_3-6340; region_start=60023; region_end=60140; region_len=118; strand=+; call_start=60023; call_end=60140	CKB_3-6340	60023.0	60140.0	60023.0	60140.0	84.0	0.0	heterozygous	no
CKB	cen|CASBOD010000002.1|224150	centromere	CASBOD010000002.1	224150	224267	118	0.8728813559322034	True	84.0		intact_called	target=CKB_3-6325; region_start=56983; region_end=57100; region_len=118; strand=-; call_start=56983; call_end=57100	CKB_3-6325	56983.0	57100.0	56983.0	57100.0	84.0	0.0	heterozygous	no
CKB	cen|CASBOD010000006.1|148254	centromere	CASBOD010000006.1	148254	148372	119	0.8571428571428571	True	85.0		intact_called	target=CKB_3-6343; region_start=129647; region_end=129765; region_len=119; strand=+; call_start=129647; call_end=129765	CKB_3-6343	129647.0	129765.0	129647.0	129765.0	85.0	0.0	heterozygous	no
CKB	cen|CASBOD010000015.1|295216	centromere	CASBOD010000015.1	295216	295335	120	0.85	True	86.0		intact_called	target=CKB_3-6361; region_start=136170; region_end=136289; region_len=120; strand=-; call_start=136170; call_end=136289	CKB_3-6361	136170.0	136289.0	136170.0	136289.0	86.0	0.0	heterozygous	no
CKB	cen|CASBOD010000004.1|460573	centromere	CASBOD010000004.1	460573	460692	120	0.85	True	86.0		intact_called	target=CKB_3-6326; region_start=23127; region_end=23246; region_len=120; strand=-; call_start=23127; call_end=23246	CKB_3-6326	23127.0	23246.0	23127.0	23246.0	86.0	0.0	heterozygous	no
CKB	cen|CASBOD010000001.1|138545	centromere	CASBOD010000001.1	138545	138663	119	0.8403361344537815	True	85.0		intact_called	target=CKB_3-6229; region_start=11436; region_end=11554; region_len=119; strand=+; call_start=11436; call_end=11554	CKB_3-6229	11436.0	11554.0	11436.0	11554.0	85.0	0.0	heterozygous	no
CKB	cen|CASBOD010000013.1|251168	centromere	CASBOD010000013.1	251168	251285	118	0.7966101694915254	True	84.0		intact_called	target=CKB_3-6342; region_start=248125; region_end=248242; region_len=118; strand=+; call_start=248125; call_end=248242	CKB_3-6342	248125.0	248242.0	248125.0	248242.0	84.0	0.0	heterozygous	no
CLL	cen|CASBOO010000007.1|169609	centromere	CASBOO010000007.1	169609	169727	119	0.865546218487395	True	85.0		intact_called	target=CLL_4-5873; region_start=125954; region_end=126072; region_len=119; strand=-; call_start=125954; call_end=126072	CLL_4-5873	125954.0	126072.0	125954.0	126072.0	85.0	0.0	heterozygous	no
CLL	cen|CASBOO010000011.1|446332	centromere	CASBOO010000011.1	446332	446450	119	0.865546218487395	True	85.0		intact_called	target=CLL_4-5904; region_start=115219; region_end=115337; region_len=119; strand=-; call_start=115219; call_end=115337	CLL_4-5904	115219.0	115337.0	115219.0	115337.0	85.0	0.0	heterozygous	no
CLL	cen|CASBOO010000006.1|170334	centromere	CASBOO010000006.1	170334	170452	119	0.865546218487395	True	85.0		intact_called	target=CLL_4-5902; region_start=13553; region_end=13671; region_len=119; strand=+; call_start=13553; call_end=13671	CLL_4-5902	13553.0	13671.0	13553.0	13671.0	85.0	0.0	heterozygous	no
CLL	cen|CASBOO010000012.1|157518	centromere	CASBOO010000012.1	157518	157638	121	0.8760330578512396	True	87.0		intact_called	target=CLL_4-5923; region_start=209342; region_end=209462; region_len=121; strand=-; call_start=209342; call_end=209462	CLL_4-5923	209342.0	209462.0	209342.0	209462.0	87.0	0.0	heterozygous	no
CLL	cen|CASBOO010000005.1|362807	centromere	CASBOO010000005.1	362807	362924	118	0.8813559322033898	True	84.0		intact_called	target=CLL_4-5728; region_start=30847; region_end=30964; region_len=118; strand=+; call_start=30847; call_end=30964	CLL_4-5728	30847.0	30964.0	30847.0	30964.0	84.0	0.0	heterozygous	no
CLL	cen|CASBOO010000009.1|497920	centromere	CASBOO010000009.1	497920	498039	120	0.8416666666666667	True	86.0		intact_called	target=CLL_4-5920; region_start=185933; region_end=186052; region_len=120; strand=-; call_start=185933; call_end=186052	CLL_4-5920	185933.0	186052.0	185933.0	186052.0	86.0	0.0	heterozygous	no
CLL	cen|CASBOO010000010.1|423985	centromere	CASBOO010000010.1	423985	424102	118	0.847457627118644	True	84.0		intact_called	target=CLL_4-5736; region_start=17323; region_end=17440; region_len=118; strand=-; call_start=17323; call_end=17440	CLL_4-5736	17323.0	17440.0	17323.0	17440.0	84.0	0.0	heterozygous	no
CLL	cen|CASBOO010000001.1|151747	centromere	CASBOO010000001.1	151747	151865	119	0.8487394957983193	True	85.0		intact_called	target=CLL_4-5798; region_start=11703; region_end=11821; region_len=119; strand=+; call_start=11703; call_end=11821	CLL_4-5798	11703.0	11821.0	11703.0	11821.0	85.0	0.0	heterozygous	no
CLL	cen|CASBOO010000014.1|619067	centromere	CASBOO010000014.1	619067	619186	120	0.825	True	86.0		intact_called	target=CLL_4-5726; region_start=3234; region_end=3353; region_len=120; strand=-; call_start=3234; call_end=3353	CLL_4-5726	3234.0	3353.0	3234.0	3353.0	86.0	0.0	heterozygous	no
CLL	cen|CASBOO010000016.1|543204	centromere	CASBOO010000016.1	543204	543323	120	0.8583333333333333	True	86.0		intact_called	target=CLL_4-5659; region_start=172370; region_end=172489; region_len=120; strand=+; call_start=172370; call_end=172489	CLL_4-5659	172370.0	172489.0	172370.0	172489.0	86.0	0.0	heterozygous	no
CLL	cen|CASBOO010000003.1|113780	centromere	CASBOO010000003.1	113780	113897	118	0.847457627118644	True	84.0		intact_called	target=CLL_4-5898; region_start=34899; region_end=35016; region_len=118; strand=-; call_start=34899; call_end=35016	CLL_4-5898	34899.0	35016.0	34899.0	35016.0	84.0	0.0	heterozygous	no
CLL	cen|CASBOO010000015.1|320344	centromere	CASBOO010000015.1	320344	320462	119	0.8403361344537815	True	85.0		intact_called	target=CLL_4-5924; region_start=100216; region_end=100334; region_len=119; strand=+; call_start=100216; call_end=100334	CLL_4-5924	100216.0	100334.0	100216.0	100334.0	85.0	0.0	heterozygous	no
CLL	cen|CASBOO010000008.1|101095	centromere	CASBOO010000008.1	101095	101213	119	0.8403361344537815	True	85.0		intact_called	target=CLL_4-5921; region_start=64004; region_end=64122; region_len=119; strand=+; call_start=64004; call_end=64122	CLL_4-5921	64004.0	64122.0	64004.0	64122.0	85.0	0.0	heterozygous	no
CLL	cen|CASBOO010000004.1|441398	centromere	CASBOO010000004.1	441398	441517	120	0.8333333333333334	True	86.0		intact_called	target=CLL_4-5908; region_start=23022; region_end=23141; region_len=120; strand=-; call_start=23022; call_end=23141	CLL_4-5908	23022.0	23141.0	23022.0	23141.0	86.0	0.0	heterozygous	no
CLL	cen|CASBOO010000013.1|272210	centromere	CASBOO010000013.1	272210	272329	120	0.7916666666666666	True	86.0		intact_called	target=CLL_4-5739; region_start=98595; region_end=98714; region_len=120; strand=-; call_start=98595; call_end=98714	CLL_4-5739	98595.0	98714.0	98595.0	98714.0	86.0	0.0	heterozygous	no
CLN	cen|CASBOK010000007.1|138187	centromere	CASBOK010000007.1	138187	138304	118	0.8728813559322034	True	84.0		intact_called	target=CLN_4-6676; region_start=125497; region_end=125614; region_len=118; strand=-; call_start=125497; call_end=125614	CLN_4-6676	125497.0	125614.0	125497.0	125614.0	84.0	0.0	homozygous	no
CLN	cen|CASBOK010000010.1|416646	centromere	CASBOK010000010.1	416646	416765	120	0.8666666666666667	True	86.0		intact_called	target=CLN_4-6695; region_start=76525; region_end=76644; region_len=120; strand=-; call_start=76525; call_end=76644	CLN_4-6695	76525.0	76644.0	76525.0	76644.0	86.0	0.0	homozygous	no
CLN	cen|CASBOK010000011.1|452608	centromere	CASBOK010000011.1	452608	452726	119	0.865546218487395	True	85.0		intact_called	target=CLN_4-6680; region_start=115189; region_end=115307; region_len=119; strand=-; call_start=115189; call_end=115307	CLN_4-6680	115189.0	115307.0	115189.0	115307.0	85.0	0.0	homozygous	no
CLN	cen|CASBOK010000006.1|151779	centromere	CASBOK010000006.1	151779	151897	119	0.865546218487395	True	85.0		intact_called	target=CLN_4-6699; region_start=129120; region_end=129238; region_len=119; strand=+; call_start=129120; call_end=129238	CLN_4-6699	129120.0	129238.0	129120.0	129238.0	85.0	0.0	homozygous	no
CLN	cen|CASBOK010000002.1|242304	centromere	CASBOK010000002.1	242304	242421	118	0.8813559322033898	True	84.0		intact_called	target=CLN_4-6691; region_start=56935; region_end=57052; region_len=118; strand=-; call_start=56935; call_end=57052	CLN_4-6691	56935.0	57052.0	56935.0	57052.0	84.0	0.0	homozygous	no
CLN	cen|CASBOK010000012.1|140580	centromere	CASBOK010000012.1	140580	140700	121	0.8677685950413223	True	87.0		intact_called	target=CLN_4-6707; region_start=209604; region_end=209724; region_len=121; strand=-; call_start=209604; call_end=209724	CLN_4-6707	209604.0	209724.0	209604.0	209724.0	87.0	0.0	homozygous	no
CLN	cen|CASBOK010000008.1|518435	centromere	CASBOK010000008.1	518435	518554	120	0.8416666666666667	True	86.0		intact_called	target=CLN_4-6685; region_start=84495; region_end=84614; region_len=120; strand=+; call_start=84495; call_end=84614	CLN_4-6685	84495.0	84614.0	84495.0	84614.0	86.0	0.0	homozygous	no
CLN	cen|CASBOK010000001.1|145582	centromere	CASBOK010000001.1	145582	145700	119	0.8571428571428571	True	85.0		intact_called	target=CLN_4-6723; region_start=11702; region_end=11820; region_len=119; strand=+; call_start=11702; call_end=11820	CLN_4-6723	11702.0	11820.0	11702.0	11820.0	85.0	0.0	homozygous	no
CLN	cen|CASBOK010000016.1|537036	centromere	CASBOK010000016.1	537036	537155	120	0.8666666666666667	True	86.0		intact_called	target=CLN_4-6429; region_start=172350; region_end=172469; region_len=120; strand=+; call_start=172350; call_end=172469	CLN_4-6429	172350.0	172469.0	172350.0	172469.0	86.0	0.0	homozygous	no
CLN	cen|CASBOK010000014.1|616489	centromere	CASBOK010000014.1	616489	616608	120	0.825	True	86.0		intact_called	target=CLN_4-6514; region_start=3413; region_end=3532; region_len=120; strand=-; call_start=3413; call_end=3532	CLN_4-6514	3413.0	3532.0	3413.0	3532.0	86.0	0.0	homozygous	no
CLN	cen|CASBOK010000005.1|365935	centromere	CASBOK010000005.1	365935	366052	118	0.864406779661017	True	84.0		intact_called	target=CLN_4-6404; region_start=31338; region_end=31455; region_len=118; strand=+; call_start=31338; call_end=31455	CLN_4-6404	31338.0	31455.0	31338.0	31455.0	84.0	0.0	homozygous	no
CLN	cen|CASBOK010000003.1|114602	centromere	CASBOK010000003.1	114602	114719	118	0.847457627118644	True	84.0		intact_called	target=CLN_4-6635; region_start=83736; region_end=83853; region_len=118; strand=-; call_start=83736; call_end=83853	CLN_4-6635	83736.0	83853.0	83736.0	83853.0	84.0	0.0	homozygous	no
CLN	cen|CASBOK010000015.1|318748	centromere	CASBOK010000015.1	318748	318867	120	0.8416666666666667	True	86.0		intact_called	target=CLN_4-6705; region_start=244996; region_end=245115; region_len=120; strand=-; call_start=244996; call_end=245115	CLN_4-6705	244996.0	245115.0	244996.0	245115.0	86.0	0.0	homozygous	no
CLN	cen|CASBOK010000009.1|94772	centromere	CASBOK010000009.1	94772	94890	119	0.8403361344537815	True	85.0		intact_called	target=CLN_4-6700; region_start=10699; region_end=10817; region_len=119; strand=-; call_start=10699; call_end=10817	CLN_4-6700	10699.0	10817.0	10699.0	10817.0	85.0	0.0	homozygous	no
CLN	cen|CASBOK010000004.1|443121	centromere	CASBOK010000004.1	443121	443240	120	0.8333333333333334	True	86.0		intact_called	target=CLN_4-6532; region_start=11905; region_end=12024; region_len=120; strand=+; call_start=11905; call_end=12024	CLN_4-6532	11905.0	12024.0	11905.0	12024.0	86.0	0.0	homozygous	no
CLN	cen|CASBOK010000013.1|251028	centromere	CASBOK010000013.1	251028	251147	120	0.7916666666666666	True	86.0		intact_called	target=CLN_4-6426; region_start=225193; region_end=225312; region_len=120; strand=-; call_start=225193; call_end=225312	CLN_4-6426	225193.0	225312.0	225193.0	225312.0	86.0	0.0	homozygous	no
CMF	cen|CASBOU010000007.1|145057	centromere	CASBOU010000007.1	145057	145175	119	0.865546218487395	True	85.0		intact_called	target=CMF_6-12637; region_start=42855; region_end=42973; region_len=119; strand=-; call_start=42855; call_end=42973	CMF_6-12637	42855.0	42973.0	42855.0	42973.0	85.0	0.0	heterozygous	no
CMF	cen|CASBOU010000010.1|415754	centromere	CASBOU010000010.1	415754	415873	120	0.8666666666666667	True	86.0		intact_called	target=CMF_6-12647; region_start=276420; region_end=276539; region_len=120; strand=+; call_start=276420; call_end=276539	CMF_6-12647	276420.0	276539.0	276420.0	276539.0	86.0	0.0	heterozygous	no
CMF	cen|CASBOU010000012.1|157571	centromere	CASBOU010000012.1	157571	157691	121	0.8760330578512396	True	87.0		intact_called	target=CMF_6-12548; region_start=55352; region_end=55472; region_len=121; strand=+; call_start=55352; call_end=55472	CMF_6-12548	55352.0	55472.0	55352.0	55472.0	87.0	0.0	heterozygous	no
CMF	cen|CASBOU010000008.1|524497	centromere	CASBOU010000008.1	524497	524617	121	0.859504132231405	True	87.0		intact_called	target=CMF_6-12671; region_start=91430; region_end=91550; region_len=121; strand=+; call_start=91430; call_end=91550	CMF_6-12671	91430.0	91550.0	91430.0	91550.0	87.0	0.0	heterozygous	no
CMF	cen|CASBOU010000005.1|354735	centromere	CASBOU010000005.1	354735	354852	118	0.8813559322033898	True	84.0		intact_called	target=CMF_6-12629; region_start=31229; region_end=31346; region_len=118; strand=+; call_start=31229; call_end=31346	CMF_6-12629	31229.0	31346.0	31229.0	31346.0	84.0	0.0	heterozygous	no
CMF	cen|CASBOU010000002.1|224411	centromere	CASBOU010000002.1	224411	224528	118	0.8728813559322034	True	84.0		intact_called	target=CMF_6-12677; region_start=218223; region_end=218340; region_len=118; strand=+; call_start=218223; call_end=218340	CMF_6-12677	218223.0	218340.0	218223.0	218340.0	84.0	0.0	heterozygous	no
CMF	cen|CASBOU010000006.1|146321	centromere	CASBOU010000006.1	146321	146439	119	0.8571428571428571	True	85.0		intact_called	target=CMF_6-12673; region_start=129132; region_end=129251; region_len=120; strand=+; call_start=129132; call_end=129250	CMF_6-12673	129132.0	129251.0	129132.0	129250.0	85.0	0.0	heterozygous	no
CMF	cen|CASBOU010000011.1|457574	centromere	CASBOU010000011.1	457574	457692	119	0.8571428571428571	True	85.0		intact_called	target=CMF_6-12614; region_start=83162; region_end=83280; region_len=119; strand=-; call_start=83162; call_end=83280	CMF_6-12614	83162.0	83280.0	83162.0	83280.0	85.0	0.0	heterozygous	no
CMF	cen|CASBOU010000001.1|161817	centromere	CASBOU010000001.1	161817	161935	119	0.8571428571428571	True	85.0		intact_called	target=CMF_6-12622; region_start=27854; region_end=27972; region_len=119; strand=-; call_start=27854; call_end=27972	CMF_6-12622	27854.0	27972.0	27854.0	27972.0	85.0	0.0	heterozygous	no
CMF	cen|CASBOU010000016.1|538550	centromere	CASBOU010000016.1	538550	538669	120	0.8666666666666667	True	86.0		intact_called	target=CMF_6-12621; region_start=166360; region_end=166479; region_len=120; strand=+; call_start=166360; call_end=166479	CMF_6-12621	166360.0	166479.0	166360.0	166479.0	86.0	0.0	heterozygous	no
CMF	cen|CASBOU010000014.1|423436	centromere	CASBOU010000014.1	423436	423555	120	0.825	True	86.0		intact_called	target=CMF_6-12407; region_start=30570; region_end=30689; region_len=120; strand=+; call_start=30570; call_end=30689	CMF_6-12407	30570.0	30689.0	30570.0	30689.0	86.0	0.0	heterozygous	no
CMF	cen|CASBOU010000003.1|108591	centromere	CASBOU010000003.1	108591	108707	117	0.8461538461538461	True	83.0		intact_called	target=CMF_6-12652; region_start=93841; region_end=93957; region_len=117; strand=+; call_start=93841; call_end=93957	CMF_6-12652	93841.0	93957.0	93841.0	93957.0	83.0	0.0	heterozygous	no
CMF	cen|CASBOU010000015.1|324230	centromere	CASBOU010000015.1	324230	324349	120	0.8416666666666667	True	86.0		intact_called	target=CMF_6-12414; region_start=250760; region_end=250879; region_len=120; strand=-; call_start=250760; call_end=250879	CMF_6-12414	250760.0	250879.0	250760.0	250879.0	86.0	0.0	heterozygous	no
CMF	cen|CASBOU010000009.1|95086	centromere	CASBOU010000009.1	95086	95204	119	0.8403361344537815	True	85.0		intact_called	target=CMF_6-12646; region_start=92830; region_end=92948; region_len=119; strand=+; call_start=92830; call_end=92948	CMF_6-12646	92830.0	92948.0	92830.0	92948.0	85.0	0.0	heterozygous	no
CMF	cen|CASBOU010000004.1|646959	centromere	CASBOU010000004.1	646959	647078	120	0.8333333333333334	True	86.0		intact_called	target=CMF_6-12379; region_start=23019; region_end=23138; region_len=120; strand=-; call_start=23019; call_end=23138	CMF_6-12379	23019.0	23138.0	23019.0	23138.0	86.0	0.0	heterozygous	no
CMF	cen|CASBOU010000013.1|251156	centromere	CASBOU010000013.1	251156	251275	120	0.7916666666666666	True	86.0		intact_called	target=CMF_6-12659; region_start=249227; region_end=249346; region_len=120; strand=+; call_start=249227; call_end=249346	CMF_6-12659	249227.0	249346.0	249227.0	249346.0	86.0	0.0	heterozygous	no
CNT	cen|CASBPE010000012.1|447897	centromere	CASBPE010000012.1	447897	448015	119	0.865546218487395	True	85.0		intact_called	target=CNT_4-21678; region_start=17797; region_end=17915; region_len=119; strand=-; call_start=17797; call_end=17915	CNT_4-21678	17797.0	17915.0	17797.0	17915.0	85.0	0.0	heterozygous	no
CNT	cen|CASBPE010000013.1|154676	centromere	CASBPE010000013.1	154676	154796	121	0.8760330578512396	True	87.0		intact_called	target=CNT_4-21768; region_start=166387; region_end=166507; region_len=121; strand=-; call_start=166387; call_end=166507	CNT_4-21768	166387.0	166507.0	166387.0	166507.0	87.0	0.0	heterozygous	no
CNT	cen|CASBPE010000011.1|38104	centromere	CASBPE010000011.1	38104	38221	118	0.8559322033898306	True	84.0		intact_called	target=CNT_4-21058; region_start=17541; region_end=17658; region_len=118; strand=-; call_start=17541; call_end=17658	CNT_4-21058	17541.0	17658.0	17541.0	17658.0	84.0	0.0	heterozygous	no
CNT	cen|CASBPE010000015.1|637857	centromere	CASBPE010000015.1	637857	637974	118	0.847457627118644	True	84.0		intact_called	target=CNT_4-21785; region_start=27189; region_end=27306; region_len=118; strand=+; call_start=27189; call_end=27306	CNT_4-21785	27189.0	27306.0	27189.0	27306.0	84.0	0.0	heterozygous	no
CNT	cen|CASBPE010000005.1|43150	centromere	CASBPE010000005.1	43150	43267	118	0.8813559322033898	True	84.0		intact_called	target=CNT_4-21700; region_start=31781; region_end=31898; region_len=118; strand=-; call_start=31781; call_end=31898	CNT_4-21700	31781.0	31898.0	31781.0	31898.0	84.0	0.0	heterozygous	no
CNT	cen|CASBPE010000016.1|575455	centromere	CASBPE010000016.1	575455	575572	118	0.8728813559322034	True	84.0		intact_called	target=CNT_4-21695; region_start=4182; region_end=4299; region_len=118; strand=-; call_start=4182; call_end=4299	CNT_4-21695	4182.0	4299.0	4182.0	4299.0	84.0	0.0	heterozygous	no
CNT	cen|CASBPE010000008.1|503458	centromere	CASBPE010000008.1	503458	503577	120	0.8333333333333334	True	86.0		intact_called	target=CNT_4-21771; region_start=91961; region_end=92090; region_len=130; strand=+; call_start=91971; call_end=92090	CNT_4-21771	91961.0	92090.0	91971.0	92090.0	86.0	0.0	heterozygous	no
CNT	cen|CASBPE010000017.1|338300	centromere	CASBPE010000017.1	338300	338418	119	0.8571428571428571	True	85.0		intact_called	target=CNT_4-21730; region_start=38221; region_end=38339; region_len=119; strand=+; call_start=38221; call_end=38339	CNT_4-21730	38221.0	38339.0	38221.0	38339.0	85.0	0.0	heterozygous	no
CNT	cen|CASBPE010000002.1|229210	centromere	CASBPE010000002.1	229210	229327	118	0.864406779661017	True	84.0		intact_called	target=CNT_4-21738; region_start=47957; region_end=48074; region_len=118; strand=-; call_start=47957; call_end=48074	CNT_4-21738	47957.0	48074.0	47957.0	48074.0	84.0	0.0	heterozygous	no
CNT	cen|CASBPE010000007.1|221995	centromere	CASBPE010000007.1	221995	222113	119	0.8319327731092437	True	85.0		intact_called	target=CNT_4-21476; region_start=3725; region_end=3843; region_len=119; strand=+; call_start=3725; call_end=3843	CNT_4-21476	3725.0	3843.0	3725.0	3843.0	85.0	0.0	heterozygous	no
CNT	cen|CASBPE010000004.1|473488	centromere	CASBPE010000004.1	473488	473607	120	0.85	True	86.0		intact_called	target=CNT_4-21705; region_start=19859; region_end=19978; region_len=120; strand=+; call_start=19859; call_end=19978	CNT_4-21705	19859.0	19978.0	19859.0	19978.0	86.0	0.0	heterozygous	no
CNT	cen|CASBPE010000006.1|158568	centromere	CASBPE010000006.1	158568	158686	119	0.8319327731092437	True	85.0		intact_called	target=CNT_4-21068; region_start=9016; region_end=9134; region_len=119; strand=+; call_start=9016; call_end=9134	CNT_4-21068	9016.0	9134.0	9016.0	9134.0	85.0	0.0	heterozygous	no
CNT	cen|CASBPE010000001.1|149768	centromere	CASBPE010000001.1	149768	149886	119	0.8403361344537815	True	85.0		intact_called	target=CNT_4-21351; region_start=11698; region_end=11816; region_len=119; strand=+; call_start=11698; call_end=11816	CNT_4-21351	11698.0	11816.0	11698.0	11816.0	85.0	0.0	heterozygous	no
CNT	cen|CASBPE010000003.1|113153	centromere	CASBPE010000003.1	113153	113267	115	0.8347826086956521	True	81.0		intact_called	target=CNT_4-21775; region_start=25108; region_end=25225; region_len=118; strand=+; call_start=25108; call_end=25225	CNT_4-21775	25108.0	25225.0	25108.0	25225.0	84.0	3.0	heterozygous	no
CNT	cen|CASBPE010000009.1|101370	centromere	CASBPE010000009.1	101370	101488	119	0.8319327731092437	True	85.0		intact_called	target=CNT_4-21742; region_start=13795; region_end=13913; region_len=119; strand=-; call_start=13795; call_end=13913	CNT_4-21742	13795.0	13913.0	13795.0	13913.0	85.0	0.0	heterozygous	no
CNT	cen|CASBPE010000014.1|257388	centromere	CASBPE010000014.1	257388	257507	120	0.7833333333333333	True	86.0		intact_called	target=CNT_4-21703; region_start=72465; region_end=72584; region_len=120; strand=+; call_start=72465; call_end=72584	CNT_4-21703	72465.0	72584.0	72465.0	72584.0	86.0	0.0	heterozygous	no
CPS	cen|CASBPD010000010.1|455373	centromere	CASBPD010000010.1	455373	455492	120	0.8666666666666667	True	86.0		intact_called	target=CPS_4-19290; region_start=21386; region_end=21502; region_len=117; strand=+; call_start=21386; call_end=21502	CPS_4-19290	21386.0	21502.0	21386.0	21502.0	83.0	-3.0	heterozygous	no
CPS	cen|CASBPD010000008.1|534957	centromere	CASBPD010000008.1	534957	535077	121	0.859504132231405	True	87.0		intact_called	target=CPS_4-19314; region_start=32745; region_end=32865; region_len=121; strand=-; call_start=32745; call_end=32865	CPS_4-19314	32745.0	32865.0	32745.0	32865.0	87.0	0.0	heterozygous	no
CPS	cen|CASBPD010000015.1|511364	centromere	CASBPD010000015.1	511364	511482	119	0.865546218487395	True	85.0		split	reason=flanks on different sequences								heterozygous	chromosome not identified
CPS	cen|CASBPD010000012.1|153006	centromere	CASBPD010000012.1	153006	153126	121	0.8760330578512396	True	87.0		intact_called	target=CPS_4-19266; region_start=16959; region_end=17079; region_len=121; strand=-; call_start=16959; call_end=17079	CPS_4-19266	16959.0	17079.0	16959.0	17079.0	87.0	0.0	heterozygous	no
CPS	cen|CASBPD010000002.1|231898	centromere	CASBPD010000002.1	231898	232014	117	0.8803418803418803	True	83.0		absent	reason=neither flank placed								heterozygous	no
CPS	cen|CASBPD010000006.1|159085	centromere	CASBPD010000006.1	159085	159203	119	0.8571428571428571	True	85.0		n_run	target=CPS_4-19256; region_start=87687; region_end=87798; region_len=112; strand=+	CPS_4-19256	87687.0	87798.0					heterozygous	chromosome not identified
CPS	cen|CASBPD010000007.1|33620	centromere	CASBPD010000007.1	33620	33738	119	0.8403361344537815	True	85.0		intact_called	target=CPS_4-19189; region_start=13275; region_end=13393; region_len=119; strand=-; call_start=13275; call_end=13393	CPS_4-19189	13275.0	13393.0	13275.0	13393.0	85.0	0.0	heterozygous	no
CPS	cen|CASBPD010000014.1|622483	centromere	CASBPD010000014.1	622483	622600	118	0.8305084745762712	True	84.0		intact_called	target=CPS_4-19233; region_start=3335; region_end=3452; region_len=118; strand=-; call_start=3335; call_end=3452	CPS_4-19233	3335.0	3452.0	3335.0	3452.0	84.0	0.0	heterozygous	no
CPS	cen|CASBPD010000003.1|106447	centromere	CASBPD010000003.1	106447	106564	118	0.8559322033898306	True	84.0		intact_called	target=CPS_4-19194; region_start=8458; region_end=8575; region_len=118; strand=-; call_start=8458; call_end=8575	CPS_4-19194	8458.0	8575.0	8458.0	8575.0	84.0	0.0	heterozygous	no
CPS	cen|CASBPD010000005.1|350017	centromere	CASBPD010000005.1	350017	350134	118	0.864406779661017	True	84.0		n_run	target=CPS_4-19308; region_start=29739; region_end=29922; region_len=184; strand=+	CPS_4-19308	29739.0	29922.0					heterozygous	no
CPS	cen|CASBPD010000016.1|313805	centromere	CASBPD010000016.1	313805	313923	119	0.8487394957983193	True	85.0		intact_called	target=CPS_4-19312; region_start=85377; region_end=85496; region_len=120; strand=+; call_start=85377; call_end=85496	CPS_4-19312	85377.0	85496.0	85377.0	85496.0	86.0	1.0	heterozygous	no
CPS	cen|CASBPD010000017.1|557126	centromere	CASBPD010000017.1	557126	557244	119	0.8571428571428571	True	85.0		intact_called	target=CPS_4-19245; region_start=112960; region_end=113078; region_len=119; strand=+; call_start=112960; call_end=113078	CPS_4-19245	112960.0	113078.0	112960.0	113078.0	85.0	0.0	heterozygous	no
CPS	cen|CASBPD010000001.1|145753	centromere	CASBPD010000001.1	145753	145871	119	0.8403361344537815	True	85.0		intact_called	target=CPS_4-19318; region_start=10187; region_end=10305; region_len=119; strand=+; call_start=10187; call_end=10305	CPS_4-19318	10187.0	10305.0	10187.0	10305.0	85.0	0.0	heterozygous	no
CPS	cen|CASBPD010000004.1|460397	centromere	CASBPD010000004.1	460397	460516	120	0.8416666666666667	True	86.0		intact_called	target=CPS_4-19270; region_start=22846; region_end=22965; region_len=120; strand=-; call_start=22846; call_end=22965	CPS_4-19270	22846.0	22965.0	22846.0	22965.0	86.0	0.0	heterozygous	no
CPS	cen|CASBPD010000009.1|97792	centromere	CASBPD010000009.1	97792	97912	121	0.8347107438016529	True	87.0		intact_called	target=CPS_4-19283; region_start=13583; region_end=13701; region_len=119; strand=+; call_start=13583; call_end=13701	CPS_4-19283	13583.0	13701.0	13583.0	13701.0	85.0	-2.0	heterozygous	no
CPS	cen|CASBPD010000013.1|256892	centromere	CASBPD010000013.1	256892	257012	121	0.7933884297520661	True	87.0		intact_called	target=CPS_4-19338; region_start=99007; region_end=99127; region_len=121; strand=-; call_start=99007; call_end=99127	CPS_4-19338	99007.0	99127.0	99007.0	99127.0	87.0	0.0	heterozygous	no
CRE	cen|CASBPA010000008.1|501669	centromere	CASBPA010000008.1	501669	501789	121	0.859504132231405	True	87.0		intact_called	target=CRE_2-38114; region_start=17104; region_end=17281; region_len=178; strand=+; call_start=17149; call_end=17269	CRE_2-38114	17104.0	17281.0	17149.0	17269.0	87.0	0.0	heterozygous	no
CRE	cen|CASBPA010000017.1|432355	centromere	CASBPA010000017.1	432355	432475	121	0.8677685950413223	True	87.0		intact_called	target=CRE_2-37957; region_start=19892; region_end=20011; region_len=120; strand=+; call_start=19892; call_end=20011	CRE_2-37957	19892.0	20011.0	19892.0	20011.0	86.0	-1.0	heterozygous	no
CRE	cen|CASBPA010000011.1|446312	centromere	CASBPA010000011.1	446312	446430	119	0.865546218487395	True	85.0		n_run	target=CRE_2-38156; region_start=128142; region_end=128386; region_len=245; strand=+	CRE_2-38156	128142.0	128386.0					heterozygous	no
CRE	cen|CASBPA010000012.1|150355	centromere	CASBPA010000012.1	150355	150475	121	0.8760330578512396	True	87.0		intact_called	target=CRE_2-37911; region_start=54463; region_end=54583; region_len=121; strand=+; call_start=54463; call_end=54583	CRE_2-37911	54463.0	54583.0	54463.0	54583.0	87.0	0.0	heterozygous	no
CRE	cen|CASBPA010000014.1|652975	centromere	CASBPA010000014.1	652975	653092	118	0.847457627118644	True	84.0		split	reason=flanks on different sequences								heterozygous	chromosome not identified
CRE	cen|CASBPA010000005.1|362900	centromere	CASBPA010000005.1	362900	363017	118	0.8813559322033898	True	84.0		absent	reason=neither flank placed								heterozygous	chromosome not identified
CRE	cen|CASBPA010000016.1|537142	centromere	CASBPA010000016.1	537142	537259	118	0.8813559322033898	True	84.0		intact_called	target=CRE_2-38060; region_start=4070; region_end=4188; region_len=119; strand=-; call_start=4070; call_end=4188	CRE_2-38060	4070.0	4188.0	4070.0	4188.0	85.0	1.0	heterozygous	no
CRE	cen|CASBPA010000006.1|10049	centromere	CASBPA010000006.1	10049	10167	119	0.8571428571428571	True	85.0		intact_called	target=CRE_2-37989; region_start=24895; region_end=25014; region_len=120; strand=-; call_start=24896; call_end=25014	CRE_2-37989	24895.0	25014.0	24896.0	25014.0	85.0	0.0	heterozygous	no
CRE	cen|CASBPA010000007.1|130512	centromere	CASBPA010000007.1	130512	130630	119	0.8487394957983193	True	85.0		intact_called	target=CRE_2-37568; region_start=13350; region_end=13468; region_len=119; strand=-; call_start=13350; call_end=13468	CRE_2-37568	13350.0	13468.0	13350.0	13468.0	85.0	0.0	heterozygous	no
CRE	cen|CASBPA010000002.1|225502	centromere	CASBPA010000002.1	225502	225619	118	0.8728813559322034	True	84.0		intact_called	target=CRE_2-37963; region_start=21777; region_end=21894; region_len=118; strand=-; call_start=21777; call_end=21894	CRE_2-37963	21777.0	21894.0	21777.0	21894.0	84.0	0.0	heterozygous	no
CRE	cen|CASBPA010000015.1|321354	centromere	CASBPA010000015.1	321354	321473	120	0.85	True	86.0		intact_called	target=CRE_2-37975; region_start=27434; region_end=27553; region_len=120; strand=+; call_start=27434; call_end=27553	CRE_2-37975	27434.0	27553.0	27434.0	27553.0	86.0	0.0	heterozygous	no
CRE	cen|CASBPA010000004.1|449862	centromere	CASBPA010000004.1	449862	449981	120	0.85	True	86.0		intact_called	target=CRE_2-38074; region_start=13538; region_end=13657; region_len=120; strand=+; call_start=13538; call_end=13657	CRE_2-38074	13538.0	13657.0	13538.0	13657.0	86.0	0.0	heterozygous	no
CRE	cen|CASBPA010000001.1|144574	centromere	CASBPA010000001.1	144574	144692	119	0.8403361344537815	True	85.0		split	reason=one flank placed; placed_on=CRE_2-37808								heterozygous	yes
CRE	cen|CASBPA010000003.1|114922	centromere	CASBPA010000003.1	114922	115039	118	0.847457627118644	True	84.0		intact_called	target=CRE_2-38133; region_start=6720; region_end=6837; region_len=118; strand=+; call_start=6720; call_end=6837	CRE_2-38133	6720.0	6837.0	6720.0	6837.0	84.0	0.0	heterozygous	yes
CRE	cen|CASBPA010000009.1|94825	centromere	CASBPA010000009.1	94825	94943	119	0.8403361344537815	True	85.0		split	reason=one flank placed; placed_on=CRE_2-36228								heterozygous	no
CRE	cen|CASBPA010000013.1|256608	centromere	CASBPA010000013.1	256608	256729	122	0.7950819672131147	True	88.0		intact_called	target=CRE_2-38193; region_start=65215; region_end=65354; region_len=140; strand=+; call_start=65215; call_end=65334	CRE_2-38193	65215.0	65354.0	65215.0	65334.0	86.0	-2.0	heterozygous	no
CRL	cen|CASBOI010000011.1|457111	centromere	CASBOI010000011.1	457111	457229	119	0.865546218487395	True	85.0		intact_called	target=CRL_1_AB3AC.IND41b-8934; region_start=454913; region_end=455031; region_len=119; strand=+; call_start=454913; call_end=455031	CRL_1_AB3AC.IND41b-8934	454913.0	455031.0	454913.0	455031.0	85.0	0.0	homozygous	no
CRL	cen|CASBOI010000012.1|140280	centromere	CASBOI010000012.1	140280	140400	121	0.8760330578512396	True	87.0		intact_called	target=CRL_1_AB3AC.IND41b-8782; region_start=217420; region_end=217540; region_len=121; strand=-; call_start=217420; call_end=217540	CRL_1_AB3AC.IND41b-8782	217420.0	217540.0	217420.0	217540.0	87.0	0.0	homozygous	no
CRL	cen|CASBOI010000008.1|502653	centromere	CASBOI010000008.1	502653	502774	122	0.8524590163934426	True	88.0		intact_called	target=CRL_1_AB3AC.IND41b-8910; region_start=244970; region_end=245091; region_len=122; strand=-; call_start=244970; call_end=245091	CRL_1_AB3AC.IND41b-8910	244970.0	245091.0	244970.0	245091.0	88.0	0.0	homozygous	no
CRL	cen|CASBOI010000010.1|453910	centromere	CASBOI010000010.1	453910	454027	118	0.8559322033898306	True	84.0		intact_called	target=CRL_1_AB3AC.IND41b-8959; region_start=254315; region_end=254432; region_len=118; strand=-; call_start=254315; call_end=254432	CRL_1_AB3AC.IND41b-8959	254315.0	254432.0	254315.0	254432.0	84.0	0.0	homozygous	no
CRL	cen|CASBOI010000014.1|630562	centromere	CASBOI010000014.1	630562	630680	119	0.8487394957983193	True	85.0		intact_called	target=CRL_1_AB3AC.IND41b-8953; region_start=144318; region_end=144436; region_len=119; strand=-; call_start=144318; call_end=144436	CRL_1_AB3AC.IND41b-8953	144318.0	144436.0	144318.0	144436.0	85.0	0.0	homozygous	no
CRL	cen|CASBOI010000005.1|347512	centromere	CASBOI010000005.1	347512	347629	118	0.8813559322033898	True	84.0		intact_called	target=CRL_1_AB3AC.IND41b-8780; region_start=35307; region_end=35424; region_len=118; strand=-; call_start=35307; call_end=35424	CRL_1_AB3AC.IND41b-8780	35307.0	35424.0	35307.0	35424.0	84.0	0.0	homozygous	no
CRL	cen|CASBOI010000016.1|191743	centromere	CASBOI010000016.1	191743	191860	118	0.8813559322033898	True	84.0		intact_called	target=CRL_1_AB3AC.IND41b-8947; region_start=146159; region_end=146276; region_len=118; strand=-; call_start=146159; call_end=146276	CRL_1_AB3AC.IND41b-8947	146159.0	146276.0	146159.0	146276.0	84.0	0.0	homozygous	no
CRL	cen|CASBOI010000006.1|152712	centromere	CASBOI010000006.1	152712	152830	119	0.8571428571428571	True	85.0		intact_called	target=CRL_1_AB3AC.IND41b-8966; region_start=137975; region_end=138093; region_len=119; strand=-; call_start=137975; call_end=138093	CRL_1_AB3AC.IND41b-8966	137975.0	138093.0	137975.0	138093.0	85.0	0.0	homozygous	no
CRL	cen|CASBOI010000009.1|451457	centromere	CASBOI010000009.1	451457	451575	119	0.865546218487395	True	85.0		intact_called	target=CRL_1_AB3AC.IND41b-8956; region_start=63963; region_end=64081; region_len=119; strand=+; call_start=63963; call_end=64081	CRL_1_AB3AC.IND41b-8956	63963.0	64081.0	63963.0	64081.0	85.0	0.0	homozygous	no
CRL	cen|CASBOI010000007.1|124093	centromere	CASBOI010000007.1	124093	124211	119	0.8487394957983193	True	85.0		intact_called	target=CRL_1_AB3AC.IND41b-8970; region_start=24307; region_end=24425; region_len=119; strand=+; call_start=24307; call_end=24425	CRL_1_AB3AC.IND41b-8970	24307.0	24425.0	24307.0	24425.0	85.0	0.0	homozygous	no
CRL	cen|CASBOI010000003.1|109075	centromere	CASBOI010000003.1	109075	109192	118	0.8728813559322034	True	84.0		intact_called	target=CRL_1_AB3AC.IND41b-8949; region_start=23471; region_end=23588; region_len=118; strand=+; call_start=23471; call_end=23588	CRL_1_AB3AC.IND41b-8949	23471.0	23588.0	23471.0	23588.0	84.0	0.0	homozygous	no
CRL	cen|CASBOI010000002.1|232582	centromere	CASBOI010000002.1	232582	232699	118	0.8728813559322034	True	84.0		intact_called	target=CRL_1_AB3AC.IND41b-8709; region_start=56989; region_end=57106; region_len=118; strand=-; call_start=56989; call_end=57106	CRL_1_AB3AC.IND41b-8709	56989.0	57106.0	56989.0	57106.0	84.0	0.0	homozygous	no
CRL	cen|CASBOI010000015.1|294907	centromere	CASBOI010000015.1	294907	295026	120	0.8583333333333333	True	86.0		intact_called	target=CRL_1_AB3AC.IND41b-8950; region_start=292619; region_end=292738; region_len=120; strand=+; call_start=292619; call_end=292738	CRL_1_AB3AC.IND41b-8950	292619.0	292738.0	292619.0	292738.0	86.0	0.0	homozygous	no
CRL	cen|CASBOI010000004.1|449907	centromere	CASBOI010000004.1	449907	450026	120	0.8416666666666667	True	86.0		intact_called	target=CRL_1_AB3AC.IND41b-8939; region_start=23123; region_end=23242; region_len=120; strand=-; call_start=23123; call_end=23242	CRL_1_AB3AC.IND41b-8939	23123.0	23242.0	23123.0	23242.0	86.0	0.0	homozygous	no
CRL	cen|CASBOI010000001.1|136062	centromere	CASBOI010000001.1	136062	136180	119	0.8403361344537815	True	85.0		intact_called	target=CRL_1_AB3AC.IND41b-8905; region_start=47702; region_end=47820; region_len=119; strand=-; call_start=47702; call_end=47820	CRL_1_AB3AC.IND41b-8905	47702.0	47820.0	47702.0	47820.0	85.0	0.0	homozygous	no
CRL	cen|CASBOI010000013.1|258121	centromere	CASBOI010000013.1	258121	258237	117	0.8034188034188035	True	83.0		intact_called	target=CRL_1_AB3AC.IND41b-8952; region_start=249048; region_end=249164; region_len=117; strand=+; call_start=249048; call_end=249164	CRL_1_AB3AC.IND41b-8952	249048.0	249164.0	249048.0	249164.0	83.0	0.0	homozygous	no
