strain	element_id	kind	contig	start	end	length	at	liftable	cdeii_len	status	detail	target	region_start	region_end	call_start	call_end
AAB	cen|CASBKP010000007.1|224398	centromere	CASBKP010000007.1	224398	224516	119	0.8739495798319328	True	85	intact_called	target=CASBKP010000007.1; region_start=224398; region_end=224516; region_len=119; strand=+; call_start=224398; call_end=224516	CASBKP010000007.1	224398	224516	224398	224516
AAB	cen|CASBKP010000010.1|430736	centromere	CASBKP010000010.1	430736	430853	118	0.864406779661017	True	84	intact_called	target=CASBKP010000010.1; region_start=430736; region_end=430853; region_len=118; strand=+; call_start=430736; call_end=430853	CASBKP010000010.1	430736	430853	430736	430853
AAB	cen|CASBKP010000011.1|456690	centromere	CASBKP010000011.1	456690	456808	119	0.865546218487395	True	85	intact_called	target=CASBKP010000011.1; region_start=456690; region_end=456808; region_len=119; strand=+; call_start=456690; call_end=456808	CASBKP010000011.1	456690	456808	456690	456808
AAB	cen|CASBKP010000012.1|139975	centromere	CASBKP010000012.1	139975	140095	121	0.8760330578512396	True	87	intact_called	target=CASBKP010000012.1; region_start=139975; region_end=140095; region_len=121; strand=+; call_start=139975; call_end=140095	CASBKP010000012.1	139975	140095	139975	140095
AAB	cen|CASBKP010000008.1|506556	centromere	CASBKP010000008.1	506556	506677	122	0.8524590163934426	True	88	intact_called	target=CASBKP010000008.1; region_start=506556; region_end=506677; region_len=122; strand=+; call_start=506556; call_end=506677	CASBKP010000008.1	506556	506677	506556	506677
AAB	cen|CASBKP010000014.1|633481	centromere	CASBKP010000014.1	633481	633599	119	0.8487394957983193	True	85	intact_called	target=CASBKP010000014.1; region_start=633481; region_end=633599; region_len=119; strand=+; call_start=633481; call_end=633599	CASBKP010000014.1	633481	633599	633481	633599
AAB	cen|CASBKP010000005.1|363696	centromere	CASBKP010000005.1	363696	363813	118	0.8813559322033898	True	84	intact_called	target=CASBKP010000005.1; region_start=363696; region_end=363813; region_len=118; strand=+; call_start=363696; call_end=363813	CASBKP010000005.1	363696	363813	363696	363813
AAB	cen|CASBKP010000016.1|528144	centromere	CASBKP010000016.1	528144	528261	118	0.8813559322033898	True	84	intact_called	target=CASBKP010000016.1; region_start=528144; region_end=528261; region_len=118; strand=+; call_start=528144; call_end=528261	CASBKP010000016.1	528144	528261	528144	528261
AAB	cen|CASBKP010000006.1|162589	centromere	CASBKP010000006.1	162589	162707	119	0.8571428571428571	True	85	intact_called	target=CASBKP010000006.1; region_start=162589; region_end=162707; region_len=119; strand=+; call_start=162589; call_end=162707	CASBKP010000006.1	162589	162707	162589	162707
AAB	cen|CASBKP010000009.1|100103	centromere	CASBKP010000009.1	100103	100221	119	0.865546218487395	True	85	intact_called	target=CASBKP010000009.1; region_start=100103; region_end=100221; region_len=119; strand=+; call_start=100103; call_end=100221	CASBKP010000009.1	100103	100221	100103	100221
AAB	cen|CASBKP010000003.1|121022	centromere	CASBKP010000003.1	121022	121139	118	0.864406779661017	True	84	intact_called	target=CASBKP010000003.1; region_start=121022; region_end=121139; region_len=118; strand=+; call_start=121022; call_end=121139	CASBKP010000003.1	121022	121139	121022	121139
AAB	cen|CASBKP010000001.1|196347	centromere	CASBKP010000001.1	196347	196465	119	0.8487394957983193	True	85	intact_called	target=CASBKP010000001.1; region_start=196347; region_end=196465; region_len=119; strand=+; call_start=196347; call_end=196465	CASBKP010000001.1	196347	196465	196347	196465
AAB	cen|CASBKP010000004.1|441073	centromere	CASBKP010000004.1	441073	441192	120	0.85	True	86	intact_called	target=CASBKP010000004.1; region_start=441073; region_end=441192; region_len=120; strand=+; call_start=441073; call_end=441192	CASBKP010000004.1	441073	441192	441073	441192
AAB	cen|CASBKP010000002.1|225106	centromere	CASBKP010000002.1	225106	225223	118	0.8559322033898306	True	84	intact_called	target=CASBKP010000002.1; region_start=225106; region_end=225223; region_len=118; strand=+; call_start=225106; call_end=225223	CASBKP010000002.1	225106	225223	225106	225223
AAB	cen|CASBKP010000015.1|319949	centromere	CASBKP010000015.1	319949	320068	120	0.8416666666666667	True	86	intact_called	target=CASBKP010000015.1; region_start=319949; region_end=320068; region_len=120; strand=+; call_start=319949; call_end=320068	CASBKP010000015.1	319949	320068	319949	320068
AAB	cen|CASBKP010000013.1|257336	centromere	CASBKP010000013.1	257336	257453	118	0.8050847457627118	True	84	intact_called	target=CASBKP010000013.1; region_start=257336; region_end=257453; region_len=118; strand=+; call_start=257336; call_end=257453	CASBKP010000013.1	257336	257453	257336	257453
AAC	cen|CASBKW010000010.1|448099	centromere	CASBKW010000010.1	448099	448217	119	0.865546218487395	True	85	intact_called	target=CASBKW010000010.1; region_start=448099; region_end=448217; region_len=119; strand=+; call_start=448099; call_end=448217	CASBKW010000010.1	448099	448217	448099	448217
AAC	cen|CASBKW010000012.1|151326	centromere	CASBKW010000012.1	151326	151446	121	0.8760330578512396	True	87	intact_called	target=CASBKW010000012.1; region_start=151326; region_end=151446; region_len=121; strand=+; call_start=151326; call_end=151446	CASBKW010000012.1	151326	151446	151326	151446
AAC	cen|CASBKW010000008.1|507761	centromere	CASBKW010000008.1	507761	507882	122	0.8524590163934426	True	88	intact_called	target=CASBKW010000008.1; region_start=507761; region_end=507882; region_len=122; strand=+; call_start=507761; call_end=507882	CASBKW010000008.1	507761	507882	507761	507882
AAC	cen|CASBKW010000005.1|351430	centromere	CASBKW010000005.1	351430	351547	118	0.8813559322033898	True	84	intact_called	target=CASBKW010000005.1; region_start=351430; region_end=351547; region_len=118; strand=+; call_start=351430; call_end=351547	CASBKW010000005.1	351430	351547	351430	351547
AAC	cen|CASBKW010000011.1|446651	centromere	CASBKW010000011.1	446651	446769	119	0.8571428571428571	True	85	intact_called	target=CASBKW010000011.1; region_start=446651; region_end=446769; region_len=119; strand=+; call_start=446651; call_end=446769	CASBKW010000011.1	446651	446769	446651	446769
AAC	cen|CASBKW010000009.1|99703	centromere	CASBKW010000009.1	99703	99821	119	0.865546218487395	True	85	intact_called	target=CASBKW010000009.1; region_start=99703; region_end=99821; region_len=119; strand=+; call_start=99703; call_end=99821	CASBKW010000009.1	99703	99821	99703	99821
AAC	cen|CASBKW010000014.1|615703	centromere	CASBKW010000014.1	615703	615820	118	0.8389830508474576	True	84	intact_called	target=CASBKW010000014.1; region_start=615703; region_end=615820; region_len=118; strand=+; call_start=615703; call_end=615820	CASBKW010000014.1	615703	615820	615703	615820
AAC	cen|CASBKW010000016.1|557518	centromere	CASBKW010000016.1	557518	557635	118	0.8728813559322034	True	84	intact_called	target=CASBKW010000016.1; region_start=557518; region_end=557635; region_len=118; strand=+; call_start=557518; call_end=557635	CASBKW010000016.1	557518	557635	557518	557635
AAC	cen|CASBKW010000002.1|220678	centromere	CASBKW010000002.1	220678	220795	118	0.8728813559322034	True	84	intact_called	target=CASBKW010000002.1; region_start=220678; region_end=220795; region_len=118; strand=+; call_start=220678; call_end=220795	CASBKW010000002.1	220678	220795	220678	220795
AAC	cen|CASBKW010000006.1|147505	centromere	CASBKW010000006.1	147505	147623	119	0.8487394957983193	True	85	intact_called	target=CASBKW010000006.1; region_start=147505; region_end=147623; region_len=119; strand=+; call_start=147505; call_end=147623	CASBKW010000006.1	147505	147623	147505	147623
AAC	cen|CASBKW010000007.1|128993	centromere	CASBKW010000007.1	128993	129110	118	0.8389830508474576	True	84	intact_called	target=CASBKW010000007.1; region_start=128993; region_end=129110; region_len=118; strand=+; call_start=128993; call_end=129110	CASBKW010000007.1	128993	129110	128993	129110
AAC	cen|CASBKW010000003.1|95518	centromere	CASBKW010000003.1	95518	95635	118	0.8559322033898306	True	84	intact_called	target=CASBKW010000003.1; region_start=95518; region_end=95635; region_len=118; strand=+; call_start=95518; call_end=95635	CASBKW010000003.1	95518	95635	95518	95635
AAC	cen|CASBKW010000015.1|315692	centromere	CASBKW010000015.1	315692	315810	119	0.8487394957983193	True	85	intact_called	target=CASBKW010000015.1; region_start=315692; region_end=315810; region_len=119; strand=+; call_start=315692; call_end=315810	CASBKW010000015.1	315692	315810	315692	315810
AAC	cen|CASBKW010000001.1|143441	centromere	CASBKW010000001.1	143441	143559	119	0.8403361344537815	True	85	intact_called	target=CASBKW010000001.1; region_start=143441; region_end=143559; region_len=119; strand=+; call_start=143441; call_end=143559	CASBKW010000001.1	143441	143559	143441	143559
AAC	cen|CASBKW010000004.1|451560	centromere	CASBKW010000004.1	451560	451679	120	0.8333333333333334	True	86	intact_called	target=CASBKW010000004.1; region_start=451560; region_end=451679; region_len=120; strand=+; call_start=451560; call_end=451679	CASBKW010000004.1	451560	451679	451560	451679
AAC	cen|CASBKW010000013.1|261971	centromere	CASBKW010000013.1	261971	262090	120	0.7916666666666666	True	86	intact_called	target=CASBKW010000013.1; region_start=261971; region_end=262090; region_len=120; strand=+; call_start=261971; call_end=262090	CASBKW010000013.1	261971	262090	261971	262090
AAR	cen|CASBKI010000014.1|623532	centromere	CASBKI010000014.1	623532	623650	119	0.8571428571428571	True	85	intact_called	target=CASBKI010000014.1; region_start=623532; region_end=623650; region_len=119; strand=+; call_start=623532; call_end=623650	CASBKI010000014.1	623532	623650	623532	623650
AAR	cen|CASBKI010000011.1|452062	centromere	CASBKI010000011.1	452062	452180	119	0.865546218487395	True	85	intact_called	target=CASBKI010000011.1; region_start=452062; region_end=452180; region_len=119; strand=+; call_start=452062; call_end=452180	CASBKI010000011.1	452062	452180	452062	452180
AAR	cen|CASBKI010000012.1|145095	centromere	CASBKI010000012.1	145095	145215	121	0.8760330578512396	True	87	intact_called	target=CASBKI010000012.1; region_start=145095; region_end=145215; region_len=121; strand=+; call_start=145095; call_end=145215	CASBKI010000012.1	145095	145215	145095	145215
AAR	cen|CASBKI010000005.1|334015	centromere	CASBKI010000005.1	334015	334132	118	0.8813559322033898	True	84	intact_called	target=CASBKI010000005.1; region_start=334015; region_end=334132; region_len=118; strand=+; call_start=334015; call_end=334132	CASBKI010000005.1	334015	334132	334015	334132
AAR	cen|CASBKI010000002.1|226362	centromere	CASBKI010000002.1	226362	226492	131	0.8854961832061069	True	97	intact_called	target=CASBKI010000002.1; region_start=226362; region_end=226492; region_len=131; strand=+; call_start=226362; call_end=226492	CASBKI010000002.1	226362	226492	226362	226492
AAR	cen|CASBKI010000004.1|469757	centromere	CASBKI010000004.1	469757	469875	119	0.865546218487395	True	85	intact_called	target=CASBKI010000004.1; region_start=469757; region_end=469875; region_len=119; strand=+; call_start=469757; call_end=469875	CASBKI010000004.1	469757	469875	469757	469875
AAR	cen|CASBKI010000010.1|440956	centromere	CASBKI010000010.1	440956	441073	118	0.847457627118644	True	84	intact_called	target=CASBKI010000010.1; region_start=440956; region_end=441073; region_len=118; strand=+; call_start=440956; call_end=441073	CASBKI010000010.1	440956	441073	440956	441073
AAR	cen|CASBKI010000016.1|531374	centromere	CASBKI010000016.1	531374	531493	120	0.875	True	86	intact_called	target=CASBKI010000016.1; region_start=531374; region_end=531493; region_len=120; strand=+; call_start=531374; call_end=531493	CASBKI010000016.1	531374	531493	531374	531493
AAR	cen|CASBKI010000006.1|150617	centromere	CASBKI010000006.1	150617	150735	119	0.8487394957983193	True	85	intact_called	target=CASBKI010000006.1; region_start=150617; region_end=150735; region_len=119; strand=+; call_start=150617; call_end=150735	CASBKI010000006.1	150617	150735	150617	150735
AAR	cen|CASBKI010000007.1|138117	centromere	CASBKI010000007.1	138117	138235	119	0.8403361344537815	True	85	intact_called	target=CASBKI010000007.1; region_start=138117; region_end=138235; region_len=119; strand=+; call_start=138117; call_end=138235	CASBKI010000007.1	138117	138235	138117	138235
AAR	cen|CASBKI010000008.1|512929	centromere	CASBKI010000008.1	512929	513050	122	0.8524590163934426	True	88	intact_called	target=CASBKI010000008.1; region_start=512929; region_end=513050; region_len=122; strand=+; call_start=512929; call_end=513050	CASBKI010000008.1	512929	513050	512929	513050
AAR	cen|CASBKI010000015.1|296776	centromere	CASBKI010000015.1	296776	296895	120	0.8416666666666667	True	86	intact_called	target=CASBKI010000015.1; region_start=296776; region_end=296895; region_len=120; strand=+; call_start=296776; call_end=296895	CASBKI010000015.1	296776	296895	296776	296895
AAR	cen|CASBKI010000003.1|120649	centromere	CASBKI010000003.1	120649	120766	118	0.847457627118644	True	84	intact_called	target=CASBKI010000003.1; region_start=120649; region_end=120766; region_len=118; strand=+; call_start=120649; call_end=120766	CASBKI010000003.1	120649	120766	120649	120766
AAR	cen|CASBKI010000001.1|135751	centromere	CASBKI010000001.1	135751	135869	119	0.8403361344537815	True	85	intact_called	target=CASBKI010000001.1; region_start=135751; region_end=135869; region_len=119; strand=+; call_start=135751; call_end=135869	CASBKI010000001.1	135751	135869	135751	135869
AAR	cen|CASBKI010000009.1|94800	centromere	CASBKI010000009.1	94800	94918	119	0.8319327731092437	True	85	intact_called	target=CASBKI010000009.1; region_start=94800; region_end=94918; region_len=119; strand=+; call_start=94800; call_end=94918	CASBKI010000009.1	94800	94918	94800	94918
AAR	cen|CASBKI010000013.1|251046	centromere	CASBKI010000013.1	251046	251163	118	0.8050847457627118	True	84	intact_called	target=CASBKI010000013.1; region_start=251046; region_end=251163; region_len=118; strand=+; call_start=251046; call_end=251163	CASBKI010000013.1	251046	251163	251046	251163
ABA	cen|CASBKX010000007.1|129677	centromere	CASBKX010000007.1	129677	129795	119	0.8739495798319328	True	85	intact_called	target=CASBKX010000007.1; region_start=129677; region_end=129795; region_len=119; strand=+; call_start=129677; call_end=129795	CASBKX010000007.1	129677	129795	129677	129795
ABA	cen|CASBKX010000010.1|448465	centromere	CASBKX010000010.1	448465	448582	118	0.864406779661017	True	84	intact_called	target=CASBKX010000010.1; region_start=448465; region_end=448582; region_len=118; strand=+; call_start=448465; call_end=448582	CASBKX010000010.1	448465	448582	448465	448582
ABA	cen|CASBKX010000011.1|439734	centromere	CASBKX010000011.1	439734	439852	119	0.865546218487395	True	85	intact_called	target=CASBKX010000011.1; region_start=439734; region_end=439852; region_len=119; strand=+; call_start=439734; call_end=439852	CASBKX010000011.1	439734	439852	439734	439852
ABA	cen|CASBKX010000012.1|140328	centromere	CASBKX010000012.1	140328	140448	121	0.8760330578512396	True	87	intact_called	target=CASBKX010000012.1; region_start=140328; region_end=140448; region_len=121; strand=+; call_start=140328; call_end=140448	CASBKX010000012.1	140328	140448	140328	140448
ABA	cen|CASBKX010000008.1|503796	centromere	CASBKX010000008.1	503796	503917	122	0.8524590163934426	True	88	intact_called	target=CASBKX010000008.1; region_start=503796; region_end=503917; region_len=122; strand=+; call_start=503796; call_end=503917	CASBKX010000008.1	503796	503917	503796	503917
ABA	cen|CASBKX010000014.1|636038	centromere	CASBKX010000014.1	636038	636156	119	0.8487394957983193	True	85	intact_called	target=CASBKX010000014.1; region_start=636038; region_end=636156; region_len=119; strand=+; call_start=636038; call_end=636156	CASBKX010000014.1	636038	636156	636038	636156
ABA	cen|CASBKX010000016.1|544101	centromere	CASBKX010000016.1	544101	544218	118	0.8813559322033898	True	84	intact_called	target=CASBKX010000016.1; region_start=544101; region_end=544218; region_len=118; strand=+; call_start=544101; call_end=544218	CASBKX010000016.1	544101	544218	544101	544218
ABA	cen|CASBKX010000002.1|226128	centromere	CASBKX010000002.1	226128	226245	118	0.8813559322033898	True	84	intact_called	target=CASBKX010000002.1; region_start=226128; region_end=226245; region_len=118; strand=+; call_start=226128; call_end=226245	CASBKX010000002.1	226128	226245	226128	226245
ABA	cen|CASBKX010000006.1|152083	centromere	CASBKX010000006.1	152083	152201	119	0.8571428571428571	True	85	intact_called	target=CASBKX010000006.1; region_start=152083; region_end=152201; region_len=119; strand=+; call_start=152083; call_end=152201	CASBKX010000006.1	152083	152201	152083	152201
ABA	cen|CASBKX010000001.1|157196	centromere	CASBKX010000001.1	157196	157314	119	0.8571428571428571	True	85	intact_called	target=CASBKX010000001.1; region_start=157196; region_end=157314; region_len=119; strand=+; call_start=157196; call_end=157314	CASBKX010000001.1	157196	157314	157196	157314
ABA	cen|CASBKX010000003.1|106435	centromere	CASBKX010000003.1	106435	106552	118	0.864406779661017	True	84	intact_called	target=CASBKX010000003.1; region_start=106435; region_end=106552; region_len=118; strand=+; call_start=106435; call_end=106552	CASBKX010000003.1	106435	106552	106435	106552
ABA	cen|CASBKX010000005.1|375293	centromere	CASBKX010000005.1	375293	375410	118	0.8728813559322034	True	84	intact_called	target=CASBKX010000005.1; region_start=375293; region_end=375410; region_len=118; strand=+; call_start=375293; call_end=375410	CASBKX010000005.1	375293	375410	375293	375410
ABA	cen|CASBKX010000015.1|320636	centromere	CASBKX010000015.1	320636	320755	120	0.85	True	86	intact_called	target=CASBKX010000015.1; region_start=320636; region_end=320755; region_len=120; strand=+; call_start=320636; call_end=320755	CASBKX010000015.1	320636	320755	320636	320755
ABA	cen|CASBKX010000009.1|94781	centromere	CASBKX010000009.1	94781	94899	119	0.8403361344537815	True	85	intact_called	target=CASBKX010000009.1; region_start=94781; region_end=94899; region_len=119; strand=+; call_start=94781; call_end=94899	CASBKX010000009.1	94781	94899	94781	94899
ABA	cen|CASBKX010000004.1|460815	centromere	CASBKX010000004.1	460815	460934	120	0.8333333333333334	True	86	intact_called	target=CASBKX010000004.1; region_start=460815; region_end=460934; region_len=120; strand=+; call_start=460815; call_end=460934	CASBKX010000004.1	460815	460934	460815	460934
ABA	cen|CASBKX010000013.1|262540	centromere	CASBKX010000013.1	262540	262659	120	0.7916666666666666	True	86	intact_called	target=CASBKX010000013.1; region_start=262540; region_end=262659; region_len=120; strand=+; call_start=262540; call_end=262659	CASBKX010000013.1	262540	262659	262540	262659
ABH	cen|CASBKK010000006.1|160188	centromere	CASBKK010000006.1	160188	160306	119	0.8739495798319328	True	85	intact_called	target=CASBKK010000006.1; region_start=160188; region_end=160306; region_len=119; strand=+; call_start=160188; call_end=160306	CASBKK010000006.1	160188	160306	160188	160306
ABH	cen|CASBKK010000010.1|441605	centromere	CASBKK010000010.1	441605	441722	118	0.864406779661017	True	84	intact_called	target=CASBKK010000010.1; region_start=441605; region_end=441722; region_len=118; strand=+; call_start=441605; call_end=441722	CASBKK010000010.1	441605	441722	441605	441722
ABH	cen|CASBKK010000011.1|457541	centromere	CASBKK010000011.1	457541	457660	120	0.8666666666666667	True	86	intact_called	target=CASBKK010000011.1; region_start=457541; region_end=457660; region_len=120; strand=+; call_start=457541; call_end=457660	CASBKK010000011.1	457541	457660	457541	457660
ABH	cen|CASBKK010000012.1|144740	centromere	CASBKK010000012.1	144740	144860	121	0.8760330578512396	True	87	intact_called	target=CASBKK010000012.1; region_start=144740; region_end=144860; region_len=121; strand=+; call_start=144740; call_end=144860	CASBKK010000012.1	144740	144860	144740	144860
ABH	cen|CASBKK010000014.1|315670	centromere	CASBKK010000014.1	315670	315788	119	0.8487394957983193	True	85	intact_called	target=CASBKK010000014.1; region_start=315670; region_end=315788; region_len=119; strand=+; call_start=315670; call_end=315788	CASBKK010000014.1	315670	315788	315670	315788
ABH	cen|CASBKK010000007.1|507896	centromere	CASBKK010000007.1	507896	508015	120	0.85	True	86	intact_called	target=CASBKK010000007.1; region_start=507896; region_end=508015; region_len=120; strand=+; call_start=507896; call_end=508015	CASBKK010000007.1	507896	508015	507896	508015
ABH	cen|CASBKK010000016.1|535817	centromere	CASBKK010000016.1	535817	535934	118	0.8813559322033898	True	84	intact_called	target=CASBKK010000016.1; region_start=535817; region_end=535934; region_len=118; strand=+; call_start=535817; call_end=535934	CASBKK010000016.1	535817	535934	535817	535934
ABH	cen|CASBKK010000002.1|232092	centromere	CASBKK010000002.1	232092	232209	118	0.8728813559322034	True	84	intact_called	target=CASBKK010000002.1; region_start=232092; region_end=232209; region_len=118; strand=+; call_start=232092; call_end=232209	CASBKK010000002.1	232092	232209	232092	232209
ABH	cen|CASBKK010000009.1|151787	centromere	CASBKK010000009.1	151787	151905	119	0.8571428571428571	True	85	intact_called	target=CASBKK010000009.1; region_start=151787; region_end=151905; region_len=119; strand=+; call_start=151787; call_end=151905	CASBKK010000009.1	151787	151905	151787	151905
ABH	cen|CASBKK010000003.1|108435	centromere	CASBKK010000003.1	108435	108553	119	0.865546218487395	True	85	intact_called	target=CASBKK010000003.1; region_start=108435; region_end=108553; region_len=119; strand=+; call_start=108435; call_end=108553	CASBKK010000003.1	108435	108553	108435	108553
ABH	cen|CASBKK010000004.1|455680	centromere	CASBKK010000004.1	455680	455799	120	0.85	True	86	intact_called	target=CASBKK010000004.1; region_start=455680; region_end=455799; region_len=120; strand=+; call_start=455680; call_end=455799	CASBKK010000004.1	455680	455799	455680	455799
ABH	cen|CASBKK010000005.1|365418	centromere	CASBKK010000005.1	365418	365535	118	0.8559322033898306	True	84	intact_called	target=CASBKK010000005.1; region_start=365418; region_end=365535; region_len=118; strand=+; call_start=365418; call_end=365535	CASBKK010000005.1	365418	365535	365418	365535
ABH	cen|CASBKK010000015.1|327572	centromere	CASBKK010000015.1	327572	327691	120	0.8416666666666667	True	86	intact_called	target=CASBKK010000015.1; region_start=327572; region_end=327691; region_len=120; strand=+; call_start=327572; call_end=327691	CASBKK010000015.1	327572	327691	327572	327691
ABH	cen|CASBKK010000001.1|142403	centromere	CASBKK010000001.1	142403	142521	119	0.8403361344537815	True	85	intact_called	target=CASBKK010000001.1; region_start=142403; region_end=142521; region_len=119; strand=+; call_start=142403; call_end=142521	CASBKK010000001.1	142403	142521	142403	142521
ABH	cen|CASBKK010000008.1|94588	centromere	CASBKK010000008.1	94588	94706	119	0.8319327731092437	True	85	intact_called	target=CASBKK010000008.1; region_start=94588; region_end=94706; region_len=119; strand=+; call_start=94588; call_end=94706	CASBKK010000008.1	94588	94706	94588	94706
ABH	cen|CASBKK010000013.1|250056	centromere	CASBKK010000013.1	250056	250175	120	0.7916666666666666	True	86	intact_called	target=CASBKK010000013.1; region_start=250056; region_end=250175; region_len=120; strand=+; call_start=250056; call_end=250175	CASBKK010000013.1	250056	250175	250056	250175
ACA	cen|CASBKZ010000007.1|132766	centromere	CASBKZ010000007.1	132766	132884	119	0.8739495798319328	True	85	intact_called	target=CASBKZ010000007.1; region_start=132766; region_end=132884; region_len=119; strand=+; call_start=132766; call_end=132884	CASBKZ010000007.1	132766	132884	132766	132884
ACA	cen|CASBKZ010000005.1|355285	centromere	CASBKZ010000005.1	355285	355402	118	0.8898305084745762	True	84	intact_called	target=CASBKZ010000005.1; region_start=355285; region_end=355402; region_len=118; strand=+; call_start=355285; call_end=355402	CASBKZ010000005.1	355285	355402	355285	355402
ACA	cen|CASBKZ010000010.1|441576	centromere	CASBKZ010000010.1	441576	441695	120	0.8666666666666667	True	86	intact_called	target=CASBKZ010000010.1; region_start=441576; region_end=441695; region_len=120; strand=+; call_start=441576; call_end=441695	CASBKZ010000010.1	441576	441695	441576	441695
ACA	cen|CASBKZ010000011.1|446730	centromere	CASBKZ010000011.1	446730	446848	119	0.865546218487395	True	85	intact_called	target=CASBKZ010000011.1; region_start=446730; region_end=446848; region_len=119; strand=+; call_start=446730; call_end=446848	CASBKZ010000011.1	446730	446848	446730	446848
ACA	cen|CASBKZ010000012.1|150958	centromere	CASBKZ010000012.1	150958	151078	121	0.8760330578512396	True	87	intact_called	target=CASBKZ010000012.1; region_start=150958; region_end=151078; region_len=121; strand=+; call_start=150958; call_end=151078	CASBKZ010000012.1	150958	151078	150958	151078
ACA	cen|CASBKZ010000008.1|494191	centromere	CASBKZ010000008.1	494191	494310	120	0.85	True	86	intact_called	target=CASBKZ010000008.1; region_start=494191; region_end=494310; region_len=120; strand=+; call_start=494191; call_end=494310	CASBKZ010000008.1	494191	494310	494191	494310
ACA	cen|CASBKZ010000016.1|543933	centromere	CASBKZ010000016.1	543933	544050	118	0.8813559322033898	True	84	intact_called	target=CASBKZ010000016.1; region_start=543933; region_end=544050; region_len=118; strand=+; call_start=543933; call_end=544050	CASBKZ010000016.1	543933	544050	543933	544050
ACA	cen|CASBKZ010000009.1|105712	centromere	CASBKZ010000009.1	105712	105830	119	0.8739495798319328	True	85	intact_called	target=CASBKZ010000009.1; region_start=105712; region_end=105830; region_len=119; strand=+; call_start=105712; call_end=105830	CASBKZ010000009.1	105712	105830	105712	105830
ACA	cen|CASBKZ010000002.1|226415	centromere	CASBKZ010000002.1	226415	226532	118	0.8813559322033898	True	84	intact_called	target=CASBKZ010000002.1; region_start=226415; region_end=226532; region_len=118; strand=+; call_start=226415; call_end=226532	CASBKZ010000002.1	226415	226532	226415	226532
ACA	cen|CASBKZ010000001.1|141646	centromere	CASBKZ010000001.1	141646	141764	119	0.8571428571428571	True	85	intact_called	target=CASBKZ010000001.1; region_start=141646; region_end=141764; region_len=119; strand=+; call_start=141646; call_end=141764	CASBKZ010000001.1	141646	141764	141646	141764
ACA	cen|CASBKZ010000003.1|114566	centromere	CASBKZ010000003.1	114566	114683	118	0.864406779661017	True	84	intact_called	target=CASBKZ010000003.1; region_start=114566; region_end=114683; region_len=118; strand=+; call_start=114566; call_end=114683	CASBKZ010000003.1	114566	114683	114566	114683
ACA	cen|CASBKZ010000006.1|146272	centromere	CASBKZ010000006.1	146272	146390	119	0.8487394957983193	True	85	intact_called	target=CASBKZ010000006.1; region_start=146272; region_end=146390; region_len=119; strand=+; call_start=146272; call_end=146390	CASBKZ010000006.1	146272	146390	146272	146390
ACA	cen|CASBKZ010000014.1|622126	centromere	CASBKZ010000014.1	622126	622244	119	0.8319327731092437	True	85	intact_called	target=CASBKZ010000014.1; region_start=622126; region_end=622244; region_len=119; strand=+; call_start=622126; call_end=622244	CASBKZ010000014.1	622126	622244	622126	622244
ACA	cen|CASBKZ010000004.1|462511	centromere	CASBKZ010000004.1	462511	462622	112	0.8482142857142857	True	78	intact_called	target=CASBKZ010000004.1; region_start=462511; region_end=462622; region_len=112; strand=+; call_start=462511; call_end=462622	CASBKZ010000004.1	462511	462622	462511	462622
ACA	cen|CASBKZ010000015.1|326899	centromere	CASBKZ010000015.1	326899	327018	120	0.85	True	86	intact_called	target=CASBKZ010000015.1; region_start=326899; region_end=327018; region_len=120; strand=+; call_start=326899; call_end=327018	CASBKZ010000015.1	326899	327018	326899	327018
ACA	cen|CASBKZ010000013.1|250779	centromere	CASBKZ010000013.1	250779	250898	120	0.8	True	86	intact_called	target=CASBKZ010000013.1; region_start=250779; region_end=250898; region_len=120; strand=+; call_start=250779; call_end=250898	CASBKZ010000013.1	250779	250898	250779	250898
ACH	cen|CASBKV010000010.1|441616	centromere	CASBKV010000010.1	441616	441733	118	0.864406779661017	True	84	intact_called	target=CASBKV010000010.1; region_start=441616; region_end=441733; region_len=118; strand=+; call_start=441616; call_end=441733	CASBKV010000010.1	441616	441733	441616	441733
ACH	cen|CASBKV010000011.1|452332	centromere	CASBKV010000011.1	452332	452450	119	0.865546218487395	True	85	intact_called	target=CASBKV010000011.1; region_start=452332; region_end=452450; region_len=119; strand=+; call_start=452332; call_end=452450	CASBKV010000011.1	452332	452450	452332	452450
ACH	cen|CASBKV010000012.1|141830	centromere	CASBKV010000012.1	141830	141950	121	0.8760330578512396	True	87	intact_called	target=CASBKV010000012.1; region_start=141830; region_end=141950; region_len=121; strand=+; call_start=141830; call_end=141950	CASBKV010000012.1	141830	141950	141830	141950
ACH	cen|CASBKV010000005.1|352167	centromere	CASBKV010000005.1	352167	352284	118	0.8813559322033898	True	84	intact_called	target=CASBKV010000005.1; region_start=352167; region_end=352284; region_len=118; strand=+; call_start=352167; call_end=352284	CASBKV010000005.1	352167	352284	352167	352284
ACH	cen|CASBKV010000014.1|651121	centromere	CASBKV010000014.1	651121	651237	117	0.8461538461538461	True	83	intact_called	target=CASBKV010000014.1; region_start=651121; region_end=651237; region_len=117; strand=+; call_start=651121; call_end=651237	CASBKV010000014.1	651121	651237	651121	651237
ACH	cen|CASBKV010000016.1|549860	centromere	CASBKV010000016.1	549860	549977	118	0.8813559322033898	True	84	intact_called	target=CASBKV010000016.1; region_start=549860; region_end=549977; region_len=118; strand=+; call_start=549860; call_end=549977	CASBKV010000016.1	549860	549977	549860	549977
ACH	cen|CASBKV010000009.1|95638	centromere	CASBKV010000009.1	95638	95756	119	0.8739495798319328	True	85	intact_called	target=CASBKV010000009.1; region_start=95638; region_end=95756; region_len=119; strand=+; call_start=95638; call_end=95756	CASBKV010000009.1	95638	95756	95638	95756
ACH	cen|CASBKV010000006.1|158085	centromere	CASBKV010000006.1	158085	158203	119	0.8571428571428571	True	85	intact_called	target=CASBKV010000006.1; region_start=158085; region_end=158203; region_len=119; strand=+; call_start=158085; call_end=158203	CASBKV010000006.1	158085	158203	158085	158203
ACH	cen|CASBKV010000008.1|493870	centromere	CASBKV010000008.1	493870	493988	119	0.8403361344537815	True	85	intact_called	target=CASBKV010000008.1; region_start=493870; region_end=493988; region_len=119; strand=+; call_start=493870; call_end=493988	CASBKV010000008.1	493870	493988	493870	493988
ACH	cen|CASBKV010000007.1|129866	centromere	CASBKV010000007.1	129866	129984	119	0.8487394957983193	True	85	intact_called	target=CASBKV010000007.1; region_start=129866; region_end=129984; region_len=119; strand=+; call_start=129866; call_end=129984	CASBKV010000007.1	129866	129984	129866	129984
ACH	cen|CASBKV010000003.1|121187	centromere	CASBKV010000003.1	121187	121304	118	0.864406779661017	True	84	intact_called	target=CASBKV010000003.1; region_start=121187; region_end=121304; region_len=118; strand=+; call_start=121187; call_end=121304	CASBKV010000003.1	121187	121304	121187	121304
ACH	cen|CASBKV010000002.1|242217	centromere	CASBKV010000002.1	242217	242334	118	0.8728813559322034	True	84	intact_called	target=CASBKV010000002.1; region_start=242217; region_end=242334; region_len=118; strand=+; call_start=242217; call_end=242334	CASBKV010000002.1	242217	242334	242217	242334
ACH	cen|CASBKV010000015.1|331106	centromere	CASBKV010000015.1	331106	331225	120	0.85	True	86	intact_called	target=CASBKV010000015.1; region_start=331106; region_end=331225; region_len=120; strand=+; call_start=331106; call_end=331225	CASBKV010000015.1	331106	331225	331106	331225
ACH	cen|CASBKV010000004.1|459692	centromere	CASBKV010000004.1	459692	459811	120	0.85	True	86	intact_called	target=CASBKV010000004.1; region_start=459692; region_end=459811; region_len=120; strand=+; call_start=459692; call_end=459811	CASBKV010000004.1	459692	459811	459692	459811
ACH	cen|CASBKV010000001.1|152711	centromere	CASBKV010000001.1	152711	152829	119	0.8403361344537815	True	85	intact_called	target=CASBKV010000001.1; region_start=152711; region_end=152829; region_len=119; strand=+; call_start=152711; call_end=152829	CASBKV010000001.1	152711	152829	152711	152829
ACH	cen|CASBKV010000013.1|251564	centromere	CASBKV010000013.1	251564	251683	120	0.7833333333333333	True	86	intact_called	target=CASBKV010000013.1; region_start=251564; region_end=251683; region_len=120; strand=+; call_start=251564; call_end=251683	CASBKV010000013.1	251564	251683	251564	251683
ADE	cen|CASBKC010000012.1|144686	centromere	CASBKC010000012.1	144686	144806	121	0.8842975206611571	True	87	intact_called	target=CASBKC010000012.1; region_start=144686; region_end=144806; region_len=121; strand=+; call_start=144686; call_end=144806	CASBKC010000012.1	144686	144806	144686	144806
ADE	cen|CASBKC010000002.1|227087	centromere	CASBKC010000002.1	227087	227204	118	0.8983050847457628	True	84	intact_called	target=CASBKC010000002.1; region_start=227087; region_end=227204; region_len=118; strand=+; call_start=227087; call_end=227204	CASBKC010000002.1	227087	227204	227087	227204
ADE	cen|CASBKC010000005.1|345696	centromere	CASBKC010000005.1	345696	345814	119	0.8823529411764706	True	85	intact_called	target=CASBKC010000005.1; region_start=345696; region_end=345814; region_len=119; strand=+; call_start=345696; call_end=345814	CASBKC010000005.1	345696	345814	345696	345814
ADE	cen|CASBKC010000010.1|425773	centromere	CASBKC010000010.1	425773	425889	117	0.8547008547008547	True	83	intact_called	target=CASBKC010000010.1; region_start=425773; region_end=425889; region_len=117; strand=+; call_start=425773; call_end=425889	CASBKC010000010.1	425773	425889	425773	425889
ADE	cen|CASBKC010000004.1|449541	centromere	CASBKC010000004.1	449541	449659	119	0.865546218487395	True	85	intact_called	target=CASBKC010000004.1; region_start=449541; region_end=449659; region_len=119; strand=+; call_start=449541; call_end=449659	CASBKC010000004.1	449541	449659	449541	449659
ADE	cen|CASBKC010000014.1|605764	centromere	CASBKC010000014.1	605764	605882	119	0.8403361344537815	True	85	intact_called	target=CASBKC010000014.1; region_start=605764; region_end=605882; region_len=119; strand=+; call_start=605764; call_end=605882	CASBKC010000014.1	605764	605882	605764	605882
ADE	cen|CASBKC010000008.1|489390	centromere	CASBKC010000008.1	489390	489511	122	0.8442622950819673	True	88	intact_called	target=CASBKC010000008.1; region_start=489390; region_end=489511; region_len=122; strand=+; call_start=489390; call_end=489511	CASBKC010000008.1	489390	489511	489390	489511
ADE	cen|CASBKC010000016.1|538974	centromere	CASBKC010000016.1	538974	539091	118	0.8728813559322034	True	84	intact_called	target=CASBKC010000016.1; region_start=538974; region_end=539091; region_len=118; strand=+; call_start=538974; call_end=539091	CASBKC010000016.1	538974	539091	538974	539091
ADE	cen|CASBKC010000011.1|441453	centromere	CASBKC010000011.1	441453	441572	120	0.85	True	86	intact_called	target=CASBKC010000011.1; region_start=441453; region_end=441572; region_len=120; strand=+; call_start=441453; call_end=441572	CASBKC010000011.1	441453	441572	441453	441572
ADE	cen|CASBKC010000007.1|161328	centromere	CASBKC010000007.1	161328	161446	119	0.8403361344537815	True	85	intact_called	target=CASBKC010000007.1; region_start=161328; region_end=161446; region_len=119; strand=+; call_start=161328; call_end=161446	CASBKC010000007.1	161328	161446	161328	161446
ADE	cen|CASBKC010000006.1|146154	centromere	CASBKC010000006.1	146154	146272	119	0.8403361344537815	True	85	intact_called	target=CASBKC010000006.1; region_start=146154; region_end=146272; region_len=119; strand=+; call_start=146154; call_end=146272	CASBKC010000006.1	146154	146272	146154	146272
ADE	cen|CASBKC010000003.1|106097	centromere	CASBKC010000003.1	106097	106214	118	0.847457627118644	True	84	intact_called	target=CASBKC010000003.1; region_start=106097; region_end=106214; region_len=118; strand=+; call_start=106097; call_end=106214	CASBKC010000003.1	106097	106214	106097	106214
ADE	cen|CASBKC010000015.1|309711	centromere	CASBKC010000015.1	309711	309828	118	0.8389830508474576	True	84	intact_called	target=CASBKC010000015.1; region_start=309711; region_end=309828; region_len=118; strand=+; call_start=309711; call_end=309828	CASBKC010000015.1	309711	309828	309711	309828
ADE	cen|CASBKC010000009.1|95615	centromere	CASBKC010000009.1	95615	95733	119	0.8403361344537815	True	85	intact_called	target=CASBKC010000009.1; region_start=95615; region_end=95733; region_len=119; strand=+; call_start=95615; call_end=95733	CASBKC010000009.1	95615	95733	95615	95733
ADE	cen|CASBKC010000001.1|144782	centromere	CASBKC010000001.1	144782	144900	119	0.8403361344537815	True	85	intact_called	target=CASBKC010000001.1; region_start=144782; region_end=144900; region_len=119; strand=+; call_start=144782; call_end=144900	CASBKC010000001.1	144782	144900	144782	144900
ADE	cen|CASBKC010000013.1|251246	centromere	CASBKC010000013.1	251246	251362	117	0.8034188034188035	True	83	intact_called	target=CASBKC010000013.1; region_start=251246; region_end=251362; region_len=117; strand=+; call_start=251246; call_end=251362	CASBKC010000013.1	251246	251362	251246	251362
ADI	cen|CASBLI010000011.1|446067	centromere	CASBLI010000011.1	446067	446185	119	0.865546218487395	True	85	intact_called	target=CASBLI010000011.1; region_start=446067; region_end=446185; region_len=119; strand=+; call_start=446067; call_end=446185	CASBLI010000011.1	446067	446185	446067	446185
ADI	cen|CASBLI010000012.1|263404	centromere	CASBLI010000012.1	263404	263524	121	0.8760330578512396	True	87	intact_called	target=CASBLI010000012.1; region_start=263404; region_end=263524; region_len=121; strand=+; call_start=263404; call_end=263524	CASBLI010000012.1	263404	263524	263404	263524
ADI	cen|CASBLI010000010.1|457481	centromere	CASBLI010000010.1	457481	457598	118	0.8559322033898306	True	84	intact_called	target=CASBLI010000010.1; region_start=457481; region_end=457598; region_len=118; strand=+; call_start=457481; call_end=457598	CASBLI010000010.1	457481	457598	457481	457598
ADI	cen|CASBLI010000014.1|611863	centromere	CASBLI010000014.1	611863	611981	119	0.8487394957983193	True	85	intact_called	target=CASBLI010000014.1; region_start=611863; region_end=611981; region_len=119; strand=+; call_start=611863; call_end=611981	CASBLI010000014.1	611863	611981	611863	611981
ADI	cen|CASBLI010000005.1|396431	centromere	CASBLI010000005.1	396431	396548	118	0.8813559322033898	True	84	intact_called	target=CASBLI010000005.1; region_start=396431; region_end=396548; region_len=118; strand=+; call_start=396431; call_end=396548	CASBLI010000005.1	396431	396548	396431	396548
ADI	cen|CASBLI010000016.1|206295	centromere	CASBLI010000016.1	206295	206412	118	0.8813559322033898	True	84	intact_called	target=CASBLI010000016.1; region_start=206295; region_end=206412; region_len=118; strand=+; call_start=206295; call_end=206412	CASBLI010000016.1	206295	206412	206295	206412
ADI	cen|CASBLI010000006.1|190171	centromere	CASBLI010000006.1	190171	190289	119	0.8571428571428571	True	85	intact_called	target=CASBLI010000006.1; region_start=190171; region_end=190289; region_len=119; strand=+; call_start=190171; call_end=190289	CASBLI010000006.1	190171	190289	190171	190289
ADI	cen|CASBLI010000009.1|464871	centromere	CASBLI010000009.1	464871	464989	119	0.865546218487395	True	85	intact_called	target=CASBLI010000009.1; region_start=464871; region_end=464989; region_len=119; strand=+; call_start=464871; call_end=464989	CASBLI010000009.1	464871	464989	464871	464989
ADI	cen|CASBLI010000007.1|154635	centromere	CASBLI010000007.1	154635	154753	119	0.8487394957983193	True	85	intact_called	target=CASBLI010000007.1; region_start=154635; region_end=154753; region_len=119; strand=+; call_start=154635; call_end=154753	CASBLI010000007.1	154635	154753	154635	154753
ADI	cen|CASBLI010000003.1|114992	centromere	CASBLI010000003.1	114992	115109	118	0.864406779661017	True	84	intact_called	target=CASBLI010000003.1; region_start=114992; region_end=115109; region_len=118; strand=+; call_start=114992; call_end=115109	CASBLI010000003.1	114992	115109	114992	115109
ADI	cen|CASBLI010000002.1|220758	centromere	CASBLI010000002.1	220758	220875	118	0.8728813559322034	True	84	intact_called	target=CASBLI010000002.1; region_start=220758; region_end=220875; region_len=118; strand=+; call_start=220758; call_end=220875	CASBLI010000002.1	220758	220875	220758	220875
ADI	cen|CASBLI010000008.1|521434	centromere	CASBLI010000008.1	521434	521555	122	0.8360655737704918	True	88	intact_called	target=CASBLI010000008.1; region_start=521434; region_end=521555; region_len=122; strand=+; call_start=521434; call_end=521555	CASBLI010000008.1	521434	521555	521434	521555
ADI	cen|CASBLI010000015.1|351300	centromere	CASBLI010000015.1	351300	351419	120	0.85	True	86	intact_called	target=CASBLI010000015.1; region_start=351300; region_end=351419; region_len=120; strand=+; call_start=351300; call_end=351419	CASBLI010000015.1	351300	351419	351300	351419
ADI	cen|CASBLI010000004.1|506481	centromere	CASBLI010000004.1	506481	506600	120	0.8416666666666667	True	86	intact_called	target=CASBLI010000004.1; region_start=506481; region_end=506600; region_len=120; strand=+; call_start=506481; call_end=506600	CASBLI010000004.1	506481	506600	506481	506600
ADI	cen|CASBLI010000001.1|166814	centromere	CASBLI010000001.1	166814	166932	119	0.8403361344537815	True	85	intact_called	target=CASBLI010000001.1; region_start=166814; region_end=166932; region_len=119; strand=+; call_start=166814; call_end=166932	CASBLI010000001.1	166814	166932	166814	166932
ADI	cen|CASBLI010000013.1|302756	centromere	CASBLI010000013.1	302756	302873	118	0.8050847457627118	True	84	intact_called	target=CASBLI010000013.1; region_start=302756; region_end=302873; region_len=118; strand=+; call_start=302756; call_end=302873	CASBLI010000013.1	302756	302873	302756	302873
ADM	cen|CASBLG010000008.1|498661	centromere	CASBLG010000008.1	498661	498782	122	0.860655737704918	True	88	intact_called	target=CASBLG010000008.1; region_start=498661; region_end=498782; region_len=122; strand=+; call_start=498661; call_end=498782	CASBLG010000008.1	498661	498782	498661	498782
ADM	cen|CASBLG010000010.1|418021	centromere	CASBLG010000010.1	418021	418140	120	0.8666666666666667	True	86	intact_called	target=CASBLG010000010.1; region_start=418021; region_end=418140; region_len=120; strand=+; call_start=418021; call_end=418140	CASBLG010000010.1	418021	418140	418021	418140
ADM	cen|CASBLG010000007.1|124905	centromere	CASBLG010000007.1	124905	125020	116	0.853448275862069	True	82	intact_called	target=CASBLG010000007.1; region_start=124905; region_end=125020; region_len=116; strand=+; call_start=124905; call_end=125020	CASBLG010000007.1	124905	125020	124905	125020
ADM	cen|CASBLG010000012.1|140520	centromere	CASBLG010000012.1	140520	140640	121	0.8677685950413223	True	87	intact_called	target=CASBLG010000012.1; region_start=140520; region_end=140640; region_len=121; strand=+; call_start=140520; call_end=140640	CASBLG010000012.1	140520	140640	140520	140640
ADM	cen|CASBLG010000011.1|474469	centromere	CASBLG010000011.1	474469	474585	117	0.8547008547008547	True	83	intact_called	target=CASBLG010000011.1; region_start=474469; region_end=474585; region_len=117; strand=+; call_start=474469; call_end=474585	CASBLG010000011.1	474469	474585	474469	474585
ADM	cen|CASBLG010000005.1|363293	centromere	CASBLG010000005.1	363293	363410	118	0.8728813559322034	True	84	intact_called	target=CASBLG010000005.1; region_start=363293; region_end=363410; region_len=118; strand=+; call_start=363293; call_end=363410	CASBLG010000005.1	363293	363410	363293	363410
ADM	cen|CASBLG010000002.1|221425	centromere	CASBLG010000002.1	221425	221542	118	0.864406779661017	True	84	intact_called	target=CASBLG010000002.1; region_start=221425; region_end=221542; region_len=118; strand=+; call_start=221425; call_end=221542	CASBLG010000002.1	221425	221542	221425	221542
ADM	cen|CASBLG010000006.1|157760	centromere	CASBLG010000006.1	157760	157878	119	0.8403361344537815	True	85	intact_called	target=CASBLG010000006.1; region_start=157760; region_end=157878; region_len=119; strand=+; call_start=157760; call_end=157878	CASBLG010000006.1	157760	157878	157760	157878
ADM	cen|CASBLG010000001.1|136915	centromere	CASBLG010000001.1	136915	137033	119	0.8487394957983193	True	85	intact_called	target=CASBLG010000001.1; region_start=136915; region_end=137033; region_len=119; strand=+; call_start=136915; call_end=137033	CASBLG010000001.1	136915	137033	136915	137033
ADM	cen|CASBLG010000016.1|529693	centromere	CASBLG010000016.1	529693	529810	118	0.864406779661017	True	84	intact_called	target=CASBLG010000016.1; region_start=529693; region_end=529810; region_len=118; strand=+; call_start=529693; call_end=529810	CASBLG010000016.1	529693	529810	529693	529810
ADM	cen|CASBLG010000014.1|619880	centromere	CASBLG010000014.1	619880	619999	120	0.825	True	86	intact_called	target=CASBLG010000014.1; region_start=619880; region_end=619999; region_len=120; strand=+; call_start=619880; call_end=619999	CASBLG010000014.1	619880	619999	619880	619999
ADM	cen|CASBLG010000003.1|100838	centromere	CASBLG010000003.1	100838	100955	118	0.8559322033898306	True	84	intact_called	target=CASBLG010000003.1; region_start=100838; region_end=100955; region_len=118; strand=+; call_start=100838; call_end=100955	CASBLG010000003.1	100838	100955	100838	100955
ADM	cen|CASBLG010000015.1|328108	centromere	CASBLG010000015.1	328108	328226	119	0.8403361344537815	True	85	intact_called	target=CASBLG010000015.1; region_start=328108; region_end=328226; region_len=119; strand=+; call_start=328108; call_end=328226	CASBLG010000015.1	328108	328226	328108	328226
ADM	cen|CASBLG010000009.1|101677	centromere	CASBLG010000009.1	101677	101791	115	0.8347826086956521	True	81	intact_called	target=CASBLG010000009.1; region_start=101677; region_end=101791; region_len=115; strand=+; call_start=101677; call_end=101791	CASBLG010000009.1	101677	101791	101677	101791
ADM	cen|CASBLG010000004.1|459992	centromere	CASBLG010000004.1	459992	460111	120	0.825	True	86	intact_called	target=CASBLG010000004.1; region_start=459992; region_end=460111; region_len=120; strand=+; call_start=459992; call_end=460111	CASBLG010000004.1	459992	460111	459992	460111
ADM	cen|CASBLG010000013.1|250652	centromere	CASBLG010000013.1	250652	250766	115	0.8	True	81	intact_called	target=CASBLG010000013.1; region_start=250652; region_end=250766; region_len=115; strand=+; call_start=250652; call_end=250766	CASBLG010000013.1	250652	250766	250652	250766
ADQ	cen|CASBKD010000007.1|137833	centromere	CASBKD010000007.1	137833	137948	116	0.8706896551724138	True	82	intact_called	target=CASBKD010000007.1; region_start=137833; region_end=137948; region_len=116; strand=+; call_start=137833; call_end=137948	CASBKD010000007.1	137833	137948	137833	137948
ADQ	cen|CASBKD010000010.1|412237	centromere	CASBKD010000010.1	412237	412356	120	0.8666666666666667	True	86	intact_called	target=CASBKD010000010.1; region_start=412237; region_end=412356; region_len=120; strand=+; call_start=412237; call_end=412356	CASBKD010000010.1	412237	412356	412237	412356
ADQ	cen|CASBKD010000006.1|145231	centromere	CASBKD010000006.1	145231	145349	119	0.865546218487395	True	85	intact_called	target=CASBKD010000006.1; region_start=145231; region_end=145349; region_len=119; strand=+; call_start=145231; call_end=145349	CASBKD010000006.1	145231	145349	145231	145349
ADQ	cen|CASBKD010000012.1|140048	centromere	CASBKD010000012.1	140048	140168	121	0.8760330578512396	True	87	intact_called	target=CASBKD010000012.1; region_start=140048; region_end=140168; region_len=121; strand=+; call_start=140048; call_end=140168	CASBKD010000012.1	140048	140168	140048	140168
ADQ	cen|CASBKD010000005.1|352645	centromere	CASBKD010000005.1	352645	352762	118	0.8813559322033898	True	84	intact_called	target=CASBKD010000005.1; region_start=352645; region_end=352762; region_len=118; strand=+; call_start=352645; call_end=352762	CASBKD010000005.1	352645	352762	352645	352762
ADQ	cen|CASBKD010000002.1|236543	centromere	CASBKD010000002.1	236543	236660	118	0.8813559322033898	True	84	intact_called	target=CASBKD010000002.1; region_start=236543; region_end=236660; region_len=118; strand=+; call_start=236543; call_end=236660	CASBKD010000002.1	236543	236660	236543	236660
ADQ	cen|CASBKD010000008.1|504060	centromere	CASBKD010000008.1	504060	504180	121	0.8512396694214877	True	87	intact_called	target=CASBKD010000008.1; region_start=504060; region_end=504180; region_len=121; strand=+; call_start=504060; call_end=504180	CASBKD010000008.1	504060	504180	504060	504180
ADQ	cen|CASBKD010000011.1|432669	centromere	CASBKD010000011.1	432669	432787	119	0.8571428571428571	True	85	intact_called	target=CASBKD010000011.1; region_start=432669; region_end=432787; region_len=119; strand=+; call_start=432669; call_end=432787	CASBKD010000011.1	432669	432787	432669	432787
ADQ	cen|CASBKD010000001.1|143582	centromere	CASBKD010000001.1	143582	143700	119	0.8571428571428571	True	85	intact_called	target=CASBKD010000001.1; region_start=143582; region_end=143700; region_len=119; strand=+; call_start=143582; call_end=143700	CASBKD010000001.1	143582	143700	143582	143700
ADQ	cen|CASBKD010000016.1|535824	centromere	CASBKD010000016.1	535824	535943	120	0.8666666666666667	True	86	intact_called	target=CASBKD010000016.1; region_start=535824; region_end=535943; region_len=120; strand=+; call_start=535824; call_end=535943	CASBKD010000016.1	535824	535943	535824	535943
ADQ	cen|CASBKD010000014.1|615994	centromere	CASBKD010000014.1	615994	616113	120	0.825	True	86	intact_called	target=CASBKD010000014.1; region_start=615994; region_end=616113; region_len=120; strand=+; call_start=615994; call_end=616113	CASBKD010000014.1	615994	616113	615994	616113
ADQ	cen|CASBKD010000003.1|105894	centromere	CASBKD010000003.1	105894	106011	118	0.847457627118644	True	84	intact_called	target=CASBKD010000003.1; region_start=105894; region_end=106011; region_len=118; strand=+; call_start=105894; call_end=106011	CASBKD010000003.1	105894	106011	105894	106011
ADQ	cen|CASBKD010000015.1|317365	centromere	CASBKD010000015.1	317365	317484	120	0.8416666666666667	True	86	intact_called	target=CASBKD010000015.1; region_start=317365; region_end=317484; region_len=120; strand=+; call_start=317365; call_end=317484	CASBKD010000015.1	317365	317484	317365	317484
ADQ	cen|CASBKD010000009.1|94573	centromere	CASBKD010000009.1	94573	94691	119	0.8403361344537815	True	85	intact_called	target=CASBKD010000009.1; region_start=94573; region_end=94691; region_len=119; strand=+; call_start=94573; call_end=94691	CASBKD010000009.1	94573	94691	94573	94691
ADQ	cen|CASBKD010000004.1|447927	centromere	CASBKD010000004.1	447927	448046	120	0.8333333333333334	True	86	intact_called	target=CASBKD010000004.1; region_start=447927; region_end=448046; region_len=120; strand=+; call_start=447927; call_end=448046	CASBKD010000004.1	447927	448046	447927	448046
ADQ	cen|CASBKD010000013.1|250262	centromere	CASBKD010000013.1	250262	250381	120	0.7916666666666666	True	86	intact_called	target=CASBKD010000013.1; region_start=250262; region_end=250381; region_len=120; strand=+; call_start=250262; call_end=250381	CASBKD010000013.1	250262	250381	250262	250381
ADS	cen|CASBKA010000005.1|333575	centromere	CASBKA010000005.1	333575	333692	118	0.8898305084745762	True	84	intact_called	target=CASBKA010000005.1; region_start=333575; region_end=333692; region_len=118; strand=+; call_start=333575; call_end=333692	CASBKA010000005.1	333575	333692	333575	333692
ADS	cen|CASBKA010000010.1|430666	centromere	CASBKA010000010.1	430666	430783	118	0.864406779661017	True	84	intact_called	target=CASBKA010000010.1; region_start=430666; region_end=430783; region_len=118; strand=+; call_start=430666; call_end=430783	CASBKA010000010.1	430666	430783	430666	430783
ADS	cen|CASBKA010000011.1|440019	centromere	CASBKA010000011.1	440019	440137	119	0.865546218487395	True	85	intact_called	target=CASBKA010000011.1; region_start=440019; region_end=440137; region_len=119; strand=+; call_start=440019; call_end=440137	CASBKA010000011.1	440019	440137	440019	440137
ADS	cen|CASBKA010000012.1|136041	centromere	CASBKA010000012.1	136041	136161	121	0.8760330578512396	True	87	intact_called	target=CASBKA010000012.1; region_start=136041; region_end=136161; region_len=121; strand=+; call_start=136041; call_end=136161	CASBKA010000012.1	136041	136161	136041	136161
ADS	cen|CASBKA010000014.1|608912	centromere	CASBKA010000014.1	608912	609029	118	0.847457627118644	True	84	intact_called	target=CASBKA010000014.1; region_start=608912; region_end=609029; region_len=118; strand=+; call_start=608912; call_end=609029	CASBKA010000014.1	608912	609029	608912	609029
ADS	cen|CASBKA010000016.1|549509	centromere	CASBKA010000016.1	549509	549626	118	0.8813559322033898	True	84	intact_called	target=CASBKA010000016.1; region_start=549509; region_end=549626; region_len=118; strand=+; call_start=549509; call_end=549626	CASBKA010000016.1	549509	549626	549509	549626
ADS	cen|CASBKA010000008.1|495335	centromere	CASBKA010000008.1	495335	495456	122	0.8442622950819673	True	88	intact_called	target=CASBKA010000008.1; region_start=495335; region_end=495456; region_len=122; strand=+; call_start=495335; call_end=495456	CASBKA010000008.1	495335	495456	495335	495456
ADS	cen|CASBKA010000009.1|94477	centromere	CASBKA010000009.1	94477	94595	119	0.865546218487395	True	85	intact_called	target=CASBKA010000009.1; region_start=94477; region_end=94595; region_len=119; strand=+; call_start=94477; call_end=94595	CASBKA010000009.1	94477	94595	94477	94595
ADS	cen|CASBKA010000003.1|113844	centromere	CASBKA010000003.1	113844	113961	118	0.864406779661017	True	84	intact_called	target=CASBKA010000003.1; region_start=113844; region_end=113961; region_len=118; strand=+; call_start=113844; call_end=113961	CASBKA010000003.1	113844	113961	113844	113961
ADS	cen|CASBKA010000002.1|219559	centromere	CASBKA010000002.1	219559	219676	118	0.8728813559322034	True	84	intact_called	target=CASBKA010000002.1; region_start=219559; region_end=219676; region_len=118; strand=+; call_start=219559; call_end=219676	CASBKA010000002.1	219559	219676	219559	219676
ADS	cen|CASBKA010000006.1|151395	centromere	CASBKA010000006.1	151395	151513	119	0.8487394957983193	True	85	intact_called	target=CASBKA010000006.1; region_start=151395; region_end=151513; region_len=119; strand=+; call_start=151395; call_end=151513	CASBKA010000006.1	151395	151513	151395	151513
ADS	cen|CASBKA010000007.1|119919	centromere	CASBKA010000007.1	119919	120033	115	0.8347826086956521	True	81	intact_called	target=CASBKA010000007.1; region_start=119919; region_end=120033; region_len=115; strand=+; call_start=119919; call_end=120033	CASBKA010000007.1	119919	120033	119919	120033
ADS	cen|CASBKA010000015.1|311207	centromere	CASBKA010000015.1	311207	311326	120	0.85	True	86	intact_called	target=CASBKA010000015.1; region_start=311207; region_end=311326; region_len=120; strand=+; call_start=311207; call_end=311326	CASBKA010000015.1	311207	311326	311207	311326
ADS	cen|CASBKA010000004.1|449191	centromere	CASBKA010000004.1	449191	449310	120	0.85	True	86	intact_called	target=CASBKA010000004.1; region_start=449191; region_end=449310; region_len=120; strand=+; call_start=449191; call_end=449310	CASBKA010000004.1	449191	449310	449191	449310
ADS	cen|CASBKA010000001.1|135239	centromere	CASBKA010000001.1	135239	135357	119	0.8403361344537815	True	85	intact_called	target=CASBKA010000001.1; region_start=135239; region_end=135357; region_len=119; strand=+; call_start=135239; call_end=135357	CASBKA010000001.1	135239	135357	135239	135357
ADS	cen|CASBKA010000013.1|256626	centromere	CASBKA010000013.1	256626	256743	118	0.8050847457627118	True	84	intact_called	target=CASBKA010000013.1; region_start=256626; region_end=256743; region_len=118; strand=+; call_start=256626; call_end=256743	CASBKA010000013.1	256626	256743	256626	256743
AEG	cen|CASBKU010000010.1|435410	centromere	CASBKU010000010.1	435410	435527	118	0.864406779661017	True	84	intact_called	target=CASBKU010000010.1; region_start=435410; region_end=435527; region_len=118; strand=+; call_start=435410; call_end=435527	CASBKU010000010.1	435410	435527	435410	435527
AEG	cen|CASBKU010000011.1|439944	centromere	CASBKU010000011.1	439944	440062	119	0.865546218487395	True	85	intact_called	target=CASBKU010000011.1; region_start=439944; region_end=440062; region_len=119; strand=+; call_start=439944; call_end=440062	CASBKU010000011.1	439944	440062	439944	440062
AEG	cen|CASBKU010000012.1|144524	centromere	CASBKU010000012.1	144524	144644	121	0.8760330578512396	True	87	intact_called	target=CASBKU010000012.1; region_start=144524; region_end=144644; region_len=121; strand=+; call_start=144524; call_end=144644	CASBKU010000012.1	144524	144644	144524	144644
AEG	cen|CASBKU010000008.1|494836	centromere	CASBKU010000008.1	494836	494957	122	0.8524590163934426	True	88	intact_called	target=CASBKU010000008.1; region_start=494836; region_end=494957; region_len=122; strand=+; call_start=494836; call_end=494957	CASBKU010000008.1	494836	494957	494836	494957
AEG	cen|CASBKU010000014.1|617527	centromere	CASBKU010000014.1	617527	617645	119	0.8487394957983193	True	85	intact_called	target=CASBKU010000014.1; region_start=617527; region_end=617645; region_len=119; strand=+; call_start=617527; call_end=617645	CASBKU010000014.1	617527	617645	617527	617645
AEG	cen|CASBKU010000005.1|366128	centromere	CASBKU010000005.1	366128	366245	118	0.8813559322033898	True	84	intact_called	target=CASBKU010000005.1; region_start=366128; region_end=366245; region_len=118; strand=+; call_start=366128; call_end=366245	CASBKU010000005.1	366128	366245	366128	366245
AEG	cen|CASBKU010000016.1|550998	centromere	CASBKU010000016.1	550998	551115	118	0.8813559322033898	True	84	intact_called	target=CASBKU010000016.1; region_start=550998; region_end=551115; region_len=118; strand=+; call_start=550998; call_end=551115	CASBKU010000016.1	550998	551115	550998	551115
AEG	cen|CASBKU010000003.1|107851	centromere	CASBKU010000003.1	107851	107968	118	0.8728813559322034	True	84	intact_called	target=CASBKU010000003.1; region_start=107851; region_end=107968; region_len=118; strand=+; call_start=107851; call_end=107968	CASBKU010000003.1	107851	107968	107851	107968
AEG	cen|CASBKU010000007.1|129608	centromere	CASBKU010000007.1	129608	129726	119	0.8487394957983193	True	85	intact_called	target=CASBKU010000007.1; region_start=129608; region_end=129726; region_len=119; strand=+; call_start=129608; call_end=129726	CASBKU010000007.1	129608	129726	129608	129726
AEG	cen|CASBKU010000006.1|168217	centromere	CASBKU010000006.1	168217	168335	119	0.8487394957983193	True	85	intact_called	target=CASBKU010000006.1; region_start=168217; region_end=168335; region_len=119; strand=+; call_start=168217; call_end=168335	CASBKU010000006.1	168217	168335	168217	168335
AEG	cen|CASBKU010000002.1|254686	centromere	CASBKU010000002.1	254686	254803	118	0.864406779661017	True	84	intact_called	target=CASBKU010000002.1; region_start=254686; region_end=254803; region_len=118; strand=+; call_start=254686; call_end=254803	CASBKU010000002.1	254686	254803	254686	254803
AEG	cen|CASBKU010000001.1|135261	centromere	CASBKU010000001.1	135261	135379	119	0.8487394957983193	True	85	intact_called	target=CASBKU010000001.1; region_start=135261; region_end=135379; region_len=119; strand=+; call_start=135261; call_end=135379	CASBKU010000001.1	135261	135379	135261	135379
AEG	cen|CASBKU010000015.1|311409	centromere	CASBKU010000015.1	311409	311528	120	0.85	True	86	intact_called	target=CASBKU010000015.1; region_start=311409; region_end=311528; region_len=120; strand=+; call_start=311409; call_end=311528	CASBKU010000015.1	311409	311528	311409	311528
AEG	cen|CASBKU010000004.1|460768	centromere	CASBKU010000004.1	460768	460887	120	0.85	True	86	intact_called	target=CASBKU010000004.1; region_start=460768; region_end=460887; region_len=120; strand=+; call_start=460768; call_end=460887	CASBKU010000004.1	460768	460887	460768	460887
AEG	cen|CASBKU010000009.1|100098	centromere	CASBKU010000009.1	100098	100216	119	0.8319327731092437	True	85	intact_called	target=CASBKU010000009.1; region_start=100098; region_end=100216; region_len=119; strand=+; call_start=100098; call_end=100216	CASBKU010000009.1	100098	100216	100098	100216
AEG	cen|CASBKU010000013.1|250853	centromere	CASBKU010000013.1	250853	250972	120	0.7833333333333333	True	86	intact_called	target=CASBKU010000013.1; region_start=250853; region_end=250972; region_len=120; strand=+; call_start=250853; call_end=250972	CASBKU010000013.1	250853	250972	250853	250972
AEH	cen|CASBKS010000012.1|144397	centromere	CASBKS010000012.1	144397	144517	121	0.8842975206611571	True	87	intact_called	target=CASBKS010000012.1; region_start=144397; region_end=144517; region_len=121; strand=+; call_start=144397; call_end=144517	CASBKS010000012.1	144397	144517	144397	144517
AEH	cen|CASBKS010000010.1|434861	centromere	CASBKS010000010.1	434861	434978	118	0.864406779661017	True	84	intact_called	target=CASBKS010000010.1; region_start=434861; region_end=434978; region_len=118; strand=+; call_start=434861; call_end=434978	CASBKS010000010.1	434861	434978	434861	434978
AEH	cen|CASBKS010000011.1|463757	centromere	CASBKS010000011.1	463757	463875	119	0.865546218487395	True	85	intact_called	target=CASBKS010000011.1; region_start=463757; region_end=463875; region_len=119; strand=+; call_start=463757; call_end=463875	CASBKS010000011.1	463757	463875	463757	463875
AEH	cen|CASBKS010000008.1|495798	centromere	CASBKS010000008.1	495798	495919	122	0.8524590163934426	True	88	intact_called	target=CASBKS010000008.1; region_start=495798; region_end=495919; region_len=122; strand=+; call_start=495798; call_end=495919	CASBKS010000008.1	495798	495919	495798	495919
AEH	cen|CASBKS010000014.1|638409	centromere	CASBKS010000014.1	638409	638527	119	0.8487394957983193	True	85	intact_called	target=CASBKS010000014.1; region_start=638409; region_end=638527; region_len=119; strand=+; call_start=638409; call_end=638527	CASBKS010000014.1	638409	638527	638409	638527
AEH	cen|CASBKS010000005.1|351404	centromere	CASBKS010000005.1	351404	351521	118	0.8813559322033898	True	84	intact_called	target=CASBKS010000005.1; region_start=351404; region_end=351521; region_len=118; strand=+; call_start=351404; call_end=351521	CASBKS010000005.1	351404	351521	351404	351521
AEH	cen|CASBKS010000015.1|332738	centromere	CASBKS010000015.1	332738	332856	119	0.8571428571428571	True	85	intact_called	target=CASBKS010000015.1; region_start=332738; region_end=332856; region_len=119; strand=+; call_start=332738; call_end=332856	CASBKS010000015.1	332738	332856	332738	332856
AEH	cen|CASBKS010000016.1|547318	centromere	CASBKS010000016.1	547318	547437	120	0.8666666666666667	True	86	intact_called	target=CASBKS010000016.1; region_start=547318; region_end=547437; region_len=120; strand=+; call_start=547318; call_end=547437	CASBKS010000016.1	547318	547437	547318	547437
AEH	cen|CASBKS010000002.1|229792	centromere	CASBKS010000002.1	229792	229909	118	0.864406779661017	True	84	intact_called	target=CASBKS010000002.1; region_start=229792; region_end=229909; region_len=118; strand=+; call_start=229792; call_end=229909	CASBKS010000002.1	229792	229909	229792	229909
AEH	cen|CASBKS010000007.1|181777	centromere	CASBKS010000007.1	181777	181895	119	0.8319327731092437	True	85	intact_called	target=CASBKS010000007.1; region_start=181777; region_end=181895; region_len=119; strand=+; call_start=181777; call_end=181895	CASBKS010000007.1	181777	181895	181777	181895
AEH	cen|CASBKS010000006.1|146171	centromere	CASBKS010000006.1	146171	146289	119	0.8319327731092437	True	85	intact_called	target=CASBKS010000006.1; region_start=146171; region_end=146289; region_len=119; strand=+; call_start=146171; call_end=146289	CASBKS010000006.1	146171	146289	146171	146289
AEH	cen|CASBKS010000003.1|114246	centromere	CASBKS010000003.1	114246	114363	118	0.847457627118644	True	84	intact_called	target=CASBKS010000003.1; region_start=114246; region_end=114363; region_len=118; strand=+; call_start=114246; call_end=114363	CASBKS010000003.1	114246	114363	114246	114363
AEH	cen|CASBKS010000004.1|470198	centromere	CASBKS010000004.1	470198	470317	120	0.8416666666666667	True	86	intact_called	target=CASBKS010000004.1; region_start=470198; region_end=470317; region_len=120; strand=+; call_start=470198; call_end=470317	CASBKS010000004.1	470198	470317	470198	470317
AEH	cen|CASBKS010000001.1|137824	centromere	CASBKS010000001.1	137824	137942	119	0.8403361344537815	True	85	intact_called	target=CASBKS010000001.1; region_start=137824; region_end=137942; region_len=119; strand=+; call_start=137824; call_end=137942	CASBKS010000001.1	137824	137942	137824	137942
AEH	cen|CASBKS010000009.1|94892	centromere	CASBKS010000009.1	94892	95010	119	0.8319327731092437	True	85	intact_called	target=CASBKS010000009.1; region_start=94892; region_end=95010; region_len=119; strand=+; call_start=94892; call_end=95010	CASBKS010000009.1	94892	95010	94892	95010
AEH	cen|CASBKS010000013.1|257245	centromere	CASBKS010000013.1	257245	257362	118	0.8135593220338984	True	84	intact_called	target=CASBKS010000013.1; region_start=257245; region_end=257362; region_len=118; strand=+; call_start=257245; call_end=257362	CASBKS010000013.1	257245	257362	257245	257362
AEL	cen|CASBLE010000007.1|133077	centromere	CASBLE010000007.1	133077	133195	119	0.8739495798319328	True	85	intact_called	target=CASBLE010000007.1; region_start=133077; region_end=133195; region_len=119; strand=+; call_start=133077; call_end=133195	CASBLE010000007.1	133077	133195	133077	133195
AEL	cen|CASBLE010000011.1|456462	centromere	CASBLE010000011.1	456462	456581	120	0.8666666666666667	True	86	intact_called	target=CASBLE010000011.1; region_start=456462; region_end=456581; region_len=120; strand=+; call_start=456462; call_end=456581	CASBLE010000011.1	456462	456581	456462	456581
AEL	cen|CASBLE010000012.1|498983	centromere	CASBLE010000012.1	498983	499101	119	0.865546218487395	True	85	intact_called	target=CASBLE010000012.1; region_start=498983; region_end=499101; region_len=119; strand=+; call_start=498983; call_end=499101	CASBLE010000012.1	498983	499101	498983	499101
AEL	cen|CASBLE010000013.1|162523	centromere	CASBLE010000013.1	162523	162643	121	0.8760330578512396	True	87	intact_called	target=CASBLE010000013.1; region_start=162523; region_end=162643; region_len=121; strand=+; call_start=162523; call_end=162643	CASBLE010000013.1	162523	162643	162523	162643
AEL	cen|CASBLE010000015.1|628606	centromere	CASBLE010000015.1	628606	628723	118	0.847457627118644	True	84	intact_called	target=CASBLE010000015.1; region_start=628606; region_end=628723; region_len=118; strand=+; call_start=628606; call_end=628723	CASBLE010000015.1	628606	628723	628606	628723
AEL	cen|CASBLE010000005.1|354534	centromere	CASBLE010000005.1	354534	354651	118	0.8728813559322034	True	84	intact_called	target=CASBLE010000005.1; region_start=354534; region_end=354651; region_len=118; strand=+; call_start=354534; call_end=354651	CASBLE010000005.1	354534	354651	354534	354651
AEL	cen|CASBLE010000006.1|157693	centromere	CASBLE010000006.1	157693	157811	119	0.8487394957983193	True	85	intact_called	target=CASBLE010000006.1; region_start=157693; region_end=157811; region_len=119; strand=+; call_start=157693; call_end=157811	CASBLE010000006.1	157693	157811	157693	157811
AEL	cen|CASBLE010000003.1|101905	centromere	CASBLE010000003.1	101905	102022	118	0.864406779661017	True	84	intact_called	target=CASBLE010000003.1; region_start=101905; region_end=102022; region_len=118; strand=+; call_start=101905; call_end=102022	CASBLE010000003.1	101905	102022	101905	102022
AEL	cen|CASBLE010000008.1|519625	centromere	CASBLE010000008.1	519625	519746	122	0.8278688524590164	True	88	intact_called	target=CASBLE010000008.1; region_start=519625; region_end=519746; region_len=122; strand=+; call_start=519625; call_end=519746	CASBLE010000008.1	519625	519746	519625	519746
AEL	cen|CASBLE010000017.1|546660	centromere	CASBLE010000017.1	546660	546779	120	0.8666666666666667	True	86	intact_called	target=CASBLE010000017.1; region_start=546660; region_end=546779; region_len=120; strand=+; call_start=546660; call_end=546779	CASBLE010000017.1	546660	546779	546660	546779
AEL	cen|CASBLE010000016.1|317810	centromere	CASBLE010000016.1	317810	317931	122	0.8524590163934426	True	88	intact_called	target=CASBLE010000016.1; region_start=317810; region_end=317931; region_len=122; strand=+; call_start=317810; call_end=317931	CASBLE010000016.1	317810	317931	317810	317931
AEL	cen|CASBLE010000002.1|231616	centromere	CASBLE010000002.1	231616	231733	118	0.8559322033898306	True	84	intact_called	target=CASBLE010000002.1; region_start=231616; region_end=231733; region_len=118; strand=+; call_start=231616; call_end=231733	CASBLE010000002.1	231616	231733	231616	231733
AEL	cen|CASBLE010000004.1|454885	centromere	CASBLE010000004.1	454885	455004	120	0.8416666666666667	True	86	intact_called	target=CASBLE010000004.1; region_start=454885; region_end=455004; region_len=120; strand=+; call_start=454885; call_end=455004	CASBLE010000004.1	454885	455004	454885	455004
AEL	cen|CASBLE010000010.1|104009	centromere	CASBLE010000010.1	104009	104127	119	0.8403361344537815	True	85	intact_called	target=CASBLE010000010.1; region_start=104009; region_end=104127; region_len=119; strand=+; call_start=104009; call_end=104127	CASBLE010000010.1	104009	104127	104009	104127
AEL	cen|CASBLE010000001.1|144414	centromere	CASBLE010000001.1	144414	144532	119	0.8403361344537815	True	85	intact_called	target=CASBLE010000001.1; region_start=144414; region_end=144532; region_len=119; strand=+; call_start=144414; call_end=144532	CASBLE010000001.1	144414	144532	144414	144532
AEL	cen|CASBLE010000014.1|256957	centromere	CASBLE010000014.1	256957	257076	120	0.8	True	86	intact_called	target=CASBLE010000014.1; region_start=256957; region_end=257076; region_len=120; strand=+; call_start=256957; call_end=257076	CASBLE010000014.1	256957	257076	256957	257076
AFH	cen|CASBKR010000007.1|114938	centromere	CASBKR010000007.1	114938	115056	119	0.865546218487395	True	85	intact_called	target=CASBKR010000007.1; region_start=114938; region_end=115056; region_len=119; strand=+; call_start=114938; call_end=115056	CASBKR010000007.1	114938	115056	114938	115056
AFH	cen|CASBKR010000010.1|444076	centromere	CASBKR010000010.1	444076	444195	120	0.8666666666666667	True	86	intact_called	target=CASBKR010000010.1; region_start=444076; region_end=444195; region_len=120; strand=+; call_start=444076; call_end=444195	CASBKR010000010.1	444076	444195	444076	444195
AFH	cen|CASBKR010000011.1|451457	centromere	CASBKR010000011.1	451457	451575	119	0.865546218487395	True	85	intact_called	target=CASBKR010000011.1; region_start=451457; region_end=451575; region_len=119; strand=+; call_start=451457; call_end=451575	CASBKR010000011.1	451457	451575	451457	451575
AFH	cen|CASBKR010000012.1|140368	centromere	CASBKR010000012.1	140368	140488	121	0.8760330578512396	True	87	intact_called	target=CASBKR010000012.1; region_start=140368; region_end=140488; region_len=121; strand=+; call_start=140368; call_end=140488	CASBKR010000012.1	140368	140488	140368	140488
AFH	cen|CASBKR010000005.1|362927	centromere	CASBKR010000005.1	362927	363044	118	0.8813559322033898	True	84	intact_called	target=CASBKR010000005.1; region_start=362927; region_end=363044; region_len=118; strand=+; call_start=362927; call_end=363044	CASBKR010000005.1	362927	363044	362927	363044
AFH	cen|CASBKR010000002.1|267028	centromere	CASBKR010000002.1	267028	267145	118	0.8813559322033898	True	84	intact_called	target=CASBKR010000002.1; region_start=267028; region_end=267145; region_len=118; strand=+; call_start=267028; call_end=267145	CASBKR010000002.1	267028	267145	267028	267145
AFH	cen|CASBKR010000006.1|158271	centromere	CASBKR010000006.1	158271	158389	119	0.8571428571428571	True	85	intact_called	target=CASBKR010000006.1; region_start=158271; region_end=158389; region_len=119; strand=+; call_start=158271; call_end=158389	CASBKR010000006.1	158271	158389	158271	158389
AFH	cen|CASBKR010000009.1|521254	centromere	CASBKR010000009.1	521254	521374	121	0.8429752066115702	True	87	intact_called	target=CASBKR010000009.1; region_start=521254; region_end=521374; region_len=121; strand=+; call_start=521254; call_end=521374	CASBKR010000009.1	521254	521374	521254	521374
AFH	cen|CASBKR010000014.1|621924	centromere	CASBKR010000014.1	621924	622042	119	0.8403361344537815	True	85	intact_called	target=CASBKR010000014.1; region_start=621924; region_end=622042; region_len=119; strand=+; call_start=621924; call_end=622042	CASBKR010000014.1	621924	622042	621924	622042
AFH	cen|CASBKR010000001.1|147245	centromere	CASBKR010000001.1	147245	147363	119	0.8571428571428571	True	85	intact_called	target=CASBKR010000001.1; region_start=147245; region_end=147363; region_len=119; strand=+; call_start=147245; call_end=147363	CASBKR010000001.1	147245	147363	147245	147363
AFH	cen|CASBKR010000016.1|548916	centromere	CASBKR010000016.1	548916	549035	120	0.8666666666666667	True	86	intact_called	target=CASBKR010000016.1; region_start=548916; region_end=549035; region_len=120; strand=+; call_start=548916; call_end=549035	CASBKR010000016.1	548916	549035	548916	549035
AFH	cen|CASBKR010000015.1|315563	centromere	CASBKR010000015.1	315563	315682	120	0.85	True	86	intact_called	target=CASBKR010000015.1; region_start=315563; region_end=315682; region_len=120; strand=+; call_start=315563; call_end=315682	CASBKR010000015.1	315563	315682	315563	315682
AFH	cen|CASBKR010000003.1|108541	centromere	CASBKR010000003.1	108541	108658	118	0.847457627118644	True	84	intact_called	target=CASBKR010000003.1; region_start=108541; region_end=108658; region_len=118; strand=+; call_start=108541; call_end=108658	CASBKR010000003.1	108541	108658	108541	108658
AFH	cen|CASBKR010000008.1|95742	centromere	CASBKR010000008.1	95742	95860	119	0.8403361344537815	True	85	intact_called	target=CASBKR010000008.1; region_start=95742; region_end=95860; region_len=119; strand=+; call_start=95742; call_end=95860	CASBKR010000008.1	95742	95860	95742	95860
AFH	cen|CASBKR010000004.1|461129	centromere	CASBKR010000004.1	461129	461248	120	0.825	True	86	intact_called	target=CASBKR010000004.1; region_start=461129; region_end=461248; region_len=120; strand=+; call_start=461129; call_end=461248	CASBKR010000004.1	461129	461248	461129	461248
AFH	cen|CASBKR010000013.1|256872	centromere	CASBKR010000013.1	256872	256991	120	0.7916666666666666	True	86	intact_called	target=CASBKR010000013.1; region_start=256872; region_end=256991; region_len=120; strand=+; call_start=256872; call_end=256991	CASBKR010000013.1	256872	256991	256872	256991
AFI	cen|CASBKT010000010.1|442566	centromere	CASBKT010000010.1	442566	442682	117	0.8632478632478633	True	83	intact_called	target=CASBKT010000010.1; region_start=442566; region_end=442682; region_len=117; strand=+; call_start=442566; call_end=442682	CASBKT010000010.1	442566	442682	442566	442682
AFI	cen|CASBKT010000008.1|495019	centromere	CASBKT010000008.1	495019	495140	122	0.860655737704918	True	88	intact_called	target=CASBKT010000008.1; region_start=495019; region_end=495140; region_len=122; strand=+; call_start=495019; call_end=495140	CASBKT010000008.1	495019	495140	495019	495140
AFI	cen|CASBKT010000011.1|444434	centromere	CASBKT010000011.1	444434	444552	119	0.865546218487395	True	85	intact_called	target=CASBKT010000011.1; region_start=444434; region_end=444552; region_len=119; strand=+; call_start=444434; call_end=444552	CASBKT010000011.1	444434	444552	444434	444552
AFI	cen|CASBKT010000014.1|606494	centromere	CASBKT010000014.1	606494	606612	119	0.8487394957983193	True	85	intact_called	target=CASBKT010000014.1; region_start=606494; region_end=606612; region_len=119; strand=+; call_start=606494; call_end=606612	CASBKT010000014.1	606494	606612	606494	606612
AFI	cen|CASBKT010000016.1|191591	centromere	CASBKT010000016.1	191591	191708	118	0.8813559322033898	True	84	intact_called	target=CASBKT010000016.1; region_start=191591; region_end=191708; region_len=118; strand=+; call_start=191591; call_end=191708	CASBKT010000016.1	191591	191708	191591	191708
AFI	cen|CASBKT010000006.1|142700	centromere	CASBKT010000006.1	142700	142818	119	0.8571428571428571	True	85	intact_called	target=CASBKT010000006.1; region_start=142700; region_end=142818; region_len=119; strand=+; call_start=142700; call_end=142818	CASBKT010000006.1	142700	142818	142700	142818
AFI	cen|CASBKT010000012.1|146749	centromere	CASBKT010000012.1	146749	146869	121	0.8677685950413223	True	87	intact_called	target=CASBKT010000012.1; region_start=146749; region_end=146869; region_len=121; strand=+; call_start=146749; call_end=146869	CASBKT010000012.1	146749	146869	146749	146869
AFI	cen|CASBKT010000009.1|510608	centromere	CASBKT010000009.1	510608	510726	119	0.865546218487395	True	85	intact_called	target=CASBKT010000009.1; region_start=510608; region_end=510726; region_len=119; strand=+; call_start=510608; call_end=510726	CASBKT010000009.1	510608	510726	510608	510726
AFI	cen|CASBKT010000003.1|112604	centromere	CASBKT010000003.1	112604	112721	118	0.864406779661017	True	84	intact_called	target=CASBKT010000003.1; region_start=112604; region_end=112721; region_len=118; strand=+; call_start=112604; call_end=112721	CASBKT010000003.1	112604	112721	112604	112721
AFI	cen|CASBKT010000002.1|220205	centromere	CASBKT010000002.1	220205	220322	118	0.8728813559322034	True	84	intact_called	target=CASBKT010000002.1; region_start=220205; region_end=220322; region_len=118; strand=+; call_start=220205; call_end=220322	CASBKT010000002.1	220205	220322	220205	220322
AFI	cen|CASBKT010000005.1|349361	centromere	CASBKT010000005.1	349361	349478	118	0.8728813559322034	True	84	intact_called	target=CASBKT010000005.1; region_start=349361; region_end=349478; region_len=118; strand=+; call_start=349361; call_end=349478	CASBKT010000005.1	349361	349478	349361	349478
AFI	cen|CASBKT010000007.1|130866	centromere	CASBKT010000007.1	130866	130983	118	0.8389830508474576	True	84	intact_called	target=CASBKT010000007.1; region_start=130866; region_end=130983; region_len=118; strand=+; call_start=130866; call_end=130983	CASBKT010000007.1	130866	130983	130866	130983
AFI	cen|CASBKT010000015.1|300170	centromere	CASBKT010000015.1	300170	300289	120	0.85	True	86	intact_called	target=CASBKT010000015.1; region_start=300170; region_end=300289; region_len=120; strand=+; call_start=300170; call_end=300289	CASBKT010000015.1	300170	300289	300170	300289
AFI	cen|CASBKT010000004.1|450602	centromere	CASBKT010000004.1	450602	450721	120	0.85	True	86	intact_called	target=CASBKT010000004.1; region_start=450602; region_end=450721; region_len=120; strand=+; call_start=450602; call_end=450721	CASBKT010000004.1	450602	450721	450602	450721
AFI	cen|CASBKT010000001.1|137927	centromere	CASBKT010000001.1	137927	138045	119	0.8403361344537815	True	85	intact_called	target=CASBKT010000001.1; region_start=137927; region_end=138045; region_len=119; strand=+; call_start=137927; call_end=138045	CASBKT010000001.1	137927	138045	137927	138045
AFI	cen|CASBKT010000013.1|250881	centromere	CASBKT010000013.1	250881	250998	118	0.8050847457627118	True	84	intact_called	target=CASBKT010000013.1; region_start=250881; region_end=250998; region_len=118; strand=+; call_start=250881; call_end=250998	CASBKT010000013.1	250881	250998	250881	250998
AGK	cen|CASBLA010000005.1|343192	centromere	CASBLA010000005.1	343192	343309	118	0.8898305084745762	True	84	intact_called	target=CASBLA010000005.1; region_start=343192; region_end=343309; region_len=118; strand=+; call_start=343192; call_end=343309	CASBLA010000005.1	343192	343309	343192	343309
AGK	cen|CASBLA010000014.1|606365	centromere	CASBLA010000014.1	606365	606483	119	0.8571428571428571	True	85	intact_called	target=CASBLA010000014.1; region_start=606365; region_end=606483; region_len=119; strand=+; call_start=606365; call_end=606483	CASBLA010000014.1	606365	606483	606365	606483
AGK	cen|CASBLA010000010.1|431561	centromere	CASBLA010000010.1	431561	431680	120	0.8666666666666667	True	86	intact_called	target=CASBLA010000010.1; region_start=431561; region_end=431680; region_len=120; strand=+; call_start=431561; call_end=431680	CASBLA010000010.1	431561	431680	431561	431680
AGK	cen|CASBLA010000011.1|446854	centromere	CASBLA010000011.1	446854	446972	119	0.865546218487395	True	85	intact_called	target=CASBLA010000011.1; region_start=446854; region_end=446972; region_len=119; strand=+; call_start=446854; call_end=446972	CASBLA010000011.1	446854	446972	446854	446972
AGK	cen|CASBLA010000012.1|152142	centromere	CASBLA010000012.1	152142	152262	121	0.8760330578512396	True	87	intact_called	target=CASBLA010000012.1; region_start=152142; region_end=152262; region_len=121; strand=+; call_start=152142; call_end=152262	CASBLA010000012.1	152142	152262	152142	152262
AGK	cen|CASBLA010000008.1|500113	centromere	CASBLA010000008.1	500113	500234	122	0.8524590163934426	True	88	intact_called	target=CASBLA010000008.1; region_start=500113; region_end=500234; region_len=122; strand=+; call_start=500113; call_end=500234	CASBLA010000008.1	500113	500234	500113	500234
AGK	cen|CASBLA010000016.1|557766	centromere	CASBLA010000016.1	557766	557883	118	0.8813559322033898	True	84	intact_called	target=CASBLA010000016.1; region_start=557766; region_end=557883; region_len=118; strand=+; call_start=557766; call_end=557883	CASBLA010000016.1	557766	557883	557766	557883
AGK	cen|CASBLA010000009.1|101867	centromere	CASBLA010000009.1	101867	101985	119	0.865546218487395	True	85	intact_called	target=CASBLA010000009.1; region_start=101867; region_end=101985; region_len=119; strand=+; call_start=101867; call_end=101985	CASBLA010000009.1	101867	101985	101867	101985
AGK	cen|CASBLA010000002.1|232062	centromere	CASBLA010000002.1	232062	232179	118	0.8728813559322034	True	84	intact_called	target=CASBLA010000002.1; region_start=232062; region_end=232179; region_len=118; strand=+; call_start=232062; call_end=232179	CASBLA010000002.1	232062	232179	232062	232179
AGK	cen|CASBLA010000006.1|151406	centromere	CASBLA010000006.1	151406	151524	119	0.8487394957983193	True	85	intact_called	target=CASBLA010000006.1; region_start=151406; region_end=151524; region_len=119; strand=+; call_start=151406; call_end=151524	CASBLA010000006.1	151406	151524	151406	151524
AGK	cen|CASBLA010000007.1|131058	centromere	CASBLA010000007.1	131058	131176	119	0.8403361344537815	True	85	intact_called	target=CASBLA010000007.1; region_start=131058; region_end=131176; region_len=119; strand=+; call_start=131058; call_end=131176	CASBLA010000007.1	131058	131176	131058	131176
AGK	cen|CASBLA010000001.1|144397	centromere	CASBLA010000001.1	144397	144515	119	0.8487394957983193	True	85	intact_called	target=CASBLA010000001.1; region_start=144397; region_end=144515; region_len=119; strand=+; call_start=144397; call_end=144515	CASBLA010000001.1	144397	144515	144397	144515
AGK	cen|CASBLA010000003.1|119760	centromere	CASBLA010000003.1	119760	119877	118	0.8559322033898306	True	84	intact_called	target=CASBLA010000003.1; region_start=119760; region_end=119877; region_len=118; strand=+; call_start=119760; call_end=119877	CASBLA010000003.1	119760	119877	119760	119877
AGK	cen|CASBLA010000004.1|454153	centromere	CASBLA010000004.1	454153	454272	120	0.85	True	86	intact_called	target=CASBLA010000004.1; region_start=454153; region_end=454272; region_len=120; strand=+; call_start=454153; call_end=454272	CASBLA010000004.1	454153	454272	454153	454272
AGK	cen|CASBLA010000015.1|323978	centromere	CASBLA010000015.1	323978	324097	120	0.8416666666666667	True	86	intact_called	target=CASBLA010000015.1; region_start=323978; region_end=324097; region_len=120; strand=+; call_start=323978; call_end=324097	CASBLA010000015.1	323978	324097	323978	324097
AGK	cen|CASBLA010000013.1|270115	centromere	CASBLA010000013.1	270115	270232	118	0.8050847457627118	True	84	intact_called	target=CASBLA010000013.1; region_start=270115; region_end=270232; region_len=118; strand=+; call_start=270115; call_end=270232	CASBLA010000013.1	270115	270232	270115	270232
AHG	cen|CASBKF010000005.1|354683	centromere	CASBKF010000005.1	354683	354800	118	0.8898305084745762	True	84	intact_called	target=CASBKF010000005.1; region_start=354683; region_end=354800; region_len=118; strand=+; call_start=354683; call_end=354800	CASBKF010000005.1	354683	354800	354683	354800
AHG	cen|CASBKF010000010.1|446824	centromere	CASBKF010000010.1	446824	446941	118	0.864406779661017	True	84	intact_called	target=CASBKF010000010.1; region_start=446824; region_end=446941; region_len=118; strand=+; call_start=446824; call_end=446941	CASBKF010000010.1	446824	446941	446824	446941
AHG	cen|CASBKF010000011.1|460904	centromere	CASBKF010000011.1	460904	461022	119	0.865546218487395	True	85	intact_called	target=CASBKF010000011.1; region_start=460904; region_end=461022; region_len=119; strand=+; call_start=460904; call_end=461022	CASBKF010000011.1	460904	461022	460904	461022
AHG	cen|CASBKF010000012.1|142137	centromere	CASBKF010000012.1	142137	142257	121	0.8760330578512396	True	87	intact_called	target=CASBKF010000012.1; region_start=142137; region_end=142257; region_len=121; strand=+; call_start=142137; call_end=142257	CASBKF010000012.1	142137	142257	142137	142257
AHG	cen|CASBKF010000008.1|494360	centromere	CASBKF010000008.1	494360	494481	122	0.8524590163934426	True	88	intact_called	target=CASBKF010000008.1; region_start=494360; region_end=494481; region_len=122; strand=+; call_start=494360; call_end=494481	CASBKF010000008.1	494360	494481	494360	494481
AHG	cen|CASBKF010000014.1|610988	centromere	CASBKF010000014.1	610988	611105	118	0.847457627118644	True	84	intact_called	target=CASBKF010000014.1; region_start=610988; region_end=611105; region_len=118; strand=+; call_start=610988; call_end=611105	CASBKF010000014.1	610988	611105	610988	611105
AHG	cen|CASBKF010000009.1|100771	centromere	CASBKF010000009.1	100771	100889	119	0.8739495798319328	True	85	intact_called	target=CASBKF010000009.1; region_start=100771; region_end=100889; region_len=119; strand=+; call_start=100771; call_end=100889	CASBKF010000009.1	100771	100889	100771	100889
AHG	cen|CASBKF010000003.1|108461	centromere	CASBKF010000003.1	108461	108578	118	0.864406779661017	True	84	intact_called	target=CASBKF010000003.1; region_start=108461; region_end=108578; region_len=118; strand=+; call_start=108461; call_end=108578	CASBKF010000003.1	108461	108578	108461	108578
AHG	cen|CASBKF010000016.1|541979	centromere	CASBKF010000016.1	541979	542096	118	0.8728813559322034	True	84	intact_called	target=CASBKF010000016.1; region_start=541979; region_end=542096; region_len=118; strand=+; call_start=541979; call_end=542096	CASBKF010000016.1	541979	542096	541979	542096
AHG	cen|CASBKF010000002.1|220230	centromere	CASBKF010000002.1	220230	220347	118	0.8728813559322034	True	84	intact_called	target=CASBKF010000002.1; region_start=220230; region_end=220347; region_len=118; strand=+; call_start=220230; call_end=220347	CASBKF010000002.1	220230	220347	220230	220347
AHG	cen|CASBKF010000006.1|151862	centromere	CASBKF010000006.1	151862	151980	119	0.8487394957983193	True	85	intact_called	target=CASBKF010000006.1; region_start=151862; region_end=151980; region_len=119; strand=+; call_start=151862; call_end=151980	CASBKF010000006.1	151862	151980	151862	151980
AHG	cen|CASBKF010000015.1|317548	centromere	CASBKF010000015.1	317548	317667	120	0.8583333333333333	True	86	intact_called	target=CASBKF010000015.1; region_start=317548; region_end=317667; region_len=120; strand=+; call_start=317548; call_end=317667	CASBKF010000015.1	317548	317667	317548	317667
AHG	cen|CASBKF010000007.1|124500	centromere	CASBKF010000007.1	124500	124617	118	0.8389830508474576	True	84	intact_called	target=CASBKF010000007.1; region_start=124500; region_end=124617; region_len=118; strand=+; call_start=124500; call_end=124617	CASBKF010000007.1	124500	124617	124500	124617
AHG	cen|CASBKF010000004.1|449849	centromere	CASBKF010000004.1	449849	449968	120	0.85	True	86	intact_called	target=CASBKF010000004.1; region_start=449849; region_end=449968; region_len=120; strand=+; call_start=449849; call_end=449968	CASBKF010000004.1	449849	449968	449849	449968
AHG	cen|CASBKF010000001.1|155686	centromere	CASBKF010000001.1	155686	155804	119	0.8403361344537815	True	85	intact_called	target=CASBKF010000001.1; region_start=155686; region_end=155804; region_len=119; strand=+; call_start=155686; call_end=155804	CASBKF010000001.1	155686	155804	155686	155804
AHG	cen|CASBKF010000013.1|257193	centromere	CASBKF010000013.1	257193	257310	118	0.8050847457627118	True	84	intact_called	target=CASBKF010000013.1; region_start=257193; region_end=257310; region_len=118; strand=+; call_start=257193; call_end=257310	CASBKF010000013.1	257193	257310	257193	257310
AHL	cen|CASBKQ010000010.1|458774	centromere	CASBKQ010000010.1	458774	458892	119	0.865546218487395	True	85	intact_called	target=CASBKQ010000010.1; region_start=458774; region_end=458892; region_len=119; strand=+; call_start=458774; call_end=458892	CASBKQ010000010.1	458774	458892	458774	458892
AHL	cen|CASBKQ010000011.1|486415	centromere	CASBKQ010000011.1	486415	486533	119	0.865546218487395	True	85	intact_called	target=CASBKQ010000011.1; region_start=486415; region_end=486533; region_len=119; strand=+; call_start=486415; call_end=486533	CASBKQ010000011.1	486415	486533	486415	486533
AHL	cen|CASBKQ010000008.1|492499	centromere	CASBKQ010000008.1	492499	492620	122	0.8524590163934426	True	88	intact_called	target=CASBKQ010000008.1; region_start=492499; region_end=492620; region_len=122; strand=+; call_start=492499; call_end=492620	CASBKQ010000008.1	492499	492620	492499	492620
AHL	cen|CASBKQ010000014.1|610989	centromere	CASBKQ010000014.1	610989	611107	119	0.8487394957983193	True	85	intact_called	target=CASBKQ010000014.1; region_start=610989; region_end=611107; region_len=119; strand=+; call_start=610989; call_end=611107	CASBKQ010000014.1	610989	611107	610989	611107
AHL	cen|CASBKQ010000005.1|368326	centromere	CASBKQ010000005.1	368326	368443	118	0.8813559322033898	True	84	intact_called	target=CASBKQ010000005.1; region_start=368326; region_end=368443; region_len=118; strand=+; call_start=368326; call_end=368443	CASBKQ010000005.1	368326	368443	368326	368443
AHL	cen|CASBKQ010000016.1|581984	centromere	CASBKQ010000016.1	581984	582101	118	0.8813559322033898	True	84	intact_called	target=CASBKQ010000016.1; region_start=581984; region_end=582101; region_len=118; strand=+; call_start=581984; call_end=582101	CASBKQ010000016.1	581984	582101	581984	582101
AHL	cen|CASBKQ010000012.1|140591	centromere	CASBKQ010000012.1	140591	140711	121	0.8677685950413223	True	87	intact_called	target=CASBKQ010000012.1; region_start=140591; region_end=140711; region_len=121; strand=+; call_start=140591; call_end=140711	CASBKQ010000012.1	140591	140711	140591	140711
AHL	cen|CASBKQ010000007.1|123910	centromere	CASBKQ010000007.1	123910	124028	119	0.8487394957983193	True	85	intact_called	target=CASBKQ010000007.1; region_start=123910; region_end=124028; region_len=119; strand=+; call_start=123910; call_end=124028	CASBKQ010000007.1	123910	124028	123910	124028
AHL	cen|CASBKQ010000003.1|114518	centromere	CASBKQ010000003.1	114518	114635	118	0.864406779661017	True	84	intact_called	target=CASBKQ010000003.1; region_start=114518; region_end=114635; region_len=118; strand=+; call_start=114518; call_end=114635	CASBKQ010000003.1	114518	114635	114518	114635
AHL	cen|CASBKQ010000002.1|220390	centromere	CASBKQ010000002.1	220390	220507	118	0.8728813559322034	True	84	intact_called	target=CASBKQ010000002.1; region_start=220390; region_end=220507; region_len=118; strand=+; call_start=220390; call_end=220507	CASBKQ010000002.1	220390	220507	220390	220507
AHL	cen|CASBKQ010000006.1|155349	centromere	CASBKQ010000006.1	155349	155467	119	0.8487394957983193	True	85	intact_called	target=CASBKQ010000006.1; region_start=155349; region_end=155467; region_len=119; strand=+; call_start=155349; call_end=155467	CASBKQ010000006.1	155349	155467	155349	155467
AHL	cen|CASBKQ010000015.1|322869	centromere	CASBKQ010000015.1	322869	322987	119	0.8487394957983193	True	85	intact_called	target=CASBKQ010000015.1; region_start=322869; region_end=322987; region_len=119; strand=+; call_start=322869; call_end=322987	CASBKQ010000015.1	322869	322987	322869	322987
AHL	cen|CASBKQ010000004.1|463186	centromere	CASBKQ010000004.1	463186	463305	120	0.85	True	86	intact_called	target=CASBKQ010000004.1; region_start=463186; region_end=463305; region_len=120; strand=+; call_start=463186; call_end=463305	CASBKQ010000004.1	463186	463305	463186	463305
AHL	cen|CASBKQ010000001.1|161089	centromere	CASBKQ010000001.1	161089	161207	119	0.8403361344537815	True	85	intact_called	target=CASBKQ010000001.1; region_start=161089; region_end=161207; region_len=119; strand=+; call_start=161089; call_end=161207	CASBKQ010000001.1	161089	161207	161089	161207
AHL	cen|CASBKQ010000013.1|250994	centromere	CASBKQ010000013.1	250994	251110	117	0.811965811965812	True	83	intact_called	target=CASBKQ010000013.1; region_start=250994; region_end=251110; region_len=117; strand=+; call_start=250994; call_end=251110	CASBKQ010000013.1	250994	251110	250994	251110
AHL	cen|CASBKQ010000009.1|95545	centromere	CASBKQ010000009.1	95545	95663	119	0.8319327731092437	True	85	intact_called	target=CASBKQ010000009.1; region_start=95545; region_end=95663; region_len=119; strand=+; call_start=95545; call_end=95663	CASBKQ010000009.1	95545	95663	95545	95663
AIC	cen|CASBKG010000010.1|443900	centromere	CASBKG010000010.1	443900	444016	117	0.8632478632478633	True	83	intact_called	target=CASBKG010000010.1; region_start=443900; region_end=444016; region_len=117; strand=+; call_start=443900; call_end=444016	CASBKG010000010.1	443900	444016	443900	444016
AIC	cen|CASBKG010000008.1|501845	centromere	CASBKG010000008.1	501845	501966	122	0.860655737704918	True	88	intact_called	target=CASBKG010000008.1; region_start=501845; region_end=501966; region_len=122; strand=+; call_start=501845; call_end=501966	CASBKG010000008.1	501845	501966	501845	501966
AIC	cen|CASBKG010000011.1|439968	centromere	CASBKG010000011.1	439968	440086	119	0.865546218487395	True	85	intact_called	target=CASBKG010000011.1; region_start=439968; region_end=440086; region_len=119; strand=+; call_start=439968; call_end=440086	CASBKG010000011.1	439968	440086	439968	440086
AIC	cen|CASBKG010000014.1|611728	centromere	CASBKG010000014.1	611728	611846	119	0.8487394957983193	True	85	intact_called	target=CASBKG010000014.1; region_start=611728; region_end=611846; region_len=119; strand=+; call_start=611728; call_end=611846	CASBKG010000014.1	611728	611846	611728	611846
AIC	cen|CASBKG010000016.1|535892	centromere	CASBKG010000016.1	535892	536009	118	0.8813559322033898	True	84	intact_called	target=CASBKG010000016.1; region_start=535892; region_end=536009; region_len=118; strand=+; call_start=535892; call_end=536009	CASBKG010000016.1	535892	536009	535892	536009
AIC	cen|CASBKG010000006.1|137270	centromere	CASBKG010000006.1	137270	137388	119	0.8571428571428571	True	85	intact_called	target=CASBKG010000006.1; region_start=137270; region_end=137388; region_len=119; strand=+; call_start=137270; call_end=137388	CASBKG010000006.1	137270	137388	137270	137388
AIC	cen|CASBKG010000012.1|141640	centromere	CASBKG010000012.1	141640	141760	121	0.8677685950413223	True	87	intact_called	target=CASBKG010000012.1; region_start=141640; region_end=141760; region_len=121; strand=+; call_start=141640; call_end=141760	CASBKG010000012.1	141640	141760	141640	141760
AIC	cen|CASBKG010000009.1|99092	centromere	CASBKG010000009.1	99092	99210	119	0.865546218487395	True	85	intact_called	target=CASBKG010000009.1; region_start=99092; region_end=99210; region_len=119; strand=+; call_start=99092; call_end=99210	CASBKG010000009.1	99092	99210	99092	99210
AIC	cen|CASBKG010000003.1|131688	centromere	CASBKG010000003.1	131688	131805	118	0.864406779661017	True	84	intact_called	target=CASBKG010000003.1; region_start=131688; region_end=131805; region_len=118; strand=+; call_start=131688; call_end=131805	CASBKG010000003.1	131688	131805	131688	131805
AIC	cen|CASBKG010000002.1|226889	centromere	CASBKG010000002.1	226889	227006	118	0.8728813559322034	True	84	intact_called	target=CASBKG010000002.1; region_start=226889; region_end=227006; region_len=118; strand=+; call_start=226889; call_end=227006	CASBKG010000002.1	226889	227006	226889	227006
AIC	cen|CASBKG010000005.1|343506	centromere	CASBKG010000005.1	343506	343623	118	0.8728813559322034	True	84	intact_called	target=CASBKG010000005.1; region_start=343506; region_end=343623; region_len=118; strand=+; call_start=343506; call_end=343623	CASBKG010000005.1	343506	343623	343506	343623
AIC	cen|CASBKG010000007.1|128696	centromere	CASBKG010000007.1	128696	128813	118	0.8389830508474576	True	84	intact_called	target=CASBKG010000007.1; region_start=128696; region_end=128813; region_len=118; strand=+; call_start=128696; call_end=128813	CASBKG010000007.1	128696	128813	128696	128813
AIC	cen|CASBKG010000015.1|297734	centromere	CASBKG010000015.1	297734	297853	120	0.85	True	86	intact_called	target=CASBKG010000015.1; region_start=297734; region_end=297853; region_len=120; strand=+; call_start=297734; call_end=297853	CASBKG010000015.1	297734	297853	297734	297853
AIC	cen|CASBKG010000004.1|446549	centromere	CASBKG010000004.1	446549	446668	120	0.8416666666666667	True	86	intact_called	target=CASBKG010000004.1; region_start=446549; region_end=446668; region_len=120; strand=+; call_start=446549; call_end=446668	CASBKG010000004.1	446549	446668	446549	446668
AIC	cen|CASBKG010000001.1|138374	centromere	CASBKG010000001.1	138374	138492	119	0.8403361344537815	True	85	intact_called	target=CASBKG010000001.1; region_start=138374; region_end=138492; region_len=119; strand=+; call_start=138374; call_end=138492	CASBKG010000001.1	138374	138492	138374	138492
AIC	cen|CASBKG010000013.1|251036	centromere	CASBKG010000013.1	251036	251153	118	0.8050847457627118	True	84	intact_called	target=CASBKG010000013.1; region_start=251036; region_end=251153; region_len=118; strand=+; call_start=251036; call_end=251153	CASBKG010000013.1	251036	251153	251036	251153
AIE	cen|CASBKB010000008.1|493118	centromere	CASBKB010000008.1	493118	493239	122	0.8524590163934426	True	88	intact_called	target=CASBKB010000008.1; region_start=493118; region_end=493239; region_len=122; strand=+; call_start=493118; call_end=493239	CASBKB010000008.1	493118	493239	493118	493239
AIE	cen|CASBKB010000010.1|440811	centromere	CASBKB010000010.1	440811	440928	118	0.8559322033898306	True	84	intact_called	target=CASBKB010000010.1; region_start=440811; region_end=440928; region_len=118; strand=+; call_start=440811; call_end=440928	CASBKB010000010.1	440811	440928	440811	440928
AIE	cen|CASBKB010000014.1|642993	centromere	CASBKB010000014.1	642993	643111	119	0.8487394957983193	True	85	intact_called	target=CASBKB010000014.1; region_start=642993; region_end=643111; region_len=119; strand=+; call_start=642993; call_end=643111	CASBKB010000014.1	642993	643111	642993	643111
AIE	cen|CASBKB010000005.1|360237	centromere	CASBKB010000005.1	360237	360354	118	0.8813559322033898	True	84	intact_called	target=CASBKB010000005.1; region_start=360237; region_end=360354; region_len=118; strand=+; call_start=360237; call_end=360354	CASBKB010000005.1	360237	360354	360237	360354
AIE	cen|CASBKB010000016.1|549937	centromere	CASBKB010000016.1	549937	550054	118	0.8813559322033898	True	84	intact_called	target=CASBKB010000016.1; region_start=549937; region_end=550054; region_len=118; strand=+; call_start=549937; call_end=550054	CASBKB010000016.1	549937	550054	549937	550054
AIE	cen|CASBKB010000012.1|146009	centromere	CASBKB010000012.1	146009	146129	121	0.8677685950413223	True	87	intact_called	target=CASBKB010000012.1; region_start=146009; region_end=146129; region_len=121; strand=+; call_start=146009; call_end=146129	CASBKB010000012.1	146009	146129	146009	146129
AIE	cen|CASBKB010000011.1|449741	centromere	CASBKB010000011.1	449741	449859	119	0.8571428571428571	True	85	intact_called	target=CASBKB010000011.1; region_start=449741; region_end=449859; region_len=119; strand=+; call_start=449741; call_end=449859	CASBKB010000011.1	449741	449859	449741	449859
AIE	cen|CASBKB010000007.1|130111	centromere	CASBKB010000007.1	130111	130229	119	0.8487394957983193	True	85	intact_called	target=CASBKB010000007.1; region_start=130111; region_end=130229; region_len=119; strand=+; call_start=130111; call_end=130229	CASBKB010000007.1	130111	130229	130111	130229
AIE	cen|CASBKB010000002.1|220368	centromere	CASBKB010000002.1	220368	220485	118	0.8728813559322034	True	84	intact_called	target=CASBKB010000002.1; region_start=220368; region_end=220485; region_len=118; strand=+; call_start=220368; call_end=220485	CASBKB010000002.1	220368	220485	220368	220485
AIE	cen|CASBKB010000006.1|161374	centromere	CASBKB010000006.1	161374	161492	119	0.8487394957983193	True	85	intact_called	target=CASBKB010000006.1; region_start=161374; region_end=161492; region_len=119; strand=+; call_start=161374; call_end=161492	CASBKB010000006.1	161374	161492	161374	161492
AIE	cen|CASBKB010000015.1|315307	centromere	CASBKB010000015.1	315307	315425	119	0.8487394957983193	True	85	intact_called	target=CASBKB010000015.1; region_start=315307; region_end=315425; region_len=119; strand=+; call_start=315307; call_end=315425	CASBKB010000015.1	315307	315425	315307	315425
AIE	cen|CASBKB010000004.1|468777	centromere	CASBKB010000004.1	468777	468896	120	0.85	True	86	intact_called	target=CASBKB010000004.1; region_start=468777; region_end=468896; region_len=120; strand=+; call_start=468777; call_end=468896	CASBKB010000004.1	468777	468896	468777	468896
AIE	cen|CASBKB010000003.1|114309	centromere	CASBKB010000003.1	114309	114426	118	0.847457627118644	True	84	intact_called	target=CASBKB010000003.1; region_start=114309; region_end=114426; region_len=118; strand=+; call_start=114309; call_end=114426	CASBKB010000003.1	114309	114426	114309	114426
AIE	cen|CASBKB010000001.1|142889	centromere	CASBKB010000001.1	142889	143007	119	0.8403361344537815	True	85	intact_called	target=CASBKB010000001.1; region_start=142889; region_end=143007; region_len=119; strand=+; call_start=142889; call_end=143007	CASBKB010000001.1	142889	143007	142889	143007
AIE	cen|CASBKB010000013.1|251477	centromere	CASBKB010000013.1	251477	251594	118	0.8135593220338984	True	84	intact_called	target=CASBKB010000013.1; region_start=251477; region_end=251594; region_len=118; strand=+; call_start=251477; call_end=251594	CASBKB010000013.1	251477	251594	251477	251594
AIE	cen|CASBKB010000009.1|95089	centromere	CASBKB010000009.1	95089	95207	119	0.8403361344537815	True	85	intact_called	target=CASBKB010000009.1; region_start=95089; region_end=95207; region_len=119; strand=+; call_start=95089; call_end=95207	CASBKB010000009.1	95089	95207	95089	95207
AIF	cen|CASBLH010000011.1|452690	centromere	CASBLH010000011.1	452690	452808	119	0.865546218487395	True	85	intact_called	target=CASBLH010000011.1; region_start=452690; region_end=452808; region_len=119; strand=+; call_start=452690; call_end=452808	CASBLH010000011.1	452690	452808	452690	452808
AIF	cen|CASBLH010000012.1|142547	centromere	CASBLH010000012.1	142547	142667	121	0.8760330578512396	True	87	intact_called	target=CASBLH010000012.1; region_start=142547; region_end=142667; region_len=121; strand=+; call_start=142547; call_end=142667	CASBLH010000012.1	142547	142667	142547	142667
AIF	cen|CASBLH010000010.1|440840	centromere	CASBLH010000010.1	440840	440958	119	0.8571428571428571	True	85	intact_called	target=CASBLH010000010.1; region_start=440840; region_end=440958; region_len=119; strand=+; call_start=440840; call_end=440958	CASBLH010000010.1	440840	440958	440840	440958
AIF	cen|CASBLH010000008.1|500241	centromere	CASBLH010000008.1	500241	500362	122	0.8524590163934426	True	88	intact_called	target=CASBLH010000008.1; region_start=500241; region_end=500362; region_len=122; strand=+; call_start=500241; call_end=500362	CASBLH010000008.1	500241	500362	500241	500362
AIF	cen|CASBLH010000014.1|622402	centromere	CASBLH010000014.1	622402	622519	118	0.847457627118644	True	84	intact_called	target=CASBLH010000014.1; region_start=622402; region_end=622519; region_len=118; strand=+; call_start=622402; call_end=622519	CASBLH010000014.1	622402	622519	622402	622519
AIF	cen|CASBLH010000005.1|354267	centromere	CASBLH010000005.1	354267	354384	118	0.8813559322033898	True	84	intact_called	target=CASBLH010000005.1; region_start=354267; region_end=354384; region_len=118; strand=+; call_start=354267; call_end=354384	CASBLH010000005.1	354267	354384	354267	354384
AIF	cen|CASBLH010000003.1|108303	centromere	CASBLH010000003.1	108303	108420	118	0.8728813559322034	True	84	intact_called	target=CASBLH010000003.1; region_start=108303; region_end=108420; region_len=118; strand=+; call_start=108303; call_end=108420	CASBLH010000003.1	108303	108420	108303	108420
AIF	cen|CASBLH010000009.1|101627	centromere	CASBLH010000009.1	101627	101745	119	0.865546218487395	True	85	intact_called	target=CASBLH010000009.1; region_start=101627; region_end=101745; region_len=119; strand=+; call_start=101627; call_end=101745	CASBLH010000009.1	101627	101745	101627	101745
AIF	cen|CASBLH010000017.1|918046	centromere	CASBLH010000017.1	918046	918163	118	0.8728813559322034	True	84	intact_called	target=CASBLH010000017.1; region_start=918046; region_end=918163; region_len=118; strand=+; call_start=918046; call_end=918163	CASBLH010000017.1	918046	918163	918046	918163
AIF	cen|CASBLH010000002.1|226678	centromere	CASBLH010000002.1	226678	226795	118	0.8728813559322034	True	84	intact_called	target=CASBLH010000002.1; region_start=226678; region_end=226795; region_len=118; strand=+; call_start=226678; call_end=226795	CASBLH010000002.1	226678	226795	226678	226795
AIF	cen|CASBLH010000006.1|157993	centromere	CASBLH010000006.1	157993	158111	119	0.8487394957983193	True	85	intact_called	target=CASBLH010000006.1; region_start=157993; region_end=158111; region_len=119; strand=+; call_start=157993; call_end=158111	CASBLH010000006.1	157993	158111	157993	158111
AIF	cen|CASBLH010000007.1|124301	centromere	CASBLH010000007.1	124301	124419	119	0.8403361344537815	True	85	intact_called	target=CASBLH010000007.1; region_start=124301; region_end=124419; region_len=119; strand=+; call_start=124301; call_end=124419	CASBLH010000007.1	124301	124419	124301	124419
AIF	cen|CASBLH010000015.1|318030	centromere	CASBLH010000015.1	318030	318149	120	0.85	True	86	intact_called	target=CASBLH010000015.1; region_start=318030; region_end=318149; region_len=120; strand=+; call_start=318030; call_end=318149	CASBLH010000015.1	318030	318149	318030	318149
AIF	cen|CASBLH010000004.1|462847	centromere	CASBLH010000004.1	462847	462966	120	0.85	True	86	intact_called	target=CASBLH010000004.1; region_start=462847; region_end=462966; region_len=120; strand=+; call_start=462847; call_end=462966	CASBLH010000004.1	462847	462966	462847	462966
AIF	cen|CASBLH010000001.1|169268	centromere	CASBLH010000001.1	169268	169386	119	0.8403361344537815	True	85	intact_called	target=CASBLH010000001.1; region_start=169268; region_end=169386; region_len=119; strand=+; call_start=169268; call_end=169386	CASBLH010000001.1	169268	169386	169268	169386
AIF	cen|CASBLH010000013.1|249698	centromere	CASBLH010000013.1	249698	249815	118	0.8050847457627118	True	84	intact_called	target=CASBLH010000013.1; region_start=249698; region_end=249815; region_len=118; strand=+; call_start=249698; call_end=249815	CASBLH010000013.1	249698	249815	249698	249815
AIG	cen|CASBKM010000007.1|138727	centromere	CASBKM010000007.1	138727	138845	119	0.8739495798319328	True	85	intact_called	target=CASBKM010000007.1; region_start=138727; region_end=138845; region_len=119; strand=+; call_start=138727; call_end=138845	CASBKM010000007.1	138727	138845	138727	138845
AIG	cen|CASBKM010000011.1|445202	centromere	CASBKM010000011.1	445202	445320	119	0.8739495798319328	True	85	intact_called	target=CASBKM010000011.1; region_start=445202; region_end=445320; region_len=119; strand=+; call_start=445202; call_end=445320	CASBKM010000011.1	445202	445320	445202	445320
AIG	cen|CASBKM010000012.1|140238	centromere	CASBKM010000012.1	140238	140358	121	0.8842975206611571	True	87	intact_called	target=CASBKM010000012.1; region_start=140238; region_end=140358; region_len=121; strand=+; call_start=140238; call_end=140358	CASBKM010000012.1	140238	140358	140238	140358
AIG	cen|CASBKM010000010.1|435695	centromere	CASBKM010000010.1	435695	435814	120	0.8583333333333333	True	86	intact_called	target=CASBKM010000010.1; region_start=435695; region_end=435814; region_len=120; strand=+; call_start=435695; call_end=435814	CASBKM010000010.1	435695	435814	435695	435814
AIG	cen|CASBKM010000014.1|632194	centromere	CASBKM010000014.1	632194	632312	119	0.8487394957983193	True	85	intact_called	target=CASBKM010000014.1; region_start=632194; region_end=632312; region_len=119; strand=+; call_start=632194; call_end=632312	CASBKM010000014.1	632194	632312	632194	632312
AIG	cen|CASBKM010000005.1|362530	centromere	CASBKM010000005.1	362530	362647	118	0.8813559322033898	True	84	intact_called	target=CASBKM010000005.1; region_start=362530; region_end=362647; region_len=118; strand=+; call_start=362530; call_end=362647	CASBKM010000005.1	362530	362647	362530	362647
AIG	cen|CASBKM010000004.1|545919	centromere	CASBKM010000004.1	545919	546037	119	0.865546218487395	True	85	intact_called	target=CASBKM010000004.1; region_start=545919; region_end=546037; region_len=119; strand=+; call_start=545919; call_end=546037	CASBKM010000004.1	545919	546037	545919	546037
AIG	cen|CASBKM010000008.1|526406	centromere	CASBKM010000008.1	526406	526527	122	0.8442622950819673	True	88	intact_called	target=CASBKM010000008.1; region_start=526406; region_end=526527; region_len=122; strand=+; call_start=526406; call_end=526527	CASBKM010000008.1	526406	526527	526406	526527
AIG	cen|CASBKM010000009.1|95169	centromere	CASBKM010000009.1	95169	95287	119	0.865546218487395	True	85	intact_called	target=CASBKM010000009.1; region_start=95169; region_end=95287; region_len=119; strand=+; call_start=95169; call_end=95287	CASBKM010000009.1	95169	95287	95169	95287
AIG	cen|CASBKM010000016.1|555162	centromere	CASBKM010000016.1	555162	555281	120	0.875	True	86	intact_called	target=CASBKM010000016.1; region_start=555162; region_end=555281; region_len=120; strand=+; call_start=555162; call_end=555281	CASBKM010000016.1	555162	555281	555162	555281
AIG	cen|CASBKM010000003.1|118443	centromere	CASBKM010000003.1	118443	118560	118	0.864406779661017	True	84	intact_called	target=CASBKM010000003.1; region_start=118443; region_end=118560; region_len=118; strand=+; call_start=118443; call_end=118560	CASBKM010000003.1	118443	118560	118443	118560
AIG	cen|CASBKM010000006.1|153836	centromere	CASBKM010000006.1	153836	153954	119	0.8487394957983193	True	85	intact_called	target=CASBKM010000006.1; region_start=153836; region_end=153954; region_len=119; strand=+; call_start=153836; call_end=153954	CASBKM010000006.1	153836	153954	153836	153954
AIG	cen|CASBKM010000001.1|135877	centromere	CASBKM010000001.1	135877	135995	119	0.8487394957983193	True	85	intact_called	target=CASBKM010000001.1; region_start=135877; region_end=135995; region_len=119; strand=+; call_start=135877; call_end=135995	CASBKM010000001.1	135877	135995	135877	135995
AIG	cen|CASBKM010000002.1|226598	centromere	CASBKM010000002.1	226598	226715	118	0.8559322033898306	True	84	intact_called	target=CASBKM010000002.1; region_start=226598; region_end=226715; region_len=118; strand=+; call_start=226598; call_end=226715	CASBKM010000002.1	226598	226715	226598	226715
AIG	cen|CASBKM010000015.1|303142	centromere	CASBKM010000015.1	303142	303261	120	0.8416666666666667	True	86	intact_called	target=CASBKM010000015.1; region_start=303142; region_end=303261; region_len=120; strand=+; call_start=303142; call_end=303261	CASBKM010000015.1	303142	303261	303142	303261
AIG	cen|CASBKM010000013.1|251726	centromere	CASBKM010000013.1	251726	251843	118	0.8050847457627118	True	84	intact_called	target=CASBKM010000013.1; region_start=251726; region_end=251843; region_len=118; strand=+; call_start=251726; call_end=251843	CASBKM010000013.1	251726	251843	251726	251843
AKR	cen|CASBKY010000007.1|145242	centromere	CASBKY010000007.1	145242	145360	119	0.865546218487395	True	85	intact_called	target=CASBKY010000007.1; region_start=145242; region_end=145360; region_len=119; strand=+; call_start=145242; call_end=145360	CASBKY010000007.1	145242	145360	145242	145360
AKR	cen|CASBKY010000010.1|440846	centromere	CASBKY010000010.1	440846	440965	120	0.8666666666666667	True	86	intact_called	target=CASBKY010000010.1; region_start=440846; region_end=440965; region_len=120; strand=+; call_start=440846; call_end=440965	CASBKY010000010.1	440846	440965	440846	440965
AKR	cen|CASBKY010000012.1|139941	centromere	CASBKY010000012.1	139941	140061	121	0.8760330578512396	True	87	intact_called	target=CASBKY010000012.1; region_start=139941; region_end=140061; region_len=121; strand=+; call_start=139941; call_end=140061	CASBKY010000012.1	139941	140061	139941	140061
AKR	cen|CASBKY010000005.1|344871	centromere	CASBKY010000005.1	344871	344988	118	0.8813559322033898	True	84	intact_called	target=CASBKY010000005.1; region_start=344871; region_end=344988; region_len=118; strand=+; call_start=344871; call_end=344988	CASBKY010000005.1	344871	344988	344871	344988
AKR	cen|CASBKY010000002.1|255256	centromere	CASBKY010000002.1	255256	255372	117	0.8803418803418803	True	83	intact_called	target=CASBKY010000002.1; region_start=255256; region_end=255372; region_len=117; strand=+; call_start=255256; call_end=255372	CASBKY010000002.1	255256	255372	255256	255372
AKR	cen|CASBKY010000006.1|151122	centromere	CASBKY010000006.1	151122	151240	119	0.8571428571428571	True	85	intact_called	target=CASBKY010000006.1; region_start=151122; region_end=151240; region_len=119; strand=+; call_start=151122; call_end=151240	CASBKY010000006.1	151122	151240	151122	151240
AKR	cen|CASBKY010000011.1|439714	centromere	CASBKY010000011.1	439714	439832	119	0.8571428571428571	True	85	intact_called	target=CASBKY010000011.1; region_start=439714; region_end=439832; region_len=119; strand=+; call_start=439714; call_end=439832	CASBKY010000011.1	439714	439832	439714	439832
AKR	cen|CASBKY010000008.1|498274	centromere	CASBKY010000008.1	498274	498393	120	0.8416666666666667	True	86	intact_called	target=CASBKY010000008.1; region_start=498274; region_end=498393; region_len=120; strand=+; call_start=498274; call_end=498393	CASBKY010000008.1	498274	498393	498274	498393
AKR	cen|CASBKY010000014.1|619045	centromere	CASBKY010000014.1	619045	619163	119	0.8403361344537815	True	85	intact_called	target=CASBKY010000014.1; region_start=619045; region_end=619163; region_len=119; strand=+; call_start=619045; call_end=619163	CASBKY010000014.1	619045	619163	619045	619163
AKR	cen|CASBKY010000001.1|138754	centromere	CASBKY010000001.1	138754	138872	119	0.8571428571428571	True	85	intact_called	target=CASBKY010000001.1; region_start=138754; region_end=138872; region_len=119; strand=+; call_start=138754; call_end=138872	CASBKY010000001.1	138754	138872	138754	138872
AKR	cen|CASBKY010000016.1|536362	centromere	CASBKY010000016.1	536362	536480	119	0.8571428571428571	True	85	intact_called	target=CASBKY010000016.1; region_start=536362; region_end=536480; region_len=119; strand=+; call_start=536362; call_end=536480	CASBKY010000016.1	536362	536480	536362	536480
AKR	cen|CASBKY010000003.1|167736	centromere	CASBKY010000003.1	167736	167853	118	0.847457627118644	True	84	intact_called	target=CASBKY010000003.1; region_start=167736; region_end=167853; region_len=118; strand=+; call_start=167736; call_end=167853	CASBKY010000003.1	167736	167853	167736	167853
AKR	cen|CASBKY010000015.1|314282	centromere	CASBKY010000015.1	314282	314401	120	0.8416666666666667	True	86	intact_called	target=CASBKY010000015.1; region_start=314282; region_end=314401; region_len=120; strand=+; call_start=314282; call_end=314401	CASBKY010000015.1	314282	314401	314282	314401
AKR	cen|CASBKY010000009.1|98944	centromere	CASBKY010000009.1	98944	99062	119	0.8403361344537815	True	85	intact_called	target=CASBKY010000009.1; region_start=98944; region_end=99062; region_len=119; strand=+; call_start=98944; call_end=99062	CASBKY010000009.1	98944	99062	98944	99062
AKR	cen|CASBKY010000004.1|448334	centromere	CASBKY010000004.1	448334	448453	120	0.8333333333333334	True	86	intact_called	target=CASBKY010000004.1; region_start=448334; region_end=448453; region_len=120; strand=+; call_start=448334; call_end=448453	CASBKY010000004.1	448334	448453	448334	448453
AKR	cen|CASBKY010000013.1|250750	centromere	CASBKY010000013.1	250750	250869	120	0.7916666666666666	True	86	intact_called	target=CASBKY010000013.1; region_start=250750; region_end=250869; region_len=120; strand=+; call_start=250750; call_end=250869	CASBKY010000013.1	250750	250869	250750	250869
ALI	cen|CASBLC010000002.1|239472	centromere	CASBLC010000002.1	239472	239587	116	0.9051724137931034	True	82	intact_called	target=CASBLC010000002.1; region_start=239472; region_end=239587; region_len=116; strand=+; call_start=239472; call_end=239587	CASBLC010000002.1	239472	239587	239472	239587
ALI	cen|CASBLC010000013.1|172439	centromere	CASBLC010000013.1	172439	172559	121	0.8842975206611571	True	87	intact_called	target=CASBLC010000013.1; region_start=172439; region_end=172559; region_len=121; strand=+; call_start=172439; call_end=172559	CASBLC010000013.1	172439	172559	172439	172559
ALI	cen|CASBLC010000015.1|623603	centromere	CASBLC010000015.1	623603	623721	119	0.8487394957983193	True	85	intact_called	target=CASBLC010000015.1; region_start=623603; region_end=623721; region_len=119; strand=+; call_start=623603; call_end=623721	CASBLC010000015.1	623603	623721	623603	623721
ALI	cen|CASBLC010000008.1|102236	centromere	CASBLC010000008.1	102236	102355	120	0.875	True	86	intact_called	target=CASBLC010000008.1; region_start=102236; region_end=102355; region_len=120; strand=+; call_start=102236; call_end=102355	CASBLC010000008.1	102236	102355	102236	102355
ALI	cen|CASBLC010000011.1|240869	centromere	CASBLC010000011.1	240869	240985	117	0.8461538461538461	True	83	intact_called	target=CASBLC010000011.1; region_start=240869; region_end=240985; region_len=117; strand=+; call_start=240869; call_end=240985	CASBLC010000011.1	240869	240985	240869	240985
ALI	cen|CASBLC010000017.1|537983	centromere	CASBLC010000017.1	537983	538100	118	0.8728813559322034	True	84	intact_called	target=CASBLC010000017.1; region_start=537983; region_end=538100; region_len=118; strand=+; call_start=537983; call_end=538100	CASBLC010000017.1	537983	538100	537983	538100
ALI	cen|CASBLC010000006.1|383408	centromere	CASBLC010000006.1	383408	383526	119	0.8739495798319328	True	85	intact_called	target=CASBLC010000006.1; region_start=383408; region_end=383526; region_len=119; strand=+; call_start=383408; call_end=383526	CASBLC010000006.1	383408	383526	383408	383526
ALI	cen|CASBLC010000012.1|464475	centromere	CASBLC010000012.1	464475	464594	120	0.85	True	86	intact_called	target=CASBLC010000012.1; region_start=464475; region_end=464594; region_len=120; strand=+; call_start=464475; call_end=464594	CASBLC010000012.1	464475	464594	464475	464594
ALI	cen|CASBLC010000009.1|404215	centromere	CASBLC010000009.1	404215	404333	119	0.8403361344537815	True	85	intact_called	target=CASBLC010000009.1; region_start=404215; region_end=404333; region_len=119; strand=+; call_start=404215; call_end=404333	CASBLC010000009.1	404215	404333	404215	404333
ALI	cen|CASBLC010000007.1|495315	centromere	CASBLC010000007.1	495315	495436	122	0.8524590163934426	True	88	intact_called	target=CASBLC010000007.1; region_start=495315; region_end=495436; region_len=122; strand=+; call_start=495315; call_end=495436	CASBLC010000007.1	495315	495436	495315	495436
ALI	cen|CASBLC010000010.1|154427	centromere	CASBLC010000010.1	154427	154545	119	0.8403361344537815	True	85	intact_called	target=CASBLC010000010.1; region_start=154427; region_end=154545; region_len=119; strand=+; call_start=154427; call_end=154545	CASBLC010000010.1	154427	154545	154427	154545
ALI	cen|CASBLC010000005.1|500960	centromere	CASBLC010000005.1	500960	501077	118	0.847457627118644	True	84	intact_called	target=CASBLC010000005.1; region_start=500960; region_end=501077; region_len=118; strand=+; call_start=500960; call_end=501077	CASBLC010000005.1	500960	501077	500960	501077
ALI	cen|CASBLC010000001.1|160624	centromere	CASBLC010000001.1	160624	160744	121	0.8429752066115702	True	87	intact_called	target=CASBLC010000001.1; region_start=160624; region_end=160744; region_len=121; strand=+; call_start=160624; call_end=160744	CASBLC010000001.1	160624	160744	160624	160744
ALI	cen|CASBLC010000004.1|153017	centromere	CASBLC010000004.1	153017	153134	118	0.847457627118644	True	84	intact_called	target=CASBLC010000004.1; region_start=153017; region_end=153134; region_len=118; strand=+; call_start=153017; call_end=153134	CASBLC010000004.1	153017	153134	153017	153134
ALI	cen|CASBLC010000016.1|340995	centromere	CASBLC010000016.1	340995	341112	118	0.8389830508474576	True	84	intact_called	target=CASBLC010000016.1; region_start=340995; region_end=341112; region_len=118; strand=+; call_start=340995; call_end=341112	CASBLC010000016.1	340995	341112	340995	341112
ALI	cen|CASBLC010000014.1|257690	centromere	CASBLC010000014.1	257690	257806	117	0.8034188034188035	True	83	intact_called	target=CASBLC010000014.1; region_start=257690; region_end=257806; region_len=117; strand=+; call_start=257690; call_end=257806	CASBLC010000014.1	257690	257806	257690	257806
ANE	cen|CASBJY010000012.1|144701	centromere	CASBJY010000012.1	144701	144821	121	0.8925619834710744	True	87	intact_called	target=CASBJY010000012.1; region_start=144701; region_end=144821; region_len=121; strand=+; call_start=144701; call_end=144821	CASBJY010000012.1	144701	144821	144701	144821
ANE	cen|CASBJY010000011.1|439973	centromere	CASBJY010000011.1	439973	440091	119	0.8739495798319328	True	85	intact_called	target=CASBJY010000011.1; region_start=439973; region_end=440091; region_len=119; strand=+; call_start=439973; call_end=440091	CASBJY010000011.1	439973	440091	439973	440091
ANE	cen|CASBJY010000010.1|427056	centromere	CASBJY010000010.1	427056	427173	118	0.8728813559322034	True	84	intact_called	target=CASBJY010000010.1; region_start=427056; region_end=427173; region_len=118; strand=+; call_start=427056; call_end=427173	CASBJY010000010.1	427056	427173	427056	427173
ANE	cen|CASBJY010000008.1|490213	centromere	CASBJY010000008.1	490213	490332	120	0.85	True	86	intact_called	target=CASBJY010000008.1; region_start=490213; region_end=490332; region_len=120; strand=+; call_start=490213; call_end=490332	CASBJY010000008.1	490213	490332	490213	490332
ANE	cen|CASBJY010000006.1|151888	centromere	CASBJY010000006.1	151888	152006	119	0.8571428571428571	True	85	intact_called	target=CASBJY010000006.1; region_start=151888; region_end=152006; region_len=119; strand=+; call_start=151888; call_end=152006	CASBJY010000006.1	151888	152006	151888	152006
ANE	cen|CASBJY010000002.1|243246	centromere	CASBJY010000002.1	243246	243363	118	0.8728813559322034	True	84	intact_called	target=CASBJY010000002.1; region_start=243246; region_end=243363; region_len=118; strand=+; call_start=243246; call_end=243363	CASBJY010000002.1	243246	243363	243246	243363
ANE	cen|CASBJY010000014.1|617577	centromere	CASBJY010000014.1	617577	617695	119	0.8319327731092437	True	85	intact_called	target=CASBJY010000014.1; region_start=617577; region_end=617695; region_len=119; strand=+; call_start=617577; call_end=617695	CASBJY010000014.1	617577	617695	617577	617695
ANE	cen|CASBJY010000015.1|332995	centromere	CASBJY010000015.1	332995	333114	120	0.8583333333333333	True	86	intact_called	target=CASBJY010000015.1; region_start=332995; region_end=333114; region_len=120; strand=+; call_start=332995; call_end=333114	CASBJY010000015.1	332995	333114	332995	333114
ANE	cen|CASBJY010000009.1|99871	centromere	CASBJY010000009.1	99871	99989	119	0.8571428571428571	True	85	intact_called	target=CASBJY010000009.1; region_start=99871; region_end=99989; region_len=119; strand=+; call_start=99871; call_end=99989	CASBJY010000009.1	99871	99989	99871	99989
ANE	cen|CASBJY010000003.1|121794	centromere	CASBJY010000003.1	121794	121911	118	0.8559322033898306	True	84	intact_called	target=CASBJY010000003.1; region_start=121794; region_end=121911; region_len=118; strand=+; call_start=121794; call_end=121911	CASBJY010000003.1	121794	121911	121794	121911
ANE	cen|CASBJY010000004.1|450027	centromere	CASBJY010000004.1	450027	450146	120	0.85	True	86	intact_called	target=CASBJY010000004.1; region_start=450027; region_end=450146; region_len=120; strand=+; call_start=450027; call_end=450146	CASBJY010000004.1	450027	450146	450027	450146
ANE	cen|CASBJY010000016.1|539293	centromere	CASBJY010000016.1	539293	539413	121	0.859504132231405	True	87	intact_called	target=CASBJY010000016.1; region_start=539293; region_end=539413; region_len=121; strand=+; call_start=539293; call_end=539413	CASBJY010000016.1	539293	539413	539293	539413
ANE	cen|CASBJY010000005.1|341696	centromere	CASBJY010000005.1	341696	341813	118	0.8559322033898306	True	84	intact_called	target=CASBJY010000005.1; region_start=341696; region_end=341813; region_len=118; strand=+; call_start=341696; call_end=341813	CASBJY010000005.1	341696	341813	341696	341813
ANE	cen|CASBJY010000001.1|141742	centromere	CASBJY010000001.1	141742	141860	119	0.8403361344537815	True	85	intact_called	target=CASBJY010000001.1; region_start=141742; region_end=141860; region_len=119; strand=+; call_start=141742; call_end=141860	CASBJY010000001.1	141742	141860	141742	141860
ANE	cen|CASBJY010000007.1|160917	centromere	CASBJY010000007.1	160917	161035	119	0.8235294117647058	True	85	intact_called	target=CASBJY010000007.1; region_start=160917; region_end=161035; region_len=119; strand=+; call_start=160917; call_end=161035	CASBJY010000007.1	160917	161035	160917	161035
ANE	cen|CASBJY010000013.1|250170	centromere	CASBJY010000013.1	250170	250289	120	0.7916666666666666	True	86	intact_called	target=CASBJY010000013.1; region_start=250170; region_end=250289; region_len=120; strand=+; call_start=250170; call_end=250289	CASBJY010000013.1	250170	250289	250170	250289
ANL	cen|CASBLB010000010.1|442972	centromere	CASBLB010000010.1	442972	443087	116	0.8706896551724138	True	82	intact_called	target=CASBLB010000010.1; region_start=442972; region_end=443087; region_len=116; strand=+; call_start=442972; call_end=443087	CASBLB010000010.1	442972	443087	442972	443087
ANL	cen|CASBLB010000004.1|441029	centromere	CASBLB010000004.1	441029	441147	119	0.8739495798319328	True	85	intact_called	target=CASBLB010000004.1; region_start=441029; region_end=441147; region_len=119; strand=+; call_start=441029; call_end=441147	CASBLB010000004.1	441029	441147	441029	441147
ANL	cen|CASBLB010000011.1|444632	centromere	CASBLB010000011.1	444632	444750	119	0.865546218487395	True	85	intact_called	target=CASBLB010000011.1; region_start=444632; region_end=444750; region_len=119; strand=+; call_start=444632; call_end=444750	CASBLB010000011.1	444632	444750	444632	444750
ANL	cen|CASBLB010000012.1|143030	centromere	CASBLB010000012.1	143030	143150	121	0.8760330578512396	True	87	intact_called	target=CASBLB010000012.1; region_start=143030; region_end=143150; region_len=121; strand=+; call_start=143030; call_end=143150	CASBLB010000012.1	143030	143150	143030	143150
ANL	cen|CASBLB010000016.1|542012	centromere	CASBLB010000016.1	542012	542129	118	0.8813559322033898	True	84	intact_called	target=CASBLB010000016.1; region_start=542012; region_end=542129; region_len=118; strand=+; call_start=542012; call_end=542129	CASBLB010000016.1	542012	542129	542012	542129
ANL	cen|CASBLB010000003.1|110208	centromere	CASBLB010000003.1	110208	110325	118	0.8728813559322034	True	84	intact_called	target=CASBLB010000003.1; region_start=110208; region_end=110325; region_len=118; strand=+; call_start=110208; call_end=110325	CASBLB010000003.1	110208	110325	110208	110325
ANL	cen|CASBLB010000006.1|150657	centromere	CASBLB010000006.1	150657	150775	119	0.8571428571428571	True	85	intact_called	target=CASBLB010000006.1; region_start=150657; region_end=150775; region_len=119; strand=+; call_start=150657; call_end=150775	CASBLB010000006.1	150657	150775	150657	150775
ANL	cen|CASBLB010000008.1|493986	centromere	CASBLB010000008.1	493986	494106	121	0.8429752066115702	True	87	intact_called	target=CASBLB010000008.1; region_start=493986; region_end=494106; region_len=121; strand=+; call_start=493986; call_end=494106	CASBLB010000008.1	493986	494106	493986	494106
ANL	cen|CASBLB010000014.1|607054	centromere	CASBLB010000014.1	607054	607171	118	0.8389830508474576	True	84	intact_called	target=CASBLB010000014.1; region_start=607054; region_end=607171; region_len=118; strand=+; call_start=607054; call_end=607171	CASBLB010000014.1	607054	607171	607054	607171
ANL	cen|CASBLB010000005.1|331493	centromere	CASBLB010000005.1	331493	331610	118	0.8728813559322034	True	84	intact_called	target=CASBLB010000005.1; region_start=331493; region_end=331610; region_len=118; strand=+; call_start=331493; call_end=331610	CASBLB010000005.1	331493	331610	331493	331610
ANL	cen|CASBLB010000015.1|312738	centromere	CASBLB010000015.1	312738	312858	121	0.8512396694214877	True	87	intact_called	target=CASBLB010000015.1; region_start=312738; region_end=312858; region_len=121; strand=+; call_start=312738; call_end=312858	CASBLB010000015.1	312738	312858	312738	312858
ANL	cen|CASBLB010000007.1|130419	centromere	CASBLB010000007.1	130419	130537	119	0.8403361344537815	True	85	intact_called	target=CASBLB010000007.1; region_start=130419; region_end=130537; region_len=119; strand=+; call_start=130419; call_end=130537	CASBLB010000007.1	130419	130537	130419	130537
ANL	cen|CASBLB010000002.1|225177	centromere	CASBLB010000002.1	225177	225294	118	0.864406779661017	True	84	intact_called	target=CASBLB010000002.1; region_start=225177; region_end=225294; region_len=118; strand=+; call_start=225177; call_end=225294	CASBLB010000002.1	225177	225294	225177	225294
ANL	cen|CASBLB010000009.1|94355	centromere	CASBLB010000009.1	94355	94473	119	0.8403361344537815	True	85	intact_called	target=CASBLB010000009.1; region_start=94355; region_end=94473; region_len=119; strand=+; call_start=94355; call_end=94473	CASBLB010000009.1	94355	94473	94355	94473
ANL	cen|CASBLB010000001.1|143253	centromere	CASBLB010000001.1	143253	143371	119	0.8403361344537815	True	85	intact_called	target=CASBLB010000001.1; region_start=143253; region_end=143371; region_len=119; strand=+; call_start=143253; call_end=143371	CASBLB010000001.1	143253	143371	143253	143371
ANL	cen|CASBLB010000013.1|256002	centromere	CASBLB010000013.1	256002	256121	120	0.7833333333333333	True	86	intact_called	target=CASBLB010000013.1; region_start=256002; region_end=256121; region_len=120; strand=+; call_start=256002; call_end=256121	CASBLB010000013.1	256002	256121	256002	256121
ANM	cen|CASBLF010000010.1|414531	centromere	CASBLF010000010.1	414531	414648	118	0.8728813559322034	True	84	intact_called	target=CASBLF010000010.1; region_start=414531; region_end=414648; region_len=118; strand=+; call_start=414531; call_end=414648	CASBLF010000010.1	414531	414648	414531	414648
ANM	cen|CASBLF010000011.1|494245	centromere	CASBLF010000011.1	494245	494363	119	0.8739495798319328	True	85	intact_called	target=CASBLF010000011.1; region_start=494245; region_end=494363; region_len=119; strand=+; call_start=494245; call_end=494363	CASBLF010000011.1	494245	494363	494245	494363
ANM	cen|CASBLF010000004.1|443834	centromere	CASBLF010000004.1	443834	443952	119	0.8739495798319328	True	85	intact_called	target=CASBLF010000004.1; region_start=443834; region_end=443952; region_len=119; strand=+; call_start=443834; call_end=443952	CASBLF010000004.1	443834	443952	443834	443952
ANM	cen|CASBLF010000012.1|144980	centromere	CASBLF010000012.1	144980	145100	121	0.8760330578512396	True	87	intact_called	target=CASBLF010000012.1; region_start=144980; region_end=145100; region_len=121; strand=+; call_start=144980; call_end=145100	CASBLF010000012.1	144980	145100	144980	145100
ANM	cen|CASBLF010000016.1|542151	centromere	CASBLF010000016.1	542151	542267	117	0.8803418803418803	True	83	intact_called	target=CASBLF010000016.1; region_start=542151; region_end=542267; region_len=117; strand=+; call_start=542151; call_end=542267	CASBLF010000016.1	542151	542267	542151	542267
ANM	cen|CASBLF010000014.1|617639	centromere	CASBLF010000014.1	617639	617757	119	0.8403361344537815	True	85	intact_called	target=CASBLF010000014.1; region_start=617639; region_end=617757; region_len=119; strand=+; call_start=617639; call_end=617757	CASBLF010000014.1	617639	617757	617639	617757
ANM	cen|CASBLF010000005.1|331988	centromere	CASBLF010000005.1	331988	332105	118	0.8728813559322034	True	84	intact_called	target=CASBLF010000005.1; region_start=331988; region_end=332105; region_len=118; strand=+; call_start=331988; call_end=332105	CASBLF010000005.1	331988	332105	331988	332105
ANM	cen|CASBLF010000006.1|150655	centromere	CASBLF010000006.1	150655	150773	119	0.8487394957983193	True	85	intact_called	target=CASBLF010000006.1; region_start=150655; region_end=150773; region_len=119; strand=+; call_start=150655; call_end=150773	CASBLF010000006.1	150655	150773	150655	150773
ANM	cen|CASBLF010000015.1|322759	centromere	CASBLF010000015.1	322759	322879	121	0.8512396694214877	True	87	intact_called	target=CASBLF010000015.1; region_start=322759; region_end=322879; region_len=121; strand=+; call_start=322759; call_end=322879	CASBLF010000015.1	322759	322879	322759	322879
ANM	cen|CASBLF010000008.1|494356	centromere	CASBLF010000008.1	494356	494474	119	0.8319327731092437	True	85	intact_called	target=CASBLF010000008.1; region_start=494356; region_end=494474; region_len=119; strand=+; call_start=494356; call_end=494474	CASBLF010000008.1	494356	494474	494356	494474
ANM	cen|CASBLF010000003.1|110156	centromere	CASBLF010000003.1	110156	110272	117	0.8632478632478633	True	83	intact_called	target=CASBLF010000003.1; region_start=110156; region_end=110272; region_len=117; strand=+; call_start=110156; call_end=110272	CASBLF010000003.1	110156	110272	110156	110272
ANM	cen|CASBLF010000002.1|225339	centromere	CASBLF010000002.1	225339	225456	118	0.864406779661017	True	84	intact_called	target=CASBLF010000002.1; region_start=225339; region_end=225456; region_len=118; strand=+; call_start=225339; call_end=225456	CASBLF010000002.1	225339	225456	225339	225456
ANM	cen|CASBLF010000007.1|130804	centromere	CASBLF010000007.1	130804	130922	119	0.8235294117647058	True	85	intact_called	target=CASBLF010000007.1; region_start=130804; region_end=130922; region_len=119; strand=+; call_start=130804; call_end=130922	CASBLF010000007.1	130804	130922	130804	130922
ANM	cen|CASBLF010000009.1|94619	centromere	CASBLF010000009.1	94619	94737	119	0.8403361344537815	True	85	intact_called	target=CASBLF010000009.1; region_start=94619; region_end=94737; region_len=119; strand=+; call_start=94619; call_end=94737	CASBLF010000009.1	94619	94737	94619	94737
ANM	cen|CASBLF010000001.1|142992	centromere	CASBLF010000001.1	142992	143110	119	0.8403361344537815	True	85	intact_called	target=CASBLF010000001.1; region_start=142992; region_end=143110; region_len=119; strand=+; call_start=142992; call_end=143110	CASBLF010000001.1	142992	143110	142992	143110
ANM	cen|CASBLF010000013.1|256269	centromere	CASBLF010000013.1	256269	256388	120	0.7916666666666666	True	86	intact_called	target=CASBLF010000013.1; region_start=256269; region_end=256388; region_len=120; strand=+; call_start=256269; call_end=256388	CASBLF010000013.1	256269	256388	256269	256388
APG	cen|CASBNF010000010.1|453248	centromere	CASBNF010000010.1	453248	453365	118	0.864406779661017	True	84	intact_called	target=CASBNF010000010.1; region_start=453248; region_end=453365; region_len=118; strand=+; call_start=453248; call_end=453365	CASBNF010000010.1	453248	453365	453248	453365
APG	cen|CASBNF010000011.1|452050	centromere	CASBNF010000011.1	452050	452168	119	0.865546218487395	True	85	intact_called	target=CASBNF010000011.1; region_start=452050; region_end=452168; region_len=119; strand=+; call_start=452050; call_end=452168	CASBNF010000011.1	452050	452168	452050	452168
APG	cen|CASBNF010000012.1|139988	centromere	CASBNF010000012.1	139988	140108	121	0.8760330578512396	True	87	intact_called	target=CASBNF010000012.1; region_start=139988; region_end=140108; region_len=121; strand=+; call_start=139988; call_end=140108	CASBNF010000012.1	139988	140108	139988	140108
APG	cen|CASBNF010000008.1|500577	centromere	CASBNF010000008.1	500577	500698	122	0.8524590163934426	True	88	intact_called	target=CASBNF010000008.1; region_start=500577; region_end=500698; region_len=122; strand=+; call_start=500577; call_end=500698	CASBNF010000008.1	500577	500698	500577	500698
APG	cen|CASBNF010000014.1|627099	centromere	CASBNF010000014.1	627099	627217	119	0.8487394957983193	True	85	intact_called	target=CASBNF010000014.1; region_start=627099; region_end=627217; region_len=119; strand=+; call_start=627099; call_end=627217	CASBNF010000014.1	627099	627217	627099	627217
APG	cen|CASBNF010000005.1|345866	centromere	CASBNF010000005.1	345866	345983	118	0.8813559322033898	True	84	intact_called	target=CASBNF010000005.1; region_start=345866; region_end=345983; region_len=118; strand=+; call_start=345866; call_end=345983	CASBNF010000005.1	345866	345983	345866	345983
APG	cen|CASBNF010000016.1|551720	centromere	CASBNF010000016.1	551720	551837	118	0.8813559322033898	True	84	intact_called	target=CASBNF010000016.1; region_start=551720; region_end=551837; region_len=118; strand=+; call_start=551720; call_end=551837	CASBNF010000016.1	551720	551837	551720	551837
APG	cen|CASBNF010000003.1|114371	centromere	CASBNF010000003.1	114371	114488	118	0.8728813559322034	True	84	intact_called	target=CASBNF010000003.1; region_start=114371; region_end=114488; region_len=118; strand=+; call_start=114371; call_end=114488	CASBNF010000003.1	114371	114488	114371	114488
APG	cen|CASBNF010000002.1|226407	centromere	CASBNF010000002.1	226407	226524	118	0.864406779661017	True	84	intact_called	target=CASBNF010000002.1; region_start=226407; region_end=226524; region_len=118; strand=+; call_start=226407; call_end=226524	CASBNF010000002.1	226407	226524	226407	226524
APG	cen|CASBNF010000015.1|317946	centromere	CASBNF010000015.1	317946	318065	120	0.85	True	86	intact_called	target=CASBNF010000015.1; region_start=317946; region_end=318065; region_len=120; strand=+; call_start=317946; call_end=318065	CASBNF010000015.1	317946	318065	317946	318065
APG	cen|CASBNF010000007.1|149024	centromere	CASBNF010000007.1	149024	149142	119	0.8319327731092437	True	85	intact_called	target=CASBNF010000007.1; region_start=149024; region_end=149142; region_len=119; strand=+; call_start=149024; call_end=149142	CASBNF010000007.1	149024	149142	149024	149142
APG	cen|CASBNF010000006.1|158962	centromere	CASBNF010000006.1	158962	159080	119	0.8319327731092437	True	85	intact_called	target=CASBNF010000006.1; region_start=158962; region_end=159080; region_len=119; strand=+; call_start=158962; call_end=159080	CASBNF010000006.1	158962	159080	158962	159080
APG	cen|CASBNF010000004.1|475247	centromere	CASBNF010000004.1	475247	475366	120	0.8416666666666667	True	86	intact_called	target=CASBNF010000004.1; region_start=475247; region_end=475366; region_len=120; strand=+; call_start=475247; call_end=475366	CASBNF010000004.1	475247	475366	475247	475366
APG	cen|CASBNF010000001.1|143535	centromere	CASBNF010000001.1	143535	143653	119	0.8403361344537815	True	85	intact_called	target=CASBNF010000001.1; region_start=143535; region_end=143653; region_len=119; strand=+; call_start=143535; call_end=143653	CASBNF010000001.1	143535	143653	143535	143653
APG	cen|CASBNF010000009.1|106268	centromere	CASBNF010000009.1	106268	106386	119	0.8319327731092437	True	85	intact_called	target=CASBNF010000009.1; region_start=106268; region_end=106386; region_len=119; strand=+; call_start=106268; call_end=106386	CASBNF010000009.1	106268	106386	106268	106386
APG	cen|CASBNF010000013.1|251485	centromere	CASBNF010000013.1	251485	251604	120	0.7833333333333333	True	86	intact_called	target=CASBNF010000013.1; region_start=251485; region_end=251604; region_len=120; strand=+; call_start=251485; call_end=251604	CASBNF010000013.1	251485	251604	251485	251604
ASB	cen|CASBJP010000010.1|433354	centromere	CASBJP010000010.1	433354	433472	119	0.8739495798319328	True	85	intact_called	target=CASBJP010000010.1; region_start=433354; region_end=433472; region_len=119; strand=+; call_start=433354; call_end=433472	CASBJP010000010.1	433354	433472	433354	433472
ASB	cen|CASBJP010000011.1|533492	centromere	CASBJP010000011.1	533492	533610	119	0.865546218487395	True	85	intact_called	target=CASBJP010000011.1; region_start=533492; region_end=533610; region_len=119; strand=+; call_start=533492; call_end=533610	CASBJP010000011.1	533492	533610	533492	533610
ASB	cen|CASBJP010000012.1|145140	centromere	CASBJP010000012.1	145140	145260	121	0.8760330578512396	True	87	intact_called	target=CASBJP010000012.1; region_start=145140; region_end=145260; region_len=121; strand=+; call_start=145140; call_end=145260	CASBJP010000012.1	145140	145260	145140	145260
ASB	cen|CASBJP010000008.1|487563	centromere	CASBJP010000008.1	487563	487684	122	0.8524590163934426	True	88	intact_called	target=CASBJP010000008.1; region_start=487563; region_end=487684; region_len=122; strand=+; call_start=487563; call_end=487684	CASBJP010000008.1	487563	487684	487563	487684
ASB	cen|CASBJP010000014.1|520942	centromere	CASBJP010000014.1	520942	521060	119	0.8487394957983193	True	85	intact_called	target=CASBJP010000014.1; region_start=520942; region_end=521060; region_len=119; strand=+; call_start=520942; call_end=521060	CASBJP010000014.1	520942	521060	520942	521060
ASB	cen|CASBJP010000005.1|342068	centromere	CASBJP010000005.1	342068	342185	118	0.8813559322033898	True	84	intact_called	target=CASBJP010000005.1; region_start=342068; region_end=342185; region_len=118; strand=+; call_start=342068; call_end=342185	CASBJP010000005.1	342068	342185	342068	342185
ASB	cen|CASBJP010000016.1|543212	centromere	CASBJP010000016.1	543212	543329	118	0.8813559322033898	True	84	intact_called	target=CASBJP010000016.1; region_start=543212; region_end=543329; region_len=118; strand=+; call_start=543212; call_end=543329	CASBJP010000016.1	543212	543329	543212	543329
ASB	cen|CASBJP010000009.1|94995	centromere	CASBJP010000009.1	94995	95113	119	0.865546218487395	True	85	intact_called	target=CASBJP010000009.1; region_start=94995; region_end=95113; region_len=119; strand=+; call_start=94995; call_end=95113	CASBJP010000009.1	94995	95113	94995	95113
ASB	cen|CASBJP010000007.1|143591	centromere	CASBJP010000007.1	143591	143708	118	0.847457627118644	True	84	intact_called	target=CASBJP010000007.1; region_start=143591; region_end=143708; region_len=118; strand=+; call_start=143591; call_end=143708	CASBJP010000007.1	143591	143708	143591	143708
ASB	cen|CASBJP010000006.1|160407	centromere	CASBJP010000006.1	160407	160525	119	0.8487394957983193	True	85	intact_called	target=CASBJP010000006.1; region_start=160407; region_end=160525; region_len=119; strand=+; call_start=160407; call_end=160525	CASBJP010000006.1	160407	160525	160407	160525
ASB	cen|CASBJP010000004.1|460452	centromere	CASBJP010000004.1	460452	460563	112	0.8482142857142857	True	78	intact_called	target=CASBJP010000004.1; region_start=460452; region_end=460563; region_len=112; strand=+; call_start=460452; call_end=460563	CASBJP010000004.1	460452	460563	460452	460563
ASB	cen|CASBJP010000015.1|295192	centromere	CASBJP010000015.1	295192	295313	122	0.8524590163934426	True	88	intact_called	target=CASBJP010000015.1; region_start=295192; region_end=295313; region_len=122; strand=+; call_start=295192; call_end=295313	CASBJP010000015.1	295192	295313	295192	295313
ASB	cen|CASBJP010000002.1|227024	centromere	CASBJP010000002.1	227024	227141	118	0.8559322033898306	True	84	intact_called	target=CASBJP010000002.1; region_start=227024; region_end=227141; region_len=118; strand=+; call_start=227024; call_end=227141	CASBJP010000002.1	227024	227141	227024	227141
ASB	cen|CASBJP010000003.1|115044	centromere	CASBJP010000003.1	115044	115161	118	0.847457627118644	True	84	intact_called	target=CASBJP010000003.1; region_start=115044; region_end=115161; region_len=118; strand=+; call_start=115044; call_end=115161	CASBJP010000003.1	115044	115161	115044	115161
ASB	cen|CASBJP010000001.1|154351	centromere	CASBJP010000001.1	154351	154469	119	0.8403361344537815	True	85	intact_called	target=CASBJP010000001.1; region_start=154351; region_end=154469; region_len=119; strand=+; call_start=154351; call_end=154469	CASBJP010000001.1	154351	154469	154351	154469
ASB	cen|CASBJP010000013.1|267530	centromere	CASBJP010000013.1	267530	267647	118	0.8050847457627118	True	84	intact_called	target=CASBJP010000013.1; region_start=267530; region_end=267647; region_len=118; strand=+; call_start=267530; call_end=267647	CASBJP010000013.1	267530	267647	267530	267647
ASG	cen|CASBNB010000010.1|447089	centromere	CASBNB010000010.1	447089	447205	117	0.8632478632478633	True	83	intact_called	target=CASBNB010000010.1; region_start=447089; region_end=447205; region_len=117; strand=+; call_start=447089; call_end=447205	CASBNB010000010.1	447089	447205	447089	447205
ASG	cen|CASBNB010000011.1|440009	centromere	CASBNB010000011.1	440009	440127	119	0.865546218487395	True	85	intact_called	target=CASBNB010000011.1; region_start=440009; region_end=440127; region_len=119; strand=+; call_start=440009; call_end=440127	CASBNB010000011.1	440009	440127	440009	440127
ASG	cen|CASBNB010000012.1|140067	centromere	CASBNB010000012.1	140067	140187	121	0.8760330578512396	True	87	intact_called	target=CASBNB010000012.1; region_start=140067; region_end=140187; region_len=121; strand=+; call_start=140067; call_end=140187	CASBNB010000012.1	140067	140187	140067	140187
ASG	cen|CASBNB010000008.1|514202	centromere	CASBNB010000008.1	514202	514323	122	0.8524590163934426	True	88	intact_called	target=CASBNB010000008.1; region_start=514202; region_end=514323; region_len=122; strand=+; call_start=514202; call_end=514323	CASBNB010000008.1	514202	514323	514202	514323
ASG	cen|CASBNB010000014.1|603926	centromere	CASBNB010000014.1	603926	604043	118	0.847457627118644	True	84	intact_called	target=CASBNB010000014.1; region_start=603926; region_end=604043; region_len=118; strand=+; call_start=603926; call_end=604043	CASBNB010000014.1	603926	604043	603926	604043
ASG	cen|CASBNB010000005.1|345353	centromere	CASBNB010000005.1	345353	345470	118	0.8813559322033898	True	84	intact_called	target=CASBNB010000005.1; region_start=345353; region_end=345470; region_len=118; strand=+; call_start=345353; call_end=345470	CASBNB010000005.1	345353	345470	345353	345470
ASG	cen|CASBNB010000016.1|541211	centromere	CASBNB010000016.1	541211	541328	118	0.8813559322033898	True	84	intact_called	target=CASBNB010000016.1; region_start=541211; region_end=541328; region_len=118; strand=+; call_start=541211; call_end=541328	CASBNB010000016.1	541211	541328	541211	541328
ASG	cen|CASBNB010000009.1|100928	centromere	CASBNB010000009.1	100928	101046	119	0.865546218487395	True	85	intact_called	target=CASBNB010000009.1; region_start=100928; region_end=101046; region_len=119; strand=+; call_start=100928; call_end=101046	CASBNB010000009.1	100928	101046	100928	101046
ASG	cen|CASBNB010000003.1|108375	centromere	CASBNB010000003.1	108375	108492	118	0.864406779661017	True	84	intact_called	target=CASBNB010000003.1; region_start=108375; region_end=108492; region_len=118; strand=+; call_start=108375; call_end=108492	CASBNB010000003.1	108375	108492	108375	108492
ASG	cen|CASBNB010000002.1|219951	centromere	CASBNB010000002.1	219951	220068	118	0.8728813559322034	True	84	intact_called	target=CASBNB010000002.1; region_start=219951; region_end=220068; region_len=118; strand=+; call_start=219951; call_end=220068	CASBNB010000002.1	219951	220068	219951	220068
ASG	cen|CASBNB010000006.1|140048	centromere	CASBNB010000006.1	140048	140166	119	0.8487394957983193	True	85	intact_called	target=CASBNB010000006.1; region_start=140048; region_end=140166; region_len=119; strand=+; call_start=140048; call_end=140166	CASBNB010000006.1	140048	140166	140048	140166
ASG	cen|CASBNB010000007.1|124378	centromere	CASBNB010000007.1	124378	124495	118	0.8389830508474576	True	84	intact_called	target=CASBNB010000007.1; region_start=124378; region_end=124495; region_len=118; strand=+; call_start=124378; call_end=124495	CASBNB010000007.1	124378	124495	124378	124495
ASG	cen|CASBNB010000015.1|333624	centromere	CASBNB010000015.1	333624	333743	120	0.85	True	86	intact_called	target=CASBNB010000015.1; region_start=333624; region_end=333743; region_len=120; strand=+; call_start=333624; call_end=333743	CASBNB010000015.1	333624	333743	333624	333743
ASG	cen|CASBNB010000004.1|448763	centromere	CASBNB010000004.1	448763	448882	120	0.85	True	86	intact_called	target=CASBNB010000004.1; region_start=448763; region_end=448882; region_len=120; strand=+; call_start=448763; call_end=448882	CASBNB010000004.1	448763	448882	448763	448882
ASG	cen|CASBNB010000001.1|149165	centromere	CASBNB010000001.1	149165	149283	119	0.8403361344537815	True	85	intact_called	target=CASBNB010000001.1; region_start=149165; region_end=149283; region_len=119; strand=+; call_start=149165; call_end=149283	CASBNB010000001.1	149165	149283	149165	149283
ASG	cen|CASBNB010000013.1|257091	centromere	CASBNB010000013.1	257091	257208	118	0.8050847457627118	True	84	intact_called	target=CASBNB010000013.1; region_start=257091; region_end=257208; region_len=118; strand=+; call_start=257091; call_end=257208	CASBNB010000013.1	257091	257208	257091	257208
ASN	cen|CASBNI010000010.1|434001	centromere	CASBNI010000010.1	434001	434117	117	0.8547008547008547	True	83	intact_called	target=CASBNI010000010.1; region_start=434001; region_end=434117; region_len=117; strand=+; call_start=434001; call_end=434117	CASBNI010000010.1	434001	434117	434001	434117
ASN	cen|CASBNI010000012.1|141008	centromere	CASBNI010000012.1	141008	141128	121	0.8760330578512396	True	87	intact_called	target=CASBNI010000012.1; region_start=141008; region_end=141128; region_len=121; strand=+; call_start=141008; call_end=141128	CASBNI010000012.1	141008	141128	141008	141128
ASN	cen|CASBNI010000014.1|649533	centromere	CASBNI010000014.1	649533	649650	118	0.847457627118644	True	84	intact_called	target=CASBNI010000014.1; region_start=649533; region_end=649650; region_len=118; strand=+; call_start=649533; call_end=649650	CASBNI010000014.1	649533	649650	649533	649650
ASN	cen|CASBNI010000011.1|436914	centromere	CASBNI010000011.1	436914	437031	118	0.864406779661017	True	84	intact_called	target=CASBNI010000011.1; region_start=436914; region_end=437031; region_len=118; strand=+; call_start=436914; call_end=437031	CASBNI010000011.1	436914	437031	436914	437031
ASN	cen|CASBNI010000016.1|567646	centromere	CASBNI010000016.1	567646	567763	118	0.8813559322033898	True	84	intact_called	target=CASBNI010000016.1; region_start=567646; region_end=567763; region_len=118; strand=+; call_start=567646; call_end=567763	CASBNI010000016.1	567646	567763	567646	567763
ASN	cen|CASBNI010000005.1|348736	centromere	CASBNI010000005.1	348736	348848	113	0.8761061946902655	True	79	intact_called	target=CASBNI010000005.1; region_start=348736; region_end=348848; region_len=113; strand=+; call_start=348736; call_end=348848	CASBNI010000005.1	348736	348848	348736	348848
ASN	cen|CASBNI010000006.1|98885	centromere	CASBNI010000006.1	98885	99001	117	0.8461538461538461	True	83	intact_called	target=CASBNI010000006.1; region_start=98885; region_end=99001; region_len=117; strand=+; call_start=98885; call_end=99001	CASBNI010000006.1	98885	99001	98885	99001
ASN	cen|CASBNI010000004.1|451391	centromere	CASBNI010000004.1	451391	451506	116	0.8620689655172413	True	82	intact_called	target=CASBNI010000004.1; region_start=451391; region_end=451506; region_len=116; strand=+; call_start=451391; call_end=451506	CASBNI010000004.1	451391	451506	451391	451506
ASN	cen|CASBNI010000002.1|289463	centromere	CASBNI010000002.1	289463	289580	118	0.8728813559322034	True	84	intact_called	target=CASBNI010000002.1; region_start=289463; region_end=289580; region_len=118; strand=+; call_start=289463; call_end=289580	CASBNI010000002.1	289463	289580	289463	289580
ASN	cen|CASBNI010000009.1|94068	centromere	CASBNI010000009.1	94068	94185	118	0.8559322033898306	True	84	intact_called	target=CASBNI010000009.1; region_start=94068; region_end=94185; region_len=118; strand=+; call_start=94068; call_end=94185	CASBNI010000009.1	94068	94185	94068	94185
ASN	cen|CASBNI010000008.1|388399	centromere	CASBNI010000008.1	388399	388516	118	0.8559322033898306	True	84	intact_called	target=CASBNI010000008.1; region_start=388399; region_end=388516; region_len=118; strand=+; call_start=388399; call_end=388516	CASBNI010000008.1	388399	388516	388399	388516
ASN	cen|CASBNI010000007.1|135351	centromere	CASBNI010000007.1	135351	135470	120	0.8333333333333334	True	86	intact_called	target=CASBNI010000007.1; region_start=135351; region_end=135470; region_len=120; strand=+; call_start=135351; call_end=135470	CASBNI010000007.1	135351	135470	135351	135470
ASN	cen|CASBNI010000015.1|312061	centromere	CASBNI010000015.1	312061	312178	118	0.8389830508474576	True	84	intact_called	target=CASBNI010000015.1; region_start=312061; region_end=312178; region_len=118; strand=+; call_start=312061; call_end=312178	CASBNI010000015.1	312061	312178	312061	312178
ASN	cen|CASBNI010000003.1|101396	centromere	CASBNI010000003.1	101396	101508	113	0.831858407079646	True	79	intact_called	target=CASBNI010000003.1; region_start=101396; region_end=101508; region_len=113; strand=+; call_start=101396; call_end=101508	CASBNI010000003.1	101396	101508	101396	101508
ASN	cen|CASBNI010000013.1|256815	centromere	CASBNI010000013.1	256815	256931	117	0.811965811965812	True	83	intact_called	target=CASBNI010000013.1; region_start=256815; region_end=256931; region_len=117; strand=+; call_start=256815; call_end=256931	CASBNI010000013.1	256815	256931	256815	256931
ASN	cen|CASBNI010000001.1|126368	centromere	CASBNI010000001.1	126368	126486	119	0.8235294117647058	True	85	intact_called	target=CASBNI010000001.1; region_start=126368; region_end=126486; region_len=119; strand=+; call_start=126368; call_end=126486	CASBNI010000001.1	126368	126486	126368	126486
ATV	cen|CASBMT010000010.1|450176	centromere	CASBMT010000010.1	450176	450294	119	0.865546218487395	True	85	intact_called	target=CASBMT010000010.1; region_start=450176; region_end=450294; region_len=119; strand=+; call_start=450176; call_end=450294	CASBMT010000010.1	450176	450294	450176	450294
ATV	cen|CASBMT010000011.1|464178	centromere	CASBMT010000011.1	464178	464296	119	0.865546218487395	True	85	intact_called	target=CASBMT010000011.1; region_start=464178; region_end=464296; region_len=119; strand=+; call_start=464178; call_end=464296	CASBMT010000011.1	464178	464296	464178	464296
ATV	cen|CASBMT010000012.1|151283	centromere	CASBMT010000012.1	151283	151403	121	0.8760330578512396	True	87	intact_called	target=CASBMT010000012.1; region_start=151283; region_end=151403; region_len=121; strand=+; call_start=151283; call_end=151403	CASBMT010000012.1	151283	151403	151283	151403
ATV	cen|CASBMT010000008.1|517656	centromere	CASBMT010000008.1	517656	517777	122	0.8524590163934426	True	88	intact_called	target=CASBMT010000008.1; region_start=517656; region_end=517777; region_len=122; strand=+; call_start=517656; call_end=517777	CASBMT010000008.1	517656	517777	517656	517777
ATV	cen|CASBMT010000005.1|385844	centromere	CASBMT010000005.1	385844	385961	118	0.8813559322033898	True	84	intact_called	target=CASBMT010000005.1; region_start=385844; region_end=385961; region_len=118; strand=+; call_start=385844; call_end=385961	CASBMT010000005.1	385844	385961	385844	385961
ATV	cen|CASBMT010000014.1|613623	centromere	CASBMT010000014.1	613623	613741	119	0.8487394957983193	True	85	intact_called	target=CASBMT010000014.1; region_start=613623; region_end=613741; region_len=119; strand=+; call_start=613623; call_end=613741	CASBMT010000014.1	613623	613741	613623	613741
ATV	cen|CASBMT010000006.1|156752	centromere	CASBMT010000006.1	156752	156870	119	0.8571428571428571	True	85	intact_called	target=CASBMT010000006.1; region_start=156752; region_end=156870; region_len=119; strand=+; call_start=156752; call_end=156870	CASBMT010000006.1	156752	156870	156752	156870
ATV	cen|CASBMT010000004.1|453312	centromere	CASBMT010000004.1	453312	453430	119	0.865546218487395	True	85	intact_called	target=CASBMT010000004.1; region_start=453312; region_end=453430; region_len=119; strand=+; call_start=453312; call_end=453430	CASBMT010000004.1	453312	453430	453312	453430
ATV	cen|CASBMT010000009.1|95897	centromere	CASBMT010000009.1	95897	96015	119	0.865546218487395	True	85	intact_called	target=CASBMT010000009.1; region_start=95897; region_end=96015; region_len=119; strand=+; call_start=95897; call_end=96015	CASBMT010000009.1	95897	96015	95897	96015
ATV	cen|CASBMT010000007.1|128700	centromere	CASBMT010000007.1	128700	128818	119	0.8487394957983193	True	85	intact_called	target=CASBMT010000007.1; region_start=128700; region_end=128818; region_len=119; strand=+; call_start=128700; call_end=128818	CASBMT010000007.1	128700	128818	128700	128818
ATV	cen|CASBMT010000016.1|545960	centromere	CASBMT010000016.1	545960	546077	118	0.8728813559322034	True	84	intact_called	target=CASBMT010000016.1; region_start=545960; region_end=546077; region_len=118; strand=+; call_start=545960; call_end=546077	CASBMT010000016.1	545960	546077	545960	546077
ATV	cen|CASBMT010000002.1|225358	centromere	CASBMT010000002.1	225358	225475	118	0.8728813559322034	True	84	intact_called	target=CASBMT010000002.1; region_start=225358; region_end=225475; region_len=118; strand=+; call_start=225358; call_end=225475	CASBMT010000002.1	225358	225475	225358	225475
ATV	cen|CASBMT010000015.1|322246	centromere	CASBMT010000015.1	322246	322365	120	0.85	True	86	intact_called	target=CASBMT010000015.1; region_start=322246; region_end=322365; region_len=120; strand=+; call_start=322246; call_end=322365	CASBMT010000015.1	322246	322365	322246	322365
ATV	cen|CASBMT010000003.1|108643	centromere	CASBMT010000003.1	108643	108760	118	0.847457627118644	True	84	intact_called	target=CASBMT010000003.1; region_start=108643; region_end=108760; region_len=118; strand=+; call_start=108643; call_end=108760	CASBMT010000003.1	108643	108760	108643	108760
ATV	cen|CASBMT010000001.1|143155	centromere	CASBMT010000001.1	143155	143273	119	0.8403361344537815	True	85	intact_called	target=CASBMT010000001.1; region_start=143155; region_end=143273; region_len=119; strand=+; call_start=143155; call_end=143273	CASBMT010000001.1	143155	143273	143155	143273
ATV	cen|CASBMT010000013.1|256424	centromere	CASBMT010000013.1	256424	256541	118	0.7966101694915254	True	84	intact_called	target=CASBMT010000013.1; region_start=256424; region_end=256541; region_len=118; strand=+; call_start=256424; call_end=256541	CASBMT010000013.1	256424	256541	256424	256541
AVB	cen|CASBMG010000010.1|448345	centromere	CASBMG010000010.1	448345	448462	118	0.864406779661017	True	84	intact_called	target=CASBMG010000010.1; region_start=448345; region_end=448462; region_len=118; strand=+; call_start=448345; call_end=448462	CASBMG010000010.1	448345	448462	448345	448462
AVB	cen|CASBMG010000011.1|451598	centromere	CASBMG010000011.1	451598	451716	119	0.865546218487395	True	85	intact_called	target=CASBMG010000011.1; region_start=451598; region_end=451716; region_len=119; strand=+; call_start=451598; call_end=451716	CASBMG010000011.1	451598	451716	451598	451716
AVB	cen|CASBMG010000009.1|671714	centromere	CASBMG010000009.1	671714	671835	122	0.8524590163934426	True	88	intact_called	target=CASBMG010000009.1; region_start=671714; region_end=671835; region_len=122; strand=+; call_start=671714; call_end=671835	CASBMG010000009.1	671714	671835	671714	671835
AVB	cen|CASBMG010000014.1|603547	centromere	CASBMG010000014.1	603547	603665	119	0.8487394957983193	True	85	intact_called	target=CASBMG010000014.1; region_start=603547; region_end=603665; region_len=119; strand=+; call_start=603547; call_end=603665	CASBMG010000014.1	603547	603665	603547	603665
AVB	cen|CASBMG010000005.1|355164	centromere	CASBMG010000005.1	355164	355281	118	0.8813559322033898	True	84	intact_called	target=CASBMG010000005.1; region_start=355164; region_end=355281; region_len=118; strand=+; call_start=355164; call_end=355281	CASBMG010000005.1	355164	355281	355164	355281
AVB	cen|CASBMG010000016.1|571106	centromere	CASBMG010000016.1	571106	571223	118	0.8813559322033898	True	84	intact_called	target=CASBMG010000016.1; region_start=571106; region_end=571223; region_len=118; strand=+; call_start=571106; call_end=571223	CASBMG010000016.1	571106	571223	571106	571223
AVB	cen|CASBMG010000013.1|140522	centromere	CASBMG010000013.1	140522	140642	121	0.8677685950413223	True	87	intact_called	target=CASBMG010000013.1; region_start=140522; region_end=140642; region_len=121; strand=+; call_start=140522; call_end=140642	CASBMG010000013.1	140522	140642	140522	140642
AVB	cen|CASBMG010000007.1|123494	centromere	CASBMG010000007.1	123494	123612	119	0.8487394957983193	True	85	intact_called	target=CASBMG010000007.1; region_start=123494; region_end=123612; region_len=119; strand=+; call_start=123494; call_end=123612	CASBMG010000007.1	123494	123612	123494	123612
AVB	cen|CASBMG010000003.1|113717	centromere	CASBMG010000003.1	113717	113834	118	0.864406779661017	True	84	intact_called	target=CASBMG010000003.1; region_start=113717; region_end=113834; region_len=118; strand=+; call_start=113717; call_end=113834	CASBMG010000003.1	113717	113834	113717	113834
AVB	cen|CASBMG010000002.1|219806	centromere	CASBMG010000002.1	219806	219923	118	0.8728813559322034	True	84	intact_called	target=CASBMG010000002.1; region_start=219806; region_end=219923; region_len=118; strand=+; call_start=219806; call_end=219923	CASBMG010000002.1	219806	219923	219806	219923
AVB	cen|CASBMG010000006.1|160217	centromere	CASBMG010000006.1	160217	160335	119	0.8487394957983193	True	85	intact_called	target=CASBMG010000006.1; region_start=160217; region_end=160335; region_len=119; strand=+; call_start=160217; call_end=160335	CASBMG010000006.1	160217	160335	160217	160335
AVB	cen|CASBMG010000004.1|444662	centromere	CASBMG010000004.1	444662	444781	120	0.85	True	86	intact_called	target=CASBMG010000004.1; region_start=444662; region_end=444781; region_len=120; strand=+; call_start=444662; call_end=444781	CASBMG010000004.1	444662	444781	444662	444781
AVB	cen|CASBMG010000015.1|328323	centromere	CASBMG010000015.1	328323	328442	120	0.8416666666666667	True	86	intact_called	target=CASBMG010000015.1; region_start=328323; region_end=328442; region_len=120; strand=+; call_start=328323; call_end=328442	CASBMG010000015.1	328323	328442	328323	328442
AVB	cen|CASBMG010000001.1|137505	centromere	CASBMG010000001.1	137505	137623	119	0.8403361344537815	True	85	intact_called	target=CASBMG010000001.1; region_start=137505; region_end=137623; region_len=119; strand=+; call_start=137505; call_end=137623	CASBMG010000001.1	137505	137623	137505	137623
AVB	cen|CASBMG010000012.1|256441	centromere	CASBMG010000012.1	256441	256558	118	0.8135593220338984	True	84	intact_called	target=CASBMG010000012.1; region_start=256441; region_end=256558; region_len=118; strand=+; call_start=256441; call_end=256558	CASBMG010000012.1	256441	256558	256441	256558
AVB	cen|CASBMG010000008.1|99751	centromere	CASBMG010000008.1	99751	99869	119	0.8319327731092437	True	85	intact_called	target=CASBMG010000008.1; region_start=99751; region_end=99869; region_len=119; strand=+; call_start=99751; call_end=99869	CASBMG010000008.1	99751	99869	99751	99869
AVN	cen|CASBMP010000010.1|433428	centromere	CASBMP010000010.1	433428	433544	117	0.8717948717948718	True	83	intact_called	target=CASBMP010000010.1; region_start=433428; region_end=433544; region_len=117; strand=+; call_start=433428; call_end=433544	CASBMP010000010.1	433428	433544	433428	433544
AVN	cen|CASBMP010000011.1|444416	centromere	CASBMP010000011.1	444416	444534	119	0.8739495798319328	True	85	intact_called	target=CASBMP010000011.1; region_start=444416; region_end=444534; region_len=119; strand=+; call_start=444416; call_end=444534	CASBMP010000011.1	444416	444534	444416	444534
AVN	cen|CASBMP010000004.1|461418	centromere	CASBMP010000004.1	461418	461536	119	0.8739495798319328	True	85	intact_called	target=CASBMP010000004.1; region_start=461418; region_end=461536; region_len=119; strand=+; call_start=461418; call_end=461536	CASBMP010000004.1	461418	461536	461418	461536
AVN	cen|CASBMP010000012.1|142738	centromere	CASBMP010000012.1	142738	142858	121	0.8760330578512396	True	87	intact_called	target=CASBMP010000012.1; region_start=142738; region_end=142858; region_len=121; strand=+; call_start=142738; call_end=142858	CASBMP010000012.1	142738	142858	142738	142858
AVN	cen|CASBMP010000008.1|494079	centromere	CASBMP010000008.1	494079	494200	122	0.8524590163934426	True	88	intact_called	target=CASBMP010000008.1; region_start=494079; region_end=494200; region_len=122; strand=+; call_start=494079; call_end=494200	CASBMP010000008.1	494079	494200	494079	494200
AVN	cen|CASBMP010000016.1|541892	centromere	CASBMP010000016.1	541892	542008	117	0.8803418803418803	True	83	intact_called	target=CASBMP010000016.1; region_start=541892; region_end=542008; region_len=117; strand=+; call_start=541892; call_end=542008	CASBMP010000016.1	541892	542008	541892	542008
AVN	cen|CASBMP010000006.1|150476	centromere	CASBMP010000006.1	150476	150594	119	0.8571428571428571	True	85	intact_called	target=CASBMP010000006.1; region_start=150476; region_end=150594; region_len=119; strand=+; call_start=150476; call_end=150594	CASBMP010000006.1	150476	150594	150476	150594
AVN	cen|CASBMP010000014.1|625913	centromere	CASBMP010000014.1	625913	626031	119	0.8403361344537815	True	85	intact_called	target=CASBMP010000014.1; region_start=625913; region_end=626031; region_len=119; strand=+; call_start=625913; call_end=626031	CASBMP010000014.1	625913	626031	625913	626031
AVN	cen|CASBMP010000005.1|366402	centromere	CASBMP010000005.1	366402	366519	118	0.8728813559322034	True	84	intact_called	target=CASBMP010000005.1; region_start=366402; region_end=366519; region_len=118; strand=+; call_start=366402; call_end=366519	CASBMP010000005.1	366402	366519	366402	366519
AVN	cen|CASBMP010000003.1|110249	centromere	CASBMP010000003.1	110249	110366	118	0.864406779661017	True	84	intact_called	target=CASBMP010000003.1; region_start=110249; region_end=110366; region_len=118; strand=+; call_start=110249; call_end=110366	CASBMP010000003.1	110249	110366	110249	110366
AVN	cen|CASBMP010000015.1|293793	centromere	CASBMP010000015.1	293793	293913	121	0.8512396694214877	True	87	intact_called	target=CASBMP010000015.1; region_start=293793; region_end=293913; region_len=121; strand=+; call_start=293793; call_end=293913	CASBMP010000015.1	293793	293913	293793	293913
AVN	cen|CASBMP010000002.1|225064	centromere	CASBMP010000002.1	225064	225181	118	0.864406779661017	True	84	intact_called	target=CASBMP010000002.1; region_start=225064; region_end=225181; region_len=118; strand=+; call_start=225064; call_end=225181	CASBMP010000002.1	225064	225181	225064	225181
AVN	cen|CASBMP010000007.1|130710	centromere	CASBMP010000007.1	130710	130828	119	0.8319327731092437	True	85	intact_called	target=CASBMP010000007.1; region_start=130710; region_end=130828; region_len=119; strand=+; call_start=130710; call_end=130828	CASBMP010000007.1	130710	130828	130710	130828
AVN	cen|CASBMP010000009.1|94431	centromere	CASBMP010000009.1	94431	94549	119	0.8403361344537815	True	85	intact_called	target=CASBMP010000009.1; region_start=94431; region_end=94549; region_len=119; strand=+; call_start=94431; call_end=94549	CASBMP010000009.1	94431	94549	94431	94549
AVN	cen|CASBMP010000001.1|143115	centromere	CASBMP010000001.1	143115	143233	119	0.8403361344537815	True	85	intact_called	target=CASBMP010000001.1; region_start=143115; region_end=143233; region_len=119; strand=+; call_start=143115; call_end=143233	CASBMP010000001.1	143115	143233	143115	143233
AVN	cen|CASBMP010000013.1|256190	centromere	CASBMP010000013.1	256190	256309	120	0.7916666666666666	True	86	intact_called	target=CASBMP010000013.1; region_start=256190; region_end=256309; region_len=120; strand=+; call_start=256190; call_end=256309	CASBMP010000013.1	256190	256309	256190	256309
BAD	cen|CASBOY010000007.1|140693	centromere	CASBOY010000007.1	140693	140811	119	0.8739495798319328	True	85	intact_called	target=CASBOY010000007.1; region_start=140693; region_end=140811; region_len=119; strand=+; call_start=140693; call_end=140811	CASBOY010000007.1	140693	140811	140693	140811
BAD	cen|CASBOY010000011.1|453124	centromere	CASBOY010000011.1	453124	453242	119	0.8739495798319328	True	85	intact_called	target=CASBOY010000011.1; region_start=453124; region_end=453242; region_len=119; strand=+; call_start=453124; call_end=453242	CASBOY010000011.1	453124	453242	453124	453242
BAD	cen|CASBOY010000012.1|157796	centromere	CASBOY010000012.1	157796	157915	120	0.8833333333333333	True	86	intact_called	target=CASBOY010000012.1; region_start=157796; region_end=157915; region_len=120; strand=+; call_start=157796; call_end=157915	CASBOY010000012.1	157796	157915	157796	157915
BAD	cen|CASBOY010000002.1|234272	centromere	CASBOY010000002.1	234272	234389	118	0.8898305084745762	True	84	intact_called	target=CASBOY010000002.1; region_start=234272; region_end=234389; region_len=118; strand=+; call_start=234272; call_end=234389	CASBOY010000002.1	234272	234389	234272	234389
BAD	cen|CASBOY010000010.1|444176	centromere	CASBOY010000010.1	444176	444293	118	0.864406779661017	True	84	intact_called	target=CASBOY010000010.1; region_start=444176; region_end=444293; region_len=118; strand=+; call_start=444176; call_end=444293	CASBOY010000010.1	444176	444293	444176	444293
BAD	cen|CASBOY010000008.1|497856	centromere	CASBOY010000008.1	497856	497976	121	0.8512396694214877	True	87	intact_called	target=CASBOY010000008.1; region_start=497856; region_end=497976; region_len=121; strand=+; call_start=497856; call_end=497976	CASBOY010000008.1	497856	497976	497856	497976
BAD	cen|CASBOY010000016.1|550113	centromere	CASBOY010000016.1	550113	550229	117	0.8803418803418803	True	83	intact_called	target=CASBOY010000016.1; region_start=550113; region_end=550229; region_len=117; strand=+; call_start=550113; call_end=550229	CASBOY010000016.1	550113	550229	550113	550229
BAD	cen|CASBOY010000006.1|156019	centromere	CASBOY010000006.1	156019	156137	119	0.8571428571428571	True	85	intact_called	target=CASBOY010000006.1; region_start=156019; region_end=156137; region_len=119; strand=+; call_start=156019; call_end=156137	CASBOY010000006.1	156019	156137	156019	156137
BAD	cen|CASBOY010000005.1|352238	centromere	CASBOY010000005.1	352238	352355	118	0.8728813559322034	True	84	intact_called	target=CASBOY010000005.1; region_start=352238; region_end=352355; region_len=118; strand=+; call_start=352238; call_end=352355	CASBOY010000005.1	352238	352355	352238	352355
BAD	cen|CASBOY010000003.1|114578	centromere	CASBOY010000003.1	114578	114696	119	0.865546218487395	True	85	intact_called	target=CASBOY010000003.1; region_start=114578; region_end=114696; region_len=119; strand=+; call_start=114578; call_end=114696	CASBOY010000003.1	114578	114696	114578	114696
BAD	cen|CASBOY010000014.1|619466	centromere	CASBOY010000014.1	619466	619583	118	0.8305084745762712	True	84	intact_called	target=CASBOY010000014.1; region_start=619466; region_end=619583; region_len=118; strand=+; call_start=619466; call_end=619583	CASBOY010000014.1	619466	619583	619466	619583
BAD	cen|CASBOY010000015.1|324730	centromere	CASBOY010000015.1	324730	324849	120	0.85	True	86	intact_called	target=CASBOY010000015.1; region_start=324730; region_end=324849; region_len=120; strand=+; call_start=324730; call_end=324849	CASBOY010000015.1	324730	324849	324730	324849
BAD	cen|CASBOY010000004.1|454449	centromere	CASBOY010000004.1	454449	454568	120	0.85	True	86	intact_called	target=CASBOY010000004.1; region_start=454449; region_end=454568; region_len=120; strand=+; call_start=454449; call_end=454568	CASBOY010000004.1	454449	454568	454449	454568
BAD	cen|CASBOY010000009.1|95724	centromere	CASBOY010000009.1	95724	95842	119	0.8403361344537815	True	85	intact_called	target=CASBOY010000009.1; region_start=95724; region_end=95842; region_len=119; strand=+; call_start=95724; call_end=95842	CASBOY010000009.1	95724	95842	95724	95842
BAD	cen|CASBOY010000001.1|144394	centromere	CASBOY010000001.1	144394	144512	119	0.8319327731092437	True	85	intact_called	target=CASBOY010000001.1; region_start=144394; region_end=144512; region_len=119; strand=+; call_start=144394; call_end=144512	CASBOY010000001.1	144394	144512	144394	144512
BAD	cen|CASBOY010000013.1|257261	centromere	CASBOY010000013.1	257261	257379	119	0.7983193277310925	True	85	intact_called	target=CASBOY010000013.1; region_start=257261; region_end=257379; region_len=119; strand=+; call_start=257261; call_end=257379	CASBOY010000013.1	257261	257379	257261	257379
BAF	cen|CASBNO010000008.1|164197	centromere	CASBNO010000008.1	164197	164315	119	0.8739495798319328	True	85	intact_called	target=CASBNO010000008.1; region_start=164197; region_end=164315; region_len=119; strand=+; call_start=164197; call_end=164315	CASBNO010000008.1	164197	164315	164197	164315
BAF	cen|CASBNO010000012.1|447599	centromere	CASBNO010000012.1	447599	447717	119	0.8739495798319328	True	85	intact_called	target=CASBNO010000012.1; region_start=447599; region_end=447717; region_len=119; strand=+; call_start=447599; call_end=447717	CASBNO010000012.1	447599	447717	447599	447717
BAF	cen|CASBNO010000013.1|146458	centromere	CASBNO010000013.1	146458	146577	120	0.8833333333333333	True	86	intact_called	target=CASBNO010000013.1; region_start=146458; region_end=146577; region_len=120; strand=+; call_start=146458; call_end=146577	CASBNO010000013.1	146458	146577	146458	146577
BAF	cen|CASBNO010000011.1|440066	centromere	CASBNO010000011.1	440066	440183	118	0.864406779661017	True	84	intact_called	target=CASBNO010000011.1; region_start=440066; region_end=440183; region_len=118; strand=+; call_start=440066; call_end=440183	CASBNO010000011.1	440066	440183	440066	440183
BAF	cen|CASBNO010000009.1|505615	centromere	CASBNO010000009.1	505615	505735	121	0.8512396694214877	True	87	intact_called	target=CASBNO010000009.1; region_start=505615; region_end=505735; region_len=121; strand=+; call_start=505615; call_end=505735	CASBNO010000009.1	505615	505735	505615	505735
BAF	cen|CASBNO010000017.1|539518	centromere	CASBNO010000017.1	539518	539635	118	0.8728813559322034	True	84	intact_called	target=CASBNO010000017.1; region_start=539518; region_end=539635; region_len=118; strand=+; call_start=539518; call_end=539635	CASBNO010000017.1	539518	539635	539518	539635
BAF	cen|CASBNO010000003.1|115306	centromere	CASBNO010000003.1	115306	115423	118	0.864406779661017	True	84	intact_called	target=CASBNO010000003.1; region_start=115306; region_end=115423; region_len=118; strand=+; call_start=115306; call_end=115423	CASBNO010000003.1	115306	115423	115306	115423
BAF	cen|CASBNO010000015.1|16069	centromere	CASBNO010000015.1	16069	16187	119	0.8319327731092437	True	85	intact_called	target=CASBNO010000015.1; region_start=16069; region_end=16187; region_len=119; strand=+; call_start=16069; call_end=16187	CASBNO010000015.1	16069	16187	16069	16187
BAF	cen|CASBNO010000006.1|332283	centromere	CASBNO010000006.1	332283	332400	118	0.8305084745762712	True	84	intact_called	target=CASBNO010000006.1; region_start=332283; region_end=332400; region_len=118; strand=+; call_start=332283; call_end=332400	CASBNO010000006.1	332283	332400	332283	332400
BAF	cen|CASBNO010000005.1|60810	centromere	CASBNO010000005.1	60810	60927	118	0.864406779661017	True	84	intact_called	target=CASBNO010000005.1; region_start=60810; region_end=60927; region_len=118; strand=+; call_start=60810; call_end=60927	CASBNO010000005.1	60810	60927	60810	60927
BAF	cen|CASBNO010000016.1|324970	centromere	CASBNO010000016.1	324970	325089	120	0.85	True	86	intact_called	target=CASBNO010000016.1; region_start=324970; region_end=325089; region_len=120; strand=+; call_start=324970; call_end=325089	CASBNO010000016.1	324970	325089	324970	325089
BAF	cen|CASBNO010000004.1|474729	centromere	CASBNO010000004.1	474729	474848	120	0.85	True	86	intact_called	target=CASBNO010000004.1; region_start=474729; region_end=474848; region_len=120; strand=+; call_start=474729; call_end=474848	CASBNO010000004.1	474729	474848	474729	474848
BAF	cen|CASBNO010000007.1|156049	centromere	CASBNO010000007.1	156049	156167	119	0.8319327731092437	True	85	intact_called	target=CASBNO010000007.1; region_start=156049; region_end=156167; region_len=119; strand=+; call_start=156049; call_end=156167	CASBNO010000007.1	156049	156167	156049	156167
BAF	cen|CASBNO010000002.1|234944	centromere	CASBNO010000002.1	234944	235062	119	0.8571428571428571	True	85	intact_called	target=CASBNO010000002.1; region_start=234944; region_end=235062; region_len=119; strand=+; call_start=234944; call_end=235062	CASBNO010000002.1	234944	235062	234944	235062
BAF	cen|CASBNO010000001.1|145903	centromere	CASBNO010000001.1	145903	146021	119	0.8319327731092437	True	85	intact_called	target=CASBNO010000001.1; region_start=145903; region_end=146021; region_len=119; strand=+; call_start=145903; call_end=146021	CASBNO010000001.1	145903	146021	145903	146021
BAF	cen|CASBNO010000010.1|94958	centromere	CASBNO010000010.1	94958	95076	119	0.8319327731092437	True	85	intact_called	target=CASBNO010000010.1; region_start=94958; region_end=95076; region_len=119; strand=+; call_start=94958; call_end=95076	CASBNO010000010.1	94958	95076	94958	95076
BAF	cen|CASBNO010000014.1|258714	centromere	CASBNO010000014.1	258714	258834	121	0.8099173553719008	True	87	intact_called	target=CASBNO010000014.1; region_start=258714; region_end=258834; region_len=121; strand=+; call_start=258714; call_end=258834	CASBNO010000014.1	258714	258834	258714	258834
BAH	cen|CASBMK010000011.1|144161	centromere	CASBMK010000011.1	144161	144281	121	0.8925619834710744	True	87	intact_called	target=CASBMK010000011.1; region_start=144161; region_end=144281; region_len=121; strand=+; call_start=144161; call_end=144281	CASBMK010000011.1	144161	144281	144161	144281
BAH	cen|CASBMK010000010.1|447187	centromere	CASBMK010000010.1	447187	447305	119	0.8823529411764706	True	85	intact_called	target=CASBMK010000010.1; region_start=447187; region_end=447305; region_len=119; strand=+; call_start=447187; call_end=447305	CASBMK010000010.1	447187	447305	447187	447305
BAH	cen|CASBMK010000004.1|448472	centromere	CASBMK010000004.1	448472	448591	120	0.875	True	86	intact_called	target=CASBMK010000004.1; region_start=448472; region_end=448591; region_len=120; strand=+; call_start=448472; call_end=448591	CASBMK010000004.1	448472	448591	448472	448591
BAH	cen|CASBMK010000002.1|227564	centromere	CASBMK010000002.1	227564	227681	118	0.864406779661017	True	84	intact_called	target=CASBMK010000002.1; region_start=227564; region_end=227681; region_len=118; strand=+; call_start=227564; call_end=227681	CASBMK010000002.1	227564	227681	227564	227681
BAH	cen|CASBMK010000015.1|542873	centromere	CASBMK010000015.1	542873	542990	118	0.8813559322033898	True	84	intact_called	target=CASBMK010000015.1; region_start=542873; region_end=542990; region_len=118; strand=+; call_start=542873; call_end=542990	CASBMK010000015.1	542873	542990	542873	542990
BAH	cen|CASBMK010000007.1|146402	centromere	CASBMK010000007.1	146402	146520	119	0.8487394957983193	True	85	intact_called	target=CASBMK010000007.1; region_start=146402; region_end=146520; region_len=119; strand=+; call_start=146402; call_end=146520	CASBMK010000007.1	146402	146520	146402	146520
BAH	cen|CASBMK010000008.1|521374	centromere	CASBMK010000008.1	521374	521495	122	0.8442622950819673	True	88	intact_called	target=CASBMK010000008.1; region_start=521374; region_end=521495; region_len=122; strand=+; call_start=521374; call_end=521495	CASBMK010000008.1	521374	521495	521374	521495
BAH	cen|CASBMK010000013.1|610828	centromere	CASBMK010000013.1	610828	610945	118	0.8389830508474576	True	84	intact_called	target=CASBMK010000013.1; region_start=610828; region_end=610945; region_len=118; strand=+; call_start=610828; call_end=610945	CASBMK010000013.1	610828	610945	610828	610945
BAH	cen|CASBMK010000003.1|106121	centromere	CASBMK010000003.1	106121	106238	118	0.864406779661017	True	84	intact_called	target=CASBMK010000003.1; region_start=106121; region_end=106238; region_len=118; strand=+; call_start=106121; call_end=106238	CASBMK010000003.1	106121	106238	106121	106238
BAH	cen|CASBMK010000016.1|137192	centromere	CASBMK010000016.1	137192	137310	119	0.8487394957983193	True	85	intact_called	target=CASBMK010000016.1; region_start=137192; region_end=137310; region_len=119; strand=+; call_start=137192; call_end=137310	CASBMK010000016.1	137192	137310	137192	137310
BAH	cen|CASBMK010000014.1|322038	centromere	CASBMK010000014.1	322038	322156	119	0.8487394957983193	True	85	intact_called	target=CASBMK010000014.1; region_start=322038; region_end=322156; region_len=119; strand=+; call_start=322038; call_end=322156	CASBMK010000014.1	322038	322156	322038	322156
BAH	cen|CASBMK010000006.1|161057	centromere	CASBMK010000006.1	161057	161176	120	0.8416666666666667	True	86	intact_called	target=CASBMK010000006.1; region_start=161057; region_end=161176; region_len=120; strand=+; call_start=161057; call_end=161176	CASBMK010000006.1	161057	161176	161057	161176
BAH	cen|CASBMK010000009.1|101040	centromere	CASBMK010000009.1	101040	101158	119	0.8487394957983193	True	85	intact_called	target=CASBMK010000009.1; region_start=101040; region_end=101158; region_len=119; strand=+; call_start=101040; call_end=101158	CASBMK010000009.1	101040	101158	101040	101158
BAH	cen|CASBMK010000001.1|142317	centromere	CASBMK010000001.1	142317	142435	119	0.8403361344537815	True	85	intact_called	target=CASBMK010000001.1; region_start=142317; region_end=142435; region_len=119; strand=+; call_start=142317; call_end=142435	CASBMK010000001.1	142317	142435	142317	142435
BAH	cen|CASBMK010000005.1|360237	centromere	CASBMK010000005.1	360237	360354	118	0.847457627118644	True	84	intact_called	target=CASBMK010000005.1; region_start=360237; region_end=360354; region_len=118; strand=+; call_start=360237; call_end=360354	CASBMK010000005.1	360237	360354	360237	360354
BAH	cen|CASBMK010000012.1|251830	centromere	CASBMK010000012.1	251830	251949	120	0.8	True	86	intact_called	target=CASBMK010000012.1; region_start=251830; region_end=251949; region_len=120; strand=+; call_start=251830; call_end=251949	CASBMK010000012.1	251830	251949	251830	251949
BAM	cen|CASBMJ010000011.1|457737	centromere	CASBMJ010000011.1	457737	457855	119	0.865546218487395	True	85	intact_called	target=CASBMJ010000011.1; region_start=457737; region_end=457855; region_len=119; strand=+; call_start=457737; call_end=457855	CASBMJ010000011.1	457737	457855	457737	457855
BAM	cen|CASBMJ010000009.1|524109	centromere	CASBMJ010000009.1	524109	524230	122	0.8524590163934426	True	88	intact_called	target=CASBMJ010000009.1; region_start=524109; region_end=524230; region_len=122; strand=+; call_start=524109; call_end=524230	CASBMJ010000009.1	524109	524230	524109	524230
BAM	cen|CASBMJ010000014.1|628945	centromere	CASBMJ010000014.1	628945	629063	119	0.8487394957983193	True	85	intact_called	target=CASBMJ010000014.1; region_start=628945; region_end=629063; region_len=119; strand=+; call_start=628945; call_end=629063	CASBMJ010000014.1	628945	629063	628945	629063
BAM	cen|CASBMJ010000010.1|449014	centromere	CASBMJ010000010.1	449014	449130	117	0.8547008547008547	True	83	intact_called	target=CASBMJ010000010.1; region_start=449014; region_end=449130; region_len=117; strand=+; call_start=449014; call_end=449130	CASBMJ010000010.1	449014	449130	449014	449130
BAM	cen|CASBMJ010000002.1|248731	centromere	CASBMJ010000002.1	248731	248848	118	0.8813559322033898	True	84	intact_called	target=CASBMJ010000002.1; region_start=248731; region_end=248848; region_len=118; strand=+; call_start=248731; call_end=248848	CASBMJ010000002.1	248731	248848	248731	248848
BAM	cen|CASBMJ010000012.1|145266	centromere	CASBMJ010000012.1	145266	145386	121	0.8677685950413223	True	87	intact_called	target=CASBMJ010000012.1; region_start=145266; region_end=145386; region_len=121; strand=+; call_start=145266; call_end=145386	CASBMJ010000012.1	145266	145386	145266	145386
BAM	cen|CASBMJ010000016.1|548341	centromere	CASBMJ010000016.1	548341	548459	119	0.8823529411764706	True	85	intact_called	target=CASBMJ010000016.1; region_start=548341; region_end=548459; region_len=119; strand=+; call_start=548341; call_end=548459	CASBMJ010000016.1	548341	548459	548341	548459
BAM	cen|CASBMJ010000007.1|166848	centromere	CASBMJ010000007.1	166848	166966	119	0.8403361344537815	True	85	intact_called	target=CASBMJ010000007.1; region_start=166848; region_end=166966; region_len=119; strand=+; call_start=166848; call_end=166966	CASBMJ010000007.1	166848	166966	166848	166966
BAM	cen|CASBMJ010000006.1|152015	centromere	CASBMJ010000006.1	152015	152133	119	0.8487394957983193	True	85	intact_called	target=CASBMJ010000006.1; region_start=152015; region_end=152133; region_len=119; strand=+; call_start=152015; call_end=152133	CASBMJ010000006.1	152015	152133	152015	152133
BAM	cen|CASBMJ010000003.1|114495	centromere	CASBMJ010000003.1	114495	114611	117	0.8632478632478633	True	83	intact_called	target=CASBMJ010000003.1; region_start=114495; region_end=114611; region_len=117; strand=+; call_start=114495; call_end=114611	CASBMJ010000003.1	114495	114611	114495	114611
BAM	cen|CASBMJ010000004.1|428142	centromere	CASBMJ010000004.1	428142	428260	119	0.8571428571428571	True	85	intact_called	target=CASBMJ010000004.1; region_start=428142; region_end=428260; region_len=119; strand=+; call_start=428142; call_end=428260	CASBMJ010000004.1	428142	428260	428142	428260
BAM	cen|CASBMJ010000005.1|353720	centromere	CASBMJ010000005.1	353720	353837	118	0.864406779661017	True	84	intact_called	target=CASBMJ010000005.1; region_start=353720; region_end=353837; region_len=118; strand=+; call_start=353720; call_end=353837	CASBMJ010000005.1	353720	353837	353720	353837
BAM	cen|CASBMJ010000015.1|322430	centromere	CASBMJ010000015.1	322430	322548	119	0.8487394957983193	True	85	intact_called	target=CASBMJ010000015.1; region_start=322430; region_end=322548; region_len=119; strand=+; call_start=322430; call_end=322548	CASBMJ010000015.1	322430	322548	322430	322548
BAM	cen|CASBMJ010000001.1|145531	centromere	CASBMJ010000001.1	145531	145649	119	0.8319327731092437	True	85	intact_called	target=CASBMJ010000001.1; region_start=145531; region_end=145649; region_len=119; strand=+; call_start=145531; call_end=145649	CASBMJ010000001.1	145531	145649	145531	145649
BAM	cen|CASBMJ010000008.1|94582	centromere	CASBMJ010000008.1	94582	94700	119	0.8235294117647058	True	85	intact_called	target=CASBMJ010000008.1; region_start=94582; region_end=94700; region_len=119; strand=+; call_start=94582; call_end=94700	CASBMJ010000008.1	94582	94700	94582	94700
BAM	cen|CASBMJ010000013.1|279897	centromere	CASBMJ010000013.1	279897	280014	118	0.8050847457627118	True	84	intact_called	target=CASBMJ010000013.1; region_start=279897; region_end=280014; region_len=118; strand=+; call_start=279897; call_end=280014	CASBMJ010000013.1	279897	280014	279897	280014
BBF	cen|CASBNQ010000005.1|342406	centromere	CASBNQ010000005.1	342406	342523	118	0.8898305084745762	True	84	intact_called	target=CASBNQ010000005.1; region_start=342406; region_end=342523; region_len=118; strand=+; call_start=342406; call_end=342523	CASBNQ010000005.1	342406	342523	342406	342523
BBF	cen|CASBNQ010000016.1|553077	centromere	CASBNQ010000016.1	553077	553196	120	0.8916666666666667	True	86	intact_called	target=CASBNQ010000016.1; region_start=553077; region_end=553196; region_len=120; strand=+; call_start=553077; call_end=553196	CASBNQ010000016.1	553077	553196	553077	553196
BBF	cen|CASBNQ010000010.1|435866	centromere	CASBNQ010000010.1	435866	435982	117	0.8632478632478633	True	83	intact_called	target=CASBNQ010000010.1; region_start=435866; region_end=435982; region_len=117; strand=+; call_start=435866; call_end=435982	CASBNQ010000010.1	435866	435982	435866	435982
BBF	cen|CASBNQ010000007.1|137556	centromere	CASBNQ010000007.1	137556	137673	118	0.864406779661017	True	84	intact_called	target=CASBNQ010000007.1; region_start=137556; region_end=137673; region_len=118; strand=+; call_start=137556; call_end=137673	CASBNQ010000007.1	137556	137673	137556	137673
BBF	cen|CASBNQ010000011.1|452316	centromere	CASBNQ010000011.1	452316	452434	119	0.865546218487395	True	85	intact_called	target=CASBNQ010000011.1; region_start=452316; region_end=452434; region_len=119; strand=+; call_start=452316; call_end=452434	CASBNQ010000011.1	452316	452434	452316	452434
BBF	cen|CASBNQ010000012.1|151016	centromere	CASBNQ010000012.1	151016	151136	121	0.8760330578512396	True	87	intact_called	target=CASBNQ010000012.1; region_start=151016; region_end=151136; region_len=121; strand=+; call_start=151016; call_end=151136	CASBNQ010000012.1	151016	151136	151016	151136
BBF	cen|CASBNQ010000015.1|340918	centromere	CASBNQ010000015.1	340918	341038	121	0.8677685950413223	True	87	intact_called	target=CASBNQ010000015.1; region_start=340918; region_end=341038; region_len=121; strand=+; call_start=340918; call_end=341038	CASBNQ010000015.1	340918	341038	340918	341038
BBF	cen|CASBNQ010000008.1|502228	centromere	CASBNQ010000008.1	502228	502349	122	0.8360655737704918	True	88	intact_called	target=CASBNQ010000008.1; region_start=502228; region_end=502349; region_len=122; strand=+; call_start=502228; call_end=502349	CASBNQ010000008.1	502228	502349	502228	502349
BBF	cen|CASBNQ010000006.1|165302	centromere	CASBNQ010000006.1	165302	165420	119	0.8487394957983193	True	85	intact_called	target=CASBNQ010000006.1; region_start=165302; region_end=165420; region_len=119; strand=+; call_start=165302; call_end=165420	CASBNQ010000006.1	165302	165420	165302	165420
BBF	cen|CASBNQ010000014.1|605137	centromere	CASBNQ010000014.1	605137	605255	119	0.8319327731092437	True	85	intact_called	target=CASBNQ010000014.1; region_start=605137; region_end=605255; region_len=119; strand=+; call_start=605137; call_end=605255	CASBNQ010000014.1	605137	605255	605137	605255
BBF	cen|CASBNQ010000002.1|225215	centromere	CASBNQ010000002.1	225215	225332	118	0.864406779661017	True	84	intact_called	target=CASBNQ010000002.1; region_start=225215; region_end=225332; region_len=118; strand=+; call_start=225215; call_end=225332	CASBNQ010000002.1	225215	225332	225215	225332
BBF	cen|CASBNQ010000009.1|124413	centromere	CASBNQ010000009.1	124413	124531	119	0.8487394957983193	True	85	intact_called	target=CASBNQ010000009.1; region_start=124413; region_end=124531; region_len=119; strand=+; call_start=124413; call_end=124531	CASBNQ010000009.1	124413	124531	124413	124531
BBF	cen|CASBNQ010000003.1|106457	centromere	CASBNQ010000003.1	106457	106574	118	0.847457627118644	True	84	intact_called	target=CASBNQ010000003.1; region_start=106457; region_end=106574; region_len=118; strand=+; call_start=106457; call_end=106574	CASBNQ010000003.1	106457	106574	106457	106574
BBF	cen|CASBNQ010000004.1|454539	centromere	CASBNQ010000004.1	454539	454658	120	0.8416666666666667	True	86	intact_called	target=CASBNQ010000004.1; region_start=454539; region_end=454658; region_len=120; strand=+; call_start=454539; call_end=454658	CASBNQ010000004.1	454539	454658	454539	454658
BBF	cen|CASBNQ010000001.1|143405	centromere	CASBNQ010000001.1	143405	143523	119	0.8403361344537815	True	85	intact_called	target=CASBNQ010000001.1; region_start=143405; region_end=143523; region_len=119; strand=+; call_start=143405; call_end=143523	CASBNQ010000001.1	143405	143523	143405	143523
BBF	cen|CASBNQ010000013.1|251401	centromere	CASBNQ010000013.1	251401	251518	118	0.8050847457627118	True	84	intact_called	target=CASBNQ010000013.1; region_start=251401; region_end=251518; region_len=118; strand=+; call_start=251401; call_end=251518	CASBNQ010000013.1	251401	251518	251401	251518
BBL	cen|CASBMW010000010.1|443924	centromere	CASBMW010000010.1	443924	444041	118	0.864406779661017	True	84	intact_called	target=CASBMW010000010.1; region_start=443924; region_end=444041; region_len=118; strand=+; call_start=443924; call_end=444041	CASBMW010000010.1	443924	444041	443924	444041
BBL	cen|CASBMW010000011.1|447289	centromere	CASBMW010000011.1	447289	447407	119	0.865546218487395	True	85	intact_called	target=CASBMW010000011.1; region_start=447289; region_end=447407; region_len=119; strand=+; call_start=447289; call_end=447407	CASBMW010000011.1	447289	447407	447289	447407
BBL	cen|CASBMW010000008.1|496267	centromere	CASBMW010000008.1	496267	496388	122	0.8524590163934426	True	88	intact_called	target=CASBMW010000008.1; region_start=496267; region_end=496388; region_len=122; strand=+; call_start=496267; call_end=496388	CASBMW010000008.1	496267	496388	496267	496388
BBL	cen|CASBMW010000016.1|553487	centromere	CASBMW010000016.1	553487	553604	118	0.8813559322033898	True	84	intact_called	target=CASBMW010000016.1; region_start=553487; region_end=553604; region_len=118; strand=+; call_start=553487; call_end=553604	CASBMW010000016.1	553487	553604	553487	553604
BBL	cen|CASBMW010000007.1|160282	centromere	CASBMW010000007.1	160282	160400	119	0.8571428571428571	True	85	intact_called	target=CASBMW010000007.1; region_start=160282; region_end=160400; region_len=119; strand=+; call_start=160282; call_end=160400	CASBMW010000007.1	160282	160400	160282	160400
BBL	cen|CASBMW010000012.1|144554	centromere	CASBMW010000012.1	144554	144674	121	0.8677685950413223	True	87	intact_called	target=CASBMW010000012.1; region_start=144554; region_end=144674; region_len=121; strand=+; call_start=144554; call_end=144674	CASBMW010000012.1	144554	144674	144554	144674
BBL	cen|CASBMW010000014.1|617103	centromere	CASBMW010000014.1	617103	617220	118	0.8389830508474576	True	84	intact_called	target=CASBMW010000014.1; region_start=617103; region_end=617220; region_len=118; strand=+; call_start=617103; call_end=617220	CASBMW010000014.1	617103	617220	617103	617220
BBL	cen|CASBMW010000005.1|359315	centromere	CASBMW010000005.1	359315	359432	118	0.8813559322033898	True	84	intact_called	target=CASBMW010000005.1; region_start=359315; region_end=359432; region_len=118; strand=+; call_start=359315; call_end=359432	CASBMW010000005.1	359315	359432	359315	359432
BBL	cen|CASBMW010000015.1|316898	centromere	CASBMW010000015.1	316898	317016	119	0.8571428571428571	True	85	intact_called	target=CASBMW010000015.1; region_start=316898; region_end=317016; region_len=119; strand=+; call_start=316898; call_end=317016	CASBMW010000015.1	316898	317016	316898	317016
BBL	cen|CASBMW010000009.1|94978	centromere	CASBMW010000009.1	94978	95096	119	0.8571428571428571	True	85	intact_called	target=CASBMW010000009.1; region_start=94978; region_end=95096; region_len=119; strand=+; call_start=94978; call_end=95096	CASBMW010000009.1	94978	95096	94978	95096
BBL	cen|CASBMW010000002.1|226852	centromere	CASBMW010000002.1	226852	226969	118	0.864406779661017	True	84	intact_called	target=CASBMW010000002.1; region_start=226852; region_end=226969; region_len=118; strand=+; call_start=226852; call_end=226969	CASBMW010000002.1	226852	226969	226852	226969
BBL	cen|CASBMW010000006.1|162373	centromere	CASBMW010000006.1	162373	162491	119	0.8403361344537815	True	85	intact_called	target=CASBMW010000006.1; region_start=162373; region_end=162491; region_len=119; strand=+; call_start=162373; call_end=162491	CASBMW010000006.1	162373	162491	162373	162491
BBL	cen|CASBMW010000004.1|458743	centromere	CASBMW010000004.1	458743	458862	120	0.85	True	86	intact_called	target=CASBMW010000004.1; region_start=458743; region_end=458862; region_len=120; strand=+; call_start=458743; call_end=458862	CASBMW010000004.1	458743	458862	458743	458862
BBL	cen|CASBMW010000003.1|111656	centromere	CASBMW010000003.1	111656	111773	118	0.8389830508474576	True	84	intact_called	target=CASBMW010000003.1; region_start=111656; region_end=111773; region_len=118; strand=+; call_start=111656; call_end=111773	CASBMW010000003.1	111656	111773	111656	111773
BBL	cen|CASBMW010000001.1|146693	centromere	CASBMW010000001.1	146693	146811	119	0.8235294117647058	True	85	intact_called	target=CASBMW010000001.1; region_start=146693; region_end=146811; region_len=119; strand=+; call_start=146693; call_end=146811	CASBMW010000001.1	146693	146811	146693	146811
BBL	cen|CASBMW010000013.1|262256	centromere	CASBMW010000013.1	262256	262375	120	0.7916666666666666	True	86	intact_called	target=CASBMW010000013.1; region_start=262256; region_end=262375; region_len=120; strand=+; call_start=262256; call_end=262375	CASBMW010000013.1	262256	262375	262256	262375
BBT	cen|CASBNG010000007.1|134404	centromere	CASBNG010000007.1	134404	134521	118	0.8728813559322034	True	84	intact_called	target=CASBNG010000007.1; region_start=134404; region_end=134521; region_len=118; strand=+; call_start=134404; call_end=134521	CASBNG010000007.1	134404	134521	134404	134521
BBT	cen|CASBNG010000010.1|432231	centromere	CASBNG010000010.1	432231	432349	119	0.8739495798319328	True	85	intact_called	target=CASBNG010000010.1; region_start=432231; region_end=432349; region_len=119; strand=+; call_start=432231; call_end=432349	CASBNG010000010.1	432231	432349	432231	432349
BBT	cen|CASBNG010000011.1|468451	centromere	CASBNG010000011.1	468451	468569	119	0.865546218487395	True	85	intact_called	target=CASBNG010000011.1; region_start=468451; region_end=468569; region_len=119; strand=+; call_start=468451; call_end=468569	CASBNG010000011.1	468451	468569	468451	468569
BBT	cen|CASBNG010000012.1|144886	centromere	CASBNG010000012.1	144886	145006	121	0.8760330578512396	True	87	intact_called	target=CASBNG010000012.1; region_start=144886; region_end=145006; region_len=121; strand=+; call_start=144886; call_end=145006	CASBNG010000012.1	144886	145006	144886	145006
BBT	cen|CASBNG010000008.1|509784	centromere	CASBNG010000008.1	509784	509903	120	0.8416666666666667	True	86	intact_called	target=CASBNG010000008.1; region_start=509784; region_end=509903; region_len=120; strand=+; call_start=509784; call_end=509903	CASBNG010000008.1	509784	509903	509784	509903
BBT	cen|CASBNG010000014.1|700221	centromere	CASBNG010000014.1	700221	700339	119	0.8403361344537815	True	85	intact_called	target=CASBNG010000014.1; region_start=700221; region_end=700339; region_len=119; strand=+; call_start=700221; call_end=700339	CASBNG010000014.1	700221	700339	700221	700339
BBT	cen|CASBNG010000016.1|553255	centromere	CASBNG010000016.1	553255	553374	120	0.875	True	86	intact_called	target=CASBNG010000016.1; region_start=553255; region_end=553374; region_len=120; strand=+; call_start=553255; call_end=553374	CASBNG010000016.1	553255	553374	553255	553374
BBT	cen|CASBNG010000002.1|249336	centromere	CASBNG010000002.1	249336	249453	118	0.8728813559322034	True	84	intact_called	target=CASBNG010000002.1; region_start=249336; region_end=249453; region_len=118; strand=+; call_start=249336; call_end=249453	CASBNG010000002.1	249336	249453	249336	249453
BBT	cen|CASBNG010000005.1|347954	centromere	CASBNG010000005.1	347954	348071	118	0.8728813559322034	True	84	intact_called	target=CASBNG010000005.1; region_start=347954; region_end=348071; region_len=118; strand=+; call_start=347954; call_end=348071	CASBNG010000005.1	347954	348071	347954	348071
BBT	cen|CASBNG010000004.1|449880	centromere	CASBNG010000004.1	449880	449999	120	0.85	True	86	intact_called	target=CASBNG010000004.1; region_start=449880; region_end=449999; region_len=120; strand=+; call_start=449880; call_end=449999	CASBNG010000004.1	449880	449999	449880	449999
BBT	cen|CASBNG010000009.1|105887	centromere	CASBNG010000009.1	105887	106005	119	0.8487394957983193	True	85	intact_called	target=CASBNG010000009.1; region_start=105887; region_end=106005; region_len=119; strand=+; call_start=105887; call_end=106005	CASBNG010000009.1	105887	106005	105887	106005
BBT	cen|CASBNG010000015.1|321628	centromere	CASBNG010000015.1	321628	321747	120	0.8416666666666667	True	86	intact_called	target=CASBNG010000015.1; region_start=321628; region_end=321747; region_len=120; strand=+; call_start=321628; call_end=321747	CASBNG010000015.1	321628	321747	321628	321747
BBT	cen|CASBNG010000003.1|120330	centromere	CASBNG010000003.1	120330	120447	118	0.847457627118644	True	84	intact_called	target=CASBNG010000003.1; region_start=120330; region_end=120447; region_len=118; strand=+; call_start=120330; call_end=120447	CASBNG010000003.1	120330	120447	120330	120447
BBT	cen|CASBNG010000001.1|143974	centromere	CASBNG010000001.1	143974	144092	119	0.8319327731092437	True	85	intact_called	target=CASBNG010000001.1; region_start=143974; region_end=144092; region_len=119; strand=+; call_start=143974; call_end=144092	CASBNG010000001.1	143974	144092	143974	144092
BBT	cen|CASBNG010000013.1|251344	centromere	CASBNG010000013.1	251344	251463	120	0.8	True	86	intact_called	target=CASBNG010000013.1; region_start=251344; region_end=251463; region_len=120; strand=+; call_start=251344; call_end=251463	CASBNG010000013.1	251344	251463	251344	251463
BCN	cen|CASBMH010000002.1|277093	centromere	CASBMH010000002.1	277093	277208	116	0.9051724137931034	True	82	intact_called	target=CASBMH010000002.1; region_start=277093; region_end=277208; region_len=116; strand=+; call_start=277093; call_end=277208	CASBMH010000002.1	277093	277208	277093	277208
BCN	cen|CASBMH010000012.1|146776	centromere	CASBMH010000012.1	146776	146896	121	0.8842975206611571	True	87	intact_called	target=CASBMH010000012.1; region_start=146776; region_end=146896; region_len=121; strand=+; call_start=146776; call_end=146896	CASBMH010000012.1	146776	146896	146776	146896
BCN	cen|CASBMH010000006.1|146609	centromere	CASBMH010000006.1	146609	146726	118	0.864406779661017	True	84	intact_called	target=CASBMH010000006.1; region_start=146609; region_end=146726; region_len=118; strand=+; call_start=146609; call_end=146726	CASBMH010000006.1	146609	146726	146609	146726
BCN	cen|CASBMH010000010.1|423044	centromere	CASBMH010000010.1	423044	423160	117	0.8547008547008547	True	83	intact_called	target=CASBMH010000010.1; region_start=423044; region_end=423160; region_len=117; strand=+; call_start=423044; call_end=423160	CASBMH010000010.1	423044	423160	423044	423160
BCN	cen|CASBMH010000009.1|390588	centromere	CASBMH010000009.1	390588	390705	118	0.8559322033898306	True	84	intact_called	target=CASBMH010000009.1; region_start=390588; region_end=390705; region_len=118; strand=+; call_start=390588; call_end=390705	CASBMH010000009.1	390588	390705	390588	390705
BCN	cen|CASBMH010000011.1|459823	centromere	CASBMH010000011.1	459823	459942	120	0.8583333333333333	True	86	intact_called	target=CASBMH010000011.1; region_start=459823; region_end=459942; region_len=120; strand=+; call_start=459823; call_end=459942	CASBMH010000011.1	459823	459942	459823	459942
BCN	cen|CASBMH010000008.1|98756	centromere	CASBMH010000008.1	98756	98875	120	0.8666666666666667	True	86	intact_called	target=CASBMH010000008.1; region_start=98756; region_end=98875; region_len=120; strand=+; call_start=98756; call_end=98875	CASBMH010000008.1	98756	98875	98756	98875
BCN	cen|CASBMH010000007.1|501289	centromere	CASBMH010000007.1	501289	501409	121	0.8347107438016529	True	87	intact_called	target=CASBMH010000007.1; region_start=501289; region_end=501409; region_len=121; strand=+; call_start=501289; call_end=501409	CASBMH010000007.1	501289	501409	501289	501409
BCN	cen|CASBMH010000016.1|536969	centromere	CASBMH010000016.1	536969	537086	118	0.8728813559322034	True	84	intact_called	target=CASBMH010000016.1; region_start=536969; region_end=537086; region_len=118; strand=+; call_start=536969; call_end=537086	CASBMH010000016.1	536969	537086	536969	537086
BCN	cen|CASBMH010000005.1|340195	centromere	CASBMH010000005.1	340195	340312	118	0.8728813559322034	True	84	intact_called	target=CASBMH010000005.1; region_start=340195; region_end=340312; region_len=118; strand=+; call_start=340195; call_end=340312	CASBMH010000005.1	340195	340312	340195	340312
BCN	cen|CASBMH010000015.1|310328	centromere	CASBMH010000015.1	310328	310445	118	0.847457627118644	True	84	intact_called	target=CASBMH010000015.1; region_start=310328; region_end=310445; region_len=118; strand=+; call_start=310328; call_end=310445	CASBMH010000015.1	310328	310445	310328	310445
BCN	cen|CASBMH010000014.1|617459	centromere	CASBMH010000014.1	617459	617577	119	0.8235294117647058	True	85	intact_called	target=CASBMH010000014.1; region_start=617459; region_end=617577; region_len=119; strand=+; call_start=617459; call_end=617577	CASBMH010000014.1	617459	617577	617459	617577
BCN	cen|CASBMH010000004.1|456549	centromere	CASBMH010000004.1	456549	456660	112	0.8392857142857143	True	78	intact_called	target=CASBMH010000004.1; region_start=456549; region_end=456660; region_len=112; strand=+; call_start=456549; call_end=456660	CASBMH010000004.1	456549	456660	456549	456660
BCN	cen|CASBMH010000003.1|112444	centromere	CASBMH010000003.1	112444	112561	118	0.8389830508474576	True	84	intact_called	target=CASBMH010000003.1; region_start=112444; region_end=112561; region_len=118; strand=+; call_start=112444; call_end=112561	CASBMH010000003.1	112444	112561	112444	112561
BCN	cen|CASBMH010000001.1|137554	centromere	CASBMH010000001.1	137554	137672	119	0.8403361344537815	True	85	intact_called	target=CASBMH010000001.1; region_start=137554; region_end=137672; region_len=119; strand=+; call_start=137554; call_end=137672	CASBMH010000001.1	137554	137672	137554	137672
BCN	cen|CASBMH010000013.1|251139	centromere	CASBMH010000013.1	251139	251254	116	0.7931034482758621	True	82	intact_called	target=CASBMH010000013.1; region_start=251139; region_end=251254; region_len=116; strand=+; call_start=251139; call_end=251254	CASBMH010000013.1	251139	251254	251139	251254
BEM	cen|CASBNR010000010.1|461663	centromere	CASBNR010000010.1	461663	461780	118	0.864406779661017	True	84	intact_called	target=CASBNR010000010.1; region_start=461663; region_end=461780; region_len=118; strand=+; call_start=461663; call_end=461780	CASBNR010000010.1	461663	461780	461663	461780
BEM	cen|CASBNR010000004.1|445666	centromere	CASBNR010000004.1	445666	445783	118	0.8728813559322034	True	84	intact_called	target=CASBNR010000004.1; region_start=445666; region_end=445783; region_len=118; strand=+; call_start=445666; call_end=445783	CASBNR010000004.1	445666	445783	445666	445783
BEM	cen|CASBNR010000011.1|440285	centromere	CASBNR010000011.1	440285	440402	118	0.864406779661017	True	84	intact_called	target=CASBNR010000011.1; region_start=440285; region_end=440402; region_len=118; strand=+; call_start=440285; call_end=440402	CASBNR010000011.1	440285	440402	440285	440402
BEM	cen|CASBNR010000012.1|142899	centromere	CASBNR010000012.1	142899	143019	121	0.8760330578512396	True	87	intact_called	target=CASBNR010000012.1; region_start=142899; region_end=143019; region_len=121; strand=+; call_start=142899; call_end=143019	CASBNR010000012.1	142899	143019	142899	143019
BEM	cen|CASBNR010000016.1|541483	centromere	CASBNR010000016.1	541483	541600	118	0.8813559322033898	True	84	intact_called	target=CASBNR010000016.1; region_start=541483; region_end=541600; region_len=118; strand=+; call_start=541483; call_end=541600	CASBNR010000016.1	541483	541600	541483	541600
BEM	cen|CASBNR010000014.1|614505	centromere	CASBNR010000014.1	614505	614623	119	0.8403361344537815	True	85	intact_called	target=CASBNR010000014.1; region_start=614505; region_end=614623; region_len=119; strand=+; call_start=614505; call_end=614623	CASBNR010000014.1	614505	614623	614505	614623
BEM	cen|CASBNR010000002.1|224975	centromere	CASBNR010000002.1	224975	225092	118	0.8728813559322034	True	84	intact_called	target=CASBNR010000002.1; region_start=224975; region_end=225092; region_len=118; strand=+; call_start=224975; call_end=225092	CASBNR010000002.1	224975	225092	224975	225092
BEM	cen|CASBNR010000005.1|331881	centromere	CASBNR010000005.1	331881	331998	118	0.8728813559322034	True	84	intact_called	target=CASBNR010000005.1; region_start=331881; region_end=331998; region_len=118; strand=+; call_start=331881; call_end=331998	CASBNR010000005.1	331881	331998	331881	331998
BEM	cen|CASBNR010000006.1|150431	centromere	CASBNR010000006.1	150431	150549	119	0.8487394957983193	True	85	intact_called	target=CASBNR010000006.1; region_start=150431; region_end=150549; region_len=119; strand=+; call_start=150431; call_end=150549	CASBNR010000006.1	150431	150549	150431	150549
BEM	cen|CASBNR010000003.1|105336	centromere	CASBNR010000003.1	105336	105453	118	0.864406779661017	True	84	intact_called	target=CASBNR010000003.1; region_start=105336; region_end=105453; region_len=118; strand=+; call_start=105336; call_end=105453	CASBNR010000003.1	105336	105453	105336	105453
BEM	cen|CASBNR010000008.1|497730	centromere	CASBNR010000008.1	497730	497848	119	0.8319327731092437	True	85	intact_called	target=CASBNR010000008.1; region_start=497730; region_end=497848; region_len=119; strand=+; call_start=497730; call_end=497848	CASBNR010000008.1	497730	497848	497730	497848
BEM	cen|CASBNR010000015.1|299758	centromere	CASBNR010000015.1	299758	299877	120	0.8583333333333333	True	86	intact_called	target=CASBNR010000015.1; region_start=299758; region_end=299877; region_len=120; strand=+; call_start=299758; call_end=299877	CASBNR010000015.1	299758	299877	299758	299877
BEM	cen|CASBNR010000007.1|130156	centromere	CASBNR010000007.1	130156	130274	119	0.8403361344537815	True	85	intact_called	target=CASBNR010000007.1; region_start=130156; region_end=130274; region_len=119; strand=+; call_start=130156; call_end=130274	CASBNR010000007.1	130156	130274	130156	130274
BEM	cen|CASBNR010000009.1|94285	centromere	CASBNR010000009.1	94285	94403	119	0.8487394957983193	True	85	intact_called	target=CASBNR010000009.1; region_start=94285; region_end=94403; region_len=119; strand=+; call_start=94285; call_end=94403	CASBNR010000009.1	94285	94403	94285	94403
BEM	cen|CASBNR010000001.1|142970	centromere	CASBNR010000001.1	142970	143088	119	0.8403361344537815	True	85	intact_called	target=CASBNR010000001.1; region_start=142970; region_end=143088; region_len=119; strand=+; call_start=142970; call_end=143088	CASBNR010000001.1	142970	143088	142970	143088
BEM	cen|CASBNR010000013.1|255922	centromere	CASBNR010000013.1	255922	256042	121	0.8016528925619835	True	87	intact_called	target=CASBNR010000013.1; region_start=255922; region_end=256042; region_len=121; strand=+; call_start=255922; call_end=256042	CASBNR010000013.1	255922	256042	255922	256042
BFH	cen|CASBNK010000008.1|500621	centromere	CASBNK010000008.1	500621	500741	121	0.859504132231405	True	87	intact_called	target=CASBNK010000008.1; region_start=500621; region_end=500741; region_len=121; strand=+; call_start=500621; call_end=500741	CASBNK010000008.1	500621	500741	500621	500741
BFH	cen|CASBNK010000011.1|460177	centromere	CASBNK010000011.1	460177	460295	119	0.865546218487395	True	85	intact_called	target=CASBNK010000011.1; region_start=460177; region_end=460295; region_len=119; strand=+; call_start=460177; call_end=460295	CASBNK010000011.1	460177	460295	460177	460295
BFH	cen|CASBNK010000012.1|148875	centromere	CASBNK010000012.1	148875	148995	121	0.8760330578512396	True	87	intact_called	target=CASBNK010000012.1; region_start=148875; region_end=148995; region_len=121; strand=+; call_start=148875; call_end=148995	CASBNK010000012.1	148875	148995	148875	148995
BFH	cen|CASBNK010000010.1|454183	centromere	CASBNK010000010.1	454183	454299	117	0.8547008547008547	True	83	intact_called	target=CASBNK010000010.1; region_start=454183; region_end=454299; region_len=117; strand=+; call_start=454183; call_end=454299	CASBNK010000010.1	454183	454299	454183	454299
BFH	cen|CASBNK010000016.1|545622	centromere	CASBNK010000016.1	545622	545741	120	0.8833333333333333	True	86	intact_called	target=CASBNK010000016.1; region_start=545622; region_end=545741; region_len=120; strand=+; call_start=545622; call_end=545741	CASBNK010000016.1	545622	545741	545622	545741
BFH	cen|CASBNK010000006.1|155664	centromere	CASBNK010000006.1	155664	155781	118	0.8559322033898306	True	84	intact_called	target=CASBNK010000006.1; region_start=155664; region_end=155781; region_len=118; strand=+; call_start=155664; call_end=155781	CASBNK010000006.1	155664	155781	155664	155781
BFH	cen|CASBNK010000005.1|355452	centromere	CASBNK010000005.1	355452	355570	119	0.8739495798319328	True	85	intact_called	target=CASBNK010000005.1; region_start=355452; region_end=355570; region_len=119; strand=+; call_start=355452; call_end=355570	CASBNK010000005.1	355452	355570	355452	355570
BFH	cen|CASBNK010000002.1|231286	centromere	CASBNK010000002.1	231286	231403	118	0.8728813559322034	True	84	intact_called	target=CASBNK010000002.1; region_start=231286; region_end=231403; region_len=118; strand=+; call_start=231286; call_end=231403	CASBNK010000002.1	231286	231403	231286	231403
BFH	cen|CASBNK010000009.1|99721	centromere	CASBNK010000009.1	99721	99839	119	0.8571428571428571	True	85	intact_called	target=CASBNK010000009.1; region_start=99721; region_end=99839; region_len=119; strand=+; call_start=99721; call_end=99839	CASBNK010000009.1	99721	99839	99721	99839
BFH	cen|CASBNK010000015.1|327562	centromere	CASBNK010000015.1	327562	327681	120	0.85	True	86	intact_called	target=CASBNK010000015.1; region_start=327562; region_end=327681; region_len=120; strand=+; call_start=327562; call_end=327681	CASBNK010000015.1	327562	327681	327562	327681
BFH	cen|CASBNK010000004.1|450496	centromere	CASBNK010000004.1	450496	450617	122	0.8524590163934426	True	88	intact_called	target=CASBNK010000004.1; region_start=450496; region_end=450617; region_len=122; strand=+; call_start=450496; call_end=450617	CASBNK010000004.1	450496	450617	450496	450617
BFH	cen|CASBNK010000007.1|136614	centromere	CASBNK010000007.1	136614	136732	119	0.8319327731092437	True	85	intact_called	target=CASBNK010000007.1; region_start=136614; region_end=136732; region_len=119; strand=+; call_start=136614; call_end=136732	CASBNK010000007.1	136614	136732	136614	136732
BFH	cen|CASBNK010000014.1|630895	centromere	CASBNK010000014.1	630895	631012	118	0.8559322033898306	True	84	intact_called	target=CASBNK010000014.1; region_start=630895; region_end=631012; region_len=118; strand=+; call_start=630895; call_end=631012	CASBNK010000014.1	630895	631012	630895	631012
BFH	cen|CASBNK010000001.1|143226	centromere	CASBNK010000001.1	143226	143344	119	0.8487394957983193	True	85	intact_called	target=CASBNK010000001.1; region_start=143226; region_end=143344; region_len=119; strand=+; call_start=143226; call_end=143344	CASBNK010000001.1	143226	143344	143226	143344
BFH	cen|CASBNK010000003.1|101344	centromere	CASBNK010000003.1	101344	101461	118	0.8389830508474576	True	84	intact_called	target=CASBNK010000003.1; region_start=101344; region_end=101461; region_len=118; strand=+; call_start=101344; call_end=101461	CASBNK010000003.1	101344	101461	101344	101461
BFH	cen|CASBNK010000013.1|256633	centromere	CASBNK010000013.1	256633	256750	118	0.8050847457627118	True	84	intact_called	target=CASBNK010000013.1; region_start=256633; region_end=256750; region_len=118; strand=+; call_start=256633; call_end=256750	CASBNK010000013.1	256633	256750	256633	256750
BHH	cen|CASBMZ010000010.1|446921	centromere	CASBMZ010000010.1	446921	447039	119	0.8739495798319328	True	85	intact_called	target=CASBMZ010000010.1; region_start=446921; region_end=447039; region_len=119; strand=+; call_start=446921; call_end=447039	CASBMZ010000010.1	446921	447039	446921	447039
BHH	cen|CASBMZ010000012.1|149257	centromere	CASBMZ010000012.1	149257	149377	121	0.8760330578512396	True	87	intact_called	target=CASBMZ010000012.1; region_start=149257; region_end=149377; region_len=121; strand=+; call_start=149257; call_end=149377	CASBMZ010000012.1	149257	149377	149257	149377
BHH	cen|CASBMZ010000014.1|629047	centromere	CASBMZ010000014.1	629047	629165	119	0.8487394957983193	True	85	intact_called	target=CASBMZ010000014.1; region_start=629047; region_end=629165; region_len=119; strand=+; call_start=629047; call_end=629165	CASBMZ010000014.1	629047	629165	629047	629165
BHH	cen|CASBMZ010000008.1|500453	centromere	CASBMZ010000008.1	500453	500572	120	0.85	True	86	intact_called	target=CASBMZ010000008.1; region_start=500453; region_end=500572; region_len=120; strand=+; call_start=500453; call_end=500572	CASBMZ010000008.1	500453	500572	500453	500572
BHH	cen|CASBMZ010000005.1|354295	centromere	CASBMZ010000005.1	354295	354412	118	0.8813559322033898	True	84	intact_called	target=CASBMZ010000005.1; region_start=354295; region_end=354412; region_len=118; strand=+; call_start=354295; call_end=354412	CASBMZ010000005.1	354295	354412	354295	354412
BHH	cen|CASBMZ010000016.1|544502	centromere	CASBMZ010000016.1	544502	544619	118	0.8813559322033898	True	84	intact_called	target=CASBMZ010000016.1; region_start=544502; region_end=544619; region_len=118; strand=+; call_start=544502; call_end=544619	CASBMZ010000016.1	544502	544619	544502	544619
BHH	cen|CASBMZ010000002.1|232312	centromere	CASBMZ010000002.1	232312	232429	118	0.8813559322033898	True	84	intact_called	target=CASBMZ010000002.1; region_start=232312; region_end=232429; region_len=118; strand=+; call_start=232312; call_end=232429	CASBMZ010000002.1	232312	232429	232312	232429
BHH	cen|CASBMZ010000011.1|473422	centromere	CASBMZ010000011.1	473422	473540	119	0.8571428571428571	True	85	intact_called	target=CASBMZ010000011.1; region_start=473422; region_end=473540; region_len=119; strand=+; call_start=473422; call_end=473540	CASBMZ010000011.1	473422	473540	473422	473540
BHH	cen|CASBMZ010000006.1|155417	centromere	CASBMZ010000006.1	155417	155535	119	0.8487394957983193	True	85	intact_called	target=CASBMZ010000006.1; region_start=155417; region_end=155535; region_len=119; strand=+; call_start=155417; call_end=155535	CASBMZ010000006.1	155417	155535	155417	155535
BHH	cen|CASBMZ010000007.1|123939	centromere	CASBMZ010000007.1	123939	124053	115	0.8434782608695652	True	81	intact_called	target=CASBMZ010000007.1; region_start=123939; region_end=124053; region_len=115; strand=+; call_start=123939; call_end=124053	CASBMZ010000007.1	123939	124053	123939	124053
BHH	cen|CASBMZ010000001.1|139687	centromere	CASBMZ010000001.1	139687	139805	119	0.8487394957983193	True	85	intact_called	target=CASBMZ010000001.1; region_start=139687; region_end=139805; region_len=119; strand=+; call_start=139687; call_end=139805	CASBMZ010000001.1	139687	139805	139687	139805
BHH	cen|CASBMZ010000015.1|323102	centromere	CASBMZ010000015.1	323102	323221	120	0.85	True	86	intact_called	target=CASBMZ010000015.1; region_start=323102; region_end=323221; region_len=120; strand=+; call_start=323102; call_end=323221	CASBMZ010000015.1	323102	323221	323102	323221
BHH	cen|CASBMZ010000003.1|105801	centromere	CASBMZ010000003.1	105801	105918	118	0.847457627118644	True	84	intact_called	target=CASBMZ010000003.1; region_start=105801; region_end=105918; region_len=118; strand=+; call_start=105801; call_end=105918	CASBMZ010000003.1	105801	105918	105801	105918
BHH	cen|CASBMZ010000004.1|449314	centromere	CASBMZ010000004.1	449314	449433	120	0.8416666666666667	True	86	intact_called	target=CASBMZ010000004.1; region_start=449314; region_end=449433; region_len=120; strand=+; call_start=449314; call_end=449433	CASBMZ010000004.1	449314	449433	449314	449433
BHH	cen|CASBMZ010000009.1|94552	centromere	CASBMZ010000009.1	94552	94670	119	0.8319327731092437	True	85	intact_called	target=CASBMZ010000009.1; region_start=94552; region_end=94670; region_len=119; strand=+; call_start=94552; call_end=94670	CASBMZ010000009.1	94552	94670	94552	94670
BHH	cen|CASBMZ010000013.1|256795	centromere	CASBMZ010000013.1	256795	256912	118	0.8050847457627118	True	84	intact_called	target=CASBMZ010000013.1; region_start=256795; region_end=256912; region_len=118; strand=+; call_start=256795; call_end=256912	CASBMZ010000013.1	256795	256912	256795	256912
BMB	cen|CASBMY010000013.1|453658	centromere	CASBMY010000013.1	453658	453775	118	0.8728813559322034	True	84	intact_called	target=CASBMY010000013.1; region_start=453658; region_end=453775; region_len=118; strand=+; call_start=453658; call_end=453775	CASBMY010000013.1	453658	453775	453658	453775
BMB	cen|CASBMY010000007.1|156974	centromere	CASBMY010000007.1	156974	157092	119	0.8739495798319328	True	85	intact_called	target=CASBMY010000007.1; region_start=156974; region_end=157092; region_len=119; strand=+; call_start=156974; call_end=157092	CASBMY010000007.1	156974	157092	156974	157092
BMB	cen|CASBMY010000016.1|802433	centromere	CASBMY010000016.1	802433	802550	118	0.864406779661017	True	84	intact_called	target=CASBMY010000016.1; region_start=802433; region_end=802550; region_len=118; strand=+; call_start=802433; call_end=802550	CASBMY010000016.1	802433	802550	802433	802550
BMB	cen|CASBMY010000002.1|250031	centromere	CASBMY010000002.1	250031	250148	118	0.8728813559322034	True	84	intact_called	target=CASBMY010000002.1; region_start=250031; region_end=250148; region_len=118; strand=+; call_start=250031; call_end=250148	CASBMY010000002.1	250031	250148	250031	250148
BMB	cen|CASBMY010000009.1|375957	centromere	CASBMY010000009.1	375957	376076	120	0.85	True	86	intact_called	target=CASBMY010000009.1; region_start=375957; region_end=376076; region_len=120; strand=+; call_start=375957; call_end=376076	CASBMY010000009.1	375957	376076	375957	376076
BMB	cen|CASBMY010000006.1|152477	centromere	CASBMY010000006.1	152477	152594	118	0.8559322033898306	True	84	intact_called	target=CASBMY010000006.1; region_start=152477; region_end=152594; region_len=118; strand=+; call_start=152477; call_end=152594	CASBMY010000006.1	152477	152594	152477	152594
BMB	cen|CASBMY010000010.1|144176	centromere	CASBMY010000010.1	144176	144296	121	0.8677685950413223	True	87	intact_called	target=CASBMY010000010.1; region_start=144176; region_end=144296; region_len=121; strand=+; call_start=144176; call_end=144296	CASBMY010000010.1	144176	144296	144176	144296
BMB	cen|CASBMY010000005.1|345148	centromere	CASBMY010000005.1	345148	345265	118	0.8728813559322034	True	84	intact_called	target=CASBMY010000005.1; region_start=345148; region_end=345265; region_len=118; strand=+; call_start=345148; call_end=345265	CASBMY010000005.1	345148	345265	345148	345265
BMB	cen|CASBMY010000012.1|604971	centromere	CASBMY010000012.1	604971	605089	119	0.8319327731092437	True	85	intact_called	target=CASBMY010000012.1; region_start=604971; region_end=605089; region_len=119; strand=+; call_start=604971; call_end=605089	CASBMY010000012.1	604971	605089	604971	605089
BMB	cen|CASBMY010000014.1|317610	centromere	CASBMY010000014.1	317610	317728	119	0.8487394957983193	True	85	intact_called	target=CASBMY010000014.1; region_start=317610; region_end=317728; region_len=119; strand=+; call_start=317610; call_end=317728	CASBMY010000014.1	317610	317728	317610	317728
BMB	cen|CASBMY010000015.1|542202	centromere	CASBMY010000015.1	542202	542322	121	0.8677685950413223	True	87	intact_called	target=CASBMY010000015.1; region_start=542202; region_end=542322; region_len=121; strand=+; call_start=542202; call_end=542322	CASBMY010000015.1	542202	542322	542202	542322
BMB	cen|CASBMY010000008.1|101772	centromere	CASBMY010000008.1	101772	101890	119	0.8571428571428571	True	85	intact_called	target=CASBMY010000008.1; region_start=101772; region_end=101890; region_len=119; strand=+; call_start=101772; call_end=101890	CASBMY010000008.1	101772	101890	101772	101890
BMB	cen|CASBMY010000003.1|105473	centromere	CASBMY010000003.1	105473	105590	118	0.8559322033898306	True	84	intact_called	target=CASBMY010000003.1; region_start=105473; region_end=105590; region_len=118; strand=+; call_start=105473; call_end=105590	CASBMY010000003.1	105473	105590	105473	105590
BMB	cen|CASBMY010000004.1|448597	centromere	CASBMY010000004.1	448597	448715	119	0.8487394957983193	True	85	intact_called	target=CASBMY010000004.1; region_start=448597; region_end=448715; region_len=119; strand=+; call_start=448597; call_end=448715	CASBMY010000004.1	448597	448715	448597	448715
BMB	cen|CASBMY010000001.1|143222	centromere	CASBMY010000001.1	143222	143340	119	0.8235294117647058	True	85	intact_called	target=CASBMY010000001.1; region_start=143222; region_end=143340; region_len=119; strand=+; call_start=143222; call_end=143340	CASBMY010000001.1	143222	143340	143222	143340
BMB	cen|CASBMY010000011.1|251171	centromere	CASBMY010000011.1	251171	251290	120	0.8083333333333333	True	86	intact_called	target=CASBMY010000011.1; region_start=251171; region_end=251290; region_len=120; strand=+; call_start=251171; call_end=251290	CASBMY010000011.1	251171	251290	251171	251290
BPG	cen|CASBNP010000010.1|463969	centromere	CASBNP010000010.1	463969	464086	118	0.864406779661017	True	84	intact_called	target=CASBNP010000010.1; region_start=463969; region_end=464086; region_len=118; strand=+; call_start=463969; call_end=464086	CASBNP010000010.1	463969	464086	463969	464086
BPG	cen|CASBNP010000011.1|469312	centromere	CASBNP010000011.1	469312	469430	119	0.865546218487395	True	85	intact_called	target=CASBNP010000011.1; region_start=469312; region_end=469430; region_len=119; strand=+; call_start=469312; call_end=469430	CASBNP010000011.1	469312	469430	469312	469430
BPG	cen|CASBNP010000012.1|144459	centromere	CASBNP010000012.1	144459	144579	121	0.8760330578512396	True	87	intact_called	target=CASBNP010000012.1; region_start=144459; region_end=144579; region_len=121; strand=+; call_start=144459; call_end=144579	CASBNP010000012.1	144459	144579	144459	144579
BPG	cen|CASBNP010000008.1|495699	centromere	CASBNP010000008.1	495699	495820	122	0.8524590163934426	True	88	intact_called	target=CASBNP010000008.1; region_start=495699; region_end=495820; region_len=122; strand=+; call_start=495699; call_end=495820	CASBNP010000008.1	495699	495820	495699	495820
BPG	cen|CASBNP010000014.1|638329	centromere	CASBNP010000014.1	638329	638447	119	0.8487394957983193	True	85	intact_called	target=CASBNP010000014.1; region_start=638329; region_end=638447; region_len=119; strand=+; call_start=638329; call_end=638447	CASBNP010000014.1	638329	638447	638329	638447
BPG	cen|CASBNP010000005.1|351292	centromere	CASBNP010000005.1	351292	351409	118	0.8813559322033898	True	84	intact_called	target=CASBNP010000005.1; region_start=351292; region_end=351409; region_len=118; strand=+; call_start=351292; call_end=351409	CASBNP010000005.1	351292	351409	351292	351409
BPG	cen|CASBNP010000016.1|547119	centromere	CASBNP010000016.1	547119	547236	118	0.8813559322033898	True	84	intact_called	target=CASBNP010000016.1; region_start=547119; region_end=547236; region_len=118; strand=+; call_start=547119; call_end=547236	CASBNP010000016.1	547119	547236	547119	547236
BPG	cen|CASBNP010000009.1|94796	centromere	CASBNP010000009.1	94796	94914	119	0.865546218487395	True	85	intact_called	target=CASBNP010000009.1; region_start=94796; region_end=94914; region_len=119; strand=+; call_start=94796; call_end=94914	CASBNP010000009.1	94796	94914	94796	94914
BPG	cen|CASBNP010000003.1|114145	centromere	CASBNP010000003.1	114145	114262	118	0.864406779661017	True	84	intact_called	target=CASBNP010000003.1; region_start=114145; region_end=114262; region_len=118; strand=+; call_start=114145; call_end=114262	CASBNP010000003.1	114145	114262	114145	114262
BPG	cen|CASBNP010000002.1|229775	centromere	CASBNP010000002.1	229775	229892	118	0.8728813559322034	True	84	intact_called	target=CASBNP010000002.1; region_start=229775; region_end=229892; region_len=118; strand=+; call_start=229775; call_end=229892	CASBNP010000002.1	229775	229892	229775	229892
BPG	cen|CASBNP010000006.1|146118	centromere	CASBNP010000006.1	146118	146236	119	0.8487394957983193	True	85	intact_called	target=CASBNP010000006.1; region_start=146118; region_end=146236; region_len=119; strand=+; call_start=146118; call_end=146236	CASBNP010000006.1	146118	146236	146118	146236
BPG	cen|CASBNP010000007.1|157097	centromere	CASBNP010000007.1	157097	157215	119	0.8403361344537815	True	85	intact_called	target=CASBNP010000007.1; region_start=157097; region_end=157215; region_len=119; strand=+; call_start=157097; call_end=157215	CASBNP010000007.1	157097	157215	157097	157215
BPG	cen|CASBNP010000015.1|332413	centromere	CASBNP010000015.1	332413	332532	120	0.85	True	86	intact_called	target=CASBNP010000015.1; region_start=332413; region_end=332532; region_len=120; strand=+; call_start=332413; call_end=332532	CASBNP010000015.1	332413	332532	332413	332532
BPG	cen|CASBNP010000004.1|481850	centromere	CASBNP010000004.1	481850	481969	120	0.85	True	86	intact_called	target=CASBNP010000004.1; region_start=481850; region_end=481969; region_len=120; strand=+; call_start=481850; call_end=481969	CASBNP010000004.1	481850	481969	481850	481969
BPG	cen|CASBNP010000001.1|137833	centromere	CASBNP010000001.1	137833	137951	119	0.8403361344537815	True	85	intact_called	target=CASBNP010000001.1; region_start=137833; region_end=137951; region_len=119; strand=+; call_start=137833; call_end=137951	CASBNP010000001.1	137833	137951	137833	137951
BPG	cen|CASBNP010000013.1|257305	centromere	CASBNP010000013.1	257305	257421	117	0.8034188034188035	True	83	intact_called	target=CASBNP010000013.1; region_start=257305; region_end=257421; region_len=117; strand=+; call_start=257305; call_end=257421	CASBNP010000013.1	257305	257421	257305	257421
BPK	cen|CASBOC010000010.1|439682	centromere	CASBOC010000010.1	439682	439800	119	0.865546218487395	True	85	intact_called	target=CASBOC010000010.1; region_start=439682; region_end=439800; region_len=119; strand=+; call_start=439682; call_end=439800	CASBOC010000010.1	439682	439800	439682	439800
BPK	cen|CASBOC010000011.1|141506	centromere	CASBOC010000011.1	141506	141626	121	0.8760330578512396	True	87	intact_called	target=CASBOC010000011.1; region_start=141506; region_end=141626; region_len=121; strand=+; call_start=141506; call_end=141626	CASBOC010000011.1	141506	141626	141506	141626
BPK	cen|CASBOC010000008.1|500761	centromere	CASBOC010000008.1	500761	500882	122	0.8524590163934426	True	88	intact_called	target=CASBOC010000008.1; region_start=500761; region_end=500882; region_len=122; strand=+; call_start=500761; call_end=500882	CASBOC010000008.1	500761	500882	500761	500882
BPK	cen|CASBOC010000013.1|604425	centromere	CASBOC010000013.1	604425	604542	118	0.847457627118644	True	84	intact_called	target=CASBOC010000013.1; region_start=604425; region_end=604542; region_len=118; strand=+; call_start=604425; call_end=604542	CASBOC010000013.1	604425	604542	604425	604542
BPK	cen|CASBOC010000005.1|340439	centromere	CASBOC010000005.1	340439	340556	118	0.8813559322033898	True	84	intact_called	target=CASBOC010000005.1; region_start=340439; region_end=340556; region_len=118; strand=+; call_start=340439; call_end=340556	CASBOC010000005.1	340439	340556	340439	340556
BPK	cen|CASBOC010000015.1|536502	centromere	CASBOC010000015.1	536502	536619	118	0.8813559322033898	True	84	intact_called	target=CASBOC010000015.1; region_start=536502; region_end=536619; region_len=118; strand=+; call_start=536502; call_end=536619	CASBOC010000015.1	536502	536619	536502	536619
BPK	cen|CASBOC010000016.1|706868	centromere	CASBOC010000016.1	706868	706985	118	0.847457627118644	True	84	intact_called	target=CASBOC010000016.1; region_start=706868; region_end=706985; region_len=118; strand=+; call_start=706868; call_end=706985	CASBOC010000016.1	706868	706985	706868	706985
BPK	cen|CASBOC010000009.1|94810	centromere	CASBOC010000009.1	94810	94928	119	0.865546218487395	True	85	intact_called	target=CASBOC010000009.1; region_start=94810; region_end=94928; region_len=119; strand=+; call_start=94810; call_end=94928	CASBOC010000009.1	94810	94928	94810	94928
BPK	cen|CASBOC010000003.1|113196	centromere	CASBOC010000003.1	113196	113313	118	0.864406779661017	True	84	intact_called	target=CASBOC010000003.1; region_start=113196; region_end=113313; region_len=118; strand=+; call_start=113196; call_end=113313	CASBOC010000003.1	113196	113313	113196	113313
BPK	cen|CASBOC010000002.1|226277	centromere	CASBOC010000002.1	226277	226394	118	0.8728813559322034	True	84	intact_called	target=CASBOC010000002.1; region_start=226277; region_end=226394; region_len=118; strand=+; call_start=226277; call_end=226394	CASBOC010000002.1	226277	226394	226277	226394
BPK	cen|CASBOC010000006.1|147795	centromere	CASBOC010000006.1	147795	147913	119	0.8487394957983193	True	85	intact_called	target=CASBOC010000006.1; region_start=147795; region_end=147913; region_len=119; strand=+; call_start=147795; call_end=147913	CASBOC010000006.1	147795	147913	147795	147913
BPK	cen|CASBOC010000007.1|123868	centromere	CASBOC010000007.1	123868	123986	119	0.8403361344537815	True	85	intact_called	target=CASBOC010000007.1; region_start=123868; region_end=123986; region_len=119; strand=+; call_start=123868; call_end=123986	CASBOC010000007.1	123868	123986	123868	123986
BPK	cen|CASBOC010000014.1|311946	centromere	CASBOC010000014.1	311946	312065	120	0.85	True	86	intact_called	target=CASBOC010000014.1; region_start=311946; region_end=312065; region_len=120; strand=+; call_start=311946; call_end=312065	CASBOC010000014.1	311946	312065	311946	312065
BPK	cen|CASBOC010000004.1|450201	centromere	CASBOC010000004.1	450201	450320	120	0.8416666666666667	True	86	intact_called	target=CASBOC010000004.1; region_start=450201; region_end=450320; region_len=120; strand=+; call_start=450201; call_end=450320	CASBOC010000004.1	450201	450320	450201	450320
BPK	cen|CASBOC010000001.1|149036	centromere	CASBOC010000001.1	149036	149154	119	0.8403361344537815	True	85	intact_called	target=CASBOC010000001.1; region_start=149036; region_end=149154; region_len=119; strand=+; call_start=149036; call_end=149154	CASBOC010000001.1	149036	149154	149036	149154
BPK	cen|CASBOC010000012.1|257271	centromere	CASBOC010000012.1	257271	257387	117	0.8034188034188035	True	83	intact_called	target=CASBOC010000012.1; region_start=257271; region_end=257387; region_len=117; strand=+; call_start=257271; call_end=257387	CASBOC010000012.1	257271	257387	257271	257387
BTE	cen|CASBOT010000007.1|137656	centromere	CASBOT010000007.1	137656	137772	117	0.8717948717948718	True	83	intact_called	target=CASBOT010000007.1; region_start=137656; region_end=137772; region_len=117; strand=+; call_start=137656; call_end=137772	CASBOT010000007.1	137656	137772	137656	137772
BTE	cen|CASBOT010000010.1|426170	centromere	CASBOT010000010.1	426170	426289	120	0.8666666666666667	True	86	intact_called	target=CASBOT010000010.1; region_start=426170; region_end=426289; region_len=120; strand=+; call_start=426170; call_end=426289	CASBOT010000010.1	426170	426289	426170	426289
BTE	cen|CASBOT010000011.1|475940	centromere	CASBOT010000011.1	475940	476058	119	0.865546218487395	True	85	intact_called	target=CASBOT010000011.1; region_start=475940; region_end=476058; region_len=119; strand=+; call_start=475940; call_end=476058	CASBOT010000011.1	475940	476058	475940	476058
BTE	cen|CASBOT010000012.1|165313	centromere	CASBOT010000012.1	165313	165433	121	0.8760330578512396	True	87	intact_called	target=CASBOT010000012.1; region_start=165313; region_end=165433; region_len=121; strand=+; call_start=165313; call_end=165433	CASBOT010000012.1	165313	165433	165313	165433
BTE	cen|CASBOT010000008.1|505865	centromere	CASBOT010000008.1	505865	505986	122	0.8524590163934426	True	88	intact_called	target=CASBOT010000008.1; region_start=505865; region_end=505986; region_len=122; strand=+; call_start=505865; call_end=505986	CASBOT010000008.1	505865	505986	505865	505986
BTE	cen|CASBOT010000014.1|625997	centromere	CASBOT010000014.1	625997	626114	118	0.847457627118644	True	84	intact_called	target=CASBOT010000014.1; region_start=625997; region_end=626114; region_len=118; strand=+; call_start=625997; call_end=626114	CASBOT010000014.1	625997	626114	625997	626114
BTE	cen|CASBOT010000005.1|341194	centromere	CASBOT010000005.1	341194	341311	118	0.8813559322033898	True	84	intact_called	target=CASBOT010000005.1; region_start=341194; region_end=341311; region_len=118; strand=+; call_start=341194; call_end=341311	CASBOT010000005.1	341194	341311	341194	341311
BTE	cen|CASBOT010000016.1|565354	centromere	CASBOT010000016.1	565354	565471	118	0.8813559322033898	True	84	intact_called	target=CASBOT010000016.1; region_start=565354; region_end=565471; region_len=118; strand=+; call_start=565354; call_end=565471	CASBOT010000016.1	565354	565471	565354	565471
BTE	cen|CASBOT010000009.1|93285	centromere	CASBOT010000009.1	93285	93403	119	0.865546218487395	True	85	intact_called	target=CASBOT010000009.1; region_start=93285; region_end=93403; region_len=119; strand=+; call_start=93285; call_end=93403	CASBOT010000009.1	93285	93403	93285	93403
BTE	cen|CASBOT010000002.1|239227	centromere	CASBOT010000002.1	239227	239344	118	0.8728813559322034	True	84	intact_called	target=CASBOT010000002.1; region_start=239227; region_end=239344; region_len=118; strand=+; call_start=239227; call_end=239344	CASBOT010000002.1	239227	239344	239227	239344
BTE	cen|CASBOT010000006.1|175872	centromere	CASBOT010000006.1	175872	175990	119	0.8487394957983193	True	85	intact_called	target=CASBOT010000006.1; region_start=175872; region_end=175990; region_len=119; strand=+; call_start=175872; call_end=175990	CASBOT010000006.1	175872	175990	175872	175990
BTE	cen|CASBOT010000015.1|307175	centromere	CASBOT010000015.1	307175	307294	120	0.85	True	86	intact_called	target=CASBOT010000015.1; region_start=307175; region_end=307294; region_len=120; strand=+; call_start=307175; call_end=307294	CASBOT010000015.1	307175	307294	307175	307294
BTE	cen|CASBOT010000004.1|455006	centromere	CASBOT010000004.1	455006	455125	120	0.85	True	86	intact_called	target=CASBOT010000004.1; region_start=455006; region_end=455125; region_len=120; strand=+; call_start=455006; call_end=455125	CASBOT010000004.1	455006	455125	455006	455125
BTE	cen|CASBOT010000003.1|111446	centromere	CASBOT010000003.1	111446	111563	118	0.847457627118644	True	84	intact_called	target=CASBOT010000003.1; region_start=111446; region_end=111563; region_len=118; strand=+; call_start=111446; call_end=111563	CASBOT010000003.1	111446	111563	111446	111563
BTE	cen|CASBOT010000001.1|151241	centromere	CASBOT010000001.1	151241	151359	119	0.8403361344537815	True	85	intact_called	target=CASBOT010000001.1; region_start=151241; region_end=151359; region_len=119; strand=+; call_start=151241; call_end=151359	CASBOT010000001.1	151241	151359	151241	151359
BTE	cen|CASBOT010000013.1|257715	centromere	CASBOT010000013.1	257715	257832	118	0.8050847457627118	True	84	intact_called	target=CASBOT010000013.1; region_start=257715; region_end=257832; region_len=118; strand=+; call_start=257715; call_end=257832	CASBOT010000013.1	257715	257832	257715	257832
CBK	cen|CASBOX010000012.1|145767	centromere	CASBOX010000012.1	145767	145887	121	0.8842975206611571	True	87	intact_called	target=CASBOX010000012.1; region_start=145767; region_end=145887; region_len=121; strand=+; call_start=145767; call_end=145887	CASBOX010000012.1	145767	145887	145767	145887
CBK	cen|CASBOX010000011.1|451332	centromere	CASBOX010000011.1	451332	451450	119	0.865546218487395	True	85	intact_called	target=CASBOX010000011.1; region_start=451332; region_end=451450; region_len=119; strand=+; call_start=451332; call_end=451450	CASBOX010000011.1	451332	451450	451332	451450
CBK	cen|CASBOX010000010.1|442453	centromere	CASBOX010000010.1	442453	442570	118	0.8559322033898306	True	84	intact_called	target=CASBOX010000010.1; region_start=442453; region_end=442570; region_len=118; strand=+; call_start=442453; call_end=442570	CASBOX010000010.1	442453	442570	442453	442570
CBK	cen|CASBOX010000014.1|629511	centromere	CASBOX010000014.1	629511	629629	119	0.8487394957983193	True	85	intact_called	target=CASBOX010000014.1; region_start=629511; region_end=629629; region_len=119; strand=+; call_start=629511; call_end=629629	CASBOX010000014.1	629511	629629	629511	629629
CBK	cen|CASBOX010000008.1|495120	centromere	CASBOX010000008.1	495120	495239	120	0.85	True	86	intact_called	target=CASBOX010000008.1; region_start=495120; region_end=495239; region_len=120; strand=+; call_start=495120; call_end=495239	CASBOX010000008.1	495120	495239	495120	495239
CBK	cen|CASBOX010000005.1|351162	centromere	CASBOX010000005.1	351162	351279	118	0.8813559322033898	True	84	intact_called	target=CASBOX010000005.1; region_start=351162; region_end=351279; region_len=118; strand=+; call_start=351162; call_end=351279	CASBOX010000005.1	351162	351279	351162	351279
CBK	cen|CASBOX010000016.1|556451	centromere	CASBOX010000016.1	556451	556568	118	0.8813559322033898	True	84	intact_called	target=CASBOX010000016.1; region_start=556451; region_end=556568; region_len=118; strand=+; call_start=556451; call_end=556568	CASBOX010000016.1	556451	556568	556451	556568
CBK	cen|CASBOX010000002.1|233407	centromere	CASBOX010000002.1	233407	233524	118	0.8813559322033898	True	84	intact_called	target=CASBOX010000002.1; region_start=233407; region_end=233524; region_len=118; strand=+; call_start=233407; call_end=233524	CASBOX010000002.1	233407	233524	233407	233524
CBK	cen|CASBOX010000001.1|144407	centromere	CASBOX010000001.1	144407	144525	119	0.8571428571428571	True	85	intact_called	target=CASBOX010000001.1; region_start=144407; region_end=144525; region_len=119; strand=+; call_start=144407; call_end=144525	CASBOX010000001.1	144407	144525	144407	144525
CBK	cen|CASBOX010000003.1|114371	centromere	CASBOX010000003.1	114371	114488	118	0.864406779661017	True	84	intact_called	target=CASBOX010000003.1; region_start=114371; region_end=114488; region_len=118; strand=+; call_start=114371; call_end=114488	CASBOX010000003.1	114371	114488	114371	114488
CBK	cen|CASBOX010000006.1|152984	centromere	CASBOX010000006.1	152984	153102	119	0.8487394957983193	True	85	intact_called	target=CASBOX010000006.1; region_start=152984; region_end=153102; region_len=119; strand=+; call_start=152984; call_end=153102	CASBOX010000006.1	152984	153102	152984	153102
CBK	cen|CASBOX010000007.1|170902	centromere	CASBOX010000007.1	170902	171020	119	0.8403361344537815	True	85	intact_called	target=CASBOX010000007.1; region_start=170902; region_end=171020; region_len=119; strand=+; call_start=170902; call_end=171020	CASBOX010000007.1	170902	171020	170902	171020
CBK	cen|CASBOX010000015.1|329494	centromere	CASBOX010000015.1	329494	329613	120	0.85	True	86	intact_called	target=CASBOX010000015.1; region_start=329494; region_end=329613; region_len=120; strand=+; call_start=329494; call_end=329613	CASBOX010000015.1	329494	329613	329494	329613
CBK	cen|CASBOX010000004.1|448836	centromere	CASBOX010000004.1	448836	448955	120	0.8416666666666667	True	86	intact_called	target=CASBOX010000004.1; region_start=448836; region_end=448955; region_len=120; strand=+; call_start=448836; call_end=448955	CASBOX010000004.1	448836	448955	448836	448955
CBK	cen|CASBOX010000009.1|94895	centromere	CASBOX010000009.1	94895	95013	119	0.8403361344537815	True	85	intact_called	target=CASBOX010000009.1; region_start=94895; region_end=95013; region_len=119; strand=+; call_start=94895; call_end=95013	CASBOX010000009.1	94895	95013	94895	95013
CBK	cen|CASBOX010000013.1|268848	centromere	CASBOX010000013.1	268848	268968	121	0.8016528925619835	True	87	intact_called	target=CASBOX010000013.1; region_start=268848; region_end=268968; region_len=121; strand=+; call_start=268848; call_end=268968	CASBOX010000013.1	268848	268968	268848	268968
CBM	cen|CASBPF010000005.1|346652	centromere	CASBPF010000005.1	346652	346769	118	0.8898305084745762	True	84	intact_called	target=CASBPF010000005.1; region_start=346652; region_end=346769; region_len=118; strand=+; call_start=346652; call_end=346769	CASBPF010000005.1	346652	346769	346652	346769
CBM	cen|CASBPF010000011.1|461944	centromere	CASBPF010000011.1	461944	462062	119	0.865546218487395	True	85	intact_called	target=CASBPF010000011.1; region_start=461944; region_end=462062; region_len=119; strand=+; call_start=461944; call_end=462062	CASBPF010000011.1	461944	462062	461944	462062
CBM	cen|CASBPF010000007.1|188017	centromere	CASBPF010000007.1	188017	188132	116	0.853448275862069	True	82	intact_called	target=CASBPF010000007.1; region_start=188017; region_end=188132; region_len=116; strand=+; call_start=188017; call_end=188132	CASBPF010000007.1	188017	188132	188017	188132
CBM	cen|CASBPF010000012.1|141312	centromere	CASBPF010000012.1	141312	141432	121	0.8760330578512396	True	87	intact_called	target=CASBPF010000012.1; region_start=141312; region_end=141432; region_len=121; strand=+; call_start=141312; call_end=141432	CASBPF010000012.1	141312	141432	141312	141432
CBM	cen|CASBPF010000014.1|614895	centromere	CASBPF010000014.1	614895	615013	119	0.8487394957983193	True	85	intact_called	target=CASBPF010000014.1; region_start=614895; region_end=615013; region_len=119; strand=+; call_start=614895; call_end=615013	CASBPF010000014.1	614895	615013	614895	615013
CBM	cen|CASBPF010000006.1|140773	centromere	CASBPF010000006.1	140773	140891	119	0.8571428571428571	True	85	intact_called	target=CASBPF010000006.1; region_start=140773; region_end=140891; region_len=119; strand=+; call_start=140773; call_end=140891	CASBPF010000006.1	140773	140891	140773	140891
CBM	cen|CASBPF010000010.1|442710	centromere	CASBPF010000010.1	442710	442824	115	0.8434782608695652	True	81	intact_called	target=CASBPF010000010.1; region_start=442710; region_end=442824; region_len=115; strand=+; call_start=442710; call_end=442824	CASBPF010000010.1	442710	442824	442710	442824
CBM	cen|CASBPF010000002.1|122465	centromere	CASBPF010000002.1	122465	122582	118	0.864406779661017	True	84	intact_called	target=CASBPF010000002.1; region_start=122465; region_end=122582; region_len=118; strand=+; call_start=122465; call_end=122582	CASBPF010000002.1	122465	122582	122465	122582
CBM	cen|CASBPF010000016.1|548960	centromere	CASBPF010000016.1	548960	549072	113	0.8672566371681416	True	79	intact_called	target=CASBPF010000016.1; region_start=548960; region_end=549072; region_len=113; strand=+; call_start=548960; call_end=549072	CASBPF010000016.1	548960	549072	548960	549072
CBM	cen|CASBPF010000003.1|702430	centromere	CASBPF010000003.1	702430	702543	114	0.868421052631579	True	80	intact_called	target=CASBPF010000003.1; region_start=702430; region_end=702543; region_len=114; strand=+; call_start=702430; call_end=702543	CASBPF010000003.1	702430	702543	702430	702543
CBM	cen|CASBPF010000008.1|496900	centromere	CASBPF010000008.1	496900	497019	120	0.825	True	86	intact_called	target=CASBPF010000008.1; region_start=496900; region_end=497019; region_len=120; strand=+; call_start=496900; call_end=497019	CASBPF010000008.1	496900	497019	496900	497019
CBM	cen|CASBPF010000015.1|293406	centromere	CASBPF010000015.1	293406	293525	120	0.85	True	86	intact_called	target=CASBPF010000015.1; region_start=293406; region_end=293525; region_len=120; strand=+; call_start=293406; call_end=293525	CASBPF010000015.1	293406	293525	293406	293525
CBM	cen|CASBPF010000004.1|450232	centromere	CASBPF010000004.1	450232	450351	120	0.8416666666666667	True	86	intact_called	target=CASBPF010000004.1; region_start=450232; region_end=450351; region_len=120; strand=+; call_start=450232; call_end=450351	CASBPF010000004.1	450232	450351	450232	450351
CBM	cen|CASBPF010000001.1|137972	centromere	CASBPF010000001.1	137972	138090	119	0.8319327731092437	True	85	intact_called	target=CASBPF010000001.1; region_start=137972; region_end=138090; region_len=119; strand=+; call_start=137972; call_end=138090	CASBPF010000001.1	137972	138090	137972	138090
CBM	cen|CASBPF010000009.1|98279	centromere	CASBPF010000009.1	98279	98397	119	0.8319327731092437	True	85	intact_called	target=CASBPF010000009.1; region_start=98279; region_end=98397; region_len=119; strand=+; call_start=98279; call_end=98397	CASBPF010000009.1	98279	98397	98279	98397
CBM	cen|CASBPF010000013.1|255235	centromere	CASBPF010000013.1	255235	255349	115	0.7913043478260869	True	81	intact_called	target=CASBPF010000013.1; region_start=255235; region_end=255349; region_len=115; strand=+; call_start=255235; call_end=255349	CASBPF010000013.1	255235	255349	255235	255349
CCN	cen|CASBNV010000011.1|441824	centromere	CASBNV010000011.1	441824	441942	119	0.8739495798319328	True	85	intact_called	target=CASBNV010000011.1; region_start=441824; region_end=441942; region_len=119; strand=+; call_start=441824; call_end=441942	CASBNV010000011.1	441824	441942	441824	441942
CCN	cen|CASBNV010000012.1|144986	centromere	CASBNV010000012.1	144986	145106	121	0.8842975206611571	True	87	intact_called	target=CASBNV010000012.1; region_start=144986; region_end=145106; region_len=121; strand=+; call_start=144986; call_end=145106	CASBNV010000012.1	144986	145106	144986	145106
CCN	cen|CASBNV010000002.1|227313	centromere	CASBNV010000002.1	227313	227430	118	0.8728813559322034	True	84	intact_called	target=CASBNV010000002.1; region_start=227313; region_end=227430; region_len=118; strand=+; call_start=227313; call_end=227430	CASBNV010000002.1	227313	227430	227313	227430
CCN	cen|CASBNV010000006.1|152045	centromere	CASBNV010000006.1	152045	152163	119	0.865546218487395	True	85	intact_called	target=CASBNV010000006.1; region_start=152045; region_end=152163; region_len=119; strand=+; call_start=152045; call_end=152163	CASBNV010000006.1	152045	152163	152045	152163
CCN	cen|CASBNV010000005.1|347346	centromere	CASBNV010000005.1	347346	347464	119	0.8823529411764706	True	85	intact_called	target=CASBNV010000005.1; region_start=347346; region_end=347464; region_len=119; strand=+; call_start=347346; call_end=347464	CASBNV010000005.1	347346	347464	347346	347464
CCN	cen|CASBNV010000008.1|504217	centromere	CASBNV010000008.1	504217	504338	122	0.8442622950819673	True	88	intact_called	target=CASBNV010000008.1; region_start=504217; region_end=504338; region_len=122; strand=+; call_start=504217; call_end=504338	CASBNV010000008.1	504217	504338	504217	504338
CCN	cen|CASBNV010000016.1|545233	centromere	CASBNV010000016.1	545233	545351	119	0.8739495798319328	True	85	intact_called	target=CASBNV010000016.1; region_start=545233; region_end=545351; region_len=119; strand=+; call_start=545233; call_end=545351	CASBNV010000016.1	545233	545351	545233	545351
CCN	cen|CASBNV010000003.1|113903	centromere	CASBNV010000003.1	113903	114020	118	0.864406779661017	True	84	intact_called	target=CASBNV010000003.1; region_start=113903; region_end=114020; region_len=118; strand=+; call_start=113903; call_end=114020	CASBNV010000003.1	113903	114020	113903	114020
CCN	cen|CASBNV010000010.1|431201	centromere	CASBNV010000010.1	431201	431319	119	0.8403361344537815	True	85	intact_called	target=CASBNV010000010.1; region_start=431201; region_end=431319; region_len=119; strand=+; call_start=431201; call_end=431319	CASBNV010000010.1	431201	431319	431201	431319
CCN	cen|CASBNV010000004.1|450426	centromere	CASBNV010000004.1	450426	450543	118	0.8559322033898306	True	84	intact_called	target=CASBNV010000004.1; region_start=450426; region_end=450543; region_len=118; strand=+; call_start=450426; call_end=450543	CASBNV010000004.1	450426	450543	450426	450543
CCN	cen|CASBNV010000001.1|147506	centromere	CASBNV010000001.1	147506	147624	119	0.8487394957983193	True	85	intact_called	target=CASBNV010000001.1; region_start=147506; region_end=147624; region_len=119; strand=+; call_start=147506; call_end=147624	CASBNV010000001.1	147506	147624	147506	147624
CCN	cen|CASBNV010000014.1|602869	centromere	CASBNV010000014.1	602869	602987	119	0.8235294117647058	True	85	intact_called	target=CASBNV010000014.1; region_start=602869; region_end=602987; region_len=119; strand=+; call_start=602869; call_end=602987	CASBNV010000014.1	602869	602987	602869	602987
CCN	cen|CASBNV010000007.1|160436	centromere	CASBNV010000007.1	160436	160554	119	0.8319327731092437	True	85	intact_called	target=CASBNV010000007.1; region_start=160436; region_end=160554; region_len=119; strand=+; call_start=160436; call_end=160554	CASBNV010000007.1	160436	160554	160436	160554
CCN	cen|CASBNV010000009.1|94507	centromere	CASBNV010000009.1	94507	94625	119	0.8487394957983193	True	85	intact_called	target=CASBNV010000009.1; region_start=94507; region_end=94625; region_len=119; strand=+; call_start=94507; call_end=94625	CASBNV010000009.1	94507	94625	94507	94625
CCN	cen|CASBNV010000015.1|330224	centromere	CASBNV010000015.1	330224	330343	120	0.8333333333333334	True	86	intact_called	target=CASBNV010000015.1; region_start=330224; region_end=330343; region_len=120; strand=+; call_start=330224; call_end=330343	CASBNV010000015.1	330224	330343	330224	330343
CCN	cen|CASBNV010000013.1|257881	centromere	CASBNV010000013.1	257881	257999	119	0.7983193277310925	True	85	intact_called	target=CASBNV010000013.1; region_start=257881; region_end=257999; region_len=119; strand=+; call_start=257881; call_end=257999	CASBNV010000013.1	257881	257999	257881	257999
CDA	cen|CASBOG010000007.1|149660	centromere	CASBOG010000007.1	149660	149778	119	0.8739495798319328	True	85	intact_called	target=CASBOG010000007.1; region_start=149660; region_end=149778; region_len=119; strand=+; call_start=149660; call_end=149778	CASBOG010000007.1	149660	149778	149660	149778
CDA	cen|CASBOG010000012.1|162406	centromere	CASBOG010000012.1	162406	162525	120	0.8833333333333333	True	86	intact_called	target=CASBOG010000012.1; region_start=162406; region_end=162525; region_len=120; strand=+; call_start=162406; call_end=162525	CASBOG010000012.1	162406	162525	162406	162525
CDA	cen|CASBOG010000002.1|230406	centromere	CASBOG010000002.1	230406	230523	118	0.8898305084745762	True	84	intact_called	target=CASBOG010000002.1; region_start=230406; region_end=230523; region_len=118; strand=+; call_start=230406; call_end=230523	CASBOG010000002.1	230406	230523	230406	230523
CDA	cen|CASBOG010000014.1|642709	centromere	CASBOG010000014.1	642709	642828	120	0.8666666666666667	True	86	intact_called	target=CASBOG010000014.1; region_start=642709; region_end=642828; region_len=120; strand=+; call_start=642709; call_end=642828	CASBOG010000014.1	642709	642828	642709	642828
CDA	cen|CASBOG010000010.1|447781	centromere	CASBOG010000010.1	447781	447898	118	0.864406779661017	True	84	intact_called	target=CASBOG010000010.1; region_start=447781; region_end=447898; region_len=118; strand=+; call_start=447781; call_end=447898	CASBOG010000010.1	447781	447898	447781	447898
CDA	cen|CASBOG010000011.1|451124	centromere	CASBOG010000011.1	451124	451242	119	0.865546218487395	True	85	intact_called	target=CASBOG010000011.1; region_start=451124; region_end=451242; region_len=119; strand=+; call_start=451124; call_end=451242	CASBOG010000011.1	451124	451242	451124	451242
CDA	cen|CASBOG010000006.1|159517	centromere	CASBOG010000006.1	159517	159635	119	0.865546218487395	True	85	intact_called	target=CASBOG010000006.1; region_start=159517; region_end=159635; region_len=119; strand=+; call_start=159517; call_end=159635	CASBOG010000006.1	159517	159635	159517	159635
CDA	cen|CASBOG010000008.1|510977	centromere	CASBOG010000008.1	510977	511096	120	0.85	True	86	intact_called	target=CASBOG010000008.1; region_start=510977; region_end=511096; region_len=120; strand=+; call_start=510977; call_end=511096	CASBOG010000008.1	510977	511096	510977	511096
CDA	cen|CASBOG010000016.1|544809	centromere	CASBOG010000016.1	544809	544927	119	0.8739495798319328	True	85	intact_called	target=CASBOG010000016.1; region_start=544809; region_end=544927; region_len=119; strand=+; call_start=544809; call_end=544927	CASBOG010000016.1	544809	544927	544809	544927
CDA	cen|CASBOG010000015.1|321954	centromere	CASBOG010000015.1	321954	322073	120	0.8583333333333333	True	86	intact_called	target=CASBOG010000015.1; region_start=321954; region_end=322073; region_len=120; strand=+; call_start=321954; call_end=322073	CASBOG010000015.1	321954	322073	321954	322073
CDA	cen|CASBOG010000005.1|357552	centromere	CASBOG010000005.1	357552	357670	119	0.865546218487395	True	85	intact_called	target=CASBOG010000005.1; region_start=357552; region_end=357670; region_len=119; strand=+; call_start=357552; call_end=357670	CASBOG010000005.1	357552	357670	357552	357670
CDA	cen|CASBOG010000004.1|455323	centromere	CASBOG010000004.1	455323	455442	120	0.85	True	86	intact_called	target=CASBOG010000004.1; region_start=455323; region_end=455442; region_len=120; strand=+; call_start=455323; call_end=455442	CASBOG010000004.1	455323	455442	455323	455442
CDA	cen|CASBOG010000003.1|105480	centromere	CASBOG010000003.1	105480	105597	118	0.847457627118644	True	84	intact_called	target=CASBOG010000003.1; region_start=105480; region_end=105597; region_len=118; strand=+; call_start=105480; call_end=105597	CASBOG010000003.1	105480	105597	105480	105597
CDA	cen|CASBOG010000009.1|101437	centromere	CASBOG010000009.1	101437	101555	119	0.8403361344537815	True	85	intact_called	target=CASBOG010000009.1; region_start=101437; region_end=101555; region_len=119; strand=+; call_start=101437; call_end=101555	CASBOG010000009.1	101437	101555	101437	101555
CDA	cen|CASBOG010000001.1|153933	centromere	CASBOG010000001.1	153933	154051	119	0.8319327731092437	True	85	intact_called	target=CASBOG010000001.1; region_start=153933; region_end=154051; region_len=119; strand=+; call_start=153933; call_end=154051	CASBOG010000001.1	153933	154051	153933	154051
CDA	cen|CASBOG010000013.1|256884	centromere	CASBOG010000013.1	256884	257003	120	0.8	True	86	intact_called	target=CASBOG010000013.1; region_start=256884; region_end=257003; region_len=120; strand=+; call_start=256884; call_end=257003	CASBOG010000013.1	256884	257003	256884	257003
CFA	cen|CASBNX010000007.1|155449	centromere	CASBNX010000007.1	155449	155565	117	0.8717948717948718	True	83	intact_called	target=CASBNX010000007.1; region_start=155449; region_end=155565; region_len=117; strand=+; call_start=155449; call_end=155565	CASBNX010000007.1	155449	155565	155449	155565
CFA	cen|CASBNX010000010.1|419035	centromere	CASBNX010000010.1	419035	419152	118	0.8728813559322034	True	84	intact_called	target=CASBNX010000010.1; region_start=419035; region_end=419152; region_len=118; strand=+; call_start=419035; call_end=419152	CASBNX010000010.1	419035	419152	419035	419152
CFA	cen|CASBNX010000012.1|152828	centromere	CASBNX010000012.1	152828	152947	120	0.8833333333333333	True	86	intact_called	target=CASBNX010000012.1; region_start=152828; region_end=152947; region_len=120; strand=+; call_start=152828; call_end=152947	CASBNX010000012.1	152828	152947	152828	152947
CFA	cen|CASBNX010000008.1|501788	centromere	CASBNX010000008.1	501788	501908	121	0.8512396694214877	True	87	intact_called	target=CASBNX010000008.1; region_start=501788; region_end=501908; region_len=121; strand=+; call_start=501788; call_end=501908	CASBNX010000008.1	501788	501908	501788	501908
CFA	cen|CASBNX010000016.1|541176	centromere	CASBNX010000016.1	541176	541293	118	0.8813559322033898	True	84	intact_called	target=CASBNX010000016.1; region_start=541176; region_end=541293; region_len=118; strand=+; call_start=541176; call_end=541293	CASBNX010000016.1	541176	541293	541176	541293
CFA	cen|CASBNX010000002.1|235157	centromere	CASBNX010000002.1	235157	235274	118	0.8728813559322034	True	84	intact_called	target=CASBNX010000002.1; region_start=235157; region_end=235274; region_len=118; strand=+; call_start=235157; call_end=235274	CASBNX010000002.1	235157	235274	235157	235274
CFA	cen|CASBNX010000003.1|108666	centromere	CASBNX010000003.1	108666	108784	119	0.865546218487395	True	85	intact_called	target=CASBNX010000003.1; region_start=108666; region_end=108784; region_len=119; strand=+; call_start=108666; call_end=108784	CASBNX010000003.1	108666	108784	108666	108784
CFA	cen|CASBNX010000014.1|604395	centromere	CASBNX010000014.1	604395	604512	118	0.8305084745762712	True	84	intact_called	target=CASBNX010000014.1; region_start=604395; region_end=604512; region_len=118; strand=+; call_start=604395; call_end=604512	CASBNX010000014.1	604395	604512	604395	604512
CFA	cen|CASBNX010000005.1|353192	centromere	CASBNX010000005.1	353192	353309	118	0.864406779661017	True	84	intact_called	target=CASBNX010000005.1; region_start=353192; region_end=353309; region_len=118; strand=+; call_start=353192; call_end=353309	CASBNX010000005.1	353192	353309	353192	353309
CFA	cen|CASBNX010000015.1|323734	centromere	CASBNX010000015.1	323734	323853	120	0.85	True	86	intact_called	target=CASBNX010000015.1; region_start=323734; region_end=323853; region_len=120; strand=+; call_start=323734; call_end=323853	CASBNX010000015.1	323734	323853	323734	323853
CFA	cen|CASBNX010000004.1|454130	centromere	CASBNX010000004.1	454130	454249	120	0.85	True	86	intact_called	target=CASBNX010000004.1; region_start=454130; region_end=454249; region_len=120; strand=+; call_start=454130; call_end=454249	CASBNX010000004.1	454130	454249	454130	454249
CFA	cen|CASBNX010000006.1|149406	centromere	CASBNX010000006.1	149406	149524	119	0.8319327731092437	True	85	intact_called	target=CASBNX010000006.1; region_start=149406; region_end=149524; region_len=119; strand=+; call_start=149406; call_end=149524	CASBNX010000006.1	149406	149524	149406	149524
CFA	cen|CASBNX010000001.1|133406	centromere	CASBNX010000001.1	133406	133524	119	0.8403361344537815	True	85	intact_called	target=CASBNX010000001.1; region_start=133406; region_end=133524; region_len=119; strand=+; call_start=133406; call_end=133524	CASBNX010000001.1	133406	133524	133406	133524
CFA	cen|CASBNX010000009.1|94264	centromere	CASBNX010000009.1	94264	94382	119	0.8319327731092437	True	85	intact_called	target=CASBNX010000009.1; region_start=94264; region_end=94382; region_len=119; strand=+; call_start=94264; call_end=94382	CASBNX010000009.1	94264	94382	94264	94382
CFA	cen|CASBNX010000011.1|447064	centromere	CASBNX010000011.1	447064	447183	120	0.8333333333333334	True	86	intact_called	target=CASBNX010000011.1; region_start=447064; region_end=447183; region_len=120; strand=+; call_start=447064; call_end=447183	CASBNX010000011.1	447064	447183	447064	447183
CFA	cen|CASBNX010000013.1|269918	centromere	CASBNX010000013.1	269918	270037	120	0.7916666666666666	True	86	intact_called	target=CASBNX010000013.1; region_start=269918; region_end=270037; region_len=120; strand=+; call_start=269918; call_end=270037	CASBNX010000013.1	269918	270037	269918	270037
CFC	cen|CASBOS010000005.1|349691	centromere	CASBOS010000005.1	349691	349808	118	0.8898305084745762	True	84	intact_called	target=CASBOS010000005.1; region_start=349691; region_end=349808; region_len=118; strand=+; call_start=349691; call_end=349808	CASBOS010000005.1	349691	349808	349691	349808
CFC	cen|CASBOS010000011.1|462302	centromere	CASBOS010000011.1	462302	462420	119	0.8739495798319328	True	85	intact_called	target=CASBOS010000011.1; region_start=462302; region_end=462420; region_len=119; strand=+; call_start=462302; call_end=462420	CASBOS010000011.1	462302	462420	462302	462420
CFC	cen|CASBOS010000010.1|443538	centromere	CASBOS010000010.1	443538	443655	118	0.864406779661017	True	84	intact_called	target=CASBOS010000010.1; region_start=443538; region_end=443655; region_len=118; strand=+; call_start=443538; call_end=443655	CASBOS010000010.1	443538	443655	443538	443655
CFC	cen|CASBOS010000012.1|151673	centromere	CASBOS010000012.1	151673	151793	121	0.8760330578512396	True	87	intact_called	target=CASBOS010000012.1; region_start=151673; region_end=151793; region_len=121; strand=+; call_start=151673; call_end=151793	CASBOS010000012.1	151673	151793	151673	151793
CFC	cen|CASBOS010000008.1|498416	centromere	CASBOS010000008.1	498416	498537	122	0.8524590163934426	True	88	intact_called	target=CASBOS010000008.1; region_start=498416; region_end=498537; region_len=122; strand=+; call_start=498416; call_end=498537	CASBOS010000008.1	498416	498537	498416	498537
CFC	cen|CASBOS010000014.1|622368	centromere	CASBOS010000014.1	622368	622486	119	0.8487394957983193	True	85	intact_called	target=CASBOS010000014.1; region_start=622368; region_end=622486; region_len=119; strand=+; call_start=622368; call_end=622486	CASBOS010000014.1	622368	622486	622368	622486
CFC	cen|CASBOS010000016.1|556485	centromere	CASBOS010000016.1	556485	556604	120	0.8833333333333333	True	86	intact_called	target=CASBOS010000016.1; region_start=556485; region_end=556604; region_len=120; strand=+; call_start=556485; call_end=556604	CASBOS010000016.1	556485	556604	556485	556604
CFC	cen|CASBOS010000002.1|220180	centromere	CASBOS010000002.1	220180	220297	118	0.8728813559322034	True	84	intact_called	target=CASBOS010000002.1; region_start=220180; region_end=220297; region_len=118; strand=+; call_start=220180; call_end=220297	CASBOS010000002.1	220180	220297	220180	220297
CFC	cen|CASBOS010000006.1|151873	centromere	CASBOS010000006.1	151873	151991	119	0.8487394957983193	True	85	intact_called	target=CASBOS010000006.1; region_start=151873; region_end=151991; region_len=119; strand=+; call_start=151873; call_end=151991	CASBOS010000006.1	151873	151991	151873	151991
CFC	cen|CASBOS010000007.1|130630	centromere	CASBOS010000007.1	130630	130747	118	0.864406779661017	True	84	intact_called	target=CASBOS010000007.1; region_start=130630; region_end=130747; region_len=118; strand=+; call_start=130630; call_end=130747	CASBOS010000007.1	130630	130747	130630	130747
CFC	cen|CASBOS010000015.1|317161	centromere	CASBOS010000015.1	317161	317280	120	0.85	True	86	intact_called	target=CASBOS010000015.1; region_start=317161; region_end=317280; region_len=120; strand=+; call_start=317161; call_end=317280	CASBOS010000015.1	317161	317280	317161	317280
CFC	cen|CASBOS010000004.1|449915	centromere	CASBOS010000004.1	449915	450034	120	0.85	True	86	intact_called	target=CASBOS010000004.1; region_start=449915; region_end=450034; region_len=120; strand=+; call_start=449915; call_end=450034	CASBOS010000004.1	449915	450034	449915	450034
CFC	cen|CASBOS010000003.1|108876	centromere	CASBOS010000003.1	108876	108993	118	0.847457627118644	True	84	intact_called	target=CASBOS010000003.1; region_start=108876; region_end=108993; region_len=118; strand=+; call_start=108876; call_end=108993	CASBOS010000003.1	108876	108993	108876	108993
CFC	cen|CASBOS010000009.1|100099	centromere	CASBOS010000009.1	100099	100218	120	0.8333333333333334	True	86	intact_called	target=CASBOS010000009.1; region_start=100099; region_end=100218; region_len=120; strand=+; call_start=100099; call_end=100218	CASBOS010000009.1	100099	100218	100099	100218
CFC	cen|CASBOS010000001.1|147711	centromere	CASBOS010000001.1	147711	147829	119	0.8319327731092437	True	85	intact_called	target=CASBOS010000001.1; region_start=147711; region_end=147829; region_len=119; strand=+; call_start=147711; call_end=147829	CASBOS010000001.1	147711	147829	147711	147829
CFC	cen|CASBOS010000013.1|255574	centromere	CASBOS010000013.1	255574	255691	118	0.8135593220338984	True	84	intact_called	target=CASBOS010000013.1; region_start=255574; region_end=255691; region_len=118; strand=+; call_start=255574; call_end=255691	CASBOS010000013.1	255574	255691	255574	255691
CFF	cen|CASBPC010000016.1|543259	centromere	CASBPC010000016.1	543259	543371	113	0.8849557522123894	True	79	intact_called	target=CASBPC010000016.1; region_start=543259; region_end=543371; region_len=113; strand=+; call_start=543259; call_end=543371	CASBPC010000016.1	543259	543371	543259	543371
CFF	cen|CASBPC010000010.1|434434	centromere	CASBPC010000010.1	434434	434553	120	0.8583333333333333	True	86	intact_called	target=CASBPC010000010.1; region_start=434434; region_end=434553; region_len=120; strand=+; call_start=434434; call_end=434553	CASBPC010000010.1	434434	434553	434434	434553
CFF	cen|CASBPC010000011.1|480904	centromere	CASBPC010000011.1	480904	481022	119	0.865546218487395	True	85	intact_called	target=CASBPC010000011.1; region_start=480904; region_end=481022; region_len=119; strand=+; call_start=480904; call_end=481022	CASBPC010000011.1	480904	481022	480904	481022
CFF	cen|CASBPC010000012.1|146097	centromere	CASBPC010000012.1	146097	146216	120	0.875	True	86	intact_called	target=CASBPC010000012.1; region_start=146097; region_end=146216; region_len=120; strand=+; call_start=146097; call_end=146216	CASBPC010000012.1	146097	146216	146097	146216
CFF	cen|CASBPC010000014.1|626700	centromere	CASBPC010000014.1	626700	626818	119	0.8487394957983193	True	85	intact_called	target=CASBPC010000014.1; region_start=626700; region_end=626818; region_len=119; strand=+; call_start=626700; call_end=626818	CASBPC010000014.1	626700	626818	626700	626818
CFF	cen|CASBPC010000005.1|339273	centromere	CASBPC010000005.1	339273	339390	118	0.8813559322033898	True	84	intact_called	target=CASBPC010000005.1; region_start=339273; region_end=339390; region_len=118; strand=+; call_start=339273; call_end=339390	CASBPC010000005.1	339273	339390	339273	339390
CFF	cen|CASBPC010000004.1|445832	centromere	CASBPC010000004.1	445832	445950	119	0.865546218487395	True	85	intact_called	target=CASBPC010000004.1; region_start=445832; region_end=445950; region_len=119; strand=+; call_start=445832; call_end=445950	CASBPC010000004.1	445832	445950	445832	445950
CFF	cen|CASBPC010000008.1|511117	centromere	CASBPC010000008.1	511117	511238	122	0.8442622950819673	True	88	intact_called	target=CASBPC010000008.1; region_start=511117; region_end=511238; region_len=122; strand=+; call_start=511117; call_end=511238	CASBPC010000008.1	511117	511238	511117	511238
CFF	cen|CASBPC010000009.1|94253	centromere	CASBPC010000009.1	94253	94371	119	0.865546218487395	True	85	intact_called	target=CASBPC010000009.1; region_start=94253; region_end=94371; region_len=119; strand=+; call_start=94253; call_end=94371	CASBPC010000009.1	94253	94371	94253	94371
CFF	cen|CASBPC010000007.1|148265	centromere	CASBPC010000007.1	148265	148382	118	0.847457627118644	True	84	intact_called	target=CASBPC010000007.1; region_start=148265; region_end=148382; region_len=118; strand=+; call_start=148265; call_end=148382	CASBPC010000007.1	148265	148382	148265	148382
CFF	cen|CASBPC010000002.1|233159	centromere	CASBPC010000002.1	233159	233276	118	0.8728813559322034	True	84	intact_called	target=CASBPC010000002.1; region_start=233159; region_end=233276; region_len=118; strand=+; call_start=233159; call_end=233276	CASBPC010000002.1	233159	233276	233159	233276
CFF	cen|CASBPC010000006.1|158794	centromere	CASBPC010000006.1	158794	158912	119	0.8487394957983193	True	85	intact_called	target=CASBPC010000006.1; region_start=158794; region_end=158912; region_len=119; strand=+; call_start=158794; call_end=158912	CASBPC010000006.1	158794	158912	158794	158912
CFF	cen|CASBPC010000015.1|316865	centromere	CASBPC010000015.1	316865	316984	120	0.8416666666666667	True	86	intact_called	target=CASBPC010000015.1; region_start=316865; region_end=316984; region_len=120; strand=+; call_start=316865; call_end=316984	CASBPC010000015.1	316865	316984	316865	316984
CFF	cen|CASBPC010000003.1|135345	centromere	CASBPC010000003.1	135345	135462	118	0.847457627118644	True	84	intact_called	target=CASBPC010000003.1; region_start=135345; region_end=135462; region_len=118; strand=+; call_start=135345; call_end=135462	CASBPC010000003.1	135345	135462	135345	135462
CFF	cen|CASBPC010000001.1|144842	centromere	CASBPC010000001.1	144842	144960	119	0.8403361344537815	True	85	intact_called	target=CASBPC010000001.1; region_start=144842; region_end=144960; region_len=119; strand=+; call_start=144842; call_end=144960	CASBPC010000001.1	144842	144960	144842	144960
CFF	cen|CASBPC010000013.1|256121	centromere	CASBPC010000013.1	256121	256238	118	0.7966101694915254	True	84	intact_called	target=CASBPC010000013.1; region_start=256121; region_end=256238; region_len=118; strand=+; call_start=256121; call_end=256238	CASBPC010000013.1	256121	256238	256121	256238
CFS	cen|CASBOL010000005.1|350758	centromere	CASBOL010000005.1	350758	350875	118	0.8898305084745762	True	84	intact_called	target=CASBOL010000005.1; region_start=350758; region_end=350875; region_len=118; strand=+; call_start=350758; call_end=350875	CASBOL010000005.1	350758	350875	350758	350875
CFS	cen|CASBOL010000016.1|544678	centromere	CASBOL010000016.1	544678	544817	140	0.9	True	106	intact_called	target=CASBOL010000016.1; region_start=544678; region_end=544817; region_len=140; strand=+; call_start=544678; call_end=544817	CASBOL010000016.1	544678	544817	544678	544817
CFS	cen|CASBOL010000010.1|435057	centromere	CASBOL010000010.1	435057	435174	118	0.864406779661017	True	84	intact_called	target=CASBOL010000010.1; region_start=435057; region_end=435174; region_len=118; strand=+; call_start=435057; call_end=435174	CASBOL010000010.1	435057	435174	435057	435174
CFS	cen|CASBOL010000011.1|440155	centromere	CASBOL010000011.1	440155	440273	119	0.865546218487395	True	85	intact_called	target=CASBOL010000011.1; region_start=440155; region_end=440273; region_len=119; strand=+; call_start=440155; call_end=440273	CASBOL010000011.1	440155	440273	440155	440273
CFS	cen|CASBOL010000012.1|144846	centromere	CASBOL010000012.1	144846	144966	121	0.8760330578512396	True	87	intact_called	target=CASBOL010000012.1; region_start=144846; region_end=144966; region_len=121; strand=+; call_start=144846; call_end=144966	CASBOL010000012.1	144846	144966	144846	144966
CFS	cen|CASBOL010000008.1|506290	centromere	CASBOL010000008.1	506290	506411	122	0.8524590163934426	True	88	intact_called	target=CASBOL010000008.1; region_start=506290; region_end=506411; region_len=122; strand=+; call_start=506290; call_end=506411	CASBOL010000008.1	506290	506411	506290	506411
CFS	cen|CASBOL010000014.1|609978	centromere	CASBOL010000014.1	609978	610096	119	0.8487394957983193	True	85	intact_called	target=CASBOL010000014.1; region_start=609978; region_end=610096; region_len=119; strand=+; call_start=609978; call_end=610096	CASBOL010000014.1	609978	610096	609978	610096
CFS	cen|CASBOL010000009.1|89704	centromere	CASBOL010000009.1	89704	89822	119	0.865546218487395	True	85	intact_called	target=CASBOL010000009.1; region_start=89704; region_end=89822; region_len=119; strand=+; call_start=89704; call_end=89822	CASBOL010000009.1	89704	89822	89704	89822
CFS	cen|CASBOL010000007.1|123990	centromere	CASBOL010000007.1	123990	124108	119	0.8487394957983193	True	85	intact_called	target=CASBOL010000007.1; region_start=123990; region_end=124108; region_len=119; strand=+; call_start=123990; call_end=124108	CASBOL010000007.1	123990	124108	123990	124108
CFS	cen|CASBOL010000002.1|220346	centromere	CASBOL010000002.1	220346	220463	118	0.8728813559322034	True	84	intact_called	target=CASBOL010000002.1; region_start=220346; region_end=220463; region_len=118; strand=+; call_start=220346; call_end=220463	CASBOL010000002.1	220346	220463	220346	220463
CFS	cen|CASBOL010000006.1|152854	centromere	CASBOL010000006.1	152854	152972	119	0.8487394957983193	True	85	intact_called	target=CASBOL010000006.1; region_start=152854; region_end=152972; region_len=119; strand=+; call_start=152854; call_end=152972	CASBOL010000006.1	152854	152972	152854	152972
CFS	cen|CASBOL010000003.1|116960	centromere	CASBOL010000003.1	116960	117077	118	0.8559322033898306	True	84	intact_called	target=CASBOL010000003.1; region_start=116960; region_end=117077; region_len=118; strand=+; call_start=116960; call_end=117077	CASBOL010000003.1	116960	117077	116960	117077
CFS	cen|CASBOL010000015.1|311609	centromere	CASBOL010000015.1	311609	311728	120	0.85	True	86	intact_called	target=CASBOL010000015.1; region_start=311609; region_end=311728; region_len=120; strand=+; call_start=311609; call_end=311728	CASBOL010000015.1	311609	311728	311609	311728
CFS	cen|CASBOL010000004.1|448141	centromere	CASBOL010000004.1	448141	448260	120	0.8416666666666667	True	86	intact_called	target=CASBOL010000004.1; region_start=448141; region_end=448260; region_len=120; strand=+; call_start=448141; call_end=448260	CASBOL010000004.1	448141	448260	448141	448260
CFS	cen|CASBOL010000001.1|135954	centromere	CASBOL010000001.1	135954	136072	119	0.8403361344537815	True	85	intact_called	target=CASBOL010000001.1; region_start=135954; region_end=136072; region_len=119; strand=+; call_start=135954; call_end=136072	CASBOL010000001.1	135954	136072	135954	136072
CFS	cen|CASBOL010000013.1|251190	centromere	CASBOL010000013.1	251190	251308	119	0.8067226890756303	True	85	intact_called	target=CASBOL010000013.1; region_start=251190; region_end=251308; region_len=119; strand=+; call_start=251190; call_end=251308	CASBOL010000013.1	251190	251308	251190	251308
CIC	cen|CASBPB010000010.1|433674	centromere	CASBPB010000010.1	433674	433788	115	0.8695652173913043	True	81	intact_called	target=CASBPB010000010.1; region_start=433674; region_end=433788; region_len=115; strand=+; call_start=433674; call_end=433788	CASBPB010000010.1	433674	433788	433674	433788
CIC	cen|CASBPB010000007.1|143230	centromere	CASBPB010000007.1	143230	143349	120	0.8666666666666667	True	86	intact_called	target=CASBPB010000007.1; region_start=143230; region_end=143349; region_len=120; strand=+; call_start=143230; call_end=143349	CASBPB010000007.1	143230	143349	143230	143349
CIC	cen|CASBPB010000011.1|451233	centromere	CASBPB010000011.1	451233	451352	120	0.8666666666666667	True	86	intact_called	target=CASBPB010000011.1; region_start=451233; region_end=451352; region_len=120; strand=+; call_start=451233; call_end=451352	CASBPB010000011.1	451233	451352	451233	451352
CIC	cen|CASBPB010000012.1|135203	centromere	CASBPB010000012.1	135203	135323	121	0.8677685950413223	True	87	intact_called	target=CASBPB010000012.1; region_start=135203; region_end=135323; region_len=121; strand=+; call_start=135203; call_end=135323	CASBPB010000012.1	135203	135323	135203	135323
CIC	cen|CASBPB010000006.1|152071	centromere	CASBPB010000006.1	152071	152188	118	0.8559322033898306	True	84	intact_called	target=CASBPB010000006.1; region_start=152071; region_end=152188; region_len=118; strand=+; call_start=152071; call_end=152188	CASBPB010000006.1	152071	152188	152071	152188
CIC	cen|CASBPB010000005.1|383181	centromere	CASBPB010000005.1	383181	383297	117	0.8717948717948718	True	83	intact_called	target=CASBPB010000005.1; region_start=383181; region_end=383297; region_len=117; strand=+; call_start=383181; call_end=383297	CASBPB010000005.1	383181	383297	383181	383297
CIC	cen|CASBPB010000009.1|109607	centromere	CASBPB010000009.1	109607	109725	119	0.8487394957983193	True	85	intact_called	target=CASBPB010000009.1; region_start=109607; region_end=109725; region_len=119; strand=+; call_start=109607; call_end=109725	CASBPB010000009.1	109607	109725	109607	109725
CIC	cen|CASBPB010000015.1|323948	centromere	CASBPB010000015.1	323948	324062	115	0.8521739130434782	True	81	intact_called	target=CASBPB010000015.1; region_start=323948; region_end=324062; region_len=115; strand=+; call_start=323948; call_end=324062	CASBPB010000015.1	323948	324062	323948	324062
CIC	cen|CASBPB010000002.1|220563	centromere	CASBPB010000002.1	220563	220680	118	0.864406779661017	True	84	intact_called	target=CASBPB010000002.1; region_start=220563; region_end=220680; region_len=118; strand=+; call_start=220563; call_end=220680	CASBPB010000002.1	220563	220680	220563	220680
CIC	cen|CASBPB010000001.1|129804	centromere	CASBPB010000001.1	129804	129922	119	0.8487394957983193	True	85	intact_called	target=CASBPB010000001.1; region_start=129804; region_end=129922; region_len=119; strand=+; call_start=129804; call_end=129922	CASBPB010000001.1	129804	129922	129804	129922
CIC	cen|CASBPB010000016.1|536408	centromere	CASBPB010000016.1	536408	536522	115	0.8608695652173913	True	81	intact_called	target=CASBPB010000016.1; region_start=536408; region_end=536522; region_len=115; strand=+; call_start=536408; call_end=536522	CASBPB010000016.1	536408	536522	536408	536522
CIC	cen|CASBPB010000014.1|654332	centromere	CASBPB010000014.1	654332	654448	117	0.8205128205128205	True	83	intact_called	target=CASBPB010000014.1; region_start=654332; region_end=654448; region_len=117; strand=+; call_start=654332; call_end=654448	CASBPB010000014.1	654332	654448	654332	654448
CIC	cen|CASBPB010000003.1|110418	centromere	CASBPB010000003.1	110418	110535	118	0.847457627118644	True	84	intact_called	target=CASBPB010000003.1; region_start=110418; region_end=110535; region_len=118; strand=+; call_start=110418; call_end=110535	CASBPB010000003.1	110418	110535	110418	110535
CIC	cen|CASBPB010000004.1|447453	centromere	CASBPB010000004.1	447453	447572	120	0.8416666666666667	True	86	intact_called	target=CASBPB010000004.1; region_start=447453; region_end=447572; region_len=120; strand=+; call_start=447453; call_end=447572	CASBPB010000004.1	447453	447572	447453	447572
CIC	cen|CASBPB010000008.1|504564	centromere	CASBPB010000008.1	504564	504683	120	0.8166666666666667	True	86	intact_called	target=CASBPB010000008.1; region_start=504564; region_end=504683; region_len=120; strand=+; call_start=504564; call_end=504683	CASBPB010000008.1	504564	504683	504564	504683
CIC	cen|CASBPB010000013.1|253237	centromere	CASBPB010000013.1	253237	253357	121	0.8016528925619835	True	87	intact_called	target=CASBPB010000013.1; region_start=253237; region_end=253357; region_len=121; strand=+; call_start=253237; call_end=253357	CASBPB010000013.1	253237	253357	253237	253357
CIH	cen|CASBOR010000011.1|445840	centromere	CASBOR010000011.1	445840	445958	119	0.865546218487395	True	85	intact_called	target=CASBOR010000011.1; region_start=445840; region_end=445958; region_len=119; strand=+; call_start=445840; call_end=445958	CASBOR010000011.1	445840	445958	445840	445958
CIH	cen|CASBOR010000001.1|158959	centromere	CASBOR010000001.1	158959	159077	119	0.865546218487395	True	85	intact_called	target=CASBOR010000001.1; region_start=158959; region_end=159077; region_len=119; strand=+; call_start=158959; call_end=159077	CASBOR010000001.1	158959	159077	158959	159077
CIH	cen|CASBOR010000014.1|707271	centromere	CASBOR010000014.1	707271	707391	121	0.8760330578512396	True	87	intact_called	target=CASBOR010000014.1; region_start=707271; region_end=707391; region_len=121; strand=+; call_start=707271; call_end=707391	CASBOR010000014.1	707271	707391	707271	707391
CIH	cen|CASBOR010000010.1|426236	centromere	CASBOR010000010.1	426236	426354	119	0.8571428571428571	True	85	intact_called	target=CASBOR010000010.1; region_start=426236; region_end=426354; region_len=119; strand=+; call_start=426236; call_end=426354	CASBOR010000010.1	426236	426354	426236	426354
CIH	cen|CASBOR010000005.1|335149	centromere	CASBOR010000005.1	335149	335266	118	0.8898305084745762	True	84	intact_called	target=CASBOR010000005.1; region_start=335149; region_end=335266; region_len=118; strand=+; call_start=335149; call_end=335266	CASBOR010000005.1	335149	335266	335149	335266
CIH	cen|CASBOR010000017.1|528839	centromere	CASBOR010000017.1	528839	528956	118	0.8813559322033898	True	84	intact_called	target=CASBOR010000017.1; region_start=528839; region_end=528956; region_len=118; strand=+; call_start=528839; call_end=528956	CASBOR010000017.1	528839	528956	528839	528956
CIH	cen|CASBOR010000015.1|632187	centromere	CASBOR010000015.1	632187	632307	121	0.8429752066115702	True	87	intact_called	target=CASBOR010000015.1; region_start=632187; region_end=632307; region_len=121; strand=+; call_start=632187; call_end=632307	CASBOR010000015.1	632187	632307	632187	632307
CIH	cen|CASBOR010000007.1|128737	centromere	CASBOR010000007.1	128737	128855	119	0.8487394957983193	True	85	intact_called	target=CASBOR010000007.1; region_start=128737; region_end=128855; region_len=119; strand=+; call_start=128737; call_end=128855	CASBOR010000007.1	128737	128855	128737	128855
CIH	cen|CASBOR010000002.1|235393	centromere	CASBOR010000002.1	235393	235510	118	0.8728813559322034	True	84	intact_called	target=CASBOR010000002.1; region_start=235393; region_end=235510; region_len=118; strand=+; call_start=235393; call_end=235510	CASBOR010000002.1	235393	235510	235393	235510
CIH	cen|CASBOR010000006.1|140557	centromere	CASBOR010000006.1	140557	140675	119	0.8487394957983193	True	85	intact_called	target=CASBOR010000006.1; region_start=140557; region_end=140675; region_len=119; strand=+; call_start=140557; call_end=140675	CASBOR010000006.1	140557	140675	140557	140675
CIH	cen|CASBOR010000008.1|496282	centromere	CASBOR010000008.1	496282	496402	121	0.8347107438016529	True	87	intact_called	target=CASBOR010000008.1; region_start=496282; region_end=496402; region_len=121; strand=+; call_start=496282; call_end=496402	CASBOR010000008.1	496282	496402	496282	496402
CIH	cen|CASBOR010000003.1|114643	centromere	CASBOR010000003.1	114643	114760	118	0.864406779661017	True	84	intact_called	target=CASBOR010000003.1; region_start=114643; region_end=114760; region_len=118; strand=+; call_start=114643; call_end=114760	CASBOR010000003.1	114643	114760	114643	114760
CIH	cen|CASBOR010000016.1|302201	centromere	CASBOR010000016.1	302201	302321	121	0.8512396694214877	True	87	intact_called	target=CASBOR010000016.1; region_start=302201; region_end=302321; region_len=121; strand=+; call_start=302201; call_end=302321	CASBOR010000016.1	302201	302321	302201	302321
CIH	cen|CASBOR010000004.1|449068	centromere	CASBOR010000004.1	449068	449187	120	0.85	True	86	intact_called	target=CASBOR010000004.1; region_start=449068; region_end=449187; region_len=120; strand=+; call_start=449068; call_end=449187	CASBOR010000004.1	449068	449187	449068	449187
CIH	cen|CASBOR010000009.1|100796	centromere	CASBOR010000009.1	100796	100914	119	0.8319327731092437	True	85	intact_called	target=CASBOR010000009.1; region_start=100796; region_end=100914; region_len=119; strand=+; call_start=100796; call_end=100914	CASBOR010000009.1	100796	100914	100796	100914
CIH	cen|CASBOR010000013.1|261717	centromere	CASBOR010000013.1	261717	261836	120	0.8	True	86	intact_called	target=CASBOR010000013.1; region_start=261717; region_end=261836; region_len=120; strand=+; call_start=261717; call_end=261836	CASBOR010000013.1	261717	261836	261717	261836
CKB	cen|CASBOD010000005.1|333035	centromere	CASBOD010000005.1	333035	333152	118	0.8898305084745762	True	84	intact_called	target=CASBOD010000005.1; region_start=333035; region_end=333152; region_len=118; strand=+; call_start=333035; call_end=333152	CASBOD010000005.1	333035	333152	333035	333152
CKB	cen|CASBOD010000012.1|136823	centromere	CASBOD010000012.1	136823	136943	121	0.8760330578512396	True	87	intact_called	target=CASBOD010000012.1; region_start=136823; region_end=136943; region_len=121; strand=+; call_start=136823; call_end=136943	CASBOD010000012.1	136823	136943	136823	136943
CKB	cen|CASBOD010000008.1|506979	centromere	CASBOD010000008.1	506979	507100	122	0.8524590163934426	True	88	intact_called	target=CASBOD010000008.1; region_start=506979; region_end=507100; region_len=122; strand=+; call_start=506979; call_end=507100	CASBOD010000008.1	506979	507100	506979	507100
CKB	cen|CASBOD010000010.1|441358	centromere	CASBOD010000010.1	441358	441475	118	0.8559322033898306	True	84	intact_called	target=CASBOD010000010.1; region_start=441358; region_end=441475; region_len=118; strand=+; call_start=441358; call_end=441475	CASBOD010000010.1	441358	441475	441358	441475
CKB	cen|CASBOD010000014.1|617042	centromere	CASBOD010000014.1	617042	617160	119	0.8487394957983193	True	85	intact_called	target=CASBOD010000014.1; region_start=617042; region_end=617160; region_len=119; strand=+; call_start=617042; call_end=617160	CASBOD010000014.1	617042	617160	617042	617160
CKB	cen|CASBOD010000016.1|549180	centromere	CASBOD010000016.1	549180	549297	118	0.8813559322033898	True	84	intact_called	target=CASBOD010000016.1; region_start=549180; region_end=549297; region_len=118; strand=+; call_start=549180; call_end=549297	CASBOD010000016.1	549180	549297	549180	549297
CKB	cen|CASBOD010000011.1|440278	centromere	CASBOD010000011.1	440278	440396	119	0.8571428571428571	True	85	intact_called	target=CASBOD010000011.1; region_start=440278; region_end=440396; region_len=119; strand=+; call_start=440278; call_end=440396	CASBOD010000011.1	440278	440396	440278	440396
CKB	cen|CASBOD010000009.1|89484	centromere	CASBOD010000009.1	89484	89602	119	0.865546218487395	True	85	intact_called	target=CASBOD010000009.1; region_start=89484; region_end=89602; region_len=119; strand=+; call_start=89484; call_end=89602	CASBOD010000009.1	89484	89602	89484	89602
CKB	cen|CASBOD010000007.1|124039	centromere	CASBOD010000007.1	124039	124157	119	0.8487394957983193	True	85	intact_called	target=CASBOD010000007.1; region_start=124039; region_end=124157; region_len=119; strand=+; call_start=124039; call_end=124157	CASBOD010000007.1	124039	124157	124039	124157
CKB	cen|CASBOD010000003.1|114323	centromere	CASBOD010000003.1	114323	114440	118	0.864406779661017	True	84	intact_called	target=CASBOD010000003.1; region_start=114323; region_end=114440; region_len=118; strand=+; call_start=114323; call_end=114440	CASBOD010000003.1	114323	114440	114323	114440
CKB	cen|CASBOD010000002.1|224150	centromere	CASBOD010000002.1	224150	224267	118	0.8728813559322034	True	84	intact_called	target=CASBOD010000002.1; region_start=224150; region_end=224267; region_len=118; strand=+; call_start=224150; call_end=224267	CASBOD010000002.1	224150	224267	224150	224267
CKB	cen|CASBOD010000006.1|148254	centromere	CASBOD010000006.1	148254	148372	119	0.8571428571428571	True	85	intact_called	target=CASBOD010000006.1; region_start=148254; region_end=148372; region_len=119; strand=+; call_start=148254; call_end=148372	CASBOD010000006.1	148254	148372	148254	148372
CKB	cen|CASBOD010000015.1|295216	centromere	CASBOD010000015.1	295216	295335	120	0.85	True	86	intact_called	target=CASBOD010000015.1; region_start=295216; region_end=295335; region_len=120; strand=+; call_start=295216; call_end=295335	CASBOD010000015.1	295216	295335	295216	295335
CKB	cen|CASBOD010000004.1|460573	centromere	CASBOD010000004.1	460573	460692	120	0.85	True	86	intact_called	target=CASBOD010000004.1; region_start=460573; region_end=460692; region_len=120; strand=+; call_start=460573; call_end=460692	CASBOD010000004.1	460573	460692	460573	460692
CKB	cen|CASBOD010000001.1|138545	centromere	CASBOD010000001.1	138545	138663	119	0.8403361344537815	True	85	intact_called	target=CASBOD010000001.1; region_start=138545; region_end=138663; region_len=119; strand=+; call_start=138545; call_end=138663	CASBOD010000001.1	138545	138663	138545	138663
CKB	cen|CASBOD010000013.1|251168	centromere	CASBOD010000013.1	251168	251285	118	0.7966101694915254	True	84	intact_called	target=CASBOD010000013.1; region_start=251168; region_end=251285; region_len=118; strand=+; call_start=251168; call_end=251285	CASBOD010000013.1	251168	251285	251168	251285
CLL	cen|CASBOO010000007.1|169609	centromere	CASBOO010000007.1	169609	169727	119	0.865546218487395	True	85	intact_called	target=CASBOO010000007.1; region_start=169609; region_end=169727; region_len=119; strand=+; call_start=169609; call_end=169727	CASBOO010000007.1	169609	169727	169609	169727
CLL	cen|CASBOO010000011.1|446332	centromere	CASBOO010000011.1	446332	446450	119	0.865546218487395	True	85	intact_called	target=CASBOO010000011.1; region_start=446332; region_end=446450; region_len=119; strand=+; call_start=446332; call_end=446450	CASBOO010000011.1	446332	446450	446332	446450
CLL	cen|CASBOO010000006.1|170334	centromere	CASBOO010000006.1	170334	170452	119	0.865546218487395	True	85	intact_called	target=CASBOO010000006.1; region_start=170334; region_end=170452; region_len=119; strand=+; call_start=170334; call_end=170452	CASBOO010000006.1	170334	170452	170334	170452
CLL	cen|CASBOO010000012.1|157518	centromere	CASBOO010000012.1	157518	157638	121	0.8760330578512396	True	87	intact_called	target=CASBOO010000012.1; region_start=157518; region_end=157638; region_len=121; strand=+; call_start=157518; call_end=157638	CASBOO010000012.1	157518	157638	157518	157638
CLL	cen|CASBOO010000005.1|362807	centromere	CASBOO010000005.1	362807	362924	118	0.8813559322033898	True	84	intact_called	target=CASBOO010000005.1; region_start=362807; region_end=362924; region_len=118; strand=+; call_start=362807; call_end=362924	CASBOO010000005.1	362807	362924	362807	362924
CLL	cen|CASBOO010000009.1|497920	centromere	CASBOO010000009.1	497920	498039	120	0.8416666666666667	True	86	intact_called	target=CASBOO010000009.1; region_start=497920; region_end=498039; region_len=120; strand=+; call_start=497920; call_end=498039	CASBOO010000009.1	497920	498039	497920	498039
CLL	cen|CASBOO010000010.1|423985	centromere	CASBOO010000010.1	423985	424102	118	0.847457627118644	True	84	intact_called	target=CASBOO010000010.1; region_start=423985; region_end=424102; region_len=118; strand=+; call_start=423985; call_end=424102	CASBOO010000010.1	423985	424102	423985	424102
CLL	cen|CASBOO010000001.1|151747	centromere	CASBOO010000001.1	151747	151865	119	0.8487394957983193	True	85	intact_called	target=CASBOO010000001.1; region_start=151747; region_end=151865; region_len=119; strand=+; call_start=151747; call_end=151865	CASBOO010000001.1	151747	151865	151747	151865
CLL	cen|CASBOO010000014.1|619067	centromere	CASBOO010000014.1	619067	619186	120	0.825	True	86	intact_called	target=CASBOO010000014.1; region_start=619067; region_end=619186; region_len=120; strand=+; call_start=619067; call_end=619186	CASBOO010000014.1	619067	619186	619067	619186
CLL	cen|CASBOO010000016.1|543204	centromere	CASBOO010000016.1	543204	543323	120	0.8583333333333333	True	86	intact_called	target=CASBOO010000016.1; region_start=543204; region_end=543323; region_len=120; strand=+; call_start=543204; call_end=543323	CASBOO010000016.1	543204	543323	543204	543323
CLL	cen|CASBOO010000003.1|113780	centromere	CASBOO010000003.1	113780	113897	118	0.847457627118644	True	84	intact_called	target=CASBOO010000003.1; region_start=113780; region_end=113897; region_len=118; strand=+; call_start=113780; call_end=113897	CASBOO010000003.1	113780	113897	113780	113897
CLL	cen|CASBOO010000015.1|320344	centromere	CASBOO010000015.1	320344	320462	119	0.8403361344537815	True	85	intact_called	target=CASBOO010000015.1; region_start=320344; region_end=320462; region_len=119; strand=+; call_start=320344; call_end=320462	CASBOO010000015.1	320344	320462	320344	320462
CLL	cen|CASBOO010000008.1|101095	centromere	CASBOO010000008.1	101095	101213	119	0.8403361344537815	True	85	intact_called	target=CASBOO010000008.1; region_start=101095; region_end=101213; region_len=119; strand=+; call_start=101095; call_end=101213	CASBOO010000008.1	101095	101213	101095	101213
CLL	cen|CASBOO010000004.1|441398	centromere	CASBOO010000004.1	441398	441517	120	0.8333333333333334	True	86	intact_called	target=CASBOO010000004.1; region_start=441398; region_end=441517; region_len=120; strand=+; call_start=441398; call_end=441517	CASBOO010000004.1	441398	441517	441398	441517
CLL	cen|CASBOO010000013.1|272210	centromere	CASBOO010000013.1	272210	272329	120	0.7916666666666666	True	86	intact_called	target=CASBOO010000013.1; region_start=272210; region_end=272329; region_len=120; strand=+; call_start=272210; call_end=272329	CASBOO010000013.1	272210	272329	272210	272329
CLN	cen|CASBOK010000007.1|138187	centromere	CASBOK010000007.1	138187	138304	118	0.8728813559322034	True	84	intact_called	target=CASBOK010000007.1; region_start=138187; region_end=138304; region_len=118; strand=+; call_start=138187; call_end=138304	CASBOK010000007.1	138187	138304	138187	138304
CLN	cen|CASBOK010000010.1|416646	centromere	CASBOK010000010.1	416646	416765	120	0.8666666666666667	True	86	intact_called	target=CASBOK010000010.1; region_start=416646; region_end=416765; region_len=120; strand=+; call_start=416646; call_end=416765	CASBOK010000010.1	416646	416765	416646	416765
CLN	cen|CASBOK010000011.1|452608	centromere	CASBOK010000011.1	452608	452726	119	0.865546218487395	True	85	intact_called	target=CASBOK010000011.1; region_start=452608; region_end=452726; region_len=119; strand=+; call_start=452608; call_end=452726	CASBOK010000011.1	452608	452726	452608	452726
CLN	cen|CASBOK010000006.1|151779	centromere	CASBOK010000006.1	151779	151897	119	0.865546218487395	True	85	intact_called	target=CASBOK010000006.1; region_start=151779; region_end=151897; region_len=119; strand=+; call_start=151779; call_end=151897	CASBOK010000006.1	151779	151897	151779	151897
CLN	cen|CASBOK010000002.1|242304	centromere	CASBOK010000002.1	242304	242421	118	0.8813559322033898	True	84	intact_called	target=CASBOK010000002.1; region_start=242304; region_end=242421; region_len=118; strand=+; call_start=242304; call_end=242421	CASBOK010000002.1	242304	242421	242304	242421
CLN	cen|CASBOK010000012.1|140580	centromere	CASBOK010000012.1	140580	140700	121	0.8677685950413223	True	87	intact_called	target=CASBOK010000012.1; region_start=140580; region_end=140700; region_len=121; strand=+; call_start=140580; call_end=140700	CASBOK010000012.1	140580	140700	140580	140700
CLN	cen|CASBOK010000008.1|518435	centromere	CASBOK010000008.1	518435	518554	120	0.8416666666666667	True	86	intact_called	target=CASBOK010000008.1; region_start=518435; region_end=518554; region_len=120; strand=+; call_start=518435; call_end=518554	CASBOK010000008.1	518435	518554	518435	518554
CLN	cen|CASBOK010000001.1|145582	centromere	CASBOK010000001.1	145582	145700	119	0.8571428571428571	True	85	intact_called	target=CASBOK010000001.1; region_start=145582; region_end=145700; region_len=119; strand=+; call_start=145582; call_end=145700	CASBOK010000001.1	145582	145700	145582	145700
CLN	cen|CASBOK010000016.1|537036	centromere	CASBOK010000016.1	537036	537155	120	0.8666666666666667	True	86	intact_called	target=CASBOK010000016.1; region_start=537036; region_end=537155; region_len=120; strand=+; call_start=537036; call_end=537155	CASBOK010000016.1	537036	537155	537036	537155
CLN	cen|CASBOK010000014.1|616489	centromere	CASBOK010000014.1	616489	616608	120	0.825	True	86	intact_called	target=CASBOK010000014.1; region_start=616489; region_end=616608; region_len=120; strand=+; call_start=616489; call_end=616608	CASBOK010000014.1	616489	616608	616489	616608
CLN	cen|CASBOK010000005.1|365935	centromere	CASBOK010000005.1	365935	366052	118	0.864406779661017	True	84	intact_called	target=CASBOK010000005.1; region_start=365935; region_end=366052; region_len=118; strand=+; call_start=365935; call_end=366052	CASBOK010000005.1	365935	366052	365935	366052
CLN	cen|CASBOK010000003.1|114602	centromere	CASBOK010000003.1	114602	114719	118	0.847457627118644	True	84	intact_called	target=CASBOK010000003.1; region_start=114602; region_end=114719; region_len=118; strand=+; call_start=114602; call_end=114719	CASBOK010000003.1	114602	114719	114602	114719
CLN	cen|CASBOK010000015.1|318748	centromere	CASBOK010000015.1	318748	318867	120	0.8416666666666667	True	86	intact_called	target=CASBOK010000015.1; region_start=318748; region_end=318867; region_len=120; strand=+; call_start=318748; call_end=318867	CASBOK010000015.1	318748	318867	318748	318867
CLN	cen|CASBOK010000009.1|94772	centromere	CASBOK010000009.1	94772	94890	119	0.8403361344537815	True	85	intact_called	target=CASBOK010000009.1; region_start=94772; region_end=94890; region_len=119; strand=+; call_start=94772; call_end=94890	CASBOK010000009.1	94772	94890	94772	94890
CLN	cen|CASBOK010000004.1|443121	centromere	CASBOK010000004.1	443121	443240	120	0.8333333333333334	True	86	intact_called	target=CASBOK010000004.1; region_start=443121; region_end=443240; region_len=120; strand=+; call_start=443121; call_end=443240	CASBOK010000004.1	443121	443240	443121	443240
CLN	cen|CASBOK010000013.1|251028	centromere	CASBOK010000013.1	251028	251147	120	0.7916666666666666	True	86	intact_called	target=CASBOK010000013.1; region_start=251028; region_end=251147; region_len=120; strand=+; call_start=251028; call_end=251147	CASBOK010000013.1	251028	251147	251028	251147
CMF	cen|CASBOU010000007.1|145057	centromere	CASBOU010000007.1	145057	145175	119	0.865546218487395	True	85	intact_called	target=CASBOU010000007.1; region_start=145057; region_end=145175; region_len=119; strand=+; call_start=145057; call_end=145175	CASBOU010000007.1	145057	145175	145057	145175
CMF	cen|CASBOU010000010.1|415754	centromere	CASBOU010000010.1	415754	415873	120	0.8666666666666667	True	86	intact_called	target=CASBOU010000010.1; region_start=415754; region_end=415873; region_len=120; strand=+; call_start=415754; call_end=415873	CASBOU010000010.1	415754	415873	415754	415873
CMF	cen|CASBOU010000012.1|157571	centromere	CASBOU010000012.1	157571	157691	121	0.8760330578512396	True	87	intact_called	target=CASBOU010000012.1; region_start=157571; region_end=157691; region_len=121; strand=+; call_start=157571; call_end=157691	CASBOU010000012.1	157571	157691	157571	157691
CMF	cen|CASBOU010000008.1|524497	centromere	CASBOU010000008.1	524497	524617	121	0.859504132231405	True	87	intact_called	target=CASBOU010000008.1; region_start=524497; region_end=524617; region_len=121; strand=+; call_start=524497; call_end=524617	CASBOU010000008.1	524497	524617	524497	524617
CMF	cen|CASBOU010000005.1|354735	centromere	CASBOU010000005.1	354735	354852	118	0.8813559322033898	True	84	intact_called	target=CASBOU010000005.1; region_start=354735; region_end=354852; region_len=118; strand=+; call_start=354735; call_end=354852	CASBOU010000005.1	354735	354852	354735	354852
CMF	cen|CASBOU010000002.1|224411	centromere	CASBOU010000002.1	224411	224528	118	0.8728813559322034	True	84	intact_called	target=CASBOU010000002.1; region_start=224411; region_end=224528; region_len=118; strand=+; call_start=224411; call_end=224528	CASBOU010000002.1	224411	224528	224411	224528
CMF	cen|CASBOU010000006.1|146321	centromere	CASBOU010000006.1	146321	146439	119	0.8571428571428571	True	85	intact_called	target=CASBOU010000006.1; region_start=146321; region_end=146439; region_len=119; strand=+; call_start=146321; call_end=146439	CASBOU010000006.1	146321	146439	146321	146439
CMF	cen|CASBOU010000011.1|457574	centromere	CASBOU010000011.1	457574	457692	119	0.8571428571428571	True	85	intact_called	target=CASBOU010000011.1; region_start=457574; region_end=457692; region_len=119; strand=+; call_start=457574; call_end=457692	CASBOU010000011.1	457574	457692	457574	457692
CMF	cen|CASBOU010000001.1|161817	centromere	CASBOU010000001.1	161817	161935	119	0.8571428571428571	True	85	intact_called	target=CASBOU010000001.1; region_start=161817; region_end=161935; region_len=119; strand=+; call_start=161817; call_end=161935	CASBOU010000001.1	161817	161935	161817	161935
CMF	cen|CASBOU010000016.1|538550	centromere	CASBOU010000016.1	538550	538669	120	0.8666666666666667	True	86	intact_called	target=CASBOU010000016.1; region_start=538550; region_end=538669; region_len=120; strand=+; call_start=538550; call_end=538669	CASBOU010000016.1	538550	538669	538550	538669
CMF	cen|CASBOU010000014.1|423436	centromere	CASBOU010000014.1	423436	423555	120	0.825	True	86	intact_called	target=CASBOU010000014.1; region_start=423436; region_end=423555; region_len=120; strand=+; call_start=423436; call_end=423555	CASBOU010000014.1	423436	423555	423436	423555
CMF	cen|CASBOU010000003.1|108591	centromere	CASBOU010000003.1	108591	108707	117	0.8461538461538461	True	83	intact_called	target=CASBOU010000003.1; region_start=108591; region_end=108707; region_len=117; strand=+; call_start=108591; call_end=108707	CASBOU010000003.1	108591	108707	108591	108707
CMF	cen|CASBOU010000015.1|324230	centromere	CASBOU010000015.1	324230	324349	120	0.8416666666666667	True	86	intact_called	target=CASBOU010000015.1; region_start=324230; region_end=324349; region_len=120; strand=+; call_start=324230; call_end=324349	CASBOU010000015.1	324230	324349	324230	324349
CMF	cen|CASBOU010000009.1|95086	centromere	CASBOU010000009.1	95086	95204	119	0.8403361344537815	True	85	intact_called	target=CASBOU010000009.1; region_start=95086; region_end=95204; region_len=119; strand=+; call_start=95086; call_end=95204	CASBOU010000009.1	95086	95204	95086	95204
CMF	cen|CASBOU010000004.1|646959	centromere	CASBOU010000004.1	646959	647078	120	0.8333333333333334	True	86	intact_called	target=CASBOU010000004.1; region_start=646959; region_end=647078; region_len=120; strand=+; call_start=646959; call_end=647078	CASBOU010000004.1	646959	647078	646959	647078
CMF	cen|CASBOU010000013.1|251156	centromere	CASBOU010000013.1	251156	251275	120	0.7916666666666666	True	86	intact_called	target=CASBOU010000013.1; region_start=251156; region_end=251275; region_len=120; strand=+; call_start=251156; call_end=251275	CASBOU010000013.1	251156	251275	251156	251275
CNT	cen|CASBPE010000012.1|447897	centromere	CASBPE010000012.1	447897	448015	119	0.865546218487395	True	85	intact_called	target=CASBPE010000012.1; region_start=447897; region_end=448015; region_len=119; strand=+; call_start=447897; call_end=448015	CASBPE010000012.1	447897	448015	447897	448015
CNT	cen|CASBPE010000013.1|154676	centromere	CASBPE010000013.1	154676	154796	121	0.8760330578512396	True	87	intact_called	target=CASBPE010000013.1; region_start=154676; region_end=154796; region_len=121; strand=+; call_start=154676; call_end=154796	CASBPE010000013.1	154676	154796	154676	154796
CNT	cen|CASBPE010000011.1|38104	centromere	CASBPE010000011.1	38104	38221	118	0.8559322033898306	True	84	intact_called	target=CASBPE010000011.1; region_start=38104; region_end=38221; region_len=118; strand=+; call_start=38104; call_end=38221	CASBPE010000011.1	38104	38221	38104	38221
CNT	cen|CASBPE010000015.1|637857	centromere	CASBPE010000015.1	637857	637974	118	0.847457627118644	True	84	intact_called	target=CASBPE010000015.1; region_start=637857; region_end=637974; region_len=118; strand=+; call_start=637857; call_end=637974	CASBPE010000015.1	637857	637974	637857	637974
CNT	cen|CASBPE010000005.1|43150	centromere	CASBPE010000005.1	43150	43267	118	0.8813559322033898	True	84	intact_called	target=CASBPE010000005.1; region_start=43150; region_end=43267; region_len=118; strand=+; call_start=43150; call_end=43267	CASBPE010000005.1	43150	43267	43150	43267
CNT	cen|CASBPE010000016.1|575455	centromere	CASBPE010000016.1	575455	575572	118	0.8728813559322034	True	84	intact_called	target=CASBPE010000016.1; region_start=575455; region_end=575572; region_len=118; strand=+; call_start=575455; call_end=575572	CASBPE010000016.1	575455	575572	575455	575572
CNT	cen|CASBPE010000008.1|503458	centromere	CASBPE010000008.1	503458	503577	120	0.8333333333333334	True	86	intact_called	target=CASBPE010000008.1; region_start=503458; region_end=503577; region_len=120; strand=+; call_start=503458; call_end=503577	CASBPE010000008.1	503458	503577	503458	503577
CNT	cen|CASBPE010000017.1|338300	centromere	CASBPE010000017.1	338300	338418	119	0.8571428571428571	True	85	intact_called	target=CASBPE010000017.1; region_start=338300; region_end=338418; region_len=119; strand=+; call_start=338300; call_end=338418	CASBPE010000017.1	338300	338418	338300	338418
CNT	cen|CASBPE010000002.1|229210	centromere	CASBPE010000002.1	229210	229327	118	0.864406779661017	True	84	intact_called	target=CASBPE010000002.1; region_start=229210; region_end=229327; region_len=118; strand=+; call_start=229210; call_end=229327	CASBPE010000002.1	229210	229327	229210	229327
CNT	cen|CASBPE010000007.1|221995	centromere	CASBPE010000007.1	221995	222113	119	0.8319327731092437	True	85	intact_called	target=CASBPE010000007.1; region_start=221995; region_end=222113; region_len=119; strand=+; call_start=221995; call_end=222113	CASBPE010000007.1	221995	222113	221995	222113
CNT	cen|CASBPE010000004.1|473488	centromere	CASBPE010000004.1	473488	473607	120	0.85	True	86	intact_called	target=CASBPE010000004.1; region_start=473488; region_end=473607; region_len=120; strand=+; call_start=473488; call_end=473607	CASBPE010000004.1	473488	473607	473488	473607
CNT	cen|CASBPE010000006.1|158568	centromere	CASBPE010000006.1	158568	158686	119	0.8319327731092437	True	85	intact_called	target=CASBPE010000006.1; region_start=158568; region_end=158686; region_len=119; strand=+; call_start=158568; call_end=158686	CASBPE010000006.1	158568	158686	158568	158686
CNT	cen|CASBPE010000001.1|149768	centromere	CASBPE010000001.1	149768	149886	119	0.8403361344537815	True	85	intact_called	target=CASBPE010000001.1; region_start=149768; region_end=149886; region_len=119; strand=+; call_start=149768; call_end=149886	CASBPE010000001.1	149768	149886	149768	149886
CNT	cen|CASBPE010000003.1|113153	centromere	CASBPE010000003.1	113153	113267	115	0.8347826086956521	True	81	intact_called	target=CASBPE010000003.1; region_start=113153; region_end=113267; region_len=115; strand=+; call_start=113153; call_end=113267	CASBPE010000003.1	113153	113267	113153	113267
CNT	cen|CASBPE010000009.1|101370	centromere	CASBPE010000009.1	101370	101488	119	0.8319327731092437	True	85	intact_called	target=CASBPE010000009.1; region_start=101370; region_end=101488; region_len=119; strand=+; call_start=101370; call_end=101488	CASBPE010000009.1	101370	101488	101370	101488
CNT	cen|CASBPE010000014.1|257388	centromere	CASBPE010000014.1	257388	257507	120	0.7833333333333333	True	86	intact_called	target=CASBPE010000014.1; region_start=257388; region_end=257507; region_len=120; strand=+; call_start=257388; call_end=257507	CASBPE010000014.1	257388	257507	257388	257507
CPS	cen|CASBPD010000010.1|455373	centromere	CASBPD010000010.1	455373	455492	120	0.8666666666666667	True	86	intact_called	target=CASBPD010000010.1; region_start=455373; region_end=455492; region_len=120; strand=+; call_start=455373; call_end=455492	CASBPD010000010.1	455373	455492	455373	455492
CPS	cen|CASBPD010000008.1|534957	centromere	CASBPD010000008.1	534957	535077	121	0.859504132231405	True	87	intact_called	target=CASBPD010000008.1; region_start=534957; region_end=535077; region_len=121; strand=+; call_start=534957; call_end=535077	CASBPD010000008.1	534957	535077	534957	535077
CPS	cen|CASBPD010000015.1|511364	centromere	CASBPD010000015.1	511364	511482	119	0.865546218487395	True	85	intact_called	target=CASBPD010000015.1; region_start=511364; region_end=511482; region_len=119; strand=+; call_start=511364; call_end=511482	CASBPD010000015.1	511364	511482	511364	511482
CPS	cen|CASBPD010000012.1|153006	centromere	CASBPD010000012.1	153006	153126	121	0.8760330578512396	True	87	intact_called	target=CASBPD010000012.1; region_start=153006; region_end=153126; region_len=121; strand=+; call_start=153006; call_end=153126	CASBPD010000012.1	153006	153126	153006	153126
CPS	cen|CASBPD010000002.1|231898	centromere	CASBPD010000002.1	231898	232014	117	0.8803418803418803	True	83	intact_called	target=CASBPD010000002.1; region_start=231898; region_end=232014; region_len=117; strand=+; call_start=231898; call_end=232014	CASBPD010000002.1	231898	232014	231898	232014
CPS	cen|CASBPD010000006.1|159085	centromere	CASBPD010000006.1	159085	159203	119	0.8571428571428571	True	85	intact_called	target=CASBPD010000006.1; region_start=159085; region_end=159203; region_len=119; strand=+; call_start=159085; call_end=159203	CASBPD010000006.1	159085	159203	159085	159203
CPS	cen|CASBPD010000007.1|33620	centromere	CASBPD010000007.1	33620	33738	119	0.8403361344537815	True	85	intact_called	target=CASBPD010000007.1; region_start=33620; region_end=33738; region_len=119; strand=+; call_start=33620; call_end=33738	CASBPD010000007.1	33620	33738	33620	33738
CPS	cen|CASBPD010000014.1|622483	centromere	CASBPD010000014.1	622483	622600	118	0.8305084745762712	True	84	intact_called	target=CASBPD010000014.1; region_start=622483; region_end=622600; region_len=118; strand=+; call_start=622483; call_end=622600	CASBPD010000014.1	622483	622600	622483	622600
CPS	cen|CASBPD010000003.1|106447	centromere	CASBPD010000003.1	106447	106564	118	0.8559322033898306	True	84	intact_called	target=CASBPD010000003.1; region_start=106447; region_end=106564; region_len=118; strand=+; call_start=106447; call_end=106564	CASBPD010000003.1	106447	106564	106447	106564
CPS	cen|CASBPD010000005.1|350017	centromere	CASBPD010000005.1	350017	350134	118	0.864406779661017	True	84	intact_called	target=CASBPD010000005.1; region_start=350017; region_end=350134; region_len=118; strand=+; call_start=350017; call_end=350134	CASBPD010000005.1	350017	350134	350017	350134
CPS	cen|CASBPD010000016.1|313805	centromere	CASBPD010000016.1	313805	313923	119	0.8487394957983193	True	85	intact_called	target=CASBPD010000016.1; region_start=313805; region_end=313923; region_len=119; strand=+; call_start=313805; call_end=313923	CASBPD010000016.1	313805	313923	313805	313923
CPS	cen|CASBPD010000017.1|557126	centromere	CASBPD010000017.1	557126	557244	119	0.8571428571428571	True	85	intact_called	target=CASBPD010000017.1; region_start=557126; region_end=557244; region_len=119; strand=+; call_start=557126; call_end=557244	CASBPD010000017.1	557126	557244	557126	557244
CPS	cen|CASBPD010000001.1|145753	centromere	CASBPD010000001.1	145753	145871	119	0.8403361344537815	True	85	intact_called	target=CASBPD010000001.1; region_start=145753; region_end=145871; region_len=119; strand=+; call_start=145753; call_end=145871	CASBPD010000001.1	145753	145871	145753	145871
CPS	cen|CASBPD010000004.1|460397	centromere	CASBPD010000004.1	460397	460516	120	0.8416666666666667	True	86	intact_called	target=CASBPD010000004.1; region_start=460397; region_end=460516; region_len=120; strand=+; call_start=460397; call_end=460516	CASBPD010000004.1	460397	460516	460397	460516
CPS	cen|CASBPD010000009.1|97792	centromere	CASBPD010000009.1	97792	97912	121	0.8347107438016529	True	87	intact_called	target=CASBPD010000009.1; region_start=97792; region_end=97912; region_len=121; strand=+; call_start=97792; call_end=97912	CASBPD010000009.1	97792	97912	97792	97912
CPS	cen|CASBPD010000013.1|256892	centromere	CASBPD010000013.1	256892	257012	121	0.7933884297520661	True	87	intact_called	target=CASBPD010000013.1; region_start=256892; region_end=257012; region_len=121; strand=+; call_start=256892; call_end=257012	CASBPD010000013.1	256892	257012	256892	257012
CRE	cen|CASBPA010000008.1|501669	centromere	CASBPA010000008.1	501669	501789	121	0.859504132231405	True	87	intact_called	target=CASBPA010000008.1; region_start=501669; region_end=501789; region_len=121; strand=+; call_start=501669; call_end=501789	CASBPA010000008.1	501669	501789	501669	501789
CRE	cen|CASBPA010000017.1|432355	centromere	CASBPA010000017.1	432355	432475	121	0.8677685950413223	True	87	intact_called	target=CASBPA010000017.1; region_start=432355; region_end=432475; region_len=121; strand=+; call_start=432355; call_end=432475	CASBPA010000017.1	432355	432475	432355	432475
CRE	cen|CASBPA010000011.1|446312	centromere	CASBPA010000011.1	446312	446430	119	0.865546218487395	True	85	intact_called	target=CASBPA010000011.1; region_start=446312; region_end=446430; region_len=119; strand=+; call_start=446312; call_end=446430	CASBPA010000011.1	446312	446430	446312	446430
CRE	cen|CASBPA010000012.1|150355	centromere	CASBPA010000012.1	150355	150475	121	0.8760330578512396	True	87	intact_called	target=CASBPA010000012.1; region_start=150355; region_end=150475; region_len=121; strand=+; call_start=150355; call_end=150475	CASBPA010000012.1	150355	150475	150355	150475
CRE	cen|CASBPA010000014.1|652975	centromere	CASBPA010000014.1	652975	653092	118	0.847457627118644	True	84	intact_called	target=CASBPA010000014.1; region_start=652975; region_end=653092; region_len=118; strand=+; call_start=652975; call_end=653092	CASBPA010000014.1	652975	653092	652975	653092
CRE	cen|CASBPA010000005.1|362900	centromere	CASBPA010000005.1	362900	363017	118	0.8813559322033898	True	84	intact_called	target=CASBPA010000005.1; region_start=362900; region_end=363017; region_len=118; strand=+; call_start=362900; call_end=363017	CASBPA010000005.1	362900	363017	362900	363017
CRE	cen|CASBPA010000016.1|537142	centromere	CASBPA010000016.1	537142	537259	118	0.8813559322033898	True	84	intact_called	target=CASBPA010000016.1; region_start=537142; region_end=537259; region_len=118; strand=+; call_start=537142; call_end=537259	CASBPA010000016.1	537142	537259	537142	537259
CRE	cen|CASBPA010000006.1|10049	centromere	CASBPA010000006.1	10049	10167	119	0.8571428571428571	True	85	intact_called	target=CASBPA010000006.1; region_start=10049; region_end=10167; region_len=119; strand=+; call_start=10049; call_end=10167	CASBPA010000006.1	10049	10167	10049	10167
CRE	cen|CASBPA010000007.1|130512	centromere	CASBPA010000007.1	130512	130630	119	0.8487394957983193	True	85	intact_called	target=CASBPA010000007.1; region_start=130512; region_end=130630; region_len=119; strand=+; call_start=130512; call_end=130630	CASBPA010000007.1	130512	130630	130512	130630
CRE	cen|CASBPA010000002.1|225502	centromere	CASBPA010000002.1	225502	225619	118	0.8728813559322034	True	84	intact_called	target=CASBPA010000002.1; region_start=225502; region_end=225619; region_len=118; strand=+; call_start=225502; call_end=225619	CASBPA010000002.1	225502	225619	225502	225619
CRE	cen|CASBPA010000015.1|321354	centromere	CASBPA010000015.1	321354	321473	120	0.85	True	86	intact_called	target=CASBPA010000015.1; region_start=321354; region_end=321473; region_len=120; strand=+; call_start=321354; call_end=321473	CASBPA010000015.1	321354	321473	321354	321473
CRE	cen|CASBPA010000004.1|449862	centromere	CASBPA010000004.1	449862	449981	120	0.85	True	86	intact_called	target=CASBPA010000004.1; region_start=449862; region_end=449981; region_len=120; strand=+; call_start=449862; call_end=449981	CASBPA010000004.1	449862	449981	449862	449981
CRE	cen|CASBPA010000001.1|144574	centromere	CASBPA010000001.1	144574	144692	119	0.8403361344537815	True	85	intact_called	target=CASBPA010000001.1; region_start=144574; region_end=144692; region_len=119; strand=+; call_start=144574; call_end=144692	CASBPA010000001.1	144574	144692	144574	144692
CRE	cen|CASBPA010000003.1|114922	centromere	CASBPA010000003.1	114922	115039	118	0.847457627118644	True	84	intact_called	target=CASBPA010000003.1; region_start=114922; region_end=115039; region_len=118; strand=+; call_start=114922; call_end=115039	CASBPA010000003.1	114922	115039	114922	115039
CRE	cen|CASBPA010000009.1|94825	centromere	CASBPA010000009.1	94825	94943	119	0.8403361344537815	True	85	intact_called	target=CASBPA010000009.1; region_start=94825; region_end=94943; region_len=119; strand=+; call_start=94825; call_end=94943	CASBPA010000009.1	94825	94943	94825	94943
CRE	cen|CASBPA010000013.1|256608	centromere	CASBPA010000013.1	256608	256729	122	0.7950819672131147	True	88	intact_called	target=CASBPA010000013.1; region_start=256608; region_end=256729; region_len=122; strand=+; call_start=256608; call_end=256729	CASBPA010000013.1	256608	256729	256608	256729
CRL	cen|CASBOI010000011.1|457111	centromere	CASBOI010000011.1	457111	457229	119	0.865546218487395	True	85	intact_called	target=CASBOI010000011.1; region_start=457111; region_end=457229; region_len=119; strand=+; call_start=457111; call_end=457229	CASBOI010000011.1	457111	457229	457111	457229
CRL	cen|CASBOI010000012.1|140280	centromere	CASBOI010000012.1	140280	140400	121	0.8760330578512396	True	87	intact_called	target=CASBOI010000012.1; region_start=140280; region_end=140400; region_len=121; strand=+; call_start=140280; call_end=140400	CASBOI010000012.1	140280	140400	140280	140400
CRL	cen|CASBOI010000008.1|502653	centromere	CASBOI010000008.1	502653	502774	122	0.8524590163934426	True	88	intact_called	target=CASBOI010000008.1; region_start=502653; region_end=502774; region_len=122; strand=+; call_start=502653; call_end=502774	CASBOI010000008.1	502653	502774	502653	502774
CRL	cen|CASBOI010000010.1|453910	centromere	CASBOI010000010.1	453910	454027	118	0.8559322033898306	True	84	intact_called	target=CASBOI010000010.1; region_start=453910; region_end=454027; region_len=118; strand=+; call_start=453910; call_end=454027	CASBOI010000010.1	453910	454027	453910	454027
CRL	cen|CASBOI010000014.1|630562	centromere	CASBOI010000014.1	630562	630680	119	0.8487394957983193	True	85	intact_called	target=CASBOI010000014.1; region_start=630562; region_end=630680; region_len=119; strand=+; call_start=630562; call_end=630680	CASBOI010000014.1	630562	630680	630562	630680
CRL	cen|CASBOI010000005.1|347512	centromere	CASBOI010000005.1	347512	347629	118	0.8813559322033898	True	84	intact_called	target=CASBOI010000005.1; region_start=347512; region_end=347629; region_len=118; strand=+; call_start=347512; call_end=347629	CASBOI010000005.1	347512	347629	347512	347629
CRL	cen|CASBOI010000016.1|191743	centromere	CASBOI010000016.1	191743	191860	118	0.8813559322033898	True	84	intact_called	target=CASBOI010000016.1; region_start=191743; region_end=191860; region_len=118; strand=+; call_start=191743; call_end=191860	CASBOI010000016.1	191743	191860	191743	191860
CRL	cen|CASBOI010000006.1|152712	centromere	CASBOI010000006.1	152712	152830	119	0.8571428571428571	True	85	intact_called	target=CASBOI010000006.1; region_start=152712; region_end=152830; region_len=119; strand=+; call_start=152712; call_end=152830	CASBOI010000006.1	152712	152830	152712	152830
CRL	cen|CASBOI010000009.1|451457	centromere	CASBOI010000009.1	451457	451575	119	0.865546218487395	True	85	intact_called	target=CASBOI010000009.1; region_start=451457; region_end=451575; region_len=119; strand=+; call_start=451457; call_end=451575	CASBOI010000009.1	451457	451575	451457	451575
CRL	cen|CASBOI010000007.1|124093	centromere	CASBOI010000007.1	124093	124211	119	0.8487394957983193	True	85	intact_called	target=CASBOI010000007.1; region_start=124093; region_end=124211; region_len=119; strand=+; call_start=124093; call_end=124211	CASBOI010000007.1	124093	124211	124093	124211
CRL	cen|CASBOI010000003.1|109075	centromere	CASBOI010000003.1	109075	109192	118	0.8728813559322034	True	84	intact_called	target=CASBOI010000003.1; region_start=109075; region_end=109192; region_len=118; strand=+; call_start=109075; call_end=109192	CASBOI010000003.1	109075	109192	109075	109192
CRL	cen|CASBOI010000002.1|232582	centromere	CASBOI010000002.1	232582	232699	118	0.8728813559322034	True	84	intact_called	target=CASBOI010000002.1; region_start=232582; region_end=232699; region_len=118; strand=+; call_start=232582; call_end=232699	CASBOI010000002.1	232582	232699	232582	232699
CRL	cen|CASBOI010000015.1|294907	centromere	CASBOI010000015.1	294907	295026	120	0.8583333333333333	True	86	intact_called	target=CASBOI010000015.1; region_start=294907; region_end=295026; region_len=120; strand=+; call_start=294907; call_end=295026	CASBOI010000015.1	294907	295026	294907	295026
CRL	cen|CASBOI010000004.1|449907	centromere	CASBOI010000004.1	449907	450026	120	0.8416666666666667	True	86	intact_called	target=CASBOI010000004.1; region_start=449907; region_end=450026; region_len=120; strand=+; call_start=449907; call_end=450026	CASBOI010000004.1	449907	450026	449907	450026
CRL	cen|CASBOI010000001.1|136062	centromere	CASBOI010000001.1	136062	136180	119	0.8403361344537815	True	85	intact_called	target=CASBOI010000001.1; region_start=136062; region_end=136180; region_len=119; strand=+; call_start=136062; call_end=136180	CASBOI010000001.1	136062	136180	136062	136180
CRL	cen|CASBOI010000013.1|258121	centromere	CASBOI010000013.1	258121	258237	117	0.8034188034188035	True	83	intact_called	target=CASBOI010000013.1; region_start=258121; region_end=258237; region_len=117; strand=+; call_start=258121; call_end=258237	CASBOI010000013.1	258121	258237	258121	258237
